[2026-04-17T16:36:40.821Z] 
════════════════════════════════════════════════════════════
[2026-04-17T16:36:40.822Z]   E-Hentai Gallery Crawler
[2026-04-17T16:36:40.823Z]   Target: https://e-hentai.org/s/14cef5ae9a/2917545-1
[2026-04-17T16:36:40.823Z]   Photo folder: photo
[2026-04-17T16:36:40.823Z]   Output: fb_images_v2.json
[2026-04-17T16:36:40.823Z]   Log:    fb_crawl.log
[2026-04-17T16:36:40.823Z] ════════════════════════════════════════════════════════════
[2026-04-17T16:36:40.823Z] [NAV] Chuyển đến https://e-hentai.org/s/14cef5ae9a/2917545-1 ...
[2026-04-17T16:36:45.213Z] [VIEWER] Bắt đầu crawl từ ảnh đầu tiên...
[2026-04-17T16:36:47.211Z] [DOWNLOADED] genko_cosplay_1692697641_3174900390739743373_13826729236.heic.jpg | https://e-hentai.org/s/14cef5ae9a/2917545-1
[2026-04-17T16:36:47.214Z] [+] #1 | genko_cosplay_1692697641_3174900390739743373_13826729236.heic.jpg
[2026-04-17T16:36:49.581Z] [DOWNLOADED] genko_cosplay_1692697641_3174900390739825832_13826729236.heic.jpg | https://e-hentai.org/s/658efe9fd7/2917545-2
[2026-04-17T16:36:49.582Z] [+] #2 | genko_cosplay_1692697641_3174900390739825832_13826729236.heic.jpg
[2026-04-17T16:36:51.635Z] [DOWNLOADED] genko_cosplay_1692697641_3174900390739773216_13826729236.heic.jpg | https://e-hentai.org/s/1892aaa149/2917545-3
[2026-04-17T16:36:51.636Z] [+] #3 | genko_cosplay_1692697641_3174900390739773216_13826729236.heic.jpg
[2026-04-17T16:36:53.994Z] [DOWNLOADED] genko_cosplay_1692697552_3174899640856886496_13826729236.heic.jpg | https://e-hentai.org/s/5e381411a8/2917545-4
[2026-04-17T16:36:53.994Z] [+] #4 | genko_cosplay_1692697552_3174899640856886496_13826729236.heic.jpg
[2026-04-17T16:36:56.329Z] [DOWNLOADED] chihiro_chang_1701752407_3250857275600865240_2249244906.webp | https://e-hentai.org/s/45e72abb93/2917545-5
[2026-04-17T16:36:56.329Z] [+] #5 | chihiro_chang_1701752407_3250857275600865240_2249244906.webp
[2026-04-17T16:36:58.309Z] [DOWNLOADED] chihiro_chang_1701752407_3250857275609207182_2249244906.webp | https://e-hentai.org/s/e2c78f7973/2917545-6
[2026-04-17T16:36:58.310Z] [+] #6 | chihiro_chang_1701752407_3250857275609207182_2249244906.webp
[2026-04-17T16:37:00.922Z] [DOWNLOADED] genko_cosplay_1692100957_3169895043838943007_13826729236.heic.jpg | https://e-hentai.org/s/14fd490424/2917545-7
[2026-04-17T16:37:00.923Z] [+] #7 | genko_cosplay_1692100957_3169895043838943007_13826729236.heic.jpg
[2026-04-17T16:37:03.411Z] [DOWNLOADED] genko_cosplay_1688753884_3141817757516667736_13826729236.heic.jpg | https://e-hentai.org/s/880324f6af/2917545-8
[2026-04-17T16:37:03.412Z] [+] #8 | genko_cosplay_1688753884_3141817757516667736_13826729236.heic.jpg
[2026-04-17T16:37:05.571Z] [DOWNLOADED] genko_cosplay_1688753884_3141817757676010436_13826729236.heic.jpg | https://e-hentai.org/s/f7d0f5d07a/2917545-9
[2026-04-17T16:37:05.572Z] [+] #9 | genko_cosplay_1688753884_3141817757676010436_13826729236.heic.jpg
[2026-04-17T16:37:09.380Z] [DOWNLOADED] genko_cosplay_1683290670_3095988994686071920_13826729236.webp.jpg | https://e-hentai.org/s/aa8c2c5a2b/2917545-10
[2026-04-17T16:37:09.381Z] [+] #10 | genko_cosplay_1683290670_3095988994686071920_13826729236.webp.jpg
[2026-04-17T16:37:11.664Z] [DOWNLOADED] genko_cosplay_1688753884_3141817757508062253_13826729236.heic.jpg | https://e-hentai.org/s/d58cad03e1/2917545-11
[2026-04-17T16:37:11.665Z] [+] #11 | genko_cosplay_1688753884_3141817757508062253_13826729236.heic.jpg
[2026-04-17T16:37:14.228Z] [DOWNLOADED] genko_cosplay_1689518865_3148234885115353318_13826729236.heic.jpg | https://e-hentai.org/s/22115f54ba/2917545-12
[2026-04-17T16:37:14.229Z] [+] #12 | genko_cosplay_1689518865_3148234885115353318_13826729236.heic.jpg
[2026-04-17T16:37:16.456Z] [DOWNLOADED] genko_cosplay_1688753884_3141817757524941238_13826729236.heic.jpg | https://e-hentai.org/s/48fc31e21b/2917545-13
[2026-04-17T16:37:16.456Z] [+] #13 | genko_cosplay_1688753884_3141817757524941238_13826729236.heic.jpg
[2026-04-17T16:37:18.694Z] [DOWNLOADED] genko_cosplay_1693483640_3181493830386638041_13826729236.heic.jpg | https://e-hentai.org/s/3125892b09/2917545-14
[2026-04-17T16:37:18.696Z] [+] #14 | genko_cosplay_1693483640_3181493830386638041_13826729236.heic.jpg
[2026-04-17T16:37:20.897Z] [DOWNLOADED] genko_cosplay_1693483640_3181493830285846500_13826729236.heic.jpg | https://e-hentai.org/s/024ccb329d/2917545-15
[2026-04-17T16:37:20.898Z] [+] #15 | genko_cosplay_1693483640_3181493830285846500_13826729236.heic.jpg
[2026-04-17T16:37:23.092Z] [DOWNLOADED] genko_cosplay_1714563364_3358323366251192697_13826729236.heic.jpg | https://e-hentai.org/s/73f2dcf5a1/2917545-16
[2026-04-17T16:37:23.093Z] [+] #16 | genko_cosplay_1714563364_3358323366251192697_13826729236.heic.jpg
[2026-04-17T16:37:25.128Z] [DOWNLOADED] genko_cosplay_1714563364_3358323366251052889_13826729236.heic.jpg | https://e-hentai.org/s/e42f42cbef/2917545-17
[2026-04-17T16:37:25.129Z] [+] #17 | genko_cosplay_1714563364_3358323366251052889_13826729236.heic.jpg
[2026-04-17T16:37:27.618Z] [DOWNLOADED] genko_cosplay_1714563364_3358323366385341486_13826729236.heic.jpg | https://e-hentai.org/s/c93b261f3d/2917545-18
[2026-04-17T16:37:27.619Z] [+] #18 | genko_cosplay_1714563364_3358323366385341486_13826729236.heic.jpg
[2026-04-17T16:37:30.113Z] [DOWNLOADED] genko_cosplay_1714563364_3358323366242640799_13826729236.heic.jpg | https://e-hentai.org/s/94fa18448b/2917545-19
[2026-04-17T16:37:30.114Z] [+] #19 | genko_cosplay_1714563364_3358323366242640799_13826729236.heic.jpg
[2026-04-17T16:37:32.421Z] [DOWNLOADED] genko_cosplay_1714563364_3358323366368504567_13826729236.heic.jpg | https://e-hentai.org/s/9158712db2/2917545-20
[2026-04-17T16:37:32.421Z] [+] #20 | genko_cosplay_1714563364_3358323366368504567_13826729236.heic.jpg
[2026-04-17T16:37:32.708Z] [VIEWER] Round 20 | Collected: 20
[2026-04-17T16:37:34.700Z] [DOWNLOADED] genko_cosplay_1714563364_3358323366368530541_13826729236.heic.jpg | https://e-hentai.org/s/fc336d1ee4/2917545-21
[2026-04-17T16:37:34.702Z] [+] #21 | genko_cosplay_1714563364_3358323366368530541_13826729236.heic.jpg
[2026-04-17T16:37:37.126Z] [DOWNLOADED] genko_cosplay_1715063064_3362515151856712831_13826729236.heic.jpg | https://e-hentai.org/s/28fbc207d8/2917545-22
[2026-04-17T16:37:37.127Z] [+] #22 | genko_cosplay_1715063064_3362515151856712831_13826729236.heic.jpg
[2026-04-17T16:37:39.727Z] [DOWNLOADED] genko_cosplay_1715063064_3362515151848448673_13826729236.heic.jpg | https://e-hentai.org/s/15143644cf/2917545-23
[2026-04-17T16:37:39.728Z] [+] #23 | genko_cosplay_1715063064_3362515151848448673_13826729236.heic.jpg
[2026-04-17T16:37:42.388Z] [DOWNLOADED] genko_cosplay_1715063064_3362515151848437227_13826729236.heic.jpg | https://e-hentai.org/s/9fe0b5f246/2917545-24
[2026-04-17T16:37:42.390Z] [+] #24 | genko_cosplay_1715063064_3362515151848437227_13826729236.heic.jpg
[2026-04-17T16:37:45.045Z] [DOWNLOADED] genko_cosplay_1715063064_3362515151848403450_13826729236.heic.jpg | https://e-hentai.org/s/72486709a5/2917545-25
[2026-04-17T16:37:45.046Z] [+] #25 | genko_cosplay_1715063064_3362515151848403450_13826729236.heic.jpg
[2026-04-17T16:37:47.347Z] [DOWNLOADED] genko_cosplay_1715063064_3362515151722624603_13826729236.heic.jpg | https://e-hentai.org/s/4f482ffc86/2917545-26
[2026-04-17T16:37:47.348Z] [+] #26 | genko_cosplay_1715063064_3362515151722624603_13826729236.heic.jpg
[2026-04-17T16:37:49.339Z] [DOWNLOADED] genko_cosplay_1715063064_3362515151722492821_13826729236.heic.jpg | https://e-hentai.org/s/222f48cf25/2917545-27
[2026-04-17T16:37:49.341Z] [+] #27 | genko_cosplay_1715063064_3362515151722492821_13826729236.heic.jpg
[2026-04-17T16:37:51.529Z] [DOWNLOADED] genko_cosplay_1715063014_3362514738097086122_13826729236.heic.jpg | https://e-hentai.org/s/b9e9c69256/2917545-28
[2026-04-17T16:37:51.530Z] [+] #28 | genko_cosplay_1715063014_3362514738097086122_13826729236.heic.jpg
[2026-04-17T16:37:54.048Z] [DOWNLOADED] genko_cosplay_1714224057_3355477058431613435_13826729236.heic.jpg | https://e-hentai.org/s/86555a09be/2917545-29
[2026-04-17T16:37:54.049Z] [+] #29 | genko_cosplay_1714224057_3355477058431613435_13826729236.heic.jpg
[2026-04-17T16:37:56.422Z] [DOWNLOADED] genko_cosplay_1714224057_3355477058297416935_13826729236.heic.jpg | https://e-hentai.org/s/a700a86295/2917545-30
[2026-04-17T16:37:56.423Z] [+] #30 | genko_cosplay_1714224057_3355477058297416935_13826729236.heic.jpg
[2026-04-17T16:37:58.771Z] [DOWNLOADED] genko_cosplay_1714224057_3355477058297415565_13826729236.heic.jpg | https://e-hentai.org/s/f18578061e/2917545-31
[2026-04-17T16:37:58.771Z] [+] #31 | genko_cosplay_1714224057_3355477058297415565_13826729236.heic.jpg
[2026-04-17T16:38:00.983Z] [DOWNLOADED] genko_cosplay_1714140026_3354772149507756781_13826729236.heic.jpg | https://e-hentai.org/s/155acc59cf/2917545-32
[2026-04-17T16:38:00.984Z] [+] #32 | genko_cosplay_1714140026_3354772149507756781_13826729236.heic.jpg
[2026-04-17T16:38:03.296Z] [DOWNLOADED] genko_cosplay_1714140026_3354772149490990462_13826729236.heic.jpg | https://e-hentai.org/s/b50c11472b/2917545-33
[2026-04-17T16:38:03.297Z] [+] #33 | genko_cosplay_1714140026_3354772149490990462_13826729236.heic.jpg
[2026-04-17T16:38:05.288Z] [DOWNLOADED] genko_cosplay_1714140026_3354772149474333124_13826729236.heic.jpg | https://e-hentai.org/s/3a3b723c70/2917545-34
[2026-04-17T16:38:05.290Z] [+] #34 | genko_cosplay_1714140026_3354772149474333124_13826729236.heic.jpg
[2026-04-17T16:38:07.922Z] [DOWNLOADED] genko_cosplay_1714140026_3354772149356748953_13826729236.heic.jpg | https://e-hentai.org/s/d4a7c2e167/2917545-35
[2026-04-17T16:38:07.923Z] [+] #35 | genko_cosplay_1714140026_3354772149356748953_13826729236.heic.jpg
[2026-04-17T16:38:09.901Z] [DOWNLOADED] genko_cosplay_1714046685_3353989148473808689_13826729236.heic.jpg | https://e-hentai.org/s/00c33e2bc2/2917545-36
[2026-04-17T16:38:09.903Z] [+] #36 | genko_cosplay_1714046685_3353989148473808689_13826729236.heic.jpg
[2026-04-17T16:38:12.227Z] [DOWNLOADED] genko_cosplay_1714046685_3353989148473780554_13826729236.heic.jpg | https://e-hentai.org/s/e47499b14a/2917545-37
[2026-04-17T16:38:12.229Z] [+] #37 | genko_cosplay_1714046685_3353989148473780554_13826729236.heic.jpg
[2026-04-17T16:38:14.922Z] [DOWNLOADED] genko_cosplay_1714046685_3353989148473618623_13826729236.heic.jpg | https://e-hentai.org/s/1c1b6a61a8/2917545-38
[2026-04-17T16:38:14.923Z] [+] #38 | genko_cosplay_1714046685_3353989148473618623_13826729236.heic.jpg
[2026-04-17T16:38:17.132Z] [DOWNLOADED] genko_cosplay_1714046685_3353989148356140079_13826729236.heic.jpg | https://e-hentai.org/s/1d4d8bb0fc/2917545-39
[2026-04-17T16:38:17.133Z] [+] #39 | genko_cosplay_1714046685_3353989148356140079_13826729236.heic.jpg
[2026-04-17T16:38:19.704Z] [DOWNLOADED] genko_cosplay_1713959844_3353260671747400419_13826729236.heic.jpg | https://e-hentai.org/s/1d5c7e4fcf/2917545-40
[2026-04-17T16:38:19.706Z] [+] #40 | genko_cosplay_1713959844_3353260671747400419_13826729236.heic.jpg
[2026-04-17T16:38:20.012Z] [VIEWER] Round 40 | Collected: 40
[2026-04-17T16:38:21.805Z] [DOWNLOADED] genko_cosplay_1713959844_3353260671747349477_13826729236.heic.jpg | https://e-hentai.org/s/ff83cd2c4c/2917545-41
[2026-04-17T16:38:21.805Z] [+] #41 | genko_cosplay_1713959844_3353260671747349477_13826729236.heic.jpg
[2026-04-17T16:38:23.994Z] [DOWNLOADED] genko_cosplay_1713959844_3353260671739074159_13826729236.heic.jpg | https://e-hentai.org/s/e106ae8ae5/2917545-42
[2026-04-17T16:38:23.995Z] [+] #42 | genko_cosplay_1713959844_3353260671739074159_13826729236.heic.jpg
[2026-04-17T16:38:26.591Z] [DOWNLOADED] genko_cosplay_1713873667_3352537771306182482_13826729236.heic.jpg | https://e-hentai.org/s/50acaa02e0/2917545-43
[2026-04-17T16:38:26.591Z] [+] #43 | genko_cosplay_1713873667_3352537771306182482_13826729236.heic.jpg
[2026-04-17T16:38:28.934Z] [DOWNLOADED] genko_cosplay_1713873667_3352537771163756314_13826729236.heic.jpg | https://e-hentai.org/s/c7596f65db/2917545-44
[2026-04-17T16:38:28.934Z] [+] #44 | genko_cosplay_1713873667_3352537771163756314_13826729236.heic.jpg
[2026-04-17T16:38:31.335Z] [DOWNLOADED] genko_cosplay_1713873667_3352537771163719149_13826729236.heic.jpg | https://e-hentai.org/s/1be6a8c3b9/2917545-45
[2026-04-17T16:38:31.336Z] [+] #45 | genko_cosplay_1713873667_3352537771163719149_13826729236.heic.jpg
[2026-04-17T16:38:33.807Z] [DOWNLOADED] genko_cosplay_1713873667_3352537771163697017_13826729236.heic.jpg | https://e-hentai.org/s/5fdf83d7d7/2917545-46
[2026-04-17T16:38:33.808Z] [+] #46 | genko_cosplay_1713873667_3352537771163697017_13826729236.heic.jpg
[2026-04-17T16:38:35.839Z] [DOWNLOADED] genko_cosplay_1713873667_3352537771163592034_13826729236.heic.jpg | https://e-hentai.org/s/93504f6ce6/2917545-47
[2026-04-17T16:38:35.840Z] [+] #47 | genko_cosplay_1713873667_3352537771163592034_13826729236.heic.jpg
[2026-04-17T16:38:38.070Z] [DOWNLOADED] genko_cosplay_1713873667_3352537771163561007_13826729236.heic.jpg | https://e-hentai.org/s/8997049180/2917545-48
[2026-04-17T16:38:38.072Z] [+] #48 | genko_cosplay_1713873667_3352537771163561007_13826729236.heic.jpg
[2026-04-17T16:38:40.351Z] [DOWNLOADED] genko_cosplay_1713873667_3352537771155147765_13826729236.heic.webp | https://e-hentai.org/s/22e28fc9a6/2917545-49
[2026-04-17T16:38:40.352Z] [+] #49 | genko_cosplay_1713873667_3352537771155147765_13826729236.heic.webp
[2026-04-17T16:38:42.734Z] [DOWNLOADED] genko_cosplay_1713785869_3351801270423388843_13826729236.heic.jpg | https://e-hentai.org/s/1c88af8188/2917545-50
[2026-04-17T16:38:42.735Z] [+] #50 | genko_cosplay_1713785869_3351801270423388843_13826729236.heic.jpg
[2026-04-17T16:38:45.297Z] [DOWNLOADED] genko_cosplay_1713785869_3351801270297622249_13826729236.heic.jpg | https://e-hentai.org/s/399b546b6e/2917545-51
[2026-04-17T16:38:45.298Z] [+] #51 | genko_cosplay_1713785869_3351801270297622249_13826729236.heic.jpg
[2026-04-17T16:38:47.661Z] [DOWNLOADED] genko_cosplay_1713612557_3350347418591481406_13826729236.heic.jpg | https://e-hentai.org/s/819f239b8f/2917545-52
[2026-04-17T16:38:47.662Z] [+] #52 | genko_cosplay_1713612557_3350347418591481406_13826729236.heic.jpg
[2026-04-17T16:38:50.103Z] [DOWNLOADED] genko_cosplay_1713612557_3350347418474027226_13826729236.heic.jpg | https://e-hentai.org/s/475f495773/2917545-53
[2026-04-17T16:38:50.104Z] [+] #53 | genko_cosplay_1713612557_3350347418474027226_13826729236.heic.jpg
[2026-04-17T16:38:52.341Z] [DOWNLOADED] genko_cosplay_1713612557_3350347418473989551_13826729236.heic.jpg | https://e-hentai.org/s/67a7538bc7/2917545-54
[2026-04-17T16:38:52.343Z] [+] #54 | genko_cosplay_1713612557_3350347418473989551_13826729236.heic.jpg
[2026-04-17T16:38:54.443Z] [DOWNLOADED] genko_cosplay_1713612557_3350347418473972618_13826729236.heic.jpg | https://e-hentai.org/s/b7347c9e81/2917545-55
[2026-04-17T16:38:54.445Z] [+] #55 | genko_cosplay_1713612557_3350347418473972618_13826729236.heic.jpg
[2026-04-17T16:38:56.794Z] [DOWNLOADED] genko_cosplay_1713525190_3349614534104532974_13826729236.heic.jpg | https://e-hentai.org/s/1da31a77f7/2917545-56
[2026-04-17T16:38:56.796Z] [+] #56 | genko_cosplay_1713525190_3349614534104532974_13826729236.heic.jpg
[2026-04-17T16:38:58.750Z] [DOWNLOADED] genko_cosplay_1713525190_3349614533936833901_13826729236.heic.jpg | https://e-hentai.org/s/0c09d87098/2917545-57
[2026-04-17T16:38:58.752Z] [+] #57 | genko_cosplay_1713525190_3349614533936833901_13826729236.heic.jpg
[2026-04-17T16:39:00.982Z] [DOWNLOADED] genko_cosplay_1713525190_3349614533928546056_13826729236.heic.jpg | https://e-hentai.org/s/6559ccb2f0/2917545-58
[2026-04-17T16:39:00.983Z] [+] #58 | genko_cosplay_1713525190_3349614533928546056_13826729236.heic.jpg
[2026-04-17T16:39:03.170Z] [DOWNLOADED] genko_cosplay_1713107203_3346108207822718488_13826729236.heic.jpg | https://e-hentai.org/s/f6cb7d39c6/2917545-59
[2026-04-17T16:39:03.172Z] [+] #59 | genko_cosplay_1713107203_3346108207822718488_13826729236.heic.jpg
[2026-04-17T16:39:05.716Z] [DOWNLOADED] genko_cosplay_1713101248_3346058253469102665_13826729236.heic.webp | https://e-hentai.org/s/2b4029ee33/2917545-60
[2026-04-17T16:39:05.718Z] [+] #60 | genko_cosplay_1713101248_3346058253469102665_13826729236.heic.webp
[2026-04-17T16:39:06.017Z] [VIEWER] Round 60 | Collected: 60
[2026-04-17T16:39:08.113Z] [DOWNLOADED] genko_cosplay_1713003746_3345240344861859700_13826729236.heic.jpg | https://e-hentai.org/s/dcc8f333e4/2917545-61
[2026-04-17T16:39:08.114Z] [+] #61 | genko_cosplay_1713003746_3345240344861859700_13826729236.heic.jpg
[2026-04-17T16:39:10.312Z] [DOWNLOADED] genko_cosplay_1712917174_3344514123991587564_13826729236.heic.jpg | https://e-hentai.org/s/36b1e8dc3d/2917545-62
[2026-04-17T16:39:10.313Z] [+] #62 | genko_cosplay_1712917174_3344514123991587564_13826729236.heic.jpg
[2026-04-17T16:39:12.593Z] [DOWNLOADED] genko_cosplay_1712838013_3343850071631963189_13826729236.heic.jpg | https://e-hentai.org/s/c3586d7bf7/2917545-63
[2026-04-17T16:39:12.594Z] [+] #63 | genko_cosplay_1712838013_3343850071631963189_13826729236.heic.jpg
[2026-04-17T16:39:14.955Z] [DOWNLOADED] genko_cosplay_1712659868_3342355690139859533_13826729236.heic.jpg | https://e-hentai.org/s/6e4f38d966/2917545-64
[2026-04-17T16:39:14.957Z] [+] #64 | genko_cosplay_1712659868_3342355690139859533_13826729236.heic.jpg
[2026-04-17T16:39:16.947Z] [DOWNLOADED] genko_cosplay_1712405310_3340220301144942437_13826729236.heic.jpg | https://e-hentai.org/s/f640bef020/2917545-65
[2026-04-17T16:39:16.948Z] [+] #65 | genko_cosplay_1712405310_3340220301144942437_13826729236.heic.jpg
[2026-04-17T16:39:19.057Z] [DOWNLOADED] genko_cosplay_1712316412_3339474567131031478_13826729236.heic.jpg | https://e-hentai.org/s/b856bdc41e/2917545-66
[2026-04-17T16:39:19.059Z] [+] #66 | genko_cosplay_1712316412_3339474567131031478_13826729236.heic.jpg
[2026-04-17T16:39:21.386Z] [DOWNLOADED] genko_cosplay_1711622450_3333653192558254644_13826729236.heic.jpg | https://e-hentai.org/s/15f1a94b1f/2917545-67
[2026-04-17T16:39:21.388Z] [+] #67 | genko_cosplay_1711622450_3333653192558254644_13826729236.heic.jpg
[2026-04-17T16:39:23.871Z] [DOWNLOADED] genko_cosplay_1711622450_3333653192549932878_13826729236.heic.jpg | https://e-hentai.org/s/3a3abe3102/2917545-68
[2026-04-17T16:39:23.873Z] [+] #68 | genko_cosplay_1711622450_3333653192549932878_13826729236.heic.jpg
[2026-04-17T16:39:26.177Z] [DOWNLOADED] genko_cosplay_1711622450_3333653192549870879_13826729236.heic.jpg | https://e-hentai.org/s/97798b8695/2917545-69
[2026-04-17T16:39:26.178Z] [+] #69 | genko_cosplay_1711622450_3333653192549870879_13826729236.heic.jpg
[2026-04-17T16:39:28.369Z] [DOWNLOADED] genko_cosplay_1711458401_3332277052749107829_13826729236.heic.jpg | https://e-hentai.org/s/7c2268a9a8/2917545-70
[2026-04-17T16:39:28.370Z] [+] #70 | genko_cosplay_1711458401_3332277052749107829_13826729236.heic.jpg
[2026-04-17T16:39:30.314Z] [DOWNLOADED] genko_cosplay_1711458401_3332277052749072040_13826729236.heic.jpg | https://e-hentai.org/s/244eef1ba3/2917545-71
[2026-04-17T16:39:30.315Z] [+] #71 | genko_cosplay_1711458401_3332277052749072040_13826729236.heic.jpg
[2026-04-17T16:39:32.642Z] [DOWNLOADED] genko_cosplay_1711458401_3332277052748924898_13826729236.heic.jpg | https://e-hentai.org/s/20a2cfe777/2917545-72
[2026-04-17T16:39:32.644Z] [+] #72 | genko_cosplay_1711458401_3332277052748924898_13826729236.heic.jpg
[2026-04-17T16:39:34.909Z] [DOWNLOADED] genko_cosplay_1711458401_3332277052748889383_13826729236.heic.jpg | https://e-hentai.org/s/b49ba3a6e3/2917545-73
[2026-04-17T16:39:34.910Z] [+] #73 | genko_cosplay_1711458401_3332277052748889383_13826729236.heic.jpg
[2026-04-17T16:39:37.177Z] [DOWNLOADED] genko_cosplay_1711458401_3332277052740689113_13826729236.heic.jpg | https://e-hentai.org/s/682c919798/2917545-74
[2026-04-17T16:39:37.178Z] [+] #74 | genko_cosplay_1711458401_3332277052740689113_13826729236.heic.jpg
[2026-04-17T16:39:39.541Z] [DOWNLOADED] genko_cosplay_1711458401_3332277052740685763_13826729236.heic.jpg | https://e-hentai.org/s/cd32ed8384/2917545-75
[2026-04-17T16:39:39.543Z] [+] #75 | genko_cosplay_1711458401_3332277052740685763_13826729236.heic.jpg
[2026-04-17T16:39:41.745Z] [DOWNLOADED] genko_cosplay_1711195266_3330069715720333546_13826729236.heic.jpg | https://e-hentai.org/s/fb3264d95f/2917545-76
[2026-04-17T16:39:41.746Z] [+] #76 | genko_cosplay_1711195266_3330069715720333546_13826729236.heic.jpg
[2026-04-17T16:39:44.307Z] [DOWNLOADED] genko_cosplay_1711195266_3330069715711940834_13826729236.heic.jpg | https://e-hentai.org/s/477d474539/2917545-77
[2026-04-17T16:39:44.309Z] [+] #77 | genko_cosplay_1711195266_3330069715711940834_13826729236.heic.jpg
[2026-04-17T16:39:46.891Z] [DOWNLOADED] genko_cosplay_1711195266_3330069715594430749_13826729236.heic.jpg | https://e-hentai.org/s/b280c8d444/2917545-78
[2026-04-17T16:39:46.893Z] [+] #78 | genko_cosplay_1711195266_3330069715594430749_13826729236.heic.jpg
[2026-04-17T16:39:49.197Z] [DOWNLOADED] genko_cosplay_1711195266_3330069715594382794_13826729236.heic.jpg | https://e-hentai.org/s/d6d0427ef6/2917545-79
[2026-04-17T16:39:49.199Z] [+] #79 | genko_cosplay_1711195266_3330069715594382794_13826729236.heic.jpg
[2026-04-17T16:39:51.610Z] [DOWNLOADED] genko_cosplay_1711195266_3330069715594272038_13826729236.heic.jpg | https://e-hentai.org/s/6184a1acc2/2917545-80
[2026-04-17T16:39:51.611Z] [+] #80 | genko_cosplay_1711195266_3330069715594272038_13826729236.heic.jpg
[2026-04-17T16:39:51.900Z] [VIEWER] Round 80 | Collected: 80
[2026-04-17T16:39:53.658Z] [DOWNLOADED] genko_cosplay_1711023776_3328631154072588910_13826729236.heic.webp | https://e-hentai.org/s/dd56c5ec42/2917545-81
[2026-04-17T16:39:53.659Z] [+] #81 | genko_cosplay_1711023776_3328631154072588910_13826729236.heic.webp
[2026-04-17T16:39:56.055Z] [DOWNLOADED] genko_cosplay_1711023776_3328631154072362246_13826729236.heic.webp | https://e-hentai.org/s/e58739b5ac/2917545-82
[2026-04-17T16:39:56.057Z] [+] #82 | genko_cosplay_1711023776_3328631154072362246_13826729236.heic.webp
[2026-04-17T16:39:58.350Z] [DOWNLOADED] genko_cosplay_1710766547_3326473355053845168_13826729236.heic.jpg | https://e-hentai.org/s/ba56e83208/2917545-83
[2026-04-17T16:39:58.353Z] [+] #83 | genko_cosplay_1710766547_3326473355053845168_13826729236.heic.jpg
[2026-04-17T16:40:01.174Z] [DOWNLOADED] genko_cosplay_1710766547_3326473355037120450_13826729236.heic.jpg | https://e-hentai.org/s/cde5ec8b5f/2917545-84
[2026-04-17T16:40:01.176Z] [+] #84 | genko_cosplay_1710766547_3326473355037120450_13826729236.heic.jpg
[2026-04-17T16:40:03.277Z] [DOWNLOADED] genko_cosplay_1710766547_3326473355037003230_13826729236.heic.jpg | https://e-hentai.org/s/fbf951241f/2917545-85
[2026-04-17T16:40:03.279Z] [+] #85 | genko_cosplay_1710766547_3326473355037003230_13826729236.heic.jpg
[2026-04-17T16:40:05.244Z] [DOWNLOADED] genko_cosplay_1710766547_3326473355036998025_13826729236.heic.jpg | https://e-hentai.org/s/e1a7669f87/2917545-86
[2026-04-17T16:40:05.246Z] [+] #86 | genko_cosplay_1710766547_3326473355036998025_13826729236.heic.jpg
[2026-04-17T16:40:07.727Z] [DOWNLOADED] genko_cosplay_1710766547_3326473355028786440_13826729236.heic.jpg | https://e-hentai.org/s/99b69b87b7/2917545-87
[2026-04-17T16:40:07.728Z] [+] #87 | genko_cosplay_1710766547_3326473355028786440_13826729236.heic.jpg
[2026-04-17T16:40:09.996Z] [DOWNLOADED] genko_cosplay_1710583996_3324942005452832953_13826729236.heic.jpg | https://e-hentai.org/s/67faa87d55/2917545-88
[2026-04-17T16:40:09.996Z] [+] #88 | genko_cosplay_1710583996_3324942005452832953_13826729236.heic.jpg
[2026-04-17T16:40:12.298Z] [DOWNLOADED] genko_cosplay_1710583995_3324942005461061491_13826729236.heic.jpg | https://e-hentai.org/s/ff13e5edf4/2917545-89
[2026-04-17T16:40:12.299Z] [+] #89 | genko_cosplay_1710583995_3324942005461061491_13826729236.heic.jpg
[2026-04-17T16:40:14.463Z] [DOWNLOADED] genko_cosplay_1710414126_3323517039960288581_13826729236.heic.jpg | https://e-hentai.org/s/2aaa6afc6d/2917545-90
[2026-04-17T16:40:14.465Z] [+] #90 | genko_cosplay_1710414126_3323517039960288581_13826729236.heic.jpg
[2026-04-17T16:40:16.943Z] [DOWNLOADED] genko_cosplay_1710339433_3322890469495267032_13826729236.heic.jpg | https://e-hentai.org/s/53d7609d21/2917545-91
[2026-04-17T16:40:16.945Z] [+] #91 | genko_cosplay_1710339433_3322890469495267032_13826729236.heic.jpg
[2026-04-17T16:40:19.193Z] [DOWNLOADED] genko_cosplay_1709894502_3319158116801169497_13826729236.heic.jpg | https://e-hentai.org/s/61b43bd733/2917545-92
[2026-04-17T16:40:19.195Z] [+] #92 | genko_cosplay_1709894502_3319158116801169497_13826729236.heic.jpg
[2026-04-17T16:40:21.544Z] [DOWNLOADED] genko_cosplay_1709823489_3318562410734482159_13826729236.heic.webp | https://e-hentai.org/s/f0a30be36b/2917545-93
[2026-04-17T16:40:21.546Z] [+] #93 | genko_cosplay_1709823489_3318562410734482159_13826729236.heic.webp
[2026-04-17T16:40:24.075Z] [DOWNLOADED] genko_cosplay_1709552469_3316288936670230740_13826729236.heic.webp | https://e-hentai.org/s/85198ab94b/2917545-94
[2026-04-17T16:40:24.076Z] [+] #94 | genko_cosplay_1709552469_3316288936670230740_13826729236.heic.webp
[2026-04-17T16:40:26.478Z] [DOWNLOADED] genko_cosplay_1709552469_3316288936670229591_13826729236.heic.webp | https://e-hentai.org/s/cb4bbbe80c/2917545-95
[2026-04-17T16:40:26.480Z] [+] #95 | genko_cosplay_1709552469_3316288936670229591_13826729236.heic.webp
[2026-04-17T16:40:28.491Z] [DOWNLOADED] genko_cosplay_1709552469_3316288936670225867_13826729236.heic.webp | https://e-hentai.org/s/4835f9350f/2917545-96
[2026-04-17T16:40:28.492Z] [+] #96 | genko_cosplay_1709552469_3316288936670225867_13826729236.heic.webp
[2026-04-17T16:40:30.742Z] [DOWNLOADED] genko_cosplay_1709210547_3313420682641744739_13826729236.heic.jpg | https://e-hentai.org/s/bfa2adc10e/2917545-97
[2026-04-17T16:40:30.744Z] [+] #97 | genko_cosplay_1709210547_3313420682641744739_13826729236.heic.jpg
[2026-04-17T16:40:32.903Z] [DOWNLOADED] genko_cosplay_1709034258_3311941864131305832_13826729236.heic.jpg | https://e-hentai.org/s/513a1f4a64/2917545-98
[2026-04-17T16:40:32.904Z] [+] #98 | genko_cosplay_1709034258_3311941864131305832_13826729236.heic.jpg
[2026-04-17T16:40:35.214Z] [DOWNLOADED] genko_cosplay_1708949183_3311228206283667444_13826729236.heic.jpg | https://e-hentai.org/s/35126ec54c/2917545-99
[2026-04-17T16:40:35.215Z] [+] #99 | genko_cosplay_1708949183_3311228206283667444_13826729236.heic.jpg
[2026-04-17T16:40:37.536Z] [DOWNLOADED] genko_cosplay_1708597264_3308276097388926810_13826729236.heic.jpg | https://e-hentai.org/s/1cf73d76e2/2917545-100
[2026-04-17T16:40:37.538Z] [+] #100 | genko_cosplay_1708597264_3308276097388926810_13826729236.heic.jpg
[2026-04-17T16:40:37.848Z] [VIEWER] Round 100 | Collected: 100
[2026-04-17T16:40:39.787Z] [DOWNLOADED] genko_cosplay_1708258542_3305434690286728991_13826729236.heic.jpg | https://e-hentai.org/s/ba97b01463/2917545-101
[2026-04-17T16:40:39.788Z] [+] #101 | genko_cosplay_1708258542_3305434690286728991_13826729236.heic.jpg
[2026-04-17T16:40:42.023Z] [DOWNLOADED] genko_cosplay_1708173796_3304723786058339155_13826729236.heic.jpg | https://e-hentai.org/s/48780a7aab/2917545-102
[2026-04-17T16:40:42.025Z] [+] #102 | genko_cosplay_1708173796_3304723786058339155_13826729236.heic.jpg
[2026-04-17T16:40:44.319Z] [DOWNLOADED] genko_cosplay_1708083535_3303966621349601198_13826729236.heic.jpg | https://e-hentai.org/s/4388967275/2917545-103
[2026-04-17T16:40:44.321Z] [+] #103 | genko_cosplay_1708083535_3303966621349601198_13826729236.heic.jpg
[2026-04-17T16:40:46.645Z] [DOWNLOADED] genko_cosplay_1708083535_3303966621349564241_13826729236.heic.jpg | https://e-hentai.org/s/5593b223f9/2917545-104
[2026-04-17T16:40:46.646Z] [+] #104 | genko_cosplay_1708083535_3303966621349564241_13826729236.heic.jpg
[2026-04-17T16:40:48.945Z] [DOWNLOADED] genko_cosplay_1708083535_3303966621349536679_13826729236.heic.jpg | https://e-hentai.org/s/9eae7191e3/2917545-105
[2026-04-17T16:40:48.946Z] [+] #105 | genko_cosplay_1708083535_3303966621349536679_13826729236.heic.jpg
[2026-04-17T16:40:51.266Z] [DOWNLOADED] genko_cosplay_1708083535_3303966621349513792_13826729236.heic.jpg | https://e-hentai.org/s/e991439666/2917545-106
[2026-04-17T16:40:51.268Z] [+] #106 | genko_cosplay_1708083535_3303966621349513792_13826729236.heic.jpg
[2026-04-17T16:40:53.648Z] [DOWNLOADED] genko_cosplay_1707832593_3301861565183520406_13826729236.heic.jpg | https://e-hentai.org/s/f49bbc4a6c/2917545-107
[2026-04-17T16:40:53.650Z] [+] #107 | genko_cosplay_1707832593_3301861565183520406_13826729236.heic.jpg
[2026-04-17T16:40:55.909Z] [DOWNLOADED] genko_cosplay_1707832593_3301861565175062784_13826729236.heic.jpg | https://e-hentai.org/s/2ff139fcab/2917545-108
[2026-04-17T16:40:55.911Z] [+] #108 | genko_cosplay_1707832593_3301861565175062784_13826729236.heic.jpg
[2026-04-17T16:40:58.318Z] [DOWNLOADED] genko_cosplay_1707832593_3301861565174979166_13826729236.heic.jpg | https://e-hentai.org/s/c6d9ce61fe/2917545-109
[2026-04-17T16:40:58.320Z] [+] #109 | genko_cosplay_1707832593_3301861565174979166_13826729236.heic.jpg
[2026-04-17T16:41:00.617Z] [DOWNLOADED] genko_cosplay_1707832593_3301861565174921595_13826729236.heic.jpg | https://e-hentai.org/s/58f0b8d488/2917545-110
[2026-04-17T16:41:00.619Z] [+] #110 | genko_cosplay_1707832593_3301861565174921595_13826729236.heic.jpg
[2026-04-17T16:41:02.840Z] [DOWNLOADED] genko_cosplay_1707832593_3301861565158215144_13826729236.heic.jpg | https://e-hentai.org/s/05b1d1aaf5/2917545-111
[2026-04-17T16:41:02.842Z] [+] #111 | genko_cosplay_1707832593_3301861565158215144_13826729236.heic.jpg
[2026-04-17T16:41:04.944Z] [DOWNLOADED] genko_cosplay_1707740673_3301090488471824494_13826729236.heic.webp | https://e-hentai.org/s/1e9426230e/2917545-112
[2026-04-17T16:41:04.946Z] [+] #112 | genko_cosplay_1707740673_3301090488471824494_13826729236.heic.webp
[2026-04-17T16:41:07.205Z] [DOWNLOADED] genko_cosplay_1707740673_3301090488429927002_13826729236.heic.webp | https://e-hentai.org/s/78b147b701/2917545-113
[2026-04-17T16:41:07.208Z] [+] #113 | genko_cosplay_1707740673_3301090488429927002_13826729236.heic.webp
[2026-04-17T16:41:09.565Z] [DOWNLOADED] genko_cosplay_1707740673_3301090488413077645_13826729236.heic.webp | https://e-hentai.org/s/f33b7cc1d7/2917545-114
[2026-04-17T16:41:09.566Z] [+] #114 | genko_cosplay_1707740673_3301090488413077645_13826729236.heic.webp
[2026-04-17T16:41:11.654Z] [DOWNLOADED] genko_cosplay_1707647892_3300312185888754407_13826729236.heic.jpg | https://e-hentai.org/s/568c08174f/2917545-115
[2026-04-17T16:41:11.656Z] [+] #115 | genko_cosplay_1707647892_3300312185888754407_13826729236.heic.jpg
[2026-04-17T16:41:13.822Z] [DOWNLOADED] genko_cosplay_1707647892_3300312185771306188_13826729236.heic.jpg | https://e-hentai.org/s/17c02b8aa4/2917545-116
[2026-04-17T16:41:13.824Z] [+] #116 | genko_cosplay_1707647892_3300312185771306188_13826729236.heic.jpg
[2026-04-17T16:41:15.772Z] [DOWNLOADED] genko_cosplay_1707647892_3300312185771185977_13826729236.heic.jpg | https://e-hentai.org/s/e906cbebc5/2917545-117
[2026-04-17T16:41:15.774Z] [+] #117 | genko_cosplay_1707647892_3300312185771185977_13826729236.heic.jpg
[2026-04-17T16:41:18.045Z] [DOWNLOADED] genko_cosplay_1707647892_3300312185771176146_13826729236.heic.jpg | https://e-hentai.org/s/0cf34f02c9/2917545-118
[2026-04-17T16:41:18.047Z] [+] #118 | genko_cosplay_1707647892_3300312185771176146_13826729236.heic.jpg
[2026-04-17T16:41:20.428Z] [DOWNLOADED] genko_cosplay_1707647892_3300312185771139015_13826729236.heic.jpg | https://e-hentai.org/s/b7e77f2d3a/2917545-119
[2026-04-17T16:41:20.430Z] [+] #119 | genko_cosplay_1707647892_3300312185771139015_13826729236.heic.jpg
[2026-04-17T16:41:22.601Z] [DOWNLOADED] genko_cosplay_1707562940_3299599555209408547_13826729236.heic.jpg | https://e-hentai.org/s/80bd038517/2917545-120
[2026-04-17T16:41:22.603Z] [+] #120 | genko_cosplay_1707562940_3299599555209408547_13826729236.heic.jpg
[2026-04-17T16:41:22.900Z] [VIEWER] Round 120 | Collected: 120
[2026-04-17T16:41:24.897Z] [DOWNLOADED] genko_cosplay_1707562940_3299599555091991697_13826729236.heic.jpg | https://e-hentai.org/s/402bc013b8/2917545-121
[2026-04-17T16:41:24.899Z] [+] #121 | genko_cosplay_1707562940_3299599555091991697_13826729236.heic.jpg
[2026-04-17T16:41:27.516Z] [DOWNLOADED] genko_cosplay_1707562940_3299599555091902817_13826729236.heic.jpg | https://e-hentai.org/s/f701cac7a6/2917545-122
[2026-04-17T16:41:27.518Z] [+] #122 | genko_cosplay_1707562940_3299599555091902817_13826729236.heic.jpg
[2026-04-17T16:41:29.501Z] [DOWNLOADED] genko_cosplay_1707562940_3299599555083440008_13826729236.heic.jpg | https://e-hentai.org/s/4c031abaa4/2917545-123
[2026-04-17T16:41:29.503Z] [+] #123 | genko_cosplay_1707562940_3299599555083440008_13826729236.heic.jpg
[2026-04-17T16:41:31.814Z] [DOWNLOADED] genko_cosplay_1707562656_3299597169329719224_13826729236.heic.jpg | https://e-hentai.org/s/43b3e23227/2917545-124
[2026-04-17T16:41:31.816Z] [+] #124 | genko_cosplay_1707562656_3299597169329719224_13826729236.heic.jpg
[2026-04-17T16:41:34.024Z] [DOWNLOADED] genko_cosplay_1707562656_3299597169321379447_13826729236.heic.jpg | https://e-hentai.org/s/12efdc5114/2917545-125
[2026-04-17T16:41:34.025Z] [+] #125 | genko_cosplay_1707562656_3299597169321379447_13826729236.heic.jpg
[2026-04-17T16:41:36.192Z] [DOWNLOADED] genko_cosplay_1707562656_3299597169321324105_13826729236.heic.jpg | https://e-hentai.org/s/1a1aff8f88/2917545-126
[2026-04-17T16:41:36.194Z] [+] #126 | genko_cosplay_1707562656_3299597169321324105_13826729236.heic.jpg
[2026-04-17T16:41:38.483Z] [DOWNLOADED] genko_cosplay_1707562656_3299597169195694840_13826729236.heic.jpg | https://e-hentai.org/s/667a345f31/2917545-127
[2026-04-17T16:41:38.485Z] [+] #127 | genko_cosplay_1707562656_3299597169195694840_13826729236.heic.jpg
[2026-04-17T16:41:40.458Z] [DOWNLOADED] genko_cosplay_1707388700_3298137924898036095_13826729236.heic.jpg | https://e-hentai.org/s/435498c77c/2917545-128
[2026-04-17T16:41:40.460Z] [+] #128 | genko_cosplay_1707388700_3298137924898036095_13826729236.heic.jpg
[2026-04-17T16:41:43.625Z] [DOWNLOADED] genko_cosplay_1707388700_3298137924889484163_13826729236.heic.jpg | https://e-hentai.org/s/b0955a60fd/2917545-129
[2026-04-17T16:41:43.627Z] [+] #129 | genko_cosplay_1707388700_3298137924889484163_13826729236.heic.jpg
[2026-04-17T16:41:45.720Z] [DOWNLOADED] genko_cosplay_1707388700_3298137924772117332_13826729236.heic.jpg | https://e-hentai.org/s/494e49c8a8/2917545-130
[2026-04-17T16:41:45.722Z] [+] #130 | genko_cosplay_1707388700_3298137924772117332_13826729236.heic.jpg
[2026-04-17T16:41:47.892Z] [DOWNLOADED] genko_cosplay_1707388700_3298137924763684262_13826729236.heic.jpg | https://e-hentai.org/s/bcc28e417b/2917545-131
[2026-04-17T16:41:47.894Z] [+] #131 | genko_cosplay_1707388700_3298137924763684262_13826729236.heic.jpg
[2026-04-17T16:41:50.069Z] [DOWNLOADED] genko_cosplay_1707306455_3297448007188580957_13826729236.heic.jpg | https://e-hentai.org/s/fefed090bd/2917545-132
[2026-04-17T16:41:50.072Z] [+] #132 | genko_cosplay_1707306455_3297448007188580957_13826729236.heic.jpg
[2026-04-17T16:41:53.516Z] [DOWNLOADED] genko_cosplay_1707224724_3296762394336412819_13826729236.heic.jpg | https://e-hentai.org/s/047f7a4790/2917545-133
[2026-04-17T16:41:53.518Z] [+] #133 | genko_cosplay_1707224724_3296762394336412819_13826729236.heic.jpg
[2026-04-17T16:41:55.921Z] [DOWNLOADED] genko_cosplay_1707224724_3296762394286149630_13826729236.heic.jpg | https://e-hentai.org/s/d4cc917844/2917545-134
[2026-04-17T16:41:55.923Z] [+] #134 | genko_cosplay_1707224724_3296762394286149630_13826729236.heic.jpg
[2026-04-17T16:41:58.084Z] [DOWNLOADED] genko_cosplay_1707224724_3296762394160368746_13826729236.heic.jpg | https://e-hentai.org/s/1bcf4135b4/2917545-135
[2026-04-17T16:41:58.085Z] [+] #135 | genko_cosplay_1707224724_3296762394160368746_13826729236.heic.jpg
[2026-04-17T16:42:00.275Z] [DOWNLOADED] genko_cosplay_1707224724_3296762394160301756_13826729236.heic.jpg | https://e-hentai.org/s/40481e6687/2917545-136
[2026-04-17T16:42:00.276Z] [+] #136 | genko_cosplay_1707224724_3296762394160301756_13826729236.heic.jpg
[2026-04-17T16:42:02.231Z] [DOWNLOADED] genko_cosplay_1707224724_3296762394160215567_13826729236.heic.jpg | https://e-hentai.org/s/ef4348a63c/2917545-137
[2026-04-17T16:42:02.232Z] [+] #137 | genko_cosplay_1707224724_3296762394160215567_13826729236.heic.jpg
[2026-04-17T16:42:04.490Z] [DOWNLOADED] genko_cosplay_1706932084_3294307549927023760_13826729236.heic.webp | https://e-hentai.org/s/6c23cd66d6/2917545-138
[2026-04-17T16:42:04.491Z] [+] #138 | genko_cosplay_1706932084_3294307549927023760_13826729236.heic.webp
[2026-04-17T16:42:06.756Z] [DOWNLOADED] genko_cosplay_1706932084_3294307549809683168_13826729236.heic.webp | https://e-hentai.org/s/193bdb4059/2917545-139
[2026-04-17T16:42:06.758Z] [+] #139 | genko_cosplay_1706932084_3294307549809683168_13826729236.heic.webp
[2026-04-17T16:42:09.131Z] [DOWNLOADED] genko_cosplay_1706932084_3294307549809652602_13826729236.heic.webp | https://e-hentai.org/s/d7bbb019e2/2917545-140
[2026-04-17T16:42:09.133Z] [+] #140 | genko_cosplay_1706932084_3294307549809652602_13826729236.heic.webp
[2026-04-17T16:42:09.438Z] [VIEWER] Round 140 | Collected: 140
[2026-04-17T16:42:11.430Z] [DOWNLOADED] genko_cosplay_1706932084_3294307549809632698_13826729236.heic.webp | https://e-hentai.org/s/2f51f1704b/2917545-141
[2026-04-17T16:42:11.432Z] [+] #141 | genko_cosplay_1706932084_3294307549809632698_13826729236.heic.webp
[2026-04-17T16:42:13.942Z] [DOWNLOADED] genko_cosplay_1706932084_3294307549801257362_13826729236.heic.webp | https://e-hentai.org/s/2acc69e224/2917545-142
[2026-04-17T16:42:13.944Z] [+] #142 | genko_cosplay_1706932084_3294307549801257362_13826729236.heic.webp
[2026-04-17T16:42:16.104Z] [DOWNLOADED] genko_cosplay_1706877008_3293845542626933375_13826729236.heic.jpg | https://e-hentai.org/s/ab0c9d2f7c/2917545-143
[2026-04-17T16:42:16.106Z] [+] #143 | genko_cosplay_1706877008_3293845542626933375_13826729236.heic.jpg
[2026-04-17T16:42:18.589Z] [DOWNLOADED] genko_cosplay_1706877008_3293845542618708595_13826729236.heic.jpg | https://e-hentai.org/s/a5f3ff469b/2917545-144
[2026-04-17T16:42:18.590Z] [+] #144 | genko_cosplay_1706877008_3293845542618708595_13826729236.heic.jpg
[2026-04-17T16:42:20.772Z] [DOWNLOADED] genko_cosplay_1706795554_3293162251095797248_13826729236.heic.jpg | https://e-hentai.org/s/5db3c68077/2917545-145
[2026-04-17T16:42:20.774Z] [+] #145 | genko_cosplay_1706795554_3293162251095797248_13826729236.heic.jpg
[2026-04-17T16:42:23.306Z] [DOWNLOADED] genko_cosplay_1706795554_3293162251095686697_13826729236.heic.jpg | https://e-hentai.org/s/fbe70fb996/2917545-146
[2026-04-17T16:42:23.309Z] [+] #146 | genko_cosplay_1706795554_3293162251095686697_13826729236.heic.jpg
[2026-04-17T16:42:25.790Z] [DOWNLOADED] genko_cosplay_1706621356_3291700973131266132_13826729236.heic.jpg | https://e-hentai.org/s/daf52ace8c/2917545-147
[2026-04-17T16:42:25.792Z] [+] #147 | genko_cosplay_1706621356_3291700973131266132_13826729236.heic.jpg
[2026-04-17T16:42:28.282Z] [DOWNLOADED] genko_cosplay_1706531332_3290945797529258827_13826729236.heic.jpg | https://e-hentai.org/s/3608c64822/2917545-148
[2026-04-17T16:42:28.283Z] [+] #148 | genko_cosplay_1706531332_3290945797529258827_13826729236.heic.jpg
[2026-04-17T16:42:30.584Z] [DOWNLOADED] genko_cosplay_1706366754_3289565218787245925_13826729236.heic.jpg | https://e-hentai.org/s/8aa791952e/2917545-149
[2026-04-17T16:42:30.586Z] [+] #149 | genko_cosplay_1706366754_3289565218787245925_13826729236.heic.jpg
[2026-04-17T16:42:33.155Z] [DOWNLOADED] genko_cosplay_1706366754_3289565218787241012_13826729236.heic.jpg | https://e-hentai.org/s/a442482f34/2917545-150
[2026-04-17T16:42:33.158Z] [+] #150 | genko_cosplay_1706366754_3289565218787241012_13826729236.heic.jpg
[2026-04-17T16:42:35.508Z] [DOWNLOADED] genko_cosplay_1706346923_3289398866743121846_13826729236.heic.jpg | https://e-hentai.org/s/56b9692f35/2917545-151
[2026-04-17T16:42:35.510Z] [+] #151 | genko_cosplay_1706346923_3289398866743121846_13826729236.heic.jpg
[2026-04-17T16:42:37.915Z] [DOWNLOADED] genko_cosplay_1706275074_3288796155785780777_13826729236.heic.jpg | https://e-hentai.org/s/71b8b2ca66/2917545-152
[2026-04-17T16:42:37.916Z] [+] #152 | genko_cosplay_1706275074_3288796155785780777_13826729236.heic.jpg
[2026-04-17T16:42:40.127Z] [DOWNLOADED] genko_cosplay_1706160805_3287837595312841215_13826729236.heic.webp | https://e-hentai.org/s/e6686f3215/2917545-153
[2026-04-17T16:42:40.128Z] [+] #153 | genko_cosplay_1706160805_3287837595312841215_13826729236.heic.webp
[2026-04-17T16:42:42.423Z] [DOWNLOADED] genko_cosplay_1706160805_3287837595195268711_13826729236.heic.webp | https://e-hentai.org/s/03682389b2/2917545-154
[2026-04-17T16:42:42.425Z] [+] #154 | genko_cosplay_1706160805_3287837595195268711_13826729236.heic.webp
[2026-04-17T16:42:44.648Z] [DOWNLOADED] genko_cosplay_1706093396_3287272129271697707_13826729236.heic.webp | https://e-hentai.org/s/045b38bf86/2917545-155
[2026-04-17T16:42:44.650Z] [+] #155 | genko_cosplay_1706093396_3287272129271697707_13826729236.heic.webp
[2026-04-17T16:42:47.089Z] [DOWNLOADED] genko_cosplay_1706019888_3286655493468728387_13826729236.heic.jpg | https://e-hentai.org/s/157888e2d9/2917545-156
[2026-04-17T16:42:47.091Z] [+] #156 | genko_cosplay_1706019888_3286655493468728387_13826729236.heic.jpg
[2026-04-17T16:42:49.389Z] [DOWNLOADED] genko_cosplay_1706019888_3286655493359706908_13826729236.heic.jpg | https://e-hentai.org/s/47a3cf23fa/2917545-157
[2026-04-17T16:42:49.391Z] [+] #157 | genko_cosplay_1706019888_3286655493359706908_13826729236.heic.jpg
[2026-04-17T16:42:51.627Z] [DOWNLOADED] genko_cosplay_1706019888_3286655493351255874_13826729236.heic.jpg | https://e-hentai.org/s/806b7d7366/2917545-158
[2026-04-17T16:42:51.629Z] [+] #158 | genko_cosplay_1706019888_3286655493351255874_13826729236.heic.jpg
[2026-04-17T16:42:53.624Z] [DOWNLOADED] genko_cosplay_1705750969_3284399642083277561_13826729236.heic.jpg | https://e-hentai.org/s/00c31356f4/2917545-159
[2026-04-17T16:42:53.626Z] [+] #159 | genko_cosplay_1705750969_3284399642083277561_13826729236.heic.jpg
[2026-04-17T16:42:55.904Z] [DOWNLOADED] genko_cosplay_1705750969_3284399641940599222_13826729236.heic.jpg | https://e-hentai.org/s/fa21a217fb/2917545-160
[2026-04-17T16:42:55.906Z] [+] #160 | genko_cosplay_1705750969_3284399641940599222_13826729236.heic.jpg
[2026-04-17T16:42:56.211Z] [VIEWER] Round 160 | Collected: 160
[2026-04-17T16:42:57.912Z] [DOWNLOADED] genko_cosplay_1705750969_3284399641932202268_13826729236.heic.jpg | https://e-hentai.org/s/09586ba64c/2917545-161
[2026-04-17T16:42:57.914Z] [+] #161 | genko_cosplay_1705750969_3284399641932202268_13826729236.heic.jpg
[2026-04-17T16:43:00.113Z] [DOWNLOADED] genko_cosplay_1705750969_3284399641806455767_13826729236.heic.jpg | https://e-hentai.org/s/092d424462/2917545-162
[2026-04-17T16:43:00.115Z] [+] #162 | genko_cosplay_1705750969_3284399641806455767_13826729236.heic.jpg
[2026-04-17T16:43:02.497Z] [DOWNLOADED] genko_cosplay_1705491929_3282226656001543679_13826729236.heic.jpg | https://e-hentai.org/s/48f61ebef9/2917545-163
[2026-04-17T16:43:02.499Z] [+] #163 | genko_cosplay_1705491929_3282226656001543679_13826729236.heic.jpg
[2026-04-17T16:43:04.682Z] [DOWNLOADED] genko_cosplay_1705228732_3280018800439379653_13826729236.heic.jpg | https://e-hentai.org/s/2f5da72502/2917545-164
[2026-04-17T16:43:04.684Z] [+] #164 | genko_cosplay_1705228732_3280018800439379653_13826729236.heic.jpg
[2026-04-17T16:43:06.968Z] [DOWNLOADED] genko_cosplay_1705065685_3278651061837597971_13826729236.heic.jpg | https://e-hentai.org/s/294fb1a1ba/2917545-165
[2026-04-17T16:43:06.970Z] [+] #165 | genko_cosplay_1705065685_3278651061837597971_13826729236.heic.jpg
[2026-04-17T16:43:09.104Z] [DOWNLOADED] genko_cosplay_1705065685_3278651061820764934_13826729236.heic.jpg | https://e-hentai.org/s/ebecafa7ab/2917545-166
[2026-04-17T16:43:09.106Z] [+] #166 | genko_cosplay_1705065685_3278651061820764934_13826729236.heic.jpg
[2026-04-17T16:43:11.304Z] [DOWNLOADED] genko_cosplay_1705065685_3278651061686760666_13826729236.heic.jpg | https://e-hentai.org/s/7d9a312121/2917545-167
[2026-04-17T16:43:11.304Z] [+] #167 | genko_cosplay_1705065685_3278651061686760666_13826729236.heic.jpg
[2026-04-17T16:43:13.700Z] [DOWNLOADED] genko_cosplay_1705065685_3278651061686513530_13826729236.heic.jpg | https://e-hentai.org/s/de9a8f6646/2917545-168
[2026-04-17T16:43:13.703Z] [+] #168 | genko_cosplay_1705065685_3278651061686513530_13826729236.heic.jpg
[2026-04-17T16:43:15.692Z] [DOWNLOADED] genko_cosplay_1705065685_3278651061686510393_13826729236.heic.jpg | https://e-hentai.org/s/5c30564feb/2917545-169
[2026-04-17T16:43:15.695Z] [+] #169 | genko_cosplay_1705065685_3278651061686510393_13826729236.heic.jpg
[2026-04-17T16:43:17.669Z] [DOWNLOADED] genko_cosplay_1704881834_3277108804361856250_13826729236.heic.webp | https://e-hentai.org/s/4ed804181d/2917545-170
[2026-04-17T16:43:17.671Z] [+] #170 | genko_cosplay_1704881834_3277108804361856250_13826729236.heic.webp
[2026-04-17T16:43:19.808Z] [DOWNLOADED] genko_cosplay_1704546042_3274291984193880649_13826729236.heic.jpg | https://e-hentai.org/s/c0b4a0e802/2917545-171
[2026-04-17T16:43:19.810Z] [+] #171 | genko_cosplay_1704546042_3274291984193880649_13826729236.heic.jpg
[2026-04-17T16:43:21.769Z] [DOWNLOADED] genko_cosplay_1704546042_3274291984043066583_13826729236.heic.jpg | https://e-hentai.org/s/78a6d1a898/2917545-172
[2026-04-17T16:43:21.769Z] [+] #172 | genko_cosplay_1704546042_3274291984043066583_13826729236.heic.jpg
[2026-04-17T16:43:23.948Z] [DOWNLOADED] genko_cosplay_1704546042_3274291984042960367_13826729236.heic.jpg | https://e-hentai.org/s/26d554f2f8/2917545-173
[2026-04-17T16:43:23.950Z] [+] #173 | genko_cosplay_1704546042_3274291984042960367_13826729236.heic.jpg
[2026-04-17T16:43:26.312Z] [DOWNLOADED] genko_cosplay_1704546042_3274291984042936984_13826729236.heic.jpg | https://e-hentai.org/s/05a6c1cfbd/2917545-174
[2026-04-17T16:43:26.314Z] [+] #174 | genko_cosplay_1704546042_3274291984042936984_13826729236.heic.jpg
[2026-04-17T16:43:28.516Z] [DOWNLOADED] genko_cosplay_1704546042_3274291984042919988_13826729236.heic.jpg | https://e-hentai.org/s/3e7754e2c6/2917545-175
[2026-04-17T16:43:28.518Z] [+] #175 | genko_cosplay_1704546042_3274291984042919988_13826729236.heic.jpg
[2026-04-17T16:43:30.870Z] [DOWNLOADED] genko_cosplay_1704099091_3270542687283665557_13826729236.heic.webp | https://e-hentai.org/s/9a49374533/2917545-176
[2026-04-17T16:43:30.871Z] [+] #176 | genko_cosplay_1704099091_3270542687283665557_13826729236.heic.webp
[2026-04-17T16:43:33.212Z] [DOWNLOADED] genko_cosplay_1704099091_3270542687275189256_13826729236.heic.webp | https://e-hentai.org/s/da99e9d920/2917545-177
[2026-04-17T16:43:33.214Z] [+] #177 | genko_cosplay_1704099091_3270542687275189256_13826729236.heic.webp
[2026-04-17T16:43:35.806Z] [DOWNLOADED] genko_cosplay_1704099091_3270542687266905861_13826729236.heic.webp | https://e-hentai.org/s/e08344bf30/2917545-178
[2026-04-17T16:43:35.809Z] [+] #178 | genko_cosplay_1704099091_3270542687266905861_13826729236.heic.webp
[2026-04-17T16:43:38.297Z] [DOWNLOADED] genko_cosplay_1704020198_3269880879304511605_13826729236.heic.webp | https://e-hentai.org/s/9b3d5bc147/2917545-179
[2026-04-17T16:43:38.298Z] [+] #179 | genko_cosplay_1704020198_3269880879304511605_13826729236.heic.webp
[2026-04-17T16:43:40.672Z] [DOWNLOADED] genko_cosplay_1703929874_3269123190509023545_13826729236.heic.webp | https://e-hentai.org/s/b52a2231bb/2917545-180
[2026-04-17T16:43:40.672Z] [+] #180 | genko_cosplay_1703929874_3269123190509023545_13826729236.heic.webp
[2026-04-17T16:43:40.972Z] [VIEWER] Round 180 | Collected: 180
[2026-04-17T16:43:42.877Z] [DOWNLOADED] genko_cosplay_1703851111_3268462475825877229_13826729236.heic.jpg | https://e-hentai.org/s/09a94c9434/2917545-181
[2026-04-17T16:43:42.880Z] [+] #181 | genko_cosplay_1703851111_3268462475825877229_13826729236.heic.jpg
[2026-04-17T16:43:45.298Z] [DOWNLOADED] genko_cosplay_1703851111_3268462475691586376_13826729236.heic.jpg | https://e-hentai.org/s/0131e7d2bd/2917545-182
[2026-04-17T16:43:45.300Z] [+] #182 | genko_cosplay_1703851111_3268462475691586376_13826729236.heic.jpg
[2026-04-17T16:43:47.470Z] [DOWNLOADED] genko_cosplay_1703851111_3268462475691486062_13826729236.heic.jpg | https://e-hentai.org/s/d47d8846fc/2917545-183
[2026-04-17T16:43:47.472Z] [+] #183 | genko_cosplay_1703851111_3268462475691486062_13826729236.heic.jpg
[2026-04-17T16:43:49.716Z] [DOWNLOADED] genko_cosplay_1703851111_3268462475691449858_13826729236.heic.jpg | https://e-hentai.org/s/32d6006fe5/2917545-184
[2026-04-17T16:43:49.718Z] [+] #184 | genko_cosplay_1703851111_3268462475691449858_13826729236.heic.jpg
[2026-04-17T16:43:52.260Z] [DOWNLOADED] genko_cosplay_1703851111_3268462475691428319_13826729236.heic.jpg | https://e-hentai.org/s/b94b254291/2917545-185
[2026-04-17T16:43:52.262Z] [+] #185 | genko_cosplay_1703851111_3268462475691428319_13826729236.heic.jpg
[2026-04-17T16:43:54.631Z] [DOWNLOADED] genko_cosplay_1703751829_3267629638933568250_13826729236.heic.jpg | https://e-hentai.org/s/8afcbebd53/2917545-186
[2026-04-17T16:43:54.634Z] [+] #186 | genko_cosplay_1703751829_3267629638933568250_13826729236.heic.jpg
[2026-04-17T16:43:56.828Z] [DOWNLOADED] genko_cosplay_1703698401_3267181450030127241_13826729236.heic.webp | https://e-hentai.org/s/ea2045f46d/2917545-187
[2026-04-17T16:43:56.831Z] [+] #187 | genko_cosplay_1703698401_3267181450030127241_13826729236.heic.webp
[2026-04-17T16:43:59.094Z] [DOWNLOADED] genko_cosplay_1703590187_3266273689129833213_13826729236.heic.jpg | https://e-hentai.org/s/2a59571e83/2917545-188
[2026-04-17T16:43:59.096Z] [+] #188 | genko_cosplay_1703590187_3266273689129833213_13826729236.heic.jpg
[2026-04-17T16:44:01.421Z] [DOWNLOADED] genko_cosplay_1703590187_3266273689121339855_13826729236.heic.jpg | https://e-hentai.org/s/3b7686545c/2917545-189
[2026-04-17T16:44:01.424Z] [+] #189 | genko_cosplay_1703590187_3266273689121339855_13826729236.heic.jpg
[2026-04-17T16:44:03.574Z] [DOWNLOADED] genko_cosplay_1703590187_3266273689004044944_13826729236.heic.jpg | https://e-hentai.org/s/3726249791/2917545-190
[2026-04-17T16:44:03.577Z] [+] #190 | genko_cosplay_1703590187_3266273689004044944_13826729236.heic.jpg
[2026-04-17T16:44:05.811Z] [DOWNLOADED] genko_cosplay_1703590187_3266273688995673738_13826729236.heic.jpg | https://e-hentai.org/s/2765f7e948/2917545-191
[2026-04-17T16:44:05.813Z] [+] #191 | genko_cosplay_1703590187_3266273688995673738_13826729236.heic.jpg
[2026-04-17T16:44:07.767Z] [DOWNLOADED] genko_cosplay_1703519766_3265682955502823811_13826729236.heic.jpg | https://e-hentai.org/s/e44d2d2cb6/2917545-192
[2026-04-17T16:44:07.769Z] [+] #192 | genko_cosplay_1703519766_3265682955502823811_13826729236.heic.jpg
[2026-04-17T16:44:10.090Z] [DOWNLOADED] genko_cosplay_1703519766_3265682955385289116_13826729236.heic.webp | https://e-hentai.org/s/135b94cc7a/2917545-193
[2026-04-17T16:44:10.092Z] [+] #193 | genko_cosplay_1703519766_3265682955385289116_13826729236.heic.webp
[2026-04-17T16:44:12.121Z] [DOWNLOADED] genko_cosplay_1703519766_3265682955376861678_13826729236.heic.webp | https://e-hentai.org/s/74d9e712d6/2917545-194
[2026-04-17T16:44:12.123Z] [+] #194 | genko_cosplay_1703519766_3265682955376861678_13826729236.heic.webp
[2026-04-17T16:44:14.595Z] [DOWNLOADED] genko_cosplay_1703154883_3262622092692576431_13826729236.heic.jpg | https://e-hentai.org/s/a948863595/2917545-195
[2026-04-17T16:44:14.598Z] [+] #195 | genko_cosplay_1703154883_3262622092692576431_13826729236.heic.jpg
[2026-04-17T16:44:16.984Z] [DOWNLOADED] genko_cosplay_1703085011_3262035963664914920_13826729236.heic.jpg | https://e-hentai.org/s/31d8a1c955/2917545-196
[2026-04-17T16:44:16.986Z] [+] #196 | genko_cosplay_1703085011_3262035963664914920_13826729236.heic.jpg
[2026-04-17T16:44:19.413Z] [DOWNLOADED] genko_cosplay_1703085011_3262035963664749328_13826729236.heic.jpg | https://e-hentai.org/s/82b606eed0/2917545-197
[2026-04-17T16:44:19.416Z] [+] #197 | genko_cosplay_1703085011_3262035963664749328_13826729236.heic.jpg
[2026-04-17T16:44:22.081Z] [DOWNLOADED] genko_cosplay_1703085011_3262035963664719535_13826729236.heic.jpg | https://e-hentai.org/s/6a2d742e0b/2917545-198
[2026-04-17T16:44:22.083Z] [+] #198 | genko_cosplay_1703085011_3262035963664719535_13826729236.heic.jpg
[2026-04-17T16:44:24.878Z] [DOWNLOADED] genko_cosplay_1703085011_3262035963538953876_13826729236.heic.jpg | https://e-hentai.org/s/b76a770795/2917545-199
[2026-04-17T16:44:24.880Z] [+] #199 | genko_cosplay_1703085011_3262035963538953876_13826729236.heic.jpg
[2026-04-17T16:44:27.360Z] [DOWNLOADED] genko_cosplay_1702983190_3261181828291881653_13826729236.heic.jpg | https://e-hentai.org/s/4425edf9dc/2917545-200
[2026-04-17T16:44:27.362Z] [+] #200 | genko_cosplay_1702983190_3261181828291881653_13826729236.heic.jpg
[2026-04-17T16:44:27.663Z] [VIEWER] Round 200 | Collected: 200
[2026-04-17T16:44:29.715Z] [DOWNLOADED] genko_cosplay_1702983190_3261181828291645074_13826729236.heic.jpg | https://e-hentai.org/s/3ebc9ef77f/2917545-201
[2026-04-17T16:44:29.717Z] [+] #201 | genko_cosplay_1702983190_3261181828291645074_13826729236.heic.jpg
[2026-04-17T16:44:31.934Z] [DOWNLOADED] genko_cosplay_1702983190_3261181828165834757_13826729236.heic.jpg | https://e-hentai.org/s/5fb40a90ab/2917545-202
[2026-04-17T16:44:31.937Z] [+] #202 | genko_cosplay_1702983190_3261181828165834757_13826729236.heic.jpg
[2026-04-17T16:44:34.214Z] [DOWNLOADED] genko_cosplay_1702909380_3260562665319870906_13826729236.heic.jpg | https://e-hentai.org/s/daefeb7d2a/2917545-203
[2026-04-17T16:44:34.216Z] [+] #203 | genko_cosplay_1702909380_3260562665319870906_13826729236.heic.jpg
[2026-04-17T16:44:36.434Z] [DOWNLOADED] genko_cosplay_1702553278_3257575464327756402_13826729236.heic.webp | https://e-hentai.org/s/43114d278f/2917545-204
[2026-04-17T16:44:36.438Z] [+] #204 | genko_cosplay_1702553278_3257575464327756402_13826729236.heic.webp
[2026-04-17T16:44:39.128Z] [DOWNLOADED] genko_cosplay_1702468360_3256863117342931921_13826729236.heic.jpg | https://e-hentai.org/s/c375128927/2917545-205
[2026-04-17T16:44:39.130Z] [+] #205 | genko_cosplay_1702468360_3256863117342931921_13826729236.heic.jpg
[2026-04-17T16:44:41.406Z] [DOWNLOADED] genko_cosplay_1702468360_3256863117233779926_13826729236.heic.jpg | https://e-hentai.org/s/c5c6065a5b/2917545-206
[2026-04-17T16:44:41.408Z] [+] #206 | genko_cosplay_1702468360_3256863117233779926_13826729236.heic.jpg
[2026-04-17T16:44:43.664Z] [DOWNLOADED] genko_cosplay_1702468360_3256863117225302484_13826729236.heic.jpg | https://e-hentai.org/s/bd492e9b0e/2917545-207
[2026-04-17T16:44:43.665Z] [+] #207 | genko_cosplay_1702468360_3256863117225302484_13826729236.heic.jpg
[2026-04-17T16:44:45.862Z] [DOWNLOADED] genko_cosplay_1702377650_3256102189764681808_13826729236.heic.jpg | https://e-hentai.org/s/e7efc1580b/2917545-208
[2026-04-17T16:44:45.864Z] [+] #208 | genko_cosplay_1702377650_3256102189764681808_13826729236.heic.jpg
[2026-04-17T16:44:47.854Z] [DOWNLOADED] genko_cosplay_1702377650_3256102189756267378_13826729236.heic.jpg | https://e-hentai.org/s/860e713012/2917545-209
[2026-04-17T16:44:47.857Z] [+] #209 | genko_cosplay_1702377650_3256102189756267378_13826729236.heic.jpg
[2026-04-17T16:44:49.889Z] [DOWNLOADED] genko_cosplay_1702297957_3255433675613531240_13826729236.heic.jpg | https://e-hentai.org/s/23c02d5144/2917545-210
[2026-04-17T16:44:49.890Z] [+] #210 | genko_cosplay_1702297957_3255433675613531240_13826729236.heic.jpg
[2026-04-17T16:44:52.218Z] [DOWNLOADED] genko_cosplay_1702297957_3255433675613498220_13826729236.heic.jpg | https://e-hentai.org/s/2be5849561/2917545-211
[2026-04-17T16:44:52.221Z] [+] #211 | genko_cosplay_1702297957_3255433675613498220_13826729236.heic.jpg
[2026-04-17T16:44:54.470Z] [DOWNLOADED] genko_cosplay_1702297957_3255433675563168333_13826729236.heic.jpg | https://e-hentai.org/s/f4f9f631f7/2917545-212
[2026-04-17T16:44:54.471Z] [+] #212 | genko_cosplay_1702297957_3255433675563168333_13826729236.heic.jpg
[2026-04-17T16:44:56.774Z] [DOWNLOADED] genko_cosplay_1702297957_3255433675353563809_13826729236.heic.jpg | https://e-hentai.org/s/9f97d53123/2917545-213
[2026-04-17T16:44:56.776Z] [+] #213 | genko_cosplay_1702297957_3255433675353563809_13826729236.heic.jpg
[2026-04-17T16:44:59.021Z] [DOWNLOADED] genko_cosplay_1701945267_3252475097894256109_13826729236.heic.jpg | https://e-hentai.org/s/218f7cd438/2917545-214
[2026-04-17T16:44:59.023Z] [+] #214 | genko_cosplay_1701945267_3252475097894256109_13826729236.heic.jpg
[2026-04-17T16:45:00.994Z] [DOWNLOADED] genko_cosplay_1701945267_3252475097894169904_13826729236.heic.jpg | https://e-hentai.org/s/840d7ce3c9/2917545-215
[2026-04-17T16:45:00.996Z] [+] #215 | genko_cosplay_1701945267_3252475097894169904_13826729236.heic.jpg
[2026-04-17T16:45:03.245Z] [DOWNLOADED] genko_cosplay_1701345633_3247445004566185622_13826729236.heic.jpg | https://e-hentai.org/s/d60b4b3293/2917545-216
[2026-04-17T16:45:03.246Z] [+] #216 | genko_cosplay_1701345633_3247445004566185622_13826729236.heic.jpg
[2026-04-17T16:45:05.560Z] [DOWNLOADED] genko_cosplay_1701345633_3247445004532755392_13826729236.heic.jpg | https://e-hentai.org/s/699a41c208/2917545-217
[2026-04-17T16:45:05.563Z] [+] #217 | genko_cosplay_1701345633_3247445004532755392_13826729236.heic.jpg
[2026-04-17T16:45:08.031Z] [DOWNLOADED] genko_cosplay_1701345633_3247445004331396871_13826729236.heic.jpg | https://e-hentai.org/s/e73e77218b/2917545-218
[2026-04-17T16:45:08.033Z] [+] #218 | genko_cosplay_1701345633_3247445004331396871_13826729236.heic.jpg
[2026-04-17T16:45:10.258Z] [DOWNLOADED] genko_cosplay_1701345633_3247445004323085903_13826729236.heic.jpg | https://e-hentai.org/s/8f06074766/2917545-219
[2026-04-17T16:45:10.261Z] [+] #219 | genko_cosplay_1701345633_3247445004323085903_13826729236.heic.jpg
[2026-04-17T16:45:12.545Z] [DOWNLOADED] genko_cosplay_1701345633_3247445004314491922_13826729236.heic.jpg | https://e-hentai.org/s/53f61fab87/2917545-220
[2026-04-17T16:45:12.548Z] [+] #220 | genko_cosplay_1701345633_3247445004314491922_13826729236.heic.jpg
[2026-04-17T16:45:12.841Z] [VIEWER] Round 220 | Collected: 220
[2026-04-17T16:45:14.745Z] [DOWNLOADED] genko_cosplay_1701345633_3247445004314486653_13826729236.heic.jpg | https://e-hentai.org/s/cb8ab0a99e/2917545-221
[2026-04-17T16:45:14.747Z] [+] #221 | genko_cosplay_1701345633_3247445004314486653_13826729236.heic.jpg
[2026-04-17T16:45:17.219Z] [DOWNLOADED] genko_cosplay_1700848846_3243277649615298072_13826729236.heic.jpg | https://e-hentai.org/s/4558c8086c/2917545-222
[2026-04-17T16:45:17.221Z] [+] #222 | genko_cosplay_1700848846_3243277649615298072_13826729236.heic.jpg
[2026-04-17T16:45:19.769Z] [DOWNLOADED] genko_cosplay_1700848846_3243277649606895933_13826729236.heic.jpg | https://e-hentai.org/s/1e8756c9e0/2917545-223
[2026-04-17T16:45:19.771Z] [+] #223 | genko_cosplay_1700848846_3243277649606895933_13826729236.heic.jpg
[2026-04-17T16:45:22.001Z] [DOWNLOADED] genko_cosplay_1700848846_3243277649464299917_13826729236.heic.jpg | https://e-hentai.org/s/822c142810/2917545-224
[2026-04-17T16:45:22.004Z] [+] #224 | genko_cosplay_1700848846_3243277649464299917_13826729236.heic.jpg
[2026-04-17T16:45:23.975Z] [DOWNLOADED] genko_cosplay_1700848846_3243277649455969575_13826729236.heic.jpg | https://e-hentai.org/s/4b7d93b6d1/2917545-225
[2026-04-17T16:45:23.978Z] [+] #225 | genko_cosplay_1700848846_3243277649455969575_13826729236.heic.jpg
[2026-04-17T16:45:26.264Z] [DOWNLOADED] genko_cosplay_1700848846_3243277649447691329_13826729236.heic.jpg | https://e-hentai.org/s/5f9c7260fb/2917545-226
[2026-04-17T16:45:26.265Z] [+] #226 | genko_cosplay_1700848846_3243277649447691329_13826729236.heic.jpg
[2026-04-17T16:45:28.558Z] [DOWNLOADED] genko_cosplay_1700848846_3243277649447683439_13826729236.heic.jpg | https://e-hentai.org/s/e3f37a429d/2917545-227
[2026-04-17T16:45:28.561Z] [+] #227 | genko_cosplay_1700848846_3243277649447683439_13826729236.heic.jpg
[2026-04-17T16:45:30.764Z] [DOWNLOADED] genko_cosplay_1700827465_3243098292007717463_13826729236.heic.jpg | https://e-hentai.org/s/35e8caa704/2917545-228
[2026-04-17T16:45:30.766Z] [+] #228 | genko_cosplay_1700827465_3243098292007717463_13826729236.heic.jpg
[2026-04-17T16:45:33.145Z] [DOWNLOADED] genko_cosplay_1700827465_3243098292007657557_13826729236.heic.jpg | https://e-hentai.org/s/aceeff9057/2917545-229
[2026-04-17T16:45:33.148Z] [+] #229 | genko_cosplay_1700827465_3243098292007657557_13826729236.heic.jpg
[2026-04-17T16:45:36.761Z] [DOWNLOADED] genko_cosplay_1700824855_3243076403075930601_13826729236.heic.jpg | https://e-hentai.org/s/286572d8e6/2917545-230
[2026-04-17T16:45:36.763Z] [+] #230 | genko_cosplay_1700824855_3243076403075930601_13826729236.heic.jpg
[2026-04-17T16:45:39.033Z] [DOWNLOADED] genko_cosplay_1700488571_3240255444967202089_13826729236.heic.jpg | https://e-hentai.org/s/270eb59410/2917545-231
[2026-04-17T16:45:39.035Z] [+] #231 | genko_cosplay_1700488571_3240255444967202089_13826729236.heic.jpg
[2026-04-17T16:45:41.601Z] [DOWNLOADED] genko_cosplay_1700488571_3240255444966977678_13826729236.heic.jpg | https://e-hentai.org/s/5c656a9998/2917545-232
[2026-04-17T16:45:41.603Z] [+] #232 | genko_cosplay_1700488571_3240255444966977678_13826729236.heic.jpg
[2026-04-17T16:45:44.161Z] [DOWNLOADED] genko_cosplay_1700488571_3240255444958814146_13826729236.heic.jpg | https://e-hentai.org/s/6540243018/2917545-233
[2026-04-17T16:45:44.162Z] [+] #233 | genko_cosplay_1700488571_3240255444958814146_13826729236.heic.jpg
[2026-04-17T16:45:46.426Z] [DOWNLOADED] genko_cosplay_1700488571_3240255444958727995_13826729236.heic.jpg | https://e-hentai.org/s/219d49e064/2917545-234
[2026-04-17T16:45:46.429Z] [+] #234 | genko_cosplay_1700488571_3240255444958727995_13826729236.heic.jpg
[2026-04-17T16:45:49.137Z] [DOWNLOADED] genko_cosplay_1700488571_3240255444958696627_13826729236.heic.jpg | https://e-hentai.org/s/34ca136f79/2917545-235
[2026-04-17T16:45:49.140Z] [+] #235 | genko_cosplay_1700488571_3240255444958696627_13826729236.heic.jpg
[2026-04-17T16:45:51.345Z] [DOWNLOADED] genko_cosplay_1700488571_3240255444958596249_13826729236.heic.jpg | https://e-hentai.org/s/6626bbfe82/2917545-236
[2026-04-17T16:45:51.349Z] [+] #236 | genko_cosplay_1700488571_3240255444958596249_13826729236.heic.jpg
[2026-04-17T16:45:53.625Z] [DOWNLOADED] genko_cosplay_1700305811_3238722347045942778_13826729236.heic.jpg | https://e-hentai.org/s/4b7b498375/2917545-237
[2026-04-17T16:45:53.628Z] [+] #237 | genko_cosplay_1700305811_3238722347045942778_13826729236.heic.jpg
[2026-04-17T16:45:55.892Z] [DOWNLOADED] genko_cosplay_1700140319_3237334098951839584_13826729236.heic.jpg | https://e-hentai.org/s/554430355f/2917545-238
[2026-04-17T16:45:55.895Z] [+] #238 | genko_cosplay_1700140319_3237334098951839584_13826729236.heic.jpg
[2026-04-17T16:45:58.321Z] [DOWNLOADED] genko_cosplay_1699445711_3231507299458269418_13826729236.heic.jpg | https://e-hentai.org/s/8f5a177824/2917545-239
[2026-04-17T16:45:58.323Z] [+] #239 | genko_cosplay_1699445711_3231507299458269418_13826729236.heic.jpg
[2026-04-17T16:46:00.582Z] [DOWNLOADED] genko_cosplay_1699189459_3229357708046672426_13826729236.heic.jpg | https://e-hentai.org/s/fbcbfd363c/2917545-240
[2026-04-17T16:46:00.585Z] [+] #240 | genko_cosplay_1699189459_3229357708046672426_13826729236.heic.jpg
[2026-04-17T16:46:00.884Z] [VIEWER] Round 240 | Collected: 240
[2026-04-17T16:46:03.170Z] [DOWNLOADED] genko_cosplay_1699189459_3229357707903965275_13826729236.heic.jpg | https://e-hentai.org/s/25f1d8715c/2917545-241
[2026-04-17T16:46:03.173Z] [+] #241 | genko_cosplay_1699189459_3229357707903965275_13826729236.heic.jpg
[2026-04-17T16:46:05.593Z] [DOWNLOADED] genko_cosplay_1699161728_3229125083153797677_13826729236.heic.webp | https://e-hentai.org/s/6766447e4b/2917545-242
[2026-04-17T16:46:05.595Z] [+] #242 | genko_cosplay_1699161728_3229125083153797677_13826729236.heic.webp
[2026-04-17T16:46:08.230Z] [DOWNLOADED] genko_cosplay_1699161728_3229125083153727872_13826729236.heic.webp | https://e-hentai.org/s/8328549b5c/2917545-243
[2026-04-17T16:46:08.232Z] [+] #243 | genko_cosplay_1699161728_3229125083153727872_13826729236.heic.webp
[2026-04-17T16:46:10.599Z] [DOWNLOADED] genko_cosplay_1699005254_3227812483545317492_13826729236.heic.jpg | https://e-hentai.org/s/cbcec92283/2917545-244
[2026-04-17T16:46:10.601Z] [+] #244 | genko_cosplay_1699005254_3227812483545317492_13826729236.heic.jpg
[2026-04-17T16:46:13.315Z] [DOWNLOADED] genko_cosplay_1698663407_3224944864936999121_13826729236.heic.webp | https://e-hentai.org/s/a51b1e1c59/2917545-245
[2026-04-17T16:46:13.318Z] [+] #245 | genko_cosplay_1698663407_3224944864936999121_13826729236.heic.webp
[2026-04-17T16:46:15.585Z] [DOWNLOADED] genko_cosplay_1698489582_3223486709950551894_13826729236.heic.jpg | https://e-hentai.org/s/223c7cfed2/2917545-246
[2026-04-17T16:46:15.587Z] [+] #246 | genko_cosplay_1698489582_3223486709950551894_13826729236.heic.jpg
[2026-04-17T16:46:17.682Z] [DOWNLOADED] genko_cosplay_1698489582_3223486709799330324_13826729236.heic.jpg | https://e-hentai.org/s/8b4d98ce1f/2917545-247
[2026-04-17T16:46:17.685Z] [+] #247 | genko_cosplay_1698489582_3223486709799330324_13826729236.heic.jpg
[2026-04-17T16:46:19.909Z] [DOWNLOADED] genko_cosplay_1698320911_3222071793070768173_13826729236.heic.jpg | https://e-hentai.org/s/d5cc262b73/2917545-248
[2026-04-17T16:46:19.912Z] [+] #248 | genko_cosplay_1698320911_3222071793070768173_13826729236.heic.jpg
[2026-04-17T16:46:22.213Z] [DOWNLOADED] genko_cosplay_1698248319_3221462848362877321_13826729236.heic.jpg | https://e-hentai.org/s/e7a864034b/2917545-249
[2026-04-17T16:46:22.216Z] [+] #249 | genko_cosplay_1698248319_3221462848362877321_13826729236.heic.jpg
[2026-04-17T16:46:24.223Z] [DOWNLOADED] genko_cosplay_1698248319_3221462848354498891_13826729236.heic.jpg | https://e-hentai.org/s/a6b88e58bd/2917545-250
[2026-04-17T16:46:24.227Z] [+] #250 | genko_cosplay_1698248319_3221462848354498891_13826729236.heic.jpg
[2026-04-17T16:46:26.691Z] [DOWNLOADED] genko_cosplay_1698150201_3220639779083887033_13826729236.heic.jpg | https://e-hentai.org/s/9b306de550/2917545-251
[2026-04-17T16:46:26.694Z] [+] #251 | genko_cosplay_1698150201_3220639779083887033_13826729236.heic.jpg
[2026-04-17T16:46:28.943Z] [DOWNLOADED] genko_cosplay_1697811824_3217801265866852269_13826729236.heic.jpg | https://e-hentai.org/s/b2fcd40536/2917545-252
[2026-04-17T16:46:28.946Z] [+] #252 | genko_cosplay_1697811824_3217801265866852269_13826729236.heic.jpg
[2026-04-17T16:46:31.024Z] [DOWNLOADED] genko_cosplay_1697711393_3216958791782892360_13826729236.heic.jpg | https://e-hentai.org/s/5e11d5bb2a/2917545-253
[2026-04-17T16:46:31.027Z] [+] #253 | genko_cosplay_1697711393_3216958791782892360_13826729236.heic.jpg
[2026-04-17T16:46:33.003Z] [DOWNLOADED] genko_cosplay_1697711393_3216958791782859084_13826729236.heic.jpg | https://e-hentai.org/s/af6a1024fb/2917545-254
[2026-04-17T16:46:33.005Z] [+] #254 | genko_cosplay_1697711393_3216958791782859084_13826729236.heic.jpg
[2026-04-17T16:46:35.008Z] [DOWNLOADED] genko_cosplay_1697711393_3216958791657050350_13826729236.heic.jpg | https://e-hentai.org/s/e05c0fd780/2917545-255
[2026-04-17T16:46:35.011Z] [+] #255 | genko_cosplay_1697711393_3216958791657050350_13826729236.heic.jpg
[2026-04-17T16:46:38.199Z] [DOWNLOADED] genko_cosplay_1697711393_3216958791656989916_13826729236.heic.jpg | https://e-hentai.org/s/da57c1d145/2917545-256
[2026-04-17T16:46:38.202Z] [+] #256 | genko_cosplay_1697711393_3216958791656989916_13826729236.heic.jpg
[2026-04-17T16:46:40.296Z] [DOWNLOADED] genko_cosplay_1697630207_3216277754799187856_13826729236.heic.webp | https://e-hentai.org/s/0631900e7f/2917545-257
[2026-04-17T16:46:40.297Z] [+] #257 | genko_cosplay_1697630207_3216277754799187856_13826729236.heic.webp
[2026-04-17T16:46:42.328Z] [DOWNLOADED] genko_cosplay_1697541837_3215536453820528995_13826729236.heic.jpg | https://e-hentai.org/s/e774970e71/2917545-258
[2026-04-17T16:46:42.329Z] [+] #258 | genko_cosplay_1697541837_3215536453820528995_13826729236.heic.jpg
[2026-04-17T16:46:44.332Z] [DOWNLOADED] genko_cosplay_1697463850_3214882251700067627_13826729236.heic.webp | https://e-hentai.org/s/d4cd0bde03/2917545-259
[2026-04-17T16:46:44.333Z] [+] #259 | genko_cosplay_1697463850_3214882251700067627_13826729236.heic.webp
[2026-04-17T16:46:46.685Z] [DOWNLOADED] genko_cosplay_1697463850_3214882251582730003_13826729236.heic.jpg | https://e-hentai.org/s/6516deeb2a/2917545-260
[2026-04-17T16:46:46.688Z] [+] #260 | genko_cosplay_1697463850_3214882251582730003_13826729236.heic.jpg
[2026-04-17T16:46:46.997Z] [VIEWER] Round 260 | Collected: 260
[2026-04-17T16:46:48.994Z] [DOWNLOADED] genko_cosplay_1697374192_3214130146118917167_13826729236.heic.webp | https://e-hentai.org/s/8e8379fe32/2917545-261
[2026-04-17T16:46:48.997Z] [+] #261 | genko_cosplay_1697374192_3214130146118917167_13826729236.heic.webp
[2026-04-17T16:46:51.256Z] [DOWNLOADED] genko_cosplay_1697302813_3213531371767667829_13826729236.heic.jpg | https://e-hentai.org/s/8997049180/2917545-262
[2026-04-17T16:46:51.259Z] [+] #262 | genko_cosplay_1697302813_3213531371767667829_13826729236.heic.jpg
[2026-04-17T16:46:53.727Z] [DOWNLOADED] genko_cosplay_1697302813_3213531371700561088_13826729236.heic.jpg | https://e-hentai.org/s/5fdf83d7d7/2917545-263
[2026-04-17T16:46:53.730Z] [+] #263 | genko_cosplay_1697302813_3213531371700561088_13826729236.heic.jpg
[2026-04-17T16:46:55.867Z] [DOWNLOADED] genko_cosplay_1697302813_3213531371507623354_13826729236.heic.jpg | https://e-hentai.org/s/6993dbe3e8/2917545-264
[2026-04-17T16:46:55.871Z] [+] #264 | genko_cosplay_1697302813_3213531371507623354_13826729236.heic.jpg
[2026-04-17T16:46:58.025Z] [DOWNLOADED] genko_cosplay_1697207585_3212732542327971202_13826729236.heic.jpg | https://e-hentai.org/s/f1ff228a92/2917545-265
[2026-04-17T16:46:58.028Z] [+] #265 | genko_cosplay_1697207585_3212732542327971202_13826729236.heic.jpg
[2026-04-17T16:47:00.496Z] [DOWNLOADED] genko_cosplay_1697116238_3211966263245443528_13826729236.heic.jpg | https://e-hentai.org/s/50acaa02e0/2917545-266
[2026-04-17T16:47:00.497Z] [+] #266 | genko_cosplay_1697116238_3211966263245443528_13826729236.heic.jpg
[2026-04-17T16:47:03.497Z] [DOWNLOADED] genko_cosplay_1697116238_3211966263161724729_13826729236.heic.jpg | https://e-hentai.org/s/1be6a8c3b9/2917545-267
[2026-04-17T16:47:03.500Z] [+] #267 | genko_cosplay_1697116238_3211966263161724729_13826729236.heic.jpg
[2026-04-17T16:47:05.710Z] [DOWNLOADED] genko_cosplay_1697116238_3211966263044315547_13826729236.heic.jpg | https://e-hentai.org/s/aaf0297d0b/2917545-268
[2026-04-17T16:47:05.713Z] [+] #268 | genko_cosplay_1697116238_3211966263044315547_13826729236.heic.jpg
[2026-04-17T16:47:08.053Z] [DOWNLOADED] genko_cosplay_1697022781_3211182290928024699_13826729236.heic.webp | https://e-hentai.org/s/83ba0b235e/2917545-269
[2026-04-17T16:47:08.057Z] [+] #269 | genko_cosplay_1697022781_3211182290928024699_13826729236.heic.webp
[2026-04-17T16:47:10.034Z] [DOWNLOADED] genko_cosplay_1696933678_3210434842366573881_13826729236.heic.webp | https://e-hentai.org/s/37f88b9f41/2917545-270
[2026-04-17T16:47:10.037Z] [+] #270 | genko_cosplay_1696933678_3210434842366573881_13826729236.heic.webp
[2026-04-17T16:47:14.979Z] [DOWNLOADED] genko_cosplay_1696863800_3209848662159733080_13826729236.heic.jpg | https://e-hentai.org/s/5bc6db0af9/2917545-271
[2026-04-17T16:47:14.980Z] [+] #271 | genko_cosplay_1696863800_3209848662159733080_13826729236.heic.jpg
[2026-04-17T16:47:17.280Z] [DOWNLOADED] genko_cosplay_1696863800_3209848662151141834_13826729236.heic.jpg | https://e-hentai.org/s/59e552b5df/2917545-272
[2026-04-17T16:47:17.282Z] [+] #272 | genko_cosplay_1696863800_3209848662151141834_13826729236.heic.jpg
[2026-04-17T16:47:19.627Z] [DOWNLOADED] genko_cosplay_1696863800_3209848662142868333_13826729236.heic.jpg | https://e-hentai.org/s/0a8263554c/2917545-273
[2026-04-17T16:47:19.630Z] [+] #273 | genko_cosplay_1696863800_3209848662142868333_13826729236.heic.jpg
[2026-04-17T16:47:22.452Z] [DOWNLOADED] genko_cosplay_1696777507_3209124788111573757_13826729236.heic.jpg | https://e-hentai.org/s/cb50012556/2917545-274
[2026-04-17T16:47:22.455Z] [+] #274 | genko_cosplay_1696777507_3209124788111573757_13826729236.heic.jpg
[2026-04-17T16:47:24.620Z] [DOWNLOADED] genko_cosplay_1696777507_3209124788111511386_13826729236.heic.jpg | https://e-hentai.org/s/1c0c36a498/2917545-275
[2026-04-17T16:47:24.623Z] [+] #275 | genko_cosplay_1696777507_3209124788111511386_13826729236.heic.jpg
[2026-04-17T16:47:26.906Z] [DOWNLOADED] genko_cosplay_1696777507_3209124788103257339_13826729236.heic.jpg | https://e-hentai.org/s/c6d8f484a4/2917545-276
[2026-04-17T16:47:26.909Z] [+] #276 | genko_cosplay_1696777507_3209124788103257339_13826729236.heic.jpg
[2026-04-17T16:47:28.968Z] [DOWNLOADED] genko_cosplay_1696692433_3208411130918261637_13826729236.heic.jpg | https://e-hentai.org/s/0fd3102dc8/2917545-277
[2026-04-17T16:47:28.970Z] [+] #277 | genko_cosplay_1696692433_3208411130918261637_13826729236.heic.jpg
[2026-04-17T16:47:31.177Z] [DOWNLOADED] genko_cosplay_1696606309_3207688672934355897_13826729236.heic.jpg | https://e-hentai.org/s/83cfd620ce/2917545-278
[2026-04-17T16:47:31.181Z] [+] #278 | genko_cosplay_1696606309_3207688672934355897_13826729236.heic.jpg
[2026-04-17T16:47:33.656Z] [DOWNLOADED] genko_cosplay_1696606309_3207688672766513968_13826729236.heic.jpg | https://e-hentai.org/s/2f81eb224c/2917545-279
[2026-04-17T16:47:33.659Z] [+] #279 | genko_cosplay_1696606309_3207688672766513968_13826729236.heic.jpg
[2026-04-17T16:47:35.805Z] [DOWNLOADED] genko_cosplay_1696606309_3207688672758133105_13826729236.heic.jpg | https://e-hentai.org/s/17afd9b504/2917545-280
[2026-04-17T16:47:35.808Z] [+] #280 | genko_cosplay_1696606309_3207688672758133105_13826729236.heic.jpg
[2026-04-17T16:47:36.111Z] [VIEWER] Round 280 | Collected: 280
[2026-04-17T16:47:38.010Z] [DOWNLOADED] genko_cosplay_1696420704_3206131706126486741_13826729236.heic.jpg | https://e-hentai.org/s/10187b0b2e/2917545-281
[2026-04-17T16:47:38.013Z] [+] #281 | genko_cosplay_1696420704_3206131706126486741_13826729236.heic.jpg
[2026-04-17T16:47:40.306Z] [DOWNLOADED] genko_cosplay_1696392347_3205893832441591096_13826729236.heic.jpg | https://e-hentai.org/s/a0924c9939/2917545-282
[2026-04-17T16:47:40.309Z] [+] #282 | genko_cosplay_1696392347_3205893832441591096_13826729236.heic.jpg
[2026-04-17T16:47:42.650Z] [DOWNLOADED] genko_cosplay_1696392347_3205893832441499598_13826729236.heic.jpg | https://e-hentai.org/s/ba1eeb3a49/2917545-283
[2026-04-17T16:47:42.651Z] [+] #283 | genko_cosplay_1696392347_3205893832441499598_13826729236.heic.jpg
[2026-04-17T16:47:45.008Z] [DOWNLOADED] genko_cosplay_1696392347_3205893832441405986_13826729236.heic.jpg | https://e-hentai.org/s/a28b649253/2917545-284
[2026-04-17T16:47:45.009Z] [+] #284 | genko_cosplay_1696392347_3205893832441405986_13826729236.heic.jpg
[2026-04-17T16:47:47.177Z] [DOWNLOADED] genko_cosplay_1696254290_3204735719634061677_13826729236.heic.jpg | https://e-hentai.org/s/694863e902/2917545-285
[2026-04-17T16:47:47.178Z] [+] #285 | genko_cosplay_1696254290_3204735719634061677_13826729236.heic.jpg
[2026-04-17T16:47:49.446Z] [DOWNLOADED] genko_cosplay_1695728671_3200326512365243052_13826729236.heic.jpg | https://e-hentai.org/s/7ba25cfb45/2917545-286
[2026-04-17T16:47:49.449Z] [+] #286 | genko_cosplay_1695728671_3200326512365243052_13826729236.heic.jpg
[2026-04-17T16:47:52.035Z] [DOWNLOADED] genko_cosplay_1695728671_3200326512365202516_13826729236.heic.jpg | https://e-hentai.org/s/b514699fb7/2917545-287
[2026-04-17T16:47:52.038Z] [+] #287 | genko_cosplay_1695728671_3200326512365202516_13826729236.heic.jpg
[2026-04-17T16:47:54.427Z] [DOWNLOADED] genko_cosplay_1695728671_3200326512222513637_13826729236.heic.jpg | https://e-hentai.org/s/e3b6a8f077/2917545-288
[2026-04-17T16:47:54.430Z] [+] #288 | genko_cosplay_1695728671_3200326512222513637_13826729236.heic.jpg
[2026-04-17T16:47:57.027Z] [DOWNLOADED] genko_cosplay_1695560253_3198913720580017573_13826729236.heic.webp | https://e-hentai.org/s/70cf8f0eab/2917545-289
[2026-04-17T16:47:57.031Z] [+] #289 | genko_cosplay_1695560253_3198913720580017573_13826729236.heic.webp
[2026-04-17T16:47:59.565Z] [DOWNLOADED] genko_cosplay_1695381109_3197410947417844627_13826729236.heic.jpg | https://e-hentai.org/s/4f8333da0f/2917545-290
[2026-04-17T16:47:59.569Z] [+] #290 | genko_cosplay_1695381109_3197410947417844627_13826729236.heic.jpg
[2026-04-17T16:48:01.930Z] [DOWNLOADED] genko_cosplay_1695381109_3197410947409469097_13826729236.heic.jpg | https://e-hentai.org/s/2e51827ae9/2917545-291
[2026-04-17T16:48:01.933Z] [+] #291 | genko_cosplay_1695381109_3197410947409469097_13826729236.heic.jpg
[2026-04-17T16:48:04.248Z] [DOWNLOADED] genko_cosplay_1695381109_3197410947250031625_13826729236.heic.jpg | https://e-hentai.org/s/40fd4a825b/2917545-292
[2026-04-17T16:48:04.251Z] [+] #292 | genko_cosplay_1695381109_3197410947250031625_13826729236.heic.jpg
[2026-04-17T16:48:06.736Z] [DOWNLOADED] genko_cosplay_1695381109_3197410947241709084_13826729236.heic.jpg | https://e-hentai.org/s/2e8f5f6d5a/2917545-293
[2026-04-17T16:48:06.740Z] [+] #293 | genko_cosplay_1695381109_3197410947241709084_13826729236.heic.jpg
[2026-04-17T16:48:08.993Z] [DOWNLOADED] genko_cosplay_1695381109_3197410947241615686_13826729236.heic.jpg | https://e-hentai.org/s/79ca300116/2917545-294
[2026-04-17T16:48:08.996Z] [+] #294 | genko_cosplay_1695381109_3197410947241615686_13826729236.heic.jpg
[2026-04-17T16:48:11.307Z] [DOWNLOADED] genko_cosplay_1695139473_3195383962273404252_13826729236.heic.webp | https://e-hentai.org/s/cc00e21671/2917545-295
[2026-04-17T16:48:11.308Z] [+] #295 | genko_cosplay_1695139473_3195383962273404252_13826729236.heic.webp
[2026-04-17T16:48:13.648Z] [DOWNLOADED] genko_cosplay_1695042293_3194568756760929038_13826729236.heic.jpg | https://e-hentai.org/s/889da96578/2917545-296
[2026-04-17T16:48:13.651Z] [+] #296 | genko_cosplay_1695042293_3194568756760929038_13826729236.heic.jpg
[2026-04-17T16:48:16.237Z] [DOWNLOADED] genko_cosplay_1694776439_3192338614546232732_13826729236.heic.jpg | https://e-hentai.org/s/950b6dc870/2917545-297
[2026-04-17T16:48:16.240Z] [+] #297 | genko_cosplay_1694776439_3192338614546232732_13826729236.heic.jpg
[2026-04-17T16:48:18.312Z] [DOWNLOADED] genko_cosplay_1694697739_3191678429427303686_13826729236.heic.webp | https://e-hentai.org/s/891da32cae/2917545-298
[2026-04-17T16:48:18.315Z] [+] #298 | genko_cosplay_1694697739_3191678429427303686_13826729236.heic.webp
[2026-04-17T16:48:20.390Z] [DOWNLOADED] genko_cosplay_1694605613_3190905614805626203_13826729236.heic.webp | https://e-hentai.org/s/d4d0b49852/2917545-299
[2026-04-17T16:48:20.394Z] [+] #299 | genko_cosplay_1694605613_3190905614805626203_13826729236.heic.webp
[2026-04-17T16:48:22.755Z] [DOWNLOADED] genko_cosplay_1694532897_3190295631940298133_13826729236.heic.webp | https://e-hentai.org/s/69f37566c0/2917545-300
[2026-04-17T16:48:22.758Z] [+] #300 | genko_cosplay_1694532897_3190295631940298133_13826729236.heic.webp
[2026-04-17T16:48:23.075Z] [VIEWER] Round 300 | Collected: 300
[2026-04-17T16:48:25.077Z] [DOWNLOADED] genko_cosplay_1694532897_3190295631789494568_13826729236.heic.webp | https://e-hentai.org/s/4708605617/2917545-301
[2026-04-17T16:48:25.080Z] [+] #301 | genko_cosplay_1694532897_3190295631789494568_13826729236.heic.webp
[2026-04-17T16:48:27.292Z] [DOWNLOADED] genko_cosplay_1694532897_3190295631789389641_13826729236.heic.webp | https://e-hentai.org/s/47c87d186f/2917545-302
[2026-04-17T16:48:27.293Z] [+] #302 | genko_cosplay_1694532897_3190295631789389641_13826729236.heic.webp
[2026-04-17T16:48:29.590Z] [DOWNLOADED] genko_cosplay_1694532897_3190295631789357004_13826729236.heic.webp | https://e-hentai.org/s/1d3319655b/2917545-303
[2026-04-17T16:48:29.594Z] [+] #303 | genko_cosplay_1694532897_3190295631789357004_13826729236.heic.webp
[2026-04-17T16:48:31.831Z] [DOWNLOADED] genko_cosplay_1694434098_3189466842167589975_13826729236.heic.jpg | https://e-hentai.org/s/2eb742c580/2917545-304
[2026-04-17T16:48:31.834Z] [+] #304 | genko_cosplay_1694434098_3189466842167589975_13826729236.heic.jpg
[2026-04-17T16:48:34.240Z] [DOWNLOADED] genko_cosplay_1694350398_3188764717842258713_13826729236.heic.jpg | https://e-hentai.org/s/5d88561e67/2917545-305
[2026-04-17T16:48:34.243Z] [+] #305 | genko_cosplay_1694350398_3188764717842258713_13826729236.heic.jpg
[2026-04-17T16:48:36.407Z] [DOWNLOADED] genko_cosplay_1694350398_3188764717699579958_13826729236.heic.jpg | https://e-hentai.org/s/1c06efdcb2/2917545-306
[2026-04-17T16:48:36.410Z] [+] #306 | genko_cosplay_1694350398_3188764717699579958_13826729236.heic.jpg
[2026-04-17T16:48:38.687Z] [DOWNLOADED] genko_cosplay_1694267539_3188069648084558985_13826729236.heic.jpg | https://e-hentai.org/s/cba93a5a6d/2917545-307
[2026-04-17T16:48:38.691Z] [+] #307 | genko_cosplay_1694267539_3188069648084558985_13826729236.heic.jpg
[2026-04-17T16:48:41.097Z] [DOWNLOADED] genko_cosplay_1694267539_3188069648025811801_13826729236.heic.jpg | https://e-hentai.org/s/ddf7271d3e/2917545-308
[2026-04-17T16:48:41.100Z] [+] #308 | genko_cosplay_1694267539_3188069648025811801_13826729236.heic.jpg
[2026-04-17T16:48:43.280Z] [DOWNLOADED] genko_cosplay_1694267539_3188069647950455767_13826729236.heic.jpg | https://e-hentai.org/s/487e5241b0/2917545-309
[2026-04-17T16:48:43.283Z] [+] #309 | genko_cosplay_1694267539_3188069647950455767_13826729236.heic.jpg
[2026-04-17T16:48:45.447Z] [DOWNLOADED] genko_cosplay_1694267539_3188069647816109323_13826729236.heic.jpg | https://e-hentai.org/s/99bebe8022/2917545-310
[2026-04-17T16:48:45.451Z] [+] #310 | genko_cosplay_1694267539_3188069647816109323_13826729236.heic.jpg
[2026-04-17T16:48:47.830Z] [DOWNLOADED] genko_cosplay_1694267539_3188069647816100519_13826729236.heic.jpg | https://e-hentai.org/s/c26dc9c36d/2917545-311
[2026-04-17T16:48:47.833Z] [+] #311 | genko_cosplay_1694267539_3188069647816100519_13826729236.heic.jpg
[2026-04-17T16:48:50.464Z] [DOWNLOADED] genko_cosplay_1694181320_3187346387050835845_13826729236.heic.jpg | https://e-hentai.org/s/c8ce8b061a/2917545-312
[2026-04-17T16:48:50.468Z] [+] #312 | genko_cosplay_1694181320_3187346387050835845_13826729236.heic.jpg
[2026-04-17T16:48:52.619Z] [DOWNLOADED] genko_cosplay_1694094897_3186621421242181566_13826729236.heic.webp | https://e-hentai.org/s/5aad6d4e3d/2917545-313
[2026-04-17T16:48:52.622Z] [+] #313 | genko_cosplay_1694094897_3186621421242181566_13826729236.heic.webp
[2026-04-17T16:48:55.004Z] [DOWNLOADED] genko_cosplay_1693913301_3185098086679069681_13826729236.heic.jpg | https://e-hentai.org/s/46c5db7fa7/2917545-314
[2026-04-17T16:48:55.008Z] [+] #314 | genko_cosplay_1693913301_3185098086679069681_13826729236.heic.jpg
[2026-04-17T16:48:57.485Z] [DOWNLOADED] genko_cosplay_1693913301_3185098086469565724_13826729236.heic.jpg | https://e-hentai.org/s/aeaf4431a7/2917545-315
[2026-04-17T16:48:57.489Z] [+] #315 | genko_cosplay_1693913301_3185098086469565724_13826729236.heic.jpg
[2026-04-17T16:48:59.767Z] [DOWNLOADED] genko_cosplay_1693913301_3185098086452815224_13826729236.heic.jpg | https://e-hentai.org/s/708595119b/2917545-316
[2026-04-17T16:48:59.771Z] [+] #316 | genko_cosplay_1693913301_3185098086452815224_13826729236.heic.jpg
[2026-04-17T16:49:02.167Z] [DOWNLOADED] genko_cosplay_1693738307_3183630128245331407_13826729236.heic.jpg | https://e-hentai.org/s/8310f33a6e/2917545-317
[2026-04-17T16:49:02.170Z] [+] #317 | genko_cosplay_1693738307_3183630128245331407_13826729236.heic.jpg
[2026-04-17T16:49:04.527Z] [DOWNLOADED] genko_cosplay_1693230060_3179366645433456160_13826729236.heic.webp | https://e-hentai.org/s/d0bbfa6ee8/2917545-318
[2026-04-17T16:49:04.531Z] [+] #318 | genko_cosplay_1693230060_3179366645433456160_13826729236.heic.webp
[2026-04-17T16:49:07.026Z] [DOWNLOADED] genko_cosplay_1693230060_3179366645383096386_13826729236.heic.webp | https://e-hentai.org/s/c3210fdb07/2917545-319
[2026-04-17T16:49:07.029Z] [+] #319 | genko_cosplay_1693230060_3179366645383096386_13826729236.heic.webp
[2026-04-17T16:49:09.667Z] [DOWNLOADED] genko_cosplay_1693230060_3179366645358004758_13826729236.heic.webp | https://e-hentai.org/s/91e4282849/2917545-320
[2026-04-17T16:49:09.670Z] [+] #320 | genko_cosplay_1693230060_3179366645358004758_13826729236.heic.webp
[2026-04-17T16:49:09.969Z] [VIEWER] Round 320 | Collected: 320
[2026-04-17T16:49:11.905Z] [DOWNLOADED] genko_cosplay_1693230060_3179366645357979317_13826729236.heic.webp | https://e-hentai.org/s/910bb89562/2917545-321
[2026-04-17T16:49:11.908Z] [+] #321 | genko_cosplay_1693230060_3179366645357979317_13826729236.heic.webp
[2026-04-17T16:49:13.896Z] [DOWNLOADED] genko_cosplay_1693221064_3179291175442582294_13826729236.heic.jpg | https://e-hentai.org/s/f519963cfd/2917545-322
[2026-04-17T16:49:13.899Z] [+] #322 | genko_cosplay_1693221064_3179291175442582294_13826729236.heic.jpg
[2026-04-17T16:49:15.922Z] [DOWNLOADED] genko_cosplay_1693221064_3179291175367036646_13826729236.heic.jpg | https://e-hentai.org/s/d939137a02/2917545-323
[2026-04-17T16:49:15.925Z] [+] #323 | genko_cosplay_1693221064_3179291175367036646_13826729236.heic.jpg
[2026-04-17T16:49:18.189Z] [DOWNLOADED] genko_cosplay_1693221064_3179291175257944163_13826729236.heic.jpg | https://e-hentai.org/s/1c2327e07f/2917545-324
[2026-04-17T16:49:18.192Z] [+] #324 | genko_cosplay_1693221064_3179291175257944163_13826729236.heic.jpg
[2026-04-17T16:49:20.366Z] [DOWNLOADED] genko_cosplay_1693221064_3179291175249684887_13826729236.heic.jpg | https://e-hentai.org/s/69acf03267/2917545-325
[2026-04-17T16:49:20.370Z] [+] #325 | genko_cosplay_1693221064_3179291175249684887_13826729236.heic.jpg
[2026-04-17T16:49:22.583Z] [DOWNLOADED] genko_cosplay_1693221064_3179291175249639601_13826729236.heic.jpg | https://e-hentai.org/s/d950094a9d/2917545-326
[2026-04-17T16:49:22.587Z] [+] #326 | genko_cosplay_1693221064_3179291175249639601_13826729236.heic.jpg
[2026-04-17T16:49:24.798Z] [DOWNLOADED] genko_cosplay_1693221064_3179291175241148406_13826729236.heic.jpg | https://e-hentai.org/s/1bd0647e58/2917545-327
[2026-04-17T16:49:24.801Z] [+] #327 | genko_cosplay_1693221064_3179291175241148406_13826729236.heic.jpg
[2026-04-17T16:49:26.793Z] [DOWNLOADED] genko_cosplay_1693148373_3178681403475434317_13826729236.heic.jpg | https://e-hentai.org/s/e5e94adbdc/2917545-328
[2026-04-17T16:49:26.796Z] [+] #328 | genko_cosplay_1693148373_3178681403475434317_13826729236.heic.jpg
[2026-04-17T16:49:29.510Z] [DOWNLOADED] genko_cosplay_1693148373_3178681403391405454_13826729236.heic.jpg | https://e-hentai.org/s/025c9d63a9/2917545-329
[2026-04-17T16:49:29.513Z] [+] #329 | genko_cosplay_1693148373_3178681403391405454_13826729236.heic.jpg
[2026-04-17T16:49:31.810Z] [DOWNLOADED] genko_cosplay_1693148373_3178681403316108322_13826729236.heic.jpg | https://e-hentai.org/s/dc7d1d33ab/2917545-330
[2026-04-17T16:49:31.813Z] [+] #330 | genko_cosplay_1693148373_3178681403316108322_13826729236.heic.jpg
[2026-04-17T16:49:34.446Z] [DOWNLOADED] genko_cosplay_1693148373_3178681403265719356_13826729236.heic.jpg | https://e-hentai.org/s/56224bf84c/2917545-331
[2026-04-17T16:49:34.450Z] [+] #331 | genko_cosplay_1693148373_3178681403265719356_13826729236.heic.jpg
[2026-04-17T16:49:36.818Z] [DOWNLOADED] genko_cosplay_1693148373_3178681403257136731_13826729236.heic.jpg | https://e-hentai.org/s/f58e8dc5cf/2917545-332
[2026-04-17T16:49:36.821Z] [+] #332 | genko_cosplay_1693148373_3178681403257136731_13826729236.heic.jpg
[2026-04-17T16:49:39.199Z] [DOWNLOADED] genko_cosplay_1693148373_3178681403257128118_13826729236.heic.jpg | https://e-hentai.org/s/70081cb6b1/2917545-333
[2026-04-17T16:49:39.202Z] [+] #333 | genko_cosplay_1693148373_3178681403257128118_13826729236.heic.jpg
[2026-04-17T16:49:41.309Z] [DOWNLOADED] genko_cosplay_1693056929_3177914317400537616_13826729236.heic.jpg | https://e-hentai.org/s/2edd15942a/2917545-334
[2026-04-17T16:49:41.312Z] [+] #334 | genko_cosplay_1693056929_3177914317400537616_13826729236.heic.jpg
[2026-04-17T16:49:43.345Z] [DOWNLOADED] genko_cosplay_1693056929_3177914317400460620_13826729236.heic.jpg | https://e-hentai.org/s/f9cc17d640/2917545-335
[2026-04-17T16:49:43.348Z] [+] #335 | genko_cosplay_1693056929_3177914317400460620_13826729236.heic.jpg
[2026-04-17T16:49:45.685Z] [DOWNLOADED] genko_cosplay_1693056929_3177914317232926313_13826729236.heic.jpg | https://e-hentai.org/s/425796397c/2917545-336
[2026-04-17T16:49:45.689Z] [+] #336 | genko_cosplay_1693056929_3177914317232926313_13826729236.heic.jpg
[2026-04-17T16:49:47.674Z] [DOWNLOADED] genko_cosplay_1692887503_3176493069932122832_13826729236.heic.jpg | https://e-hentai.org/s/7fef4545f1/2917545-337
[2026-04-17T16:49:47.678Z] [+] #337 | genko_cosplay_1692887503_3176493069932122832_13826729236.heic.jpg
[2026-04-17T16:49:49.715Z] [DOWNLOADED] genko_cosplay_1692878631_3176418642519148036_13826729236.heic.webp | https://e-hentai.org/s/7aee92d3dd/2917545-338
[2026-04-17T16:49:49.719Z] [+] #338 | genko_cosplay_1692878631_3176418642519148036_13826729236.heic.webp
[2026-04-17T16:49:51.884Z] [DOWNLOADED] genko_cosplay_1692878631_3176418642494026081_13826729236.heic.webp | https://e-hentai.org/s/a9cc135bb0/2917545-339
[2026-04-17T16:49:51.888Z] [+] #339 | genko_cosplay_1692878631_3176418642494026081_13826729236.heic.webp
[2026-04-17T16:49:54.137Z] [DOWNLOADED] genko_cosplay_1692878631_3176418642485778821_13826729236.heic.webp | https://e-hentai.org/s/760da2f3ef/2917545-340
[2026-04-17T16:49:54.140Z] [+] #340 | genko_cosplay_1692878631_3176418642485778821_13826729236.heic.webp
[2026-04-17T16:49:54.454Z] [VIEWER] Round 340 | Collected: 340
[2026-04-17T16:49:56.761Z] [DOWNLOADED] genko_cosplay_1692697552_3174899640856914101_13826729236.heic.jpg | https://e-hentai.org/s/cb80987c33/2917545-341
[2026-04-17T16:49:56.764Z] [+] #341 | genko_cosplay_1692697552_3174899640856914101_13826729236.heic.jpg
[2026-04-17T16:49:59.071Z] [DOWNLOADED] genko_cosplay_1692697552_3174899640689205872_13826729236.heic.jpg | https://e-hentai.org/s/ddc0d0d845/2917545-342
[2026-04-17T16:49:59.075Z] [+] #342 | genko_cosplay_1692697552_3174899640689205872_13826729236.heic.jpg
[2026-04-17T16:50:01.188Z] [DOWNLOADED] genko_cosplay_1692538717_3173567239375399331_13826729236.heic.webp | https://e-hentai.org/s/ed4cb72fcc/2917545-343
[2026-04-17T16:50:01.192Z] [+] #343 | genko_cosplay_1692538717_3173567239375399331_13826729236.heic.webp
[2026-04-17T16:50:03.771Z] [DOWNLOADED] genko_cosplay_1692188641_3170630583706055010_13826729236.heic.jpg | https://e-hentai.org/s/ba9dbfdf76/2917545-344
[2026-04-17T16:50:03.775Z] [+] #344 | genko_cosplay_1692188641_3170630583706055010_13826729236.heic.jpg
[2026-04-17T16:50:06.040Z] [DOWNLOADED] genko_cosplay_1692012107_3169149710037108653_13826729236.heic.jpg | https://e-hentai.org/s/3f5a516252/2917545-345
[2026-04-17T16:50:06.044Z] [+] #345 | genko_cosplay_1692012107_3169149710037108653_13826729236.heic.jpg
[2026-04-17T16:50:08.225Z] [DOWNLOADED] genko_cosplay_1692012107_3169149710003391363_13826729236.heic.jpg | https://e-hentai.org/s/668783b215/2917545-346
[2026-04-17T16:50:08.228Z] [+] #346 | genko_cosplay_1692012107_3169149710003391363_13826729236.heic.jpg
[2026-04-17T16:50:10.597Z] [DOWNLOADED] genko_cosplay_1692012107_3169149709995070531_13826729236.heic.jpg | https://e-hentai.org/s/2812c25cc2/2917545-347
[2026-04-17T16:50:10.601Z] [+] #347 | genko_cosplay_1692012107_3169149709995070531_13826729236.heic.jpg
[2026-04-17T16:50:12.804Z] [DOWNLOADED] genko_cosplay_1692012107_3169149709994983126_13826729236.heic.jpg | https://e-hentai.org/s/403ab38913/2917545-348
[2026-04-17T16:50:12.807Z] [+] #348 | genko_cosplay_1692012107_3169149709994983126_13826729236.heic.jpg
[2026-04-17T16:50:15.161Z] [DOWNLOADED] genko_cosplay_1692012107_3169149709844145246_13826729236.heic.jpg | https://e-hentai.org/s/37e4045e21/2917545-349
[2026-04-17T16:50:15.164Z] [+] #349 | genko_cosplay_1692012107_3169149709844145246_13826729236.heic.jpg
[2026-04-17T16:50:17.721Z] [DOWNLOADED] genko_cosplay_1692012107_3169149709835751166_13826729236.heic.jpg | https://e-hentai.org/s/7fe3ed64c8/2917545-350
[2026-04-17T16:50:17.724Z] [+] #350 | genko_cosplay_1692012107_3169149709835751166_13826729236.heic.jpg
[2026-04-17T16:50:19.958Z] [DOWNLOADED] genko_cosplay_1692012107_3169149709835574644_13826729236.heic.jpg | https://e-hentai.org/s/47ddf0e235/2917545-351
[2026-04-17T16:50:19.961Z] [+] #351 | genko_cosplay_1692012107_3169149709835574644_13826729236.heic.jpg
[2026-04-17T16:50:26.109Z] [DOWNLOADED] genko_cosplay_1692012107_3169149709819047960_13826729236.heic.jpg | https://e-hentai.org/s/1475785104/2917545-352
[2026-04-17T16:50:26.113Z] [+] #352 | genko_cosplay_1692012107_3169149709819047960_13826729236.heic.jpg
[2026-04-17T16:50:28.139Z] [DOWNLOADED] genko_cosplay_1692012107_3169149709819016733_13826729236.heic.jpg | https://e-hentai.org/s/a8b29d7efa/2917545-353
[2026-04-17T16:50:28.143Z] [+] #353 | genko_cosplay_1692012107_3169149709819016733_13826729236.heic.jpg
[2026-04-17T16:50:30.790Z] [DOWNLOADED] genko_cosplay_1692012107_3169149709818798773_13826729236.heic.jpg | https://e-hentai.org/s/585b29c90d/2917545-354
[2026-04-17T16:50:30.793Z] [+] #354 | genko_cosplay_1692012107_3169149709818798773_13826729236.heic.jpg
[2026-04-17T16:50:33.118Z] [DOWNLOADED] genko_cosplay_1691929644_3168457960347841927_13826729236.heic.webp | https://e-hentai.org/s/0cc40e1d46/2917545-355
[2026-04-17T16:50:33.121Z] [+] #355 | genko_cosplay_1691929644_3168457960347841927_13826729236.heic.webp
[2026-04-17T16:50:35.593Z] [DOWNLOADED] genko_cosplay_1691929644_3168457960347825334_13826729236.heic.webp | https://e-hentai.org/s/3b2985bcc1/2917545-356
[2026-04-17T16:50:35.596Z] [+] #356 | genko_cosplay_1691929644_3168457960347825334_13826729236.heic.webp
[2026-04-17T16:50:41.177Z] [DOWNLOADED] genko_cosplay_1691929644_3168457960347815882_13826729236.heic.webp | https://e-hentai.org/s/dbaef67e56/2917545-357
[2026-04-17T16:50:41.181Z] [+] #357 | genko_cosplay_1691929644_3168457960347815882_13826729236.heic.webp
[2026-04-17T16:50:43.152Z] [DOWNLOADED] genko_cosplay_1691929644_3168457960347747244_13826729236.heic.webp | https://e-hentai.org/s/59a244e89b/2917545-358
[2026-04-17T16:50:43.156Z] [+] #358 | genko_cosplay_1691929644_3168457960347747244_13826729236.heic.webp
[2026-04-17T16:50:45.657Z] [DOWNLOADED] genko_cosplay_1691929644_3168457960339420940_13826729236.heic.webp | https://e-hentai.org/s/491b09e345/2917545-359
[2026-04-17T16:50:45.660Z] [+] #359 | genko_cosplay_1691929644_3168457960339420940_13826729236.heic.webp
[2026-04-17T16:50:47.921Z] [DOWNLOADED] genko_cosplay_1691844352_3167742479051595289_13826729236.heic.webp | https://e-hentai.org/s/7d663eaa37/2917545-360
[2026-04-17T16:50:47.925Z] [+] #360 | genko_cosplay_1691844352_3167742479051595289_13826729236.heic.webp
[2026-04-17T16:50:48.232Z] [VIEWER] Round 360 | Collected: 360
[2026-04-17T16:50:50.197Z] [DOWNLOADED] genko_cosplay_1691844352_3167742479043188638_13826729236.heic.webp | https://e-hentai.org/s/0f7adbaf07/2917545-361
[2026-04-17T16:50:50.200Z] [+] #361 | genko_cosplay_1691844352_3167742479043188638_13826729236.heic.webp
[2026-04-17T16:50:52.458Z] [DOWNLOADED] genko_cosplay_1691844352_3167742478816689068_13826729236.heic.webp | https://e-hentai.org/s/35f99875a1/2917545-362
[2026-04-17T16:50:52.462Z] [+] #362 | genko_cosplay_1691844352_3167742478816689068_13826729236.heic.webp
[2026-04-17T16:50:54.764Z] [DOWNLOADED] genko_cosplay_1691749114_3166943569139975200_13826729236.heic.jpg | https://e-hentai.org/s/b56c4769e0/2917545-363
[2026-04-17T16:50:54.768Z] [+] #363 | genko_cosplay_1691749114_3166943569139975200_13826729236.heic.jpg
[2026-04-17T16:50:56.946Z] [DOWNLOADED] genko_cosplay_1691749114_3166943569089597239_13826729236.heic.jpg | https://e-hentai.org/s/dfc0f392c6/2917545-364
[2026-04-17T16:50:56.949Z] [+] #364 | genko_cosplay_1691749114_3166943569089597239_13826729236.heic.jpg
[2026-04-17T16:50:59.153Z] [DOWNLOADED] genko_cosplay_1691749114_3166943568921865797_13826729236.heic.jpg | https://e-hentai.org/s/b79b4f83bd/2917545-365
[2026-04-17T16:50:59.156Z] [+] #365 | genko_cosplay_1691749114_3166943568921865797_13826729236.heic.jpg
[2026-04-17T16:51:01.120Z] [DOWNLOADED] genko_cosplay_1691749114_3166943568921752018_13826729236.heic.webp | https://e-hentai.org/s/f9ef4391ef/2917545-366
[2026-04-17T16:51:01.124Z] [+] #366 | genko_cosplay_1691749114_3166943568921752018_13826729236.heic.webp
[2026-04-17T16:51:03.390Z] [DOWNLOADED] genko_cosplay_1691749114_3166943568913367240_13826729236.heic.jpg | https://e-hentai.org/s/21962b751d/2917545-367
[2026-04-17T16:51:03.393Z] [+] #367 | genko_cosplay_1691749114_3166943568913367240_13826729236.heic.jpg
[2026-04-17T16:51:05.667Z] [DOWNLOADED] genko_cosplay_1691749114_3166943568913301616_13826729236.heic.jpg | https://e-hentai.org/s/231fa18b26/2917545-368
[2026-04-17T16:51:05.671Z] [+] #368 | genko_cosplay_1691749114_3166943568913301616_13826729236.heic.jpg
[2026-04-17T16:51:07.904Z] [DOWNLOADED] genko_cosplay_1691668323_3166265840899164550_13826729236.heic.jpg | https://e-hentai.org/s/9375d79bc2/2917545-369
[2026-04-17T16:51:07.908Z] [+] #369 | genko_cosplay_1691668323_3166265840899164550_13826729236.heic.jpg
[2026-04-17T16:51:09.915Z] [DOWNLOADED] genko_cosplay_1691668323_3166265840899053818_13826729236.heic.jpg | https://e-hentai.org/s/b1ff82b2c6/2917545-370
[2026-04-17T16:51:09.918Z] [+] #370 | genko_cosplay_1691668323_3166265840899053818_13826729236.heic.jpg
[2026-04-17T16:51:11.948Z] [DOWNLOADED] genko_cosplay_1691668323_3166265840890710520_13826729236.heic.jpg | https://e-hentai.org/s/4c52b952d3/2917545-371
[2026-04-17T16:51:11.951Z] [+] #371 | genko_cosplay_1691668323_3166265840890710520_13826729236.heic.jpg
[2026-04-17T16:51:14.340Z] [DOWNLOADED] genko_cosplay_1691668323_3166265840890699603_13826729236.heic.jpg | https://e-hentai.org/s/764b9f66e3/2917545-372
[2026-04-17T16:51:14.343Z] [+] #372 | genko_cosplay_1691668323_3166265840890699603_13826729236.heic.jpg
[2026-04-17T16:51:16.527Z] [DOWNLOADED] genko_cosplay_1691241893_3162688692654141706_13826729236.heic.jpg | https://e-hentai.org/s/904d306706/2917545-373
[2026-04-17T16:51:16.531Z] [+] #373 | genko_cosplay_1691241893_3162688692654141706_13826729236.heic.jpg
[2026-04-17T16:51:19.140Z] [DOWNLOADED] genko_cosplay_1691241893_3162688692645701115_13826729236.heic.jpg | https://e-hentai.org/s/6d0f473b4c/2917545-374
[2026-04-17T16:51:19.144Z] [+] #374 | genko_cosplay_1691241893_3162688692645701115_13826729236.heic.jpg
[2026-04-17T16:51:21.699Z] [DOWNLOADED] genko_cosplay_1691060054_3161163316136187369_13826729236.heic.jpg | https://e-hentai.org/s/e14b656bfb/2917545-375
[2026-04-17T16:51:21.703Z] [+] #375 | genko_cosplay_1691060054_3161163316136187369_13826729236.heic.jpg
[2026-04-17T16:51:23.898Z] [DOWNLOADED] genko_cosplay_1691060054_3161163316102554691_13826729236.heic.jpg | https://e-hentai.org/s/c9750b16c5/2917545-376
[2026-04-17T16:51:23.902Z] [+] #376 | genko_cosplay_1691060054_3161163316102554691_13826729236.heic.jpg
[2026-04-17T16:51:26.091Z] [DOWNLOADED] genko_cosplay_1691060054_3161163316094208363_13826729236.heic.jpg | https://e-hentai.org/s/75d9f435cb/2917545-377
[2026-04-17T16:51:26.095Z] [+] #377 | genko_cosplay_1691060054_3161163316094208363_13826729236.heic.jpg
[2026-04-17T16:51:28.345Z] [DOWNLOADED] genko_cosplay_1691060054_3161163316069035306_13826729236.heic.jpg | https://e-hentai.org/s/36f409f584/2917545-378
[2026-04-17T16:51:28.347Z] [+] #378 | genko_cosplay_1691060054_3161163316069035306_13826729236.heic.jpg
[2026-04-17T16:51:30.717Z] [DOWNLOADED] genko_cosplay_1691060054_3161163315968320233_13826729236.heic.jpg | https://e-hentai.org/s/e287ea4084/2917545-379
[2026-04-17T16:51:30.721Z] [+] #379 | genko_cosplay_1691060054_3161163315968320233_13826729236.heic.jpg
[2026-04-17T16:51:34.406Z] [DOWNLOADED] genko_cosplay_1691060054_3161163315968247640_13826729236.heic.jpg | https://e-hentai.org/s/068f8adccf/2917545-380
[2026-04-17T16:51:34.410Z] [+] #380 | genko_cosplay_1691060054_3161163315968247640_13826729236.heic.jpg
[2026-04-17T16:51:34.711Z] [VIEWER] Round 380 | Collected: 380
[2026-04-17T16:51:36.780Z] [DOWNLOADED] genko_cosplay_1690980960_3160499822038511036_13826729236.heic.jpg | https://e-hentai.org/s/3171d1d339/2917545-381
[2026-04-17T16:51:36.784Z] [+] #381 | genko_cosplay_1690980960_3160499822038511036_13826729236.heic.jpg
[2026-04-17T16:51:39.333Z] [DOWNLOADED] genko_cosplay_1690886583_3159708132503698804_13826729236.heic.jpg | https://e-hentai.org/s/5b2cd77c52/2917545-382
[2026-04-17T16:51:39.337Z] [+] #382 | genko_cosplay_1690886583_3159708132503698804_13826729236.heic.jpg
[2026-04-17T16:51:41.700Z] [DOWNLOADED] genko_cosplay_1690886583_3159708132503532075_13826729236.heic.jpg | https://e-hentai.org/s/37a3a374b0/2917545-383
[2026-04-17T16:51:41.704Z] [+] #383 | genko_cosplay_1690886583_3159708132503532075_13826729236.heic.jpg
[2026-04-17T16:51:44.258Z] [DOWNLOADED] genko_cosplay_1690886583_3159708132495155811_13826729236.heic.jpg | https://e-hentai.org/s/8a872d48ee/2917545-384
[2026-04-17T16:51:44.261Z] [+] #384 | genko_cosplay_1690886583_3159708132495155811_13826729236.heic.jpg
[2026-04-17T16:51:46.577Z] [DOWNLOADED] genko_cosplay_1690886583_3159708132411265678_13826729236.heic.jpg | https://e-hentai.org/s/ffcd00504f/2917545-385
[2026-04-17T16:51:46.581Z] [+] #385 | genko_cosplay_1690886583_3159708132411265678_13826729236.heic.jpg
[2026-04-17T16:51:49.072Z] [DOWNLOADED] genko_cosplay_1690886583_3159708132377819096_13826729236.heic.jpg | https://e-hentai.org/s/644d8b0380/2917545-386
[2026-04-17T16:51:49.076Z] [+] #386 | genko_cosplay_1690886583_3159708132377819096_13826729236.heic.jpg
[2026-04-17T16:51:51.425Z] [DOWNLOADED] genko_cosplay_1690886583_3159708132377713638_13826729236.heic.jpg | https://e-hentai.org/s/9b0108e238/2917545-387
[2026-04-17T16:51:51.429Z] [+] #387 | genko_cosplay_1690886583_3159708132377713638_13826729236.heic.jpg
[2026-04-17T16:51:53.798Z] [DOWNLOADED] genko_cosplay_1690886474_3159707220762594437_13826729236.heic.jpg | https://e-hentai.org/s/0b96c9fb80/2917545-388
[2026-04-17T16:51:53.802Z] [+] #388 | genko_cosplay_1690886474_3159707220762594437_13826729236.heic.jpg
[2026-04-17T16:51:56.342Z] [DOWNLOADED] genko_cosplay_1690886474_3159707220754149010_13826729236.heic.jpg | https://e-hentai.org/s/8a0473d20a/2917545-389
[2026-04-17T16:51:56.346Z] [+] #389 | genko_cosplay_1690886474_3159707220754149010_13826729236.heic.jpg
[2026-04-17T16:51:58.718Z] [DOWNLOADED] genko_cosplay_1690886474_3159707220745746077_13826729236.heic.jpg | https://e-hentai.org/s/26e76984f7/2917545-390
[2026-04-17T16:51:58.721Z] [+] #390 | genko_cosplay_1690886474_3159707220745746077_13826729236.heic.jpg
[2026-04-17T16:52:00.958Z] [DOWNLOADED] genko_cosplay_1690776889_3158787957168142491_13826729236.heic.webp | https://e-hentai.org/s/d02144ef68/2917545-391
[2026-04-17T16:52:00.961Z] [+] #391 | genko_cosplay_1690776889_3158787957168142491_13826729236.heic.webp
[2026-04-17T16:52:03.266Z] [DOWNLOADED] genko_cosplay_1690776889_3158787957134533250_13826729236.heic.webp | https://e-hentai.org/s/26764ef60c/2917545-392
[2026-04-17T16:52:03.270Z] [+] #392 | genko_cosplay_1690776889_3158787957134533250_13826729236.heic.webp
[2026-04-17T16:52:05.734Z] [DOWNLOADED] genko_cosplay_1690776889_3158787957126186193_13826729236.heic.webp | https://e-hentai.org/s/a13e56af9a/2917545-393
[2026-04-17T16:52:05.738Z] [+] #393 | genko_cosplay_1690776889_3158787957126186193_13826729236.heic.webp
[2026-04-17T16:52:08.077Z] [DOWNLOADED] genko_cosplay_1690776889_3158787957008709001_13826729236.heic.webp | https://e-hentai.org/s/ccff4e257e/2917545-394
[2026-04-17T16:52:08.078Z] [+] #394 | genko_cosplay_1690776889_3158787957008709001_13826729236.heic.webp
[2026-04-17T16:52:10.395Z] [DOWNLOADED] genko_cosplay_1690721113_3158320068875169042_13826729236.heic.jpg | https://e-hentai.org/s/63fa0f9aae/2917545-395
[2026-04-17T16:52:10.399Z] [+] #395 | genko_cosplay_1690721113_3158320068875169042_13826729236.heic.jpg
[2026-04-17T16:52:12.519Z] [DOWNLOADED] genko_cosplay_1690721113_3158320068791152320_13826729236.heic.jpg | https://e-hentai.org/s/6c9a9bc11b/2917545-396
[2026-04-17T16:52:12.523Z] [+] #396 | genko_cosplay_1690721113_3158320068791152320_13826729236.heic.jpg
[2026-04-17T16:52:14.519Z] [DOWNLOADED] genko_cosplay_1690721113_3158320068673859949_13826729236.heic.jpg | https://e-hentai.org/s/7cd90fced9/2917545-397
[2026-04-17T16:52:14.523Z] [+] #397 | genko_cosplay_1690721113_3158320068673859949_13826729236.heic.jpg
[2026-04-17T16:52:16.778Z] [DOWNLOADED] genko_cosplay_1690605735_3157352205601513700_13826729236.heic.webp | https://e-hentai.org/s/3ecd9886c5/2917545-398
[2026-04-17T16:52:16.782Z] [+] #398 | genko_cosplay_1690605735_3157352205601513700_13826729236.heic.webp
[2026-04-17T16:52:19.302Z] [DOWNLOADED] genko_cosplay_1690605735_3157352205576551339_13826729236.heic.webp | https://e-hentai.org/s/1ee3693c32/2917545-399
[2026-04-17T16:52:19.304Z] [+] #399 | genko_cosplay_1690605735_3157352205576551339_13826729236.heic.webp
[2026-04-17T16:52:21.496Z] [DOWNLOADED] genko_cosplay_1690605735_3157352205567941726_13826729236.heic.webp | https://e-hentai.org/s/3e2b878af4/2917545-400
[2026-04-17T16:52:21.499Z] [+] #400 | genko_cosplay_1690605735_3157352205567941726_13826729236.heic.webp
[2026-04-17T16:52:21.814Z] [VIEWER] Round 400 | Collected: 400
[2026-04-17T16:52:23.698Z] [DOWNLOADED] genko_cosplay_1690551750_3156899354242461716_13826729236.heic.webp | https://e-hentai.org/s/abb61e8f3c/2917545-401
[2026-04-17T16:52:23.702Z] [+] #401 | genko_cosplay_1690551750_3156899354242461716_13826729236.heic.webp
[2026-04-17T16:52:26.113Z] [DOWNLOADED] genko_cosplay_1690551750_3156899353982625746_13826729236.heic.webp | https://e-hentai.org/s/fff4d3cf8f/2917545-402
[2026-04-17T16:52:26.117Z] [+] #402 | genko_cosplay_1690551750_3156899353982625746_13826729236.heic.webp
[2026-04-17T16:52:28.564Z] [DOWNLOADED] genko_cosplay_1690551750_3156899353982617963_13826729236.heic.webp | https://e-hentai.org/s/7cc46c5a66/2917545-403
[2026-04-17T16:52:28.568Z] [+] #403 | genko_cosplay_1690551750_3156899353982617963_13826729236.heic.webp
[2026-04-17T16:52:30.950Z] [DOWNLOADED] genko_cosplay_1690551750_3156899353982559228_13826729236.heic.webp | https://e-hentai.org/s/bed08eb6f2/2917545-404
[2026-04-17T16:52:30.954Z] [+] #404 | genko_cosplay_1690551750_3156899353982559228_13826729236.heic.webp
[2026-04-17T16:52:33.739Z] [DOWNLOADED] genko_cosplay_1690551750_3156899353982492117_13826729236.heic.webp | https://e-hentai.org/s/bb675e84c5/2917545-405
[2026-04-17T16:52:33.743Z] [+] #405 | genko_cosplay_1690551750_3156899353982492117_13826729236.heic.webp
[2026-04-17T16:52:35.961Z] [DOWNLOADED] genko_cosplay_1690458723_3156118982273717863_13826729236.heic.jpg | https://e-hentai.org/s/487e5241b0/2917545-406
[2026-04-17T16:52:35.965Z] [+] #406 | genko_cosplay_1690458723_3156118982273717863_13826729236.heic.jpg
[2026-04-17T16:52:38.158Z] [DOWNLOADED] genko_cosplay_1690458723_3156118982273652841_13826729236.heic.jpg | https://e-hentai.org/s/fa9b19ed1a/2917545-407
[2026-04-17T16:52:38.162Z] [+] #407 | genko_cosplay_1690458723_3156118982273652841_13826729236.heic.jpg
[2026-04-17T16:52:40.567Z] [DOWNLOADED] genko_cosplay_1690458723_3156118982265271866_13826729236.heic.jpg | https://e-hentai.org/s/265d69cb56/2917545-408
[2026-04-17T16:52:40.571Z] [+] #408 | genko_cosplay_1690458723_3156118982265271866_13826729236.heic.jpg
[2026-04-17T16:52:42.786Z] [DOWNLOADED] genko_cosplay_1690458723_3156118982256837242_13826729236.heic.jpg | https://e-hentai.org/s/49aa0a61ec/2917545-409
[2026-04-17T16:52:42.790Z] [+] #409 | genko_cosplay_1690458723_3156118982256837242_13826729236.heic.jpg
[2026-04-17T16:52:45.106Z] [DOWNLOADED] genko_cosplay_1690368573_3155362750520830532_13826729236.heic.jpg | https://e-hentai.org/s/5ebe31e24f/2917545-410
[2026-04-17T16:52:45.110Z] [+] #410 | genko_cosplay_1690368573_3155362750520830532_13826729236.heic.jpg
[2026-04-17T16:52:47.613Z] [DOWNLOADED] genko_cosplay_1690368573_3155362750520761489_13826729236.heic.webp | https://e-hentai.org/s/4b2a492561/2917545-411
[2026-04-17T16:52:47.617Z] [+] #411 | genko_cosplay_1690368573_3155362750520761489_13826729236.heic.webp
[2026-04-17T16:52:49.968Z] [DOWNLOADED] genko_cosplay_1690368573_3155362750520749890_13826729236.heic.jpg | https://e-hentai.org/s/403edaa6cb/2917545-412
[2026-04-17T16:52:49.972Z] [+] #412 | genko_cosplay_1690368573_3155362750520749890_13826729236.heic.jpg
[2026-04-17T16:52:52.636Z] [DOWNLOADED] genko_cosplay_1690368573_3155362750512236996_13826729236.heic.jpg | https://e-hentai.org/s/7b742d002c/2917545-413
[2026-04-17T16:52:52.637Z] [+] #413 | genko_cosplay_1690368573_3155362750512236996_13826729236.heic.jpg
[2026-04-17T16:52:54.940Z] [DOWNLOADED] genko_cosplay_1690287072_3154679072274623550_13826729236.heic.jpg | https://e-hentai.org/s/f896c2493c/2917545-414
[2026-04-17T16:52:54.943Z] [+] #414 | genko_cosplay_1690287072_3154679072274623550_13826729236.heic.jpg
[2026-04-17T16:52:57.101Z] [DOWNLOADED] genko_cosplay_1690198108_3153932788731226590_13826729236.heic.jpg | https://e-hentai.org/s/fd95685351/2917545-415
[2026-04-17T16:52:57.105Z] [+] #415 | genko_cosplay_1690198108_3153932788731226590_13826729236.heic.jpg
[2026-04-17T16:52:59.349Z] [DOWNLOADED] genko_cosplay_1690198108_3153932788655814816_13826729236.heic.jpg | https://e-hentai.org/s/c519e9bd9a/2917545-416
[2026-04-17T16:52:59.353Z] [+] #416 | genko_cosplay_1690198108_3153932788655814816_13826729236.heic.jpg
[2026-04-17T16:53:01.598Z] [DOWNLOADED] genko_cosplay_1690198108_3153932788613853262_13826729236.heic.jpg | https://e-hentai.org/s/65633e4b29/2917545-417
[2026-04-17T16:53:01.602Z] [+] #417 | genko_cosplay_1690198108_3153932788613853262_13826729236.heic.jpg
[2026-04-17T16:53:04.004Z] [DOWNLOADED] genko_cosplay_1690198108_3153932788471343042_13826729236.heic.jpg | https://e-hentai.org/s/4799b40c92/2917545-418
[2026-04-17T16:53:04.008Z] [+] #418 | genko_cosplay_1690198108_3153932788471343042_13826729236.heic.jpg
[2026-04-17T16:53:06.377Z] [DOWNLOADED] genko_cosplay_1690198108_3153932788471314191_13826729236.heic.jpg | https://e-hentai.org/s/09b9e0d1cc/2917545-419
[2026-04-17T16:53:06.380Z] [+] #419 | genko_cosplay_1690198108_3153932788471314191_13826729236.heic.jpg
[2026-04-17T16:53:08.727Z] [DOWNLOADED] genko_cosplay_1690198108_3153932788462793625_13826729236.heic.jpg | https://e-hentai.org/s/e230a81798/2917545-420
[2026-04-17T16:53:08.731Z] [+] #420 | genko_cosplay_1690198108_3153932788462793625_13826729236.heic.jpg
[2026-04-17T16:53:09.026Z] [VIEWER] Round 420 | Collected: 420
[2026-04-17T16:53:11.139Z] [DOWNLOADED] genko_cosplay_1690117046_3153252790710172349_13826729236.heic.jpg | https://e-hentai.org/s/2bd950937b/2917545-421
[2026-04-17T16:53:11.143Z] [+] #421 | genko_cosplay_1690117046_3153252790710172349_13826729236.heic.jpg
[2026-04-17T16:53:13.677Z] [DOWNLOADED] genko_cosplay_1690117046_3153252790701827054_13826729236.heic.jpg | https://e-hentai.org/s/3211425686/2917545-422
[2026-04-17T16:53:13.681Z] [+] #422 | genko_cosplay_1690117046_3153252790701827054_13826729236.heic.jpg
[2026-04-17T16:53:16.026Z] [DOWNLOADED] genko_cosplay_1690117046_3153252790701772233_13826729236.heic.jpg | https://e-hentai.org/s/586e248d32/2917545-423
[2026-04-17T16:53:16.031Z] [+] #423 | genko_cosplay_1690117046_3153252790701772233_13826729236.heic.jpg
[2026-04-17T16:53:18.251Z] [DOWNLOADED] genko_cosplay_1690117046_3153252790701731640_13826729236.heic.jpg | https://e-hentai.org/s/dbebcb34ab/2917545-424
[2026-04-17T16:53:18.255Z] [+] #424 | genko_cosplay_1690117046_3153252790701731640_13826729236.heic.jpg
[2026-04-17T16:53:20.815Z] [DOWNLOADED] genko_cosplay_1690116963_3153252093759353045_13826729236.heic.jpg | https://e-hentai.org/s/731215c6bf/2917545-425
[2026-04-17T16:53:20.819Z] [+] #425 | genko_cosplay_1690116963_3153252093759353045_13826729236.heic.jpg
[2026-04-17T16:53:23.052Z] [DOWNLOADED] genko_cosplay_1690116963_3153252093751165782_13826729236.heic.jpg | https://e-hentai.org/s/bf02e873cc/2917545-426
[2026-04-17T16:53:23.056Z] [+] #426 | genko_cosplay_1690116963_3153252093751165782_13826729236.heic.jpg
[2026-04-17T16:53:25.436Z] [DOWNLOADED] genko_cosplay_1690093535_3153055560801997518_13826729236.heic.webp | https://e-hentai.org/s/f6308cf8a8/2917545-427
[2026-04-17T16:53:25.440Z] [+] #427 | genko_cosplay_1690093535_3153055560801997518_13826729236.heic.webp
[2026-04-17T16:53:27.685Z] [DOWNLOADED] genko_cosplay_1690093535_3153055560793602653_13826729236.heic.webp | https://e-hentai.org/s/bf515228e2/2917545-428
[2026-04-17T16:53:27.689Z] [+] #428 | genko_cosplay_1690093535_3153055560793602653_13826729236.heic.webp
[2026-04-17T16:53:30.389Z] [DOWNLOADED] genko_cosplay_1690093535_3153055560785340381_13826729236.heic.webp | https://e-hentai.org/s/caf3503749/2917545-429
[2026-04-17T16:53:30.393Z] [+] #429 | genko_cosplay_1690093535_3153055560785340381_13826729236.heic.webp
[2026-04-17T16:53:33.056Z] [DOWNLOADED] genko_cosplay_1689939487_3151763314573975266_13826729236.heic.jpg | https://e-hentai.org/s/7782a3dc0e/2917545-430
[2026-04-17T16:53:33.057Z] [+] #430 | genko_cosplay_1689939487_3151763314573975266_13826729236.heic.jpg
[2026-04-17T16:53:35.039Z] [DOWNLOADED] genko_cosplay_1689939487_3151763314540378955_13826729236.heic.jpg | https://e-hentai.org/s/3bcbf427d9/2917545-431
[2026-04-17T16:53:35.043Z] [+] #431 | genko_cosplay_1689939487_3151763314540378955_13826729236.heic.jpg
[2026-04-17T16:53:37.346Z] [DOWNLOADED] genko_cosplay_1689939487_3151763314531948871_13826729236.heic.jpg | https://e-hentai.org/s/891d6c9e18/2917545-432
[2026-04-17T16:53:37.351Z] [+] #432 | genko_cosplay_1689939487_3151763314531948871_13826729236.heic.jpg
[2026-04-17T16:53:39.914Z] [DOWNLOADED] genko_cosplay_1689939487_3151763314372721850_13826729236.heic.jpg | https://e-hentai.org/s/34ca136f79/2917545-433
[2026-04-17T16:53:39.918Z] [+] #433 | genko_cosplay_1689939487_3151763314372721850_13826729236.heic.jpg
[2026-04-17T16:53:42.185Z] [DOWNLOADED] genko_cosplay_1689763894_3150290332479481368_13826729236.heic.jpg | https://e-hentai.org/s/4f9cefe4ff/2917545-434
[2026-04-17T16:53:42.189Z] [+] #434 | genko_cosplay_1689763894_3150290332479481368_13826729236.heic.jpg
[2026-04-17T16:53:44.546Z] [DOWNLOADED] genko_cosplay_1689763894_3150290332387303872_13826729236.heic.jpg | https://e-hentai.org/s/502d63659a/2917545-435
[2026-04-17T16:53:44.550Z] [+] #435 | genko_cosplay_1689763894_3150290332387303872_13826729236.heic.jpg
[2026-04-17T16:53:46.671Z] [DOWNLOADED] genko_cosplay_1689763894_3150290332370385168_13826729236.heic.jpg | https://e-hentai.org/s/764019a905/2917545-436
[2026-04-17T16:53:46.674Z] [+] #436 | genko_cosplay_1689763894_3150290332370385168_13826729236.heic.jpg
[2026-04-17T16:53:48.829Z] [DOWNLOADED] genko_cosplay_1689763894_3150290332219357522_13826729236.heic.jpg | https://e-hentai.org/s/cf92b68bee/2917545-437
[2026-04-17T16:53:48.833Z] [+] #437 | genko_cosplay_1689763894_3150290332219357522_13826729236.heic.jpg
[2026-04-17T16:53:51.110Z] [DOWNLOADED] genko_cosplay_1689687360_3149648320373765648_13826729236.heic.jpg | https://e-hentai.org/s/126b50d446/2917545-438
[2026-04-17T16:53:51.114Z] [+] #438 | genko_cosplay_1689687360_3149648320373765648_13826729236.heic.jpg
[2026-04-17T16:53:53.612Z] [DOWNLOADED] genko_cosplay_1689687360_3149648320206152852_13826729236.heic.jpg | https://e-hentai.org/s/e8b7111d9c/2917545-439
[2026-04-17T16:53:53.613Z] [+] #439 | genko_cosplay_1689687360_3149648320206152852_13826729236.heic.jpg
[2026-04-17T16:53:55.789Z] [DOWNLOADED] genko_cosplay_1689518969_3148235752740570739_13826729236.heic.jpg | https://e-hentai.org/s/23b60e8078/2917545-440
[2026-04-17T16:53:55.793Z] [+] #440 | genko_cosplay_1689518969_3148235752740570739_13826729236.heic.jpg
[2026-04-17T16:53:56.106Z] [VIEWER] Round 440 | Collected: 440
[2026-04-17T16:53:57.801Z] [DOWNLOADED] genko_cosplay_1689518969_3148235752564534641_13826729236.heic.jpg | https://e-hentai.org/s/1be420a718/2917545-441
[2026-04-17T16:53:57.803Z] [+] #441 | genko_cosplay_1689518969_3148235752564534641_13826729236.heic.jpg
[2026-04-17T16:54:00.664Z] [DOWNLOADED] genko_cosplay_1689518865_3148234885232807184_13826729236.heic.jpg | https://e-hentai.org/s/ed291f49b6/2917545-442
[2026-04-17T16:54:00.668Z] [+] #442 | genko_cosplay_1689518865_3148234885232807184_13826729236.heic.jpg
[2026-04-17T16:54:03.130Z] [DOWNLOADED] genko_cosplay_1689518865_3148234885224448014_13826729236.heic.jpg | https://e-hentai.org/s/84d548d2fd/2917545-443
[2026-04-17T16:54:03.134Z] [+] #443 | genko_cosplay_1689518865_3148234885224448014_13826729236.heic.jpg
[2026-04-17T16:54:05.176Z] [DOWNLOADED] genko_cosplay_1689518865_3148234885216067885_13826729236.heic.jpg | https://e-hentai.org/s/e421355be0/2917545-444
[2026-04-17T16:54:05.180Z] [+] #444 | genko_cosplay_1689518865_3148234885216067885_13826729236.heic.jpg
[2026-04-17T16:54:07.414Z] [DOWNLOADED] genko_cosplay_1689518865_3148234885115307987_13826729236.heic.jpg | https://e-hentai.org/s/afbf0783eb/2917545-445
[2026-04-17T16:54:07.419Z] [+] #445 | genko_cosplay_1689518865_3148234885115307987_13826729236.heic.jpg
[2026-04-17T16:54:09.746Z] [DOWNLOADED] genko_cosplay_1689518865_3148234885106939695_13826729236.heic.jpg | https://e-hentai.org/s/3e115a568e/2917545-446
[2026-04-17T16:54:09.753Z] [+] #446 | genko_cosplay_1689518865_3148234885106939695_13826729236.heic.jpg
[2026-04-17T16:54:11.978Z] [DOWNLOADED] genko_cosplay_1689354722_3146857954293653471_13826729236.heic.webp | https://e-hentai.org/s/815cac20d4/2917545-447
[2026-04-17T16:54:11.980Z] [+] #447 | genko_cosplay_1689354722_3146857954293653471_13826729236.heic.webp
[2026-04-17T16:54:14.348Z] [DOWNLOADED] genko_cosplay_1689262258_3146082311209526219_13826729236.heic.webp | https://e-hentai.org/s/4a6751bcef/2917545-448
[2026-04-17T16:54:14.352Z] [+] #448 | genko_cosplay_1689262258_3146082311209526219_13826729236.heic.webp
[2026-04-17T16:54:16.671Z] [DOWNLOADED] genko_cosplay_1689159982_3145224351000304792_13826729236.heic.jpg | https://e-hentai.org/s/5dd58029a8/2917545-449
[2026-04-17T16:54:16.676Z] [+] #449 | genko_cosplay_1689159982_3145224351000304792_13826729236.heic.jpg
[2026-04-17T16:54:19.090Z] [DOWNLOADED] genko_cosplay_1689077545_3144532821243609778_13826729236.heic.webp | https://e-hentai.org/s/76d55a20ec/2917545-450
[2026-04-17T16:54:19.094Z] [+] #450 | genko_cosplay_1689077545_3144532821243609778_13826729236.heic.webp
[2026-04-17T16:54:21.095Z] [DOWNLOADED] genko_cosplay_1688985194_3143758126005345793_13826729236.heic.jpg | https://e-hentai.org/s/ebf876ccaa/2917545-451
[2026-04-17T16:54:21.099Z] [+] #451 | genko_cosplay_1688985194_3143758126005345793_13826729236.heic.jpg
[2026-04-17T16:54:23.396Z] [DOWNLOADED] genko_cosplay_1688897001_3143018308879014148_13826729236.heic.jpg | https://e-hentai.org/s/3157fb32ea/2917545-452
[2026-04-17T16:54:23.400Z] [+] #452 | genko_cosplay_1688897001_3143018308879014148_13826729236.heic.jpg
[2026-04-17T16:54:25.519Z] [DOWNLOADED] genko_cosplay_1688818682_3142361321145253969_13826729236.heic.jpg | https://e-hentai.org/s/9eb5b43de7/2917545-453
[2026-04-17T16:54:25.524Z] [+] #453 | genko_cosplay_1688818682_3142361321145253969_13826729236.heic.jpg
[2026-04-17T16:54:28.135Z] [DOWNLOADED] genko_cosplay_1688689511_3141277759734094122_13826729236.heic.webp | https://e-hentai.org/s/bb101bab0a/2917545-454
[2026-04-17T16:54:28.138Z] [+] #454 | genko_cosplay_1688689511_3141277759734094122_13826729236.heic.webp
[2026-04-17T16:54:30.384Z] [DOWNLOADED] genko_cosplay_1687951612_3135087810940804493_13826729236.heic.webp | https://e-hentai.org/s/9042a4db38/2917545-455
[2026-04-17T16:54:30.389Z] [+] #455 | genko_cosplay_1687951612_3135087810940804493_13826729236.heic.webp
[2026-04-17T16:54:32.423Z] [DOWNLOADED] genko_cosplay_1687876485_3134457598796579306_13826729236.heic.webp | https://e-hentai.org/s/c1f9cd641d/2917545-456
[2026-04-17T16:54:32.427Z] [+] #456 | genko_cosplay_1687876485_3134457598796579306_13826729236.heic.webp
[2026-04-17T16:54:34.595Z] [DOWNLOADED] genko_cosplay_1687876485_3134457598796525129_13826729236.heic.webp | https://e-hentai.org/s/99962311cf/2917545-457
[2026-04-17T16:54:34.599Z] [+] #457 | genko_cosplay_1687876485_3134457598796525129_13826729236.heic.webp
[2026-04-17T16:54:36.600Z] [DOWNLOADED] genko_cosplay_1687876485_3134457598796466809_13826729236.heic.webp | https://e-hentai.org/s/fb23a25092/2917545-458
[2026-04-17T16:54:36.604Z] [+] #458 | genko_cosplay_1687876485_3134457598796466809_13826729236.heic.webp
[2026-04-17T16:54:39.045Z] [DOWNLOADED] genko_cosplay_1687876485_3134457598787988025_13826729236.heic.webp | https://e-hentai.org/s/4f32e4e324/2917545-459
[2026-04-17T16:54:39.049Z] [+] #459 | genko_cosplay_1687876485_3134457598787988025_13826729236.heic.webp
[2026-04-17T16:54:41.405Z] [DOWNLOADED] genko_cosplay_1687515747_3131431512194002205_13826729236.heic.jpg | https://e-hentai.org/s/cff298b3a3/2917545-460
[2026-04-17T16:54:41.409Z] [+] #460 | genko_cosplay_1687515747_3131431512194002205_13826729236.heic.jpg
[2026-04-17T16:54:41.693Z] [VIEWER] Round 460 | Collected: 460
[2026-04-17T16:54:43.860Z] [DOWNLOADED] genko_cosplay_1687515747_3131431512193972232_13826729236.heic.jpg | https://e-hentai.org/s/19682c7e3a/2917545-461
[2026-04-17T16:54:43.867Z] [+] #461 | genko_cosplay_1687515747_3131431512193972232_13826729236.heic.jpg
[2026-04-17T16:54:46.419Z] [DOWNLOADED] genko_cosplay_1687515747_3131431512185575333_13826729236.heic.jpg | https://e-hentai.org/s/f27105d80b/2917545-462
[2026-04-17T16:54:46.423Z] [+] #462 | genko_cosplay_1687515747_3131431512185575333_13826729236.heic.jpg
[2026-04-17T16:54:48.402Z] [DOWNLOADED] genko_cosplay_1687515747_3131431512185552340_13826729236.heic.jpg | https://e-hentai.org/s/98d34f2a82/2917545-463
[2026-04-17T16:54:48.406Z] [+] #463 | genko_cosplay_1687515747_3131431512185552340_13826729236.heic.jpg
[2026-04-17T16:54:50.594Z] [DOWNLOADED] genko_cosplay_1687187210_3128675546964803629_13826729236.heic.jpg | https://e-hentai.org/s/b85647bd77/2917545-464
[2026-04-17T16:54:50.598Z] [+] #464 | genko_cosplay_1687187210_3128675546964803629_13826729236.heic.jpg
[2026-04-17T16:54:52.781Z] [DOWNLOADED] genko_cosplay_1687187210_3128675546964782588_13826729236.heic.jpg | https://e-hentai.org/s/17ff84ff25/2917545-465
[2026-04-17T16:54:52.788Z] [+] #465 | genko_cosplay_1687187210_3128675546964782588_13826729236.heic.jpg
[2026-04-17T16:54:55.042Z] [DOWNLOADED] genko_cosplay_1687187210_3128675546880934976_13826729236.heic.jpg | https://e-hentai.org/s/f81a97a260/2917545-466
[2026-04-17T16:54:55.046Z] [+] #466 | genko_cosplay_1687187210_3128675546880934976_13826729236.heic.jpg
[2026-04-17T16:54:59.178Z] [DOWNLOADED] genko_cosplay_1687187210_3128675546729817767_13826729236.heic.jpg | https://e-hentai.org/s/940913c1d3/2917545-467
[2026-04-17T16:54:59.182Z] [+] #467 | genko_cosplay_1687187210_3128675546729817767_13826729236.heic.jpg
[2026-04-17T16:55:02.862Z] [DOWNLOADED] genko_cosplay_1686915251_3126394187575685611_13826729236.heic.jpg | https://e-hentai.org/s/1015a97730/2917545-468
[2026-04-17T16:55:02.864Z] [+] #468 | genko_cosplay_1686915251_3126394187575685611_13826729236.heic.jpg
[2026-04-17T16:55:04.848Z] [DOWNLOADED] genko_cosplay_1686740499_3124928257507187242_13826729236.heic.jpg | https://e-hentai.org/s/bc3c85f769/2917545-469
[2026-04-17T16:55:04.852Z] [+] #469 | genko_cosplay_1686740499_3124928257507187242_13826729236.heic.jpg
[2026-04-17T16:55:07.186Z] [DOWNLOADED] genko_cosplay_1686740499_3124928257506961766_13826729236.heic.jpg | https://e-hentai.org/s/0f53bb1e5d/2917545-470
[2026-04-17T16:55:07.193Z] [+] #470 | genko_cosplay_1686740499_3124928257506961766_13826729236.heic.jpg
[2026-04-17T16:55:09.359Z] [DOWNLOADED] genko_cosplay_1686740499_3124928257506955276_13826729236.heic.jpg | https://e-hentai.org/s/9112e004aa/2917545-471
[2026-04-17T16:55:09.361Z] [+] #471 | genko_cosplay_1686740499_3124928257506955276_13826729236.heic.jpg
[2026-04-17T16:55:20.292Z] [DOWNLOADED] genko_cosplay_1686384612_3121942862381154766_13826729236.heic.webp | https://e-hentai.org/s/6938af9bae/2917545-472
[2026-04-17T16:55:20.293Z] [+] #472 | genko_cosplay_1686384612_3121942862381154766_13826729236.heic.webp
[2026-04-17T16:55:22.420Z] [DOWNLOADED] genko_cosplay_1686378025_3121887609321250965_13826729236.heic.jpg | https://e-hentai.org/s/4035bf649a/2917545-473
[2026-04-17T16:55:22.425Z] [+] #473 | genko_cosplay_1686378025_3121887609321250965_13826729236.heic.jpg
[2026-04-17T16:55:24.718Z] [DOWNLOADED] genko_cosplay_1686378025_3121887609195453165_13826729236.heic.jpg | https://e-hentai.org/s/89924f0485/2917545-474
[2026-04-17T16:55:24.723Z] [+] #474 | genko_cosplay_1686378025_3121887609195453165_13826729236.heic.jpg
[2026-04-17T16:55:26.919Z] [DOWNLOADED] genko_cosplay_1686213313_3120505902714267755_13826729236.heic.webp | https://e-hentai.org/s/0f9a1e8963/2917545-475
[2026-04-17T16:55:26.924Z] [+] #475 | genko_cosplay_1686213313_3120505902714267755_13826729236.heic.webp
[2026-04-17T16:55:28.884Z] [DOWNLOADED] genko_cosplay_1686132702_3119829686017458326_13826729236.heic.jpg | https://e-hentai.org/s/079db47041/2917545-476
[2026-04-17T16:55:28.886Z] [+] #476 | genko_cosplay_1686132702_3119829686017458326_13826729236.heic.jpg
[2026-04-17T16:55:31.256Z] [DOWNLOADED] genko_cosplay_1686132702_3119829686009148624_13826729236.heic.jpg | https://e-hentai.org/s/4f22f171ca/2917545-477
[2026-04-17T16:55:31.262Z] [+] #477 | genko_cosplay_1686132702_3119829686009148624_13826729236.heic.jpg
[2026-04-17T16:55:33.552Z] [DOWNLOADED] genko_cosplay_1685881678_3117723946549002321_13826729236.heic.webp | https://e-hentai.org/s/d2a6264a9e/2917545-478
[2026-04-17T16:55:33.557Z] [+] #478 | genko_cosplay_1685881678_3117723946549002321_13826729236.heic.webp
[2026-04-17T16:55:35.936Z] [DOWNLOADED] genko_cosplay_1685881678_3117723946373084490_13826729236.heic.webp | https://e-hentai.org/s/066cf04adb/2917545-479
[2026-04-17T16:55:35.941Z] [+] #479 | genko_cosplay_1685881678_3117723946373084490_13826729236.heic.webp
[2026-04-17T16:55:38.182Z] [DOWNLOADED] genko_cosplay_1685783479_3116900195226005006_13826729236.heic.webp | https://e-hentai.org/s/fd45fbf51d/2917545-480
[2026-04-17T16:55:38.186Z] [+] #480 | genko_cosplay_1685783479_3116900195226005006_13826729236.heic.webp
[2026-04-17T16:55:38.488Z] [VIEWER] Round 480 | Collected: 480
[2026-04-17T16:55:40.538Z] [DOWNLOADED] genko_cosplay_1685701924_3116216063558804390_13826729236.heic.jpg | https://e-hentai.org/s/af8cd221a6/2917545-481
[2026-04-17T16:55:40.540Z] [+] #481 | genko_cosplay_1685701924_3116216063558804390_13826729236.heic.jpg
[2026-04-17T16:55:43.684Z] [DOWNLOADED] genko_cosplay_1685701924_3116216063558720424_13826729236.heic.jpg | https://e-hentai.org/s/8a69dce2c8/2917545-482
[2026-04-17T16:55:43.688Z] [+] #482 | genko_cosplay_1685701924_3116216063558720424_13826729236.heic.jpg
[2026-04-17T16:55:45.897Z] [DOWNLOADED] genko_cosplay_1685701924_3116216063407847497_13826729236.heic.jpg | https://e-hentai.org/s/8108bbce17/2917545-483
[2026-04-17T16:55:45.902Z] [+] #483 | genko_cosplay_1685701924_3116216063407847497_13826729236.heic.jpg
[2026-04-17T16:55:48.459Z] [DOWNLOADED] genko_cosplay_1685701924_3116216063407824692_13826729236.heic.jpg | https://e-hentai.org/s/69b73a0148/2917545-484
[2026-04-17T16:55:48.464Z] [+] #484 | genko_cosplay_1685701924_3116216063407824692_13826729236.heic.jpg
[2026-04-17T16:55:50.478Z] [DOWNLOADED] genko_cosplay_1685701924_3116216063407723233_13826729236.heic.jpg | https://e-hentai.org/s/57239b64ab/2917545-485
[2026-04-17T16:55:50.483Z] [+] #485 | genko_cosplay_1685701924_3116216063407723233_13826729236.heic.jpg
[2026-04-17T16:55:52.857Z] [DOWNLOADED] genko_cosplay_1685701924_3116216063407694491_13826729236.heic.jpg | https://e-hentai.org/s/7faa845a6d/2917545-486
[2026-04-17T16:55:52.862Z] [+] #486 | genko_cosplay_1685701924_3116216063407694491_13826729236.heic.jpg
[2026-04-17T16:55:55.170Z] [DOWNLOADED] genko_cosplay_1685701924_3116216063399443253_13826729236.heic.jpg | https://e-hentai.org/s/546d3dd446/2917545-487
[2026-04-17T16:55:55.174Z] [+] #487 | genko_cosplay_1685701924_3116216063399443253_13826729236.heic.jpg
[2026-04-17T16:55:57.174Z] [DOWNLOADED] genko_cosplay_1685624623_3115567617256551860_13826729236.heic.jpg | https://e-hentai.org/s/e94cad20ce/2917545-488
[2026-04-17T16:55:57.175Z] [+] #488 | genko_cosplay_1685624623_3115567617256551860_13826729236.heic.jpg
[2026-04-17T16:55:59.370Z] [DOWNLOADED] genko_cosplay_1685532202_3114792327441991696_13826729236.heic.jpg | https://e-hentai.org/s/73ae9c3c88/2917545-489
[2026-04-17T16:55:59.374Z] [+] #489 | genko_cosplay_1685532202_3114792327441991696_13826729236.heic.jpg
[2026-04-17T16:56:04.535Z] [DOWNLOADED] genko_cosplay_1685445336_3114063643978426872_13826729236.heic.webp | https://e-hentai.org/s/4e94a86d8d/2917545-490
[2026-04-17T16:56:04.541Z] [+] #490 | genko_cosplay_1685445336_3114063643978426872_13826729236.heic.webp
[2026-04-17T16:56:06.974Z] [DOWNLOADED] genko_cosplay_1685366574_3113402944394422561_13826729236.heic.jpg | https://e-hentai.org/s/70875ca44e/2917545-491
[2026-04-17T16:56:06.976Z] [+] #491 | genko_cosplay_1685366574_3113402944394422561_13826729236.heic.jpg
[2026-04-17T16:56:09.300Z] [DOWNLOADED] genko_cosplay_1685366574_3113402944268783730_13826729236.heic.jpg | https://e-hentai.org/s/64d54f177d/2917545-492
[2026-04-17T16:56:09.304Z] [+] #492 | genko_cosplay_1685366574_3113402944268783730_13826729236.heic.jpg
[2026-04-17T16:56:12.002Z] [DOWNLOADED] genko_cosplay_1685366574_3113402944268586540_13826729236.heic.jpg | https://e-hentai.org/s/0f397082c2/2917545-493
[2026-04-17T16:56:12.007Z] [+] #493 | genko_cosplay_1685366574_3113402944268586540_13826729236.heic.jpg
[2026-04-17T16:56:14.323Z] [DOWNLOADED] genko_cosplay_1685126605_3111389936331836463_13826729236.heic.jpg | https://e-hentai.org/s/b453dcb6b2/2917545-494
[2026-04-17T16:56:14.328Z] [+] #494 | genko_cosplay_1685126605_3111389936331836463_13826729236.heic.jpg
[2026-04-17T16:56:16.656Z] [DOWNLOADED] genko_cosplay_1684580794_3106811344167940451_13826729236.heic.jpg | https://e-hentai.org/s/94776ea6ca/2917545-495
[2026-04-17T16:56:16.660Z] [+] #495 | genko_cosplay_1684580794_3106811344167940451_13826729236.heic.jpg
[2026-04-17T16:56:18.650Z] [DOWNLOADED] genko_cosplay_1684560993_3106645234510727520_13826729236.heic.webp | https://e-hentai.org/s/b91c995edf/2917545-496
[2026-04-17T16:56:18.655Z] [+] #496 | genko_cosplay_1684560993_3106645234510727520_13826729236.heic.webp
[2026-04-17T16:56:22.220Z] [DOWNLOADED] genko_cosplay_1684560993_3106645234469019466_13826729236.heic.webp | https://e-hentai.org/s/811cdf265e/2917545-497
[2026-04-17T16:56:22.225Z] [+] #497 | genko_cosplay_1684560993_3106645234469019466_13826729236.heic.webp
[2026-04-17T16:56:24.483Z] [DOWNLOADED] genko_cosplay_1684560993_3106645234460648423_13826729236.heic.webp | https://e-hentai.org/s/0abf81ac07/2917545-498
[2026-04-17T16:56:24.487Z] [+] #498 | genko_cosplay_1684560993_3106645234460648423_13826729236.heic.webp
[2026-04-17T16:56:26.754Z] [DOWNLOADED] genko_cosplay_1684560993_3106645234460559350_13826729236.heic.jpg | https://e-hentai.org/s/82238292ea/2917545-499
[2026-04-17T16:56:26.761Z] [+] #499 | genko_cosplay_1684560993_3106645234460559350_13826729236.heic.jpg
[2026-04-17T16:56:28.787Z] [DOWNLOADED] genko_cosplay_1684560993_3106645234443662574_13826729236.heic.webp | https://e-hentai.org/s/411cbdcb77/2917545-500
[2026-04-17T16:56:28.791Z] [+] #500 | genko_cosplay_1684560993_3106645234443662574_13826729236.heic.webp
[2026-04-17T16:56:29.081Z] [VIEWER] Round 500 | Collected: 500
[2026-04-17T16:56:31.272Z] [DOWNLOADED] genko_cosplay_1684237141_3103928569190637370_13826729236.heic.webp | https://e-hentai.org/s/8b1017d61a/2917545-501
[2026-04-17T16:56:31.277Z] [+] #501 | genko_cosplay_1684237141_3103928569190637370_13826729236.heic.webp
[2026-04-17T16:56:34.035Z] [DOWNLOADED] genko_cosplay_1684237141_3103928568989207165_13826729236.heic.webp | https://e-hentai.org/s/4ead9f1439/2917545-502
[2026-04-17T16:56:34.040Z] [+] #502 | genko_cosplay_1684237141_3103928568989207165_13826729236.heic.webp
[2026-04-17T16:56:36.454Z] [DOWNLOADED] genko_cosplay_1684237141_3103928568989196878_13826729236.heic.webp | https://e-hentai.org/s/ef1c22a812/2917545-503
[2026-04-17T16:56:36.459Z] [+] #503 | genko_cosplay_1684237141_3103928568989196878_13826729236.heic.webp
[2026-04-17T16:56:38.439Z] [DOWNLOADED] genko_cosplay_1683973466_3101716708412033719_13826729236.heic.jpg | https://e-hentai.org/s/09f18fb3dc/2917545-504
[2026-04-17T16:56:38.444Z] [+] #504 | genko_cosplay_1683973466_3101716708412033719_13826729236.heic.jpg
[2026-04-17T16:56:40.848Z] [DOWNLOADED] genko_cosplay_1683911669_3101198313065280870_13826729236.heic.webp | https://e-hentai.org/s/2c35005f6f/2917545-505
[2026-04-17T16:56:40.853Z] [+] #505 | genko_cosplay_1683911669_3101198313065280870_13826729236.heic.webp
[2026-04-17T16:56:43.262Z] [DOWNLOADED] genko_cosplay_1683631686_3098849649550188318_13826729236.heic.webp | https://e-hentai.org/s/88d2f5ba17/2917545-506
[2026-04-17T16:56:43.268Z] [+] #506 | genko_cosplay_1683631686_3098849649550188318_13826729236.heic.webp
[2026-04-17T16:56:45.809Z] [DOWNLOADED] genko_cosplay_1683547311_3098141856262300387_13826729236.heic.jpg | https://e-hentai.org/s/c26f4f417e/2917545-507
[2026-04-17T16:56:45.814Z] [+] #507 | genko_cosplay_1683547311_3098141856262300387_13826729236.heic.jpg
[2026-04-17T16:56:47.785Z] [DOWNLOADED] genko_cosplay_1683547311_3098141855960428170_13826729236.heic.jpg | https://e-hentai.org/s/1249acd965/2917545-508
[2026-04-17T16:56:47.790Z] [+] #508 | genko_cosplay_1683547311_3098141855960428170_13826729236.heic.jpg
[2026-04-17T16:56:50.106Z] [DOWNLOADED] genko_cosplay_1683547277_3098141571309840871_13826729236.heic.jpg | https://e-hentai.org/s/33a05108c0/2917545-509
[2026-04-17T16:56:50.111Z] [+] #509 | genko_cosplay_1683547277_3098141571309840871_13826729236.heic.jpg
[2026-04-17T16:56:52.638Z] [DOWNLOADED] genko_cosplay_1683547277_3098141571234144464_13826729236.heic.jpg | https://e-hentai.org/s/b954edb7cc/2917545-510
[2026-04-17T16:56:52.643Z] [+] #510 | genko_cosplay_1683547277_3098141571234144464_13826729236.heic.jpg
[2026-04-17T16:56:54.991Z] [DOWNLOADED] genko_cosplay_1683369341_3096648933717009057_13826729236.heic.jpg | https://e-hentai.org/s/dca83f202b/2917545-511
[2026-04-17T16:56:54.996Z] [+] #511 | genko_cosplay_1683369341_3096648933717009057_13826729236.heic.jpg
[2026-04-17T16:56:57.414Z] [DOWNLOADED] genko_cosplay_1683369341_3096648933540712261_13826729236.heic.jpg | https://e-hentai.org/s/76789d456b/2917545-512
[2026-04-17T16:56:57.421Z] [+] #512 | genko_cosplay_1683369341_3096648933540712261_13826729236.heic.jpg
[2026-04-17T16:56:59.702Z] [DOWNLOADED] genko_cosplay_1683211628_3095325943808955198_13826729236.webp.jpg | https://e-hentai.org/s/cf34f84199/2917545-513
[2026-04-17T16:56:59.709Z] [+] #513 | genko_cosplay_1683211628_3095325943808955198_13826729236.webp.jpg
[2026-04-17T16:57:02.152Z] [DOWNLOADED] genko_cosplay_1683199170_3095221437741962320_13826729236.webp.jpg | https://e-hentai.org/s/c60047d12b/2917545-514
[2026-04-17T16:57:02.157Z] [+] #514 | genko_cosplay_1683199170_3095221437741962320_13826729236.webp.jpg
[2026-04-17T16:57:04.175Z] [DOWNLOADED] genko_cosplay_1683199170_3095221437591017232_13826729236.webp.jpg | https://e-hentai.org/s/e67ee7994a/2917545-515
[2026-04-17T16:57:04.180Z] [+] #515 | genko_cosplay_1683199170_3095221437591017232_13826729236.webp.jpg
[2026-04-17T16:57:06.432Z] [DOWNLOADED] genko_cosplay_1683199170_3095221437582633198_13826729236.webp.jpg | https://e-hentai.org/s/6d13daf9ce/2917545-516
[2026-04-17T16:57:06.437Z] [+] #516 | genko_cosplay_1683199170_3095221437582633198_13826729236.webp.jpg
[2026-04-17T16:57:08.690Z] [DOWNLOADED] genko_cosplay_1682915418_3092841157083716245_13826729236.webp.jpg | https://e-hentai.org/s/8158070f0d/2917545-517
[2026-04-17T16:57:08.695Z] [+] #517 | genko_cosplay_1682915418_3092841157083716245_13826729236.webp.jpg
[2026-04-17T16:57:10.950Z] [DOWNLOADED] genko_cosplay_1682915418_3092841157075167401_13826729236.webp.jpg | https://e-hentai.org/s/265944a29c/2917545-518
[2026-04-17T16:57:10.955Z] [+] #518 | genko_cosplay_1682915418_3092841157075167401_13826729236.webp.jpg
[2026-04-17T16:57:12.972Z] [DOWNLOADED] genko_cosplay_1682915418_3092841157058565930_13826729236.webp.jpg | https://e-hentai.org/s/b999e76bd7/2917545-519
[2026-04-17T16:57:12.975Z] [+] #519 | genko_cosplay_1682915418_3092841157058565930_13826729236.webp.jpg
[2026-04-17T16:57:15.535Z] [DOWNLOADED] genko_cosplay_1682782521_3091726333203105357_13826729236.webp.jpg | https://e-hentai.org/s/36ecb50760/2917545-520
[2026-04-17T16:57:15.540Z] [+] #520 | genko_cosplay_1682782521_3091726333203105357_13826729236.webp.jpg
[2026-04-17T16:57:15.814Z] [VIEWER] Round 520 | Collected: 520
[2026-04-17T16:57:17.835Z] [DOWNLOADED] genko_cosplay_1688753884_3141817757516672979_13826729236.heic.jpg | https://e-hentai.org/s/e63caea7d8/2917545-521
[2026-04-17T16:57:17.840Z] [+] #521 | genko_cosplay_1688753884_3141817757516672979_13826729236.heic.jpg
[2026-04-17T16:57:20.650Z] [DOWNLOADED] genko_cosplay_1682782521_3091726333010157424_13826729236.webp.jpg | https://e-hentai.org/s/9caaefd97b/2917545-522
[2026-04-17T16:57:20.655Z] [+] #522 | genko_cosplay_1682782521_3091726333010157424_13826729236.webp.jpg
[2026-04-17T16:57:23.282Z] [DOWNLOADED] genko_cosplay_1682782521_3091726333009995627_13826729236.webp.jpg | https://e-hentai.org/s/8d69190b2a/2917545-523
[2026-04-17T16:57:23.287Z] [+] #523 | genko_cosplay_1682782521_3091726333009995627_13826729236.webp.jpg
[2026-04-17T16:57:25.568Z] [DOWNLOADED] genko_cosplay_1682680015_3090866451851552766_13826729236.webp.jpg | https://e-hentai.org/s/bb80547a8d/2917545-524
[2026-04-17T16:57:25.569Z] [+] #524 | genko_cosplay_1682680015_3090866451851552766_13826729236.webp.jpg
[2026-04-17T16:57:27.778Z] [DOWNLOADED] genko_cosplay_1682680015_3090866451725754509_13826729236.webp.jpg | https://e-hentai.org/s/326b4cb897/2917545-525
[2026-04-17T16:57:27.783Z] [+] #525 | genko_cosplay_1682680015_3090866451725754509_13826729236.webp.jpg
[2026-04-17T16:57:30.007Z] [DOWNLOADED] genko_cosplay_1682679984_3090866190152186301_13826729236.webp.jpg | https://e-hentai.org/s/16559c4461/2917545-526
[2026-04-17T16:57:30.012Z] [+] #526 | genko_cosplay_1682679984_3090866190152186301_13826729236.webp.jpg
[2026-04-17T16:57:32.233Z] [DOWNLOADED] genko_cosplay_1682679984_3090866190143804254_13826729236.webp.jpg | https://e-hentai.org/s/a9b4ab8d84/2917545-527
[2026-04-17T16:57:32.241Z] [+] #527 | genko_cosplay_1682679984_3090866190143804254_13826729236.webp.jpg
[2026-04-17T16:57:34.580Z] [DOWNLOADED] genko_cosplay_1682439835_3088851673255830043_13826729236.webp.jpg | https://e-hentai.org/s/a9b6ded658/2917545-528
[2026-04-17T16:57:34.583Z] [+] #528 | genko_cosplay_1682439835_3088851673255830043_13826729236.webp.jpg
[2026-04-17T16:57:37.319Z] [DOWNLOADED] genko_cosplay_1682077943_3085815903800719246_13826729236.webp.jpg | https://e-hentai.org/s/bc9615f1e1/2917545-529
[2026-04-17T16:57:37.324Z] [+] #529 | genko_cosplay_1682077943_3085815903800719246_13826729236.webp.jpg
[2026-04-17T16:57:39.565Z] [DOWNLOADED] genko_cosplay_1682077943_3085815903674763491_13826729236.webp.jpg | https://e-hentai.org/s/1d0e02c1e2/2917545-530
[2026-04-17T16:57:39.567Z] [+] #530 | genko_cosplay_1682077943_3085815903674763491_13826729236.webp.jpg
[2026-04-17T16:57:41.843Z] [DOWNLOADED] genko_cosplay_1682077943_3085815903674763206_13826729236.webp.jpg | https://e-hentai.org/s/7135b588c6/2917545-531
[2026-04-17T16:57:41.846Z] [+] #531 | genko_cosplay_1682077943_3085815903674763206_13826729236.webp.jpg
[2026-04-17T16:57:44.030Z] [DOWNLOADED] genko_cosplay_1682077943_3085815903666320349_13826729236.webp.jpg | https://e-hentai.org/s/9e4219fa71/2917545-532
[2026-04-17T16:57:44.035Z] [+] #532 | genko_cosplay_1682077943_3085815903666320349_13826729236.webp.jpg
[2026-04-17T16:57:46.282Z] [DOWNLOADED] genko_cosplay_1681627552_3082037753197508816_13826729236.webp.jpg | https://e-hentai.org/s/4b5a06a475/2917545-533
[2026-04-17T16:57:46.289Z] [+] #533 | genko_cosplay_1681627552_3082037753197508816_13826729236.webp.jpg
[2026-04-17T16:57:48.579Z] [DOWNLOADED] genko_cosplay_1681627505_3082037359964684744_13826729236.webp.jpg | https://e-hentai.org/s/e0672bb52a/2917545-534
[2026-04-17T16:57:48.584Z] [+] #534 | genko_cosplay_1681627505_3082037359964684744_13826729236.webp.jpg
[2026-04-17T16:57:50.688Z] [DOWNLOADED] genko_cosplay_1681627505_3082037359947831325_13826729236.webp.jpg | https://e-hentai.org/s/3e63cdd9c6/2917545-535
[2026-04-17T16:57:50.689Z] [+] #535 | genko_cosplay_1681627505_3082037359947831325_13826729236.webp.jpg
[2026-04-17T16:57:52.809Z] [DOWNLOADED] genko_cosplay_1681627505_3082037359931084621_13826729236.webp.jpg | https://e-hentai.org/s/f30a616a96/2917545-536
[2026-04-17T16:57:52.814Z] [+] #536 | genko_cosplay_1681627505_3082037359931084621_13826729236.webp.jpg
[2026-04-17T16:57:55.102Z] [DOWNLOADED] genko_cosplay_1681565169_3081514447052386025_13826729236.webp.jpg | https://e-hentai.org/s/a9433069ba/2917545-537
[2026-04-17T16:57:55.107Z] [+] #537 | genko_cosplay_1681565169_3081514447052386025_13826729236.webp.jpg
[2026-04-17T16:57:57.094Z] [DOWNLOADED] genko_cosplay_1681565169_3081514447052273596_13826729236.webp.jpg | https://e-hentai.org/s/ba470b2de7/2917545-538
[2026-04-17T16:57:57.099Z] [+] #538 | genko_cosplay_1681565169_3081514447052273596_13826729236.webp.jpg
[2026-04-17T17:00:14.641Z] [ERROR] downloadImage https://jafsrsk.kjsljsrhqbjq.hath.network:13443/h/9cb63de3a40bce238c3454efbe5d429e7653f16e-166921-1080-1350-jpg/keystamp=1776445500-4ba9c947f3;fileindex=149111146;xres=org/genko_cosplay_1681565089_3081513770896904963_13826729236.webp.jpg: connect ETIMEDOUT 125.229.151.113:13443
[2026-04-17T17:00:16.973Z] [DOWNLOADED] genko_cosplay_1681565089_3081513770787911524_13826729236.webp.jpg | https://e-hentai.org/s/f810676364/2917545-540
[2026-04-17T17:00:16.978Z] [+] #539 | genko_cosplay_1681565089_3081513770787911524_13826729236.webp.jpg
[2026-04-17T17:00:17.295Z] [VIEWER] Round 540 | Collected: 539
[2026-04-17T17:00:19.372Z] [DOWNLOADED] genko_cosplay_1681381267_3079971765203259042_13826729236.webp.jpg | https://e-hentai.org/s/4463bd42f9/2917545-541
[2026-04-17T17:00:19.377Z] [+] #540 | genko_cosplay_1681381267_3079971765203259042_13826729236.webp.jpg
[2026-04-17T17:00:21.746Z] [DOWNLOADED] genko_cosplay_1681381267_3079971765194867815_13826729236.webp.jpg | https://e-hentai.org/s/69bec73038/2917545-542
[2026-04-17T17:00:21.747Z] [+] #541 | genko_cosplay_1681381267_3079971765194867815_13826729236.webp.jpg
[2026-04-17T17:00:24.161Z] [DOWNLOADED] genko_cosplay_1681381267_3079971765178180879_13826729236.webp.jpg | https://e-hentai.org/s/0ac3f5454b/2917545-543
[2026-04-17T17:00:24.166Z] [+] #542 | genko_cosplay_1681381267_3079971765178180879_13826729236.webp.jpg
[2026-04-17T17:00:26.430Z] [DOWNLOADED] genko_cosplay_1681235359_3078747798561817111_13826729236.webp.jpg | https://e-hentai.org/s/64602e5683/2917545-544
[2026-04-17T17:00:26.435Z] [+] #543 | genko_cosplay_1681235359_3078747798561817111_13826729236.webp.jpg
[2026-04-17T17:00:28.657Z] [DOWNLOADED] genko_cosplay_1681235359_3078747798553339343_13826729236.webp.jpg | https://e-hentai.org/s/13094e6cc3/2917545-545
[2026-04-17T17:00:28.663Z] [+] #544 | genko_cosplay_1681235359_3078747798553339343_13826729236.webp.jpg
[2026-04-17T17:00:30.973Z] [DOWNLOADED] genko_cosplay_1681235341_3078747649831655547_13826729236.webp.jpg | https://e-hentai.org/s/9fa20ff2a5/2917545-546
[2026-04-17T17:00:30.978Z] [+] #545 | genko_cosplay_1681235341_3078747649831655547_13826729236.webp.jpg
[2026-04-17T17:00:33.369Z] [DOWNLOADED] genko_cosplay_1681121854_3077795650214613345_13826729236.webp.jpg | https://e-hentai.org/s/7dfbc26782/2917545-547
[2026-04-17T17:00:33.377Z] [+] #546 | genko_cosplay_1681121854_3077795650214613345_13826729236.webp.jpg
[2026-04-17T17:00:35.709Z] [DOWNLOADED] genko_cosplay_1681121854_3077795650097251599_13826729236.webp.jpg | https://e-hentai.org/s/81e36fd138/2917545-548
[2026-04-17T17:00:35.715Z] [+] #547 | genko_cosplay_1681121854_3077795650097251599_13826729236.webp.jpg
[2026-04-17T17:00:38.688Z] [DOWNLOADED] genko_cosplay_1681121854_3077795650055231093_13826729236.webp.jpg | https://e-hentai.org/s/2ebd948ec3/2917545-549
[2026-04-17T17:00:38.693Z] [+] #548 | genko_cosplay_1681121854_3077795650055231093_13826729236.webp.jpg
[2026-04-17T17:00:40.976Z] [DOWNLOADED] genko_cosplay_1681121829_3077795436036749616_13826729236.webp.jpg | https://e-hentai.org/s/385df4cfd8/2917545-550
[2026-04-17T17:00:40.982Z] [+] #549 | genko_cosplay_1681121829_3077795436036749616_13826729236.webp.jpg
[2026-04-17T17:00:43.209Z] [DOWNLOADED] genko_cosplay_1681037173_3077085293383041828_13826729236.webp.jpg | https://e-hentai.org/s/fe17d6e0fe/2917545-551
[2026-04-17T17:00:43.214Z] [+] #550 | genko_cosplay_1681037173_3077085293383041828_13826729236.webp.jpg
[2026-04-17T17:00:45.528Z] [DOWNLOADED] genko_cosplay_1681037158_3077085166312573621_13826729236.webp.jpg | https://e-hentai.org/s/3fd8f92d15/2917545-552
[2026-04-17T17:00:45.533Z] [+] #551 | genko_cosplay_1681037158_3077085166312573621_13826729236.webp.jpg
[2026-04-17T17:00:47.847Z] [DOWNLOADED] genko_cosplay_1680870385_3075686178117839254_13826729236.webp.webp | https://e-hentai.org/s/a6cb5a6b45/2917545-553
[2026-04-17T17:00:47.852Z] [+] #552 | genko_cosplay_1680870385_3075686178117839254_13826729236.webp.webp
[2026-04-17T17:00:49.995Z] [DOWNLOADED] genko_cosplay_1680870385_3075686178117717877_13826729236.webp.webp | https://e-hentai.org/s/05915140dd/2917545-554
[2026-04-17T17:00:50.000Z] [+] #553 | genko_cosplay_1680870385_3075686178117717877_13826729236.webp.webp
[2026-04-17T17:00:52.239Z] [DOWNLOADED] genko_cosplay_1680850091_3075515932977482149_13826729236.webp.webp | https://e-hentai.org/s/26f78d961f/2917545-555
[2026-04-17T17:00:52.247Z] [+] #554 | genko_cosplay_1680850091_3075515932977482149_13826729236.webp.webp
[2026-04-17T17:00:54.656Z] [DOWNLOADED] genko_cosplay_1680850091_3075515932927199798_13826729236.webp.jpg | https://e-hentai.org/s/26d7af03ad/2917545-556
[2026-04-17T17:00:54.664Z] [+] #555 | genko_cosplay_1680850091_3075515932927199798_13826729236.webp.jpg
[2026-04-17T17:00:57.522Z] [DOWNLOADED] genko_cosplay_1680777139_3074903972212896465_13826729236.webp.webp | https://e-hentai.org/s/e296f608fe/2917545-557
[2026-04-17T17:00:57.530Z] [+] #556 | genko_cosplay_1680777139_3074903972212896465_13826729236.webp.webp
[2026-04-17T17:00:59.843Z] [DOWNLOADED] genko_cosplay_1680777139_3074903972195895116_13826729236.webp.webp | https://e-hentai.org/s/7f2b3c67ef/2917545-558
[2026-04-17T17:00:59.851Z] [+] #557 | genko_cosplay_1680777139_3074903972195895116_13826729236.webp.webp
[2026-04-17T17:01:02.013Z] [DOWNLOADED] genko_cosplay_1680777078_3074903462202169785_13826729236.webp.webp | https://e-hentai.org/s/89aa122641/2917545-559
[2026-04-17T17:01:02.018Z] [+] #558 | genko_cosplay_1680777078_3074903462202169785_13826729236.webp.webp
[2026-04-17T17:01:04.180Z] [DOWNLOADED] genko_cosplay_1680777078_3074903462193662205_13826729236.webp.webp | https://e-hentai.org/s/0cd2744e35/2917545-560
[2026-04-17T17:01:04.185Z] [+] #559 | genko_cosplay_1680777078_3074903462193662205_13826729236.webp.webp
[2026-04-17T17:01:04.471Z] [VIEWER] Round 560 | Collected: 559
[2026-04-17T17:01:06.623Z] [DOWNLOADED] genko_cosplay_1680764564_3074798483042865938_13826729236.webp.jpg | https://e-hentai.org/s/53f87cbb71/2917545-561
[2026-04-17T17:01:06.628Z] [+] #560 | genko_cosplay_1680764564_3074798483042865938_13826729236.webp.jpg
[2026-04-17T17:01:08.949Z] [DOWNLOADED] genko_cosplay_1680611010_3073510375586265352_13826729236.webp.jpg | https://e-hentai.org/s/5bf6f52078/2917545-562
[2026-04-17T17:01:08.955Z] [+] #561 | genko_cosplay_1680611010_3073510375586265352_13826729236.webp.jpg
[2026-04-17T17:01:10.974Z] [DOWNLOADED] genko_cosplay_1680610998_3073510280534857712_13826729236.webp.jpg | https://e-hentai.org/s/1537d6e00e/2917545-563
[2026-04-17T17:01:10.979Z] [+] #562 | genko_cosplay_1680610998_3073510280534857712_13826729236.webp.jpg
[2026-04-17T17:01:19.713Z] [DOWNLOADED] genko_cosplay_1680523589_3072777039548976614_13826729236.webp.webp | https://e-hentai.org/s/e013694745/2917545-564
[2026-04-17T17:01:19.717Z] [+] #563 | genko_cosplay_1680523589_3072777039548976614_13826729236.webp.webp
[2026-04-17T17:01:22.167Z] [DOWNLOADED] genko_cosplay_1680347654_3071301193146597076_13826729236.webp.webp | https://e-hentai.org/s/ff6016b953/2917545-565
[2026-04-17T17:01:22.173Z] [+] #564 | genko_cosplay_1680347654_3071301193146597076_13826729236.webp.webp
[2026-04-17T17:01:24.500Z] [DOWNLOADED] genko_cosplay_1680267786_3070631210260262102_13826729236.webp.jpg | https://e-hentai.org/s/8cefcd1f43/2917545-566
[2026-04-17T17:01:24.502Z] [+] #565 | genko_cosplay_1680267786_3070631210260262102_13826729236.webp.jpg
[2026-04-17T17:01:26.827Z] [DOWNLOADED] genko_cosplay_1680267786_3070631210251917749_13826729236.webp.jpg | https://e-hentai.org/s/2b96f832ad/2917545-567
[2026-04-17T17:01:26.830Z] [+] #566 | genko_cosplay_1680267786_3070631210251917749_13826729236.webp.jpg
[2026-04-17T17:01:29.118Z] [DOWNLOADED] genko_cosplay_1680267786_3070631210084127477_13826729236.webp.jpg | https://e-hentai.org/s/4a54ecb35f/2917545-568
[2026-04-17T17:01:29.124Z] [+] #567 | genko_cosplay_1680267786_3070631210084127477_13826729236.webp.jpg
[2026-04-17T17:01:31.612Z] [DOWNLOADED] genko_cosplay_1680267786_3070631210084088559_13826729236.webp.jpg | https://e-hentai.org/s/86a3fb1fdf/2917545-569
[2026-04-17T17:01:31.618Z] [+] #568 | genko_cosplay_1680267786_3070631210084088559_13826729236.webp.jpg
[2026-04-17T17:01:34.185Z] [DOWNLOADED] genko_cosplay_1680180433_3069898434263282212_13826729236.webp.webp | https://e-hentai.org/s/93fbcb5111/2917545-570
[2026-04-17T17:01:34.191Z] [+] #569 | genko_cosplay_1680180433_3069898434263282212_13826729236.webp.webp
[2026-04-17T17:01:36.741Z] [DOWNLOADED] genko_cosplay_1680180378_3069897977503500114_13826729236.webp.webp | https://e-hentai.org/s/67c50bfe40/2917545-571
[2026-04-17T17:01:36.746Z] [+] #570 | genko_cosplay_1680180378_3069897977503500114_13826729236.webp.webp
[2026-04-17T17:01:38.812Z] [DOWNLOADED] genko_cosplay_1680098557_3069211608393415253_13826729236.webp.webp | https://e-hentai.org/s/7395c10f39/2917545-572
[2026-04-17T17:01:38.817Z] [+] #571 | genko_cosplay_1680098557_3069211608393415253_13826729236.webp.webp
[2026-04-17T17:01:40.813Z] [DOWNLOADED] genko_cosplay_1680098537_3069211441074160850_13826729236.webp.webp | https://e-hentai.org/s/2b1774a646/2917545-573
[2026-04-17T17:01:40.819Z] [+] #572 | genko_cosplay_1680098537_3069211441074160850_13826729236.webp.webp
[2026-04-17T17:01:42.932Z] [DOWNLOADED] genko_cosplay_1679737111_3066179581824174309_13826729236.webp.jpg | https://e-hentai.org/s/20a1d97efb/2917545-574
[2026-04-17T17:01:42.938Z] [+] #573 | genko_cosplay_1679737111_3066179581824174309_13826729236.webp.jpg
[2026-04-17T17:01:45.166Z] [DOWNLOADED] genko_cosplay_1679567185_3064754141351853272_13826729236.webp.webp | https://e-hentai.org/s/644bdc0b30/2917545-575
[2026-04-17T17:01:45.174Z] [+] #574 | genko_cosplay_1679567185_3064754141351853272_13826729236.webp.webp
[2026-04-17T17:01:47.707Z] [DOWNLOADED] genko_cosplay_1679567185_3064754141334990046_13826729236.webp.webp | https://e-hentai.org/s/c744797363/2917545-576
[2026-04-17T17:01:47.713Z] [+] #575 | genko_cosplay_1679567185_3064754141334990046_13826729236.webp.webp
[2026-04-17T17:01:50.275Z] [DOWNLOADED] genko_cosplay_1679486186_3064074674540922369_13826729236.webp.webp | https://e-hentai.org/s/e29d1a504f/2917545-577
[2026-04-17T17:01:50.281Z] [+] #576 | genko_cosplay_1679486186_3064074674540922369_13826729236.webp.webp
[2026-04-17T17:01:52.543Z] [DOWNLOADED] genko_cosplay_1679486144_3064074322991173114_13826729236.webp.webp | https://e-hentai.org/s/d5d5ef8edf/2917545-578
[2026-04-17T17:01:52.548Z] [+] #577 | genko_cosplay_1679486144_3064074322991173114_13826729236.webp.webp
[2026-04-17T17:01:55.015Z] [DOWNLOADED] genko_cosplay_1679317205_3062657157083738282_13826729236.webp.jpg | https://e-hentai.org/s/b62da51eeb/2917545-579
[2026-04-17T17:01:55.021Z] [+] #578 | genko_cosplay_1679317205_3062657157083738282_13826729236.webp.jpg
[2026-04-17T17:01:57.455Z] [DOWNLOADED] genko_cosplay_1679317205_3062657157067096588_13826729236.webp.jpg | https://e-hentai.org/s/0d7411a0ff/2917545-580
[2026-04-17T17:01:57.461Z] [+] #579 | genko_cosplay_1679317205_3062657157067096588_13826729236.webp.jpg
[2026-04-17T17:01:57.775Z] [VIEWER] Round 580 | Collected: 579
[2026-04-17T17:01:59.443Z] [DOWNLOADED] genko_cosplay_1679317205_3062657157058549596_13826729236.webp.jpg | https://e-hentai.org/s/56ea1315b0/2917545-581
[2026-04-17T17:01:59.451Z] [+] #580 | genko_cosplay_1679317205_3062657157058549596_13826729236.webp.jpg
[2026-04-17T17:02:01.738Z] [DOWNLOADED] genko_cosplay_1679317205_3062657157050298153_13826729236.webp.jpg | https://e-hentai.org/s/4d1c43e4e4/2917545-582
[2026-04-17T17:02:01.744Z] [+] #581 | genko_cosplay_1679317205_3062657157050298153_13826729236.webp.jpg
[2026-04-17T17:02:04.016Z] [DOWNLOADED] genko_cosplay_1679317205_3062657157050212249_13826729236.webp.jpg | https://e-hentai.org/s/b4c7bc48c9/2917545-583
[2026-04-17T17:02:04.021Z] [+] #582 | genko_cosplay_1679317205_3062657157050212249_13826729236.webp.jpg
[2026-04-17T17:02:06.483Z] [DOWNLOADED] genko_cosplay_1679317205_3062657156865773253_13826729236.webp.jpg | https://e-hentai.org/s/1ab5cc3c99/2917545-584
[2026-04-17T17:02:06.488Z] [+] #583 | genko_cosplay_1679317205_3062657156865773253_13826729236.webp.jpg
[2026-04-17T17:02:08.797Z] [DOWNLOADED] genko_cosplay_1679317205_3062657156857208331_13826729236.webp.jpg | https://e-hentai.org/s/cfbfc45509/2917545-585
[2026-04-17T17:02:08.803Z] [+] #584 | genko_cosplay_1679317205_3062657156857208331_13826729236.webp.jpg
[2026-04-17T17:02:11.159Z] [DOWNLOADED] genko_cosplay_1679316498_3062651224291143294_13826729236.webp.jpg | https://e-hentai.org/s/cc9a8a0cb7/2917545-586
[2026-04-17T17:02:11.164Z] [+] #585 | genko_cosplay_1679316498_3062651224291143294_13826729236.webp.jpg
[2026-04-17T17:02:13.173Z] [DOWNLOADED] genko_cosplay_1679316498_3062651224089768905_13826729236.webp.jpg | https://e-hentai.org/s/0060af259b/2917545-587
[2026-04-17T17:02:13.182Z] [+] #586 | genko_cosplay_1679316498_3062651224089768905_13826729236.webp.jpg
[2026-04-17T17:02:15.582Z] [DOWNLOADED] genko_cosplay_1679316460_3062650903426988149_13826729236.webp.jpg | https://e-hentai.org/s/2e481fdbd2/2917545-588
[2026-04-17T17:02:15.590Z] [+] #587 | genko_cosplay_1679316460_3062650903426988149_13826729236.webp.jpg
[2026-04-17T17:02:18.100Z] [DOWNLOADED] genko_cosplay_1679316460_3062650903233860209_13826729236.webp.jpg | https://e-hentai.org/s/8487f1fda8/2917545-589
[2026-04-17T17:02:18.106Z] [+] #588 | genko_cosplay_1679316460_3062650903233860209_13826729236.webp.jpg
[2026-04-17T17:02:20.387Z] [DOWNLOADED] genko_cosplay_1679138592_3061158839052883233_13826729236.webp.jpg | https://e-hentai.org/s/a515b0519f/2917545-590
[2026-04-17T17:02:20.393Z] [+] #589 | genko_cosplay_1679138592_3061158839052883233_13826729236.webp.jpg
[2026-04-17T17:02:22.608Z] [DOWNLOADED] genko_cosplay_1679138592_3061158839052864643_13826729236.webp.jpg | https://e-hentai.org/s/6a1c8a0c48/2917545-591
[2026-04-17T17:02:22.616Z] [+] #590 | genko_cosplay_1679138592_3061158839052864643_13826729236.webp.jpg
[2026-04-17T17:02:25.090Z] [DOWNLOADED] genko_cosplay_1679138518_3061158219923179354_13826729236.webp.jpg | https://e-hentai.org/s/bd27390b0e/2917545-592
[2026-04-17T17:02:25.098Z] [+] #591 | genko_cosplay_1679138518_3061158219923179354_13826729236.webp.jpg
[2026-04-17T17:02:27.763Z] [DOWNLOADED] genko_cosplay_1678961350_3059672030215148364_13826729236.webp.webp | https://e-hentai.org/s/6a9faad351/2917545-593
[2026-04-17T17:02:27.772Z] [+] #592 | genko_cosplay_1678961350_3059672030215148364_13826729236.webp.webp
[2026-04-17T17:02:29.861Z] [DOWNLOADED] genko_cosplay_1678879969_3058989357874247601_13826729236.webp.jpg | https://e-hentai.org/s/12d490d0ec/2917545-594
[2026-04-17T17:02:29.867Z] [+] #593 | genko_cosplay_1678879969_3058989357874247601_13826729236.webp.jpg
[2026-04-17T17:02:32.140Z] [DOWNLOADED] genko_cosplay_1678879969_3058989357874145509_13826729236.webp.jpg | https://e-hentai.org/s/bc7034c944/2917545-595
[2026-04-17T17:02:32.145Z] [+] #594 | genko_cosplay_1678879969_3058989357874145509_13826729236.webp.jpg
[2026-04-17T17:02:34.287Z] [DOWNLOADED] genko_cosplay_1678879920_3058988947092415302_13826729236.webp.jpg | https://e-hentai.org/s/917c5e118d/2917545-596
[2026-04-17T17:02:34.292Z] [+] #595 | genko_cosplay_1678879920_3058988947092415302_13826729236.webp.jpg
[2026-04-17T17:02:36.579Z] [DOWNLOADED] genko_cosplay_1678879920_3058988947092391971_13826729236.webp.jpg | https://e-hentai.org/s/52e1955329/2917545-597
[2026-04-17T17:02:36.584Z] [+] #596 | genko_cosplay_1678879920_3058988947092391971_13826729236.webp.jpg
[2026-04-17T17:02:39.000Z] [DOWNLOADED] genko_cosplay_1678797817_3058300217931207851_13826729236.webp.jpg | https://e-hentai.org/s/3923239ddc/2917545-598
[2026-04-17T17:02:39.006Z] [+] #597 | genko_cosplay_1678797817_3058300217931207851_13826729236.webp.jpg
[2026-04-17T17:02:40.982Z] [DOWNLOADED] genko_cosplay_1678711617_3057577119542293165_13826729236.webp.jpg | https://e-hentai.org/s/6312ff8c42/2917545-599
[2026-04-17T17:02:40.988Z] [+] #598 | genko_cosplay_1678711617_3057577119542293165_13826729236.webp.jpg
[2026-04-17T17:02:43.534Z] [DOWNLOADED] genko_cosplay_1678711617_3057577119525528781_13826729236.webp.jpg | https://e-hentai.org/s/8aa96dc68e/2917545-600
[2026-04-17T17:02:43.542Z] [+] #599 | genko_cosplay_1678711617_3057577119525528781_13826729236.webp.jpg
[2026-04-17T17:02:43.857Z] [VIEWER] Round 600 | Collected: 599
[2026-04-17T17:02:45.907Z] [DOWNLOADED] genko_cosplay_1678711617_3057577119508646994_13826729236.webp.jpg | https://e-hentai.org/s/aec3c94994/2917545-601
[2026-04-17T17:02:45.912Z] [+] #600 | genko_cosplay_1678711617_3057577119508646994_13826729236.webp.jpg
[2026-04-17T17:02:48.532Z] [DOWNLOADED] genko_cosplay_1678711582_3057576822115801173_13826729236.webp.jpg | https://e-hentai.org/s/0362e6901c/2917545-602
[2026-04-17T17:02:48.541Z] [+] #601 | genko_cosplay_1678711582_3057576822115801173_13826729236.webp.jpg
[2026-04-17T17:02:50.969Z] [DOWNLOADED] genko_cosplay_1678711582_3057576821797053725_13826729236.webp.jpg | https://e-hentai.org/s/5dd9997a29/2917545-603
[2026-04-17T17:02:50.974Z] [+] #602 | genko_cosplay_1678711582_3057576821797053725_13826729236.webp.jpg
[2026-04-17T17:02:53.298Z] [DOWNLOADED] genko_cosplay_1678711582_3057576821796984720_13826729236.webp.jpg | https://e-hentai.org/s/310864db42/2917545-604
[2026-04-17T17:02:53.304Z] [+] #603 | genko_cosplay_1678711582_3057576821796984720_13826729236.webp.jpg
[2026-04-17T17:02:55.531Z] [DOWNLOADED] genko_cosplay_1678711582_3057576821780169545_13826729236.webp.jpg | https://e-hentai.org/s/0b99367d4d/2917545-605
[2026-04-17T17:02:55.535Z] [+] #604 | genko_cosplay_1678711582_3057576821780169545_13826729236.webp.jpg
[2026-04-17T17:02:57.993Z] [DOWNLOADED] genko_cosplay_1678445165_3055341958660161407_13826729236.webp.jpg | https://e-hentai.org/s/c95e92e639/2917545-606
[2026-04-17T17:02:58.002Z] [+] #605 | genko_cosplay_1678445165_3055341958660161407_13826729236.webp.jpg
[2026-04-17T17:03:00.309Z] [DOWNLOADED] genko_cosplay_1678363789_3054659326314029404_13826729236.webp.jpg | https://e-hentai.org/s/670fb0f6b5/2917545-607
[2026-04-17T17:03:00.317Z] [+] #606 | genko_cosplay_1678363789_3054659326314029404_13826729236.webp.jpg
[2026-04-17T17:03:02.623Z] [DOWNLOADED] genko_cosplay_1678363789_3054659326314028543_13826729236.webp.jpg | https://e-hentai.org/s/fbbb561efc/2917545-608
[2026-04-17T17:03:02.632Z] [+] #607 | genko_cosplay_1678363789_3054659326314028543_13826729236.webp.jpg
[2026-04-17T17:03:04.843Z] [DOWNLOADED] genko_cosplay_1678363769_3054659158567145422_13826729236.webp.jpg | https://e-hentai.org/s/1d4d8f400f/2917545-609
[2026-04-17T17:03:04.848Z] [+] #608 | genko_cosplay_1678363769_3054659158567145422_13826729236.webp.jpg
[2026-04-17T17:03:07.004Z] [DOWNLOADED] genko_cosplay_1678363769_3054659158483162330_13826729236.webp.jpg | https://e-hentai.org/s/dd78c15f95/2917545-610
[2026-04-17T17:03:07.010Z] [+] #609 | genko_cosplay_1678363769_3054659158483162330_13826729236.webp.jpg
[2026-04-17T17:03:09.543Z] [DOWNLOADED] genko_cosplay_1678276775_3053929399600199684_13826729236.webp.jpg | https://e-hentai.org/s/c895473241/2917545-611
[2026-04-17T17:03:09.549Z] [+] #610 | genko_cosplay_1678276775_3053929399600199684_13826729236.webp.jpg
[2026-04-17T17:03:11.694Z] [DOWNLOADED] genko_cosplay_1678183688_3053148529773885340_13826729236.webp.jpg | https://e-hentai.org/s/f0bd8ba573/2917545-612
[2026-04-17T17:03:11.700Z] [+] #611 | genko_cosplay_1678183688_3053148529773885340_13826729236.webp.jpg
[2026-04-17T17:03:13.834Z] [DOWNLOADED] genko_cosplay_1678102240_3052465293030478510_13826729236.webp.jpg | https://e-hentai.org/s/fc808cb6d1/2917545-613
[2026-04-17T17:03:13.839Z] [+] #612 | genko_cosplay_1678102240_3052465293030478510_13826729236.webp.jpg
[2026-04-17T17:03:15.836Z] [DOWNLOADED] genko_cosplay_1678018489_3051762733143417921_13826729236.webp.jpg | https://e-hentai.org/s/0062f1621f/2917545-614
[2026-04-17T17:03:15.841Z] [+] #613 | genko_cosplay_1678018489_3051762733143417921_13826729236.webp.jpg
[2026-04-17T17:03:17.914Z] [DOWNLOADED] genko_cosplay_1677938648_3051092983224506622_13826729236.webp.webp | https://e-hentai.org/s/a48c5f4b0a/2917545-615
[2026-04-17T17:03:17.920Z] [+] #614 | genko_cosplay_1677938648_3051092983224506622_13826729236.webp.webp
[2026-04-17T17:03:20.573Z] [DOWNLOADED] genko_cosplay_1677938648_3051092983065317751_13826729236.webp.webp | https://e-hentai.org/s/ed3a03c72e/2917545-616
[2026-04-17T17:03:20.578Z] [+] #615 | genko_cosplay_1677938648_3051092983065317751_13826729236.webp.webp
[2026-04-17T17:03:22.855Z] [DOWNLOADED] genko_cosplay_1677828979_3050173010916753824_13826729236.webp.webp | https://e-hentai.org/s/05b081eb58/2917545-617
[2026-04-17T17:03:22.860Z] [+] #616 | genko_cosplay_1677828979_3050173010916753824_13826729236.webp.webp
[2026-04-17T17:03:25.165Z] [DOWNLOADED] genko_cosplay_1677822379_3050117645281864580_13826729236.webp.webp | https://e-hentai.org/s/6b876c66b8/2917545-618
[2026-04-17T17:03:25.171Z] [+] #617 | genko_cosplay_1677822379_3050117645281864580_13826729236.webp.webp
[2026-04-17T17:03:27.773Z] [DOWNLOADED] genko_cosplay_1677652992_3048696728148374813_13826729236.webp.webp | https://e-hentai.org/s/4ede064ab3/2917545-619
[2026-04-17T17:03:27.779Z] [+] #618 | genko_cosplay_1677652992_3048696728148374813_13826729236.webp.webp
[2026-04-17T17:03:30.215Z] [DOWNLOADED] genko_cosplay_1677582071_3048101798809874375_13826729236.webp.jpg | https://e-hentai.org/s/4ff21a9a89/2917545-620
[2026-04-17T17:03:30.220Z] [+] #619 | genko_cosplay_1677582071_3048101798809874375_13826729236.webp.jpg
[2026-04-17T17:03:30.520Z] [VIEWER] Round 620 | Collected: 619
[2026-04-17T17:03:32.729Z] [DOWNLOADED] genko_cosplay_1677582071_3048101798809822705_13826729236.webp.jpg | https://e-hentai.org/s/c81cb22254/2917545-621
[2026-04-17T17:03:32.735Z] [+] #620 | genko_cosplay_1677582071_3048101798809822705_13826729236.webp.jpg
[2026-04-17T17:03:34.715Z] [DOWNLOADED] genko_cosplay_1677582071_3048101798809803291_13826729236.webp.jpg | https://e-hentai.org/s/38b39a83ed/2917545-622
[2026-04-17T17:03:34.721Z] [+] #621 | genko_cosplay_1677582071_3048101798809803291_13826729236.webp.jpg
[2026-04-17T17:03:36.843Z] [DOWNLOADED] genko_cosplay_1677582071_3048101798809741666_13826729236.webp.jpg | https://e-hentai.org/s/bf640f31bb/2917545-623
[2026-04-17T17:03:36.846Z] [+] #622 | genko_cosplay_1677582071_3048101798809741666_13826729236.webp.jpg
[2026-04-17T17:03:39.294Z] [DOWNLOADED] genko_cosplay_1677582071_3048101798801563073_13826729236.webp.jpg | https://e-hentai.org/s/989e9ae6fc/2917545-624
[2026-04-17T17:03:39.299Z] [+] #623 | genko_cosplay_1677582071_3048101798801563073_13826729236.webp.jpg
[2026-04-17T17:03:41.856Z] [DOWNLOADED] genko_cosplay_1677504815_3047453727495128858_13826729236.webp.jpg | https://e-hentai.org/s/0b9daa4d62/2917545-625
[2026-04-17T17:03:41.865Z] [+] #624 | genko_cosplay_1677504815_3047453727495128858_13826729236.webp.jpg
[2026-04-17T17:03:43.967Z] [DOWNLOADED] genko_cosplay_1677504793_3047453541133913571_13826729236.webp.jpg | https://e-hentai.org/s/30cfdc6fe1/2917545-626
[2026-04-17T17:03:43.970Z] [+] #625 | genko_cosplay_1677504793_3047453541133913571_13826729236.webp.jpg
[2026-04-17T17:03:46.077Z] [DOWNLOADED] genko_cosplay_1677328868_3045977778526219685_13826729236.webp.jpg | https://e-hentai.org/s/7eae7a071c/2917545-627
[2026-04-17T17:03:46.079Z] [+] #626 | genko_cosplay_1677328868_3045977778526219685_13826729236.webp.jpg
[2026-04-17T17:03:48.260Z] [DOWNLOADED] genko_cosplay_1677234154_3045183256896613675_13826729236.webp.jpg | https://e-hentai.org/s/631d74251e/2917545-628
[2026-04-17T17:03:48.267Z] [+] #627 | genko_cosplay_1677234154_3045183256896613675_13826729236.webp.jpg
[2026-04-17T17:03:50.506Z] [DOWNLOADED] genko_cosplay_1677167306_3044622497787666462_13826729236.webp.jpg | https://e-hentai.org/s/667b7ee71e/2917545-629
[2026-04-17T17:03:50.515Z] [+] #628 | genko_cosplay_1677167306_3044622497787666462_13826729236.webp.jpg
[2026-04-17T17:03:53.276Z] [DOWNLOADED] genko_cosplay_1677167306_3044622497703673515_13826729236.webp.jpg | https://e-hentai.org/s/c8fc224922/2917545-630
[2026-04-17T17:03:53.278Z] [+] #629 | genko_cosplay_1677167306_3044622497703673515_13826729236.webp.jpg
[2026-04-17T17:03:55.769Z] [DOWNLOADED] genko_cosplay_1677167306_3044622497619865801_13826729236.webp.jpg | https://e-hentai.org/s/e9a457ef56/2917545-631
[2026-04-17T17:03:55.772Z] [+] #630 | genko_cosplay_1677167306_3044622497619865801_13826729236.webp.jpg
[2026-04-17T17:03:58.166Z] [DOWNLOADED] genko_cosplay_1677074156_3043841101628245674_13826729236.webp.jpg | https://e-hentai.org/s/351686b61f/2917545-632
[2026-04-17T17:03:58.169Z] [+] #631 | genko_cosplay_1677074156_3043841101628245674_13826729236.webp.jpg
[2026-04-17T17:04:00.379Z] [DOWNLOADED] genko_cosplay_1676977974_3043034262317718985_13826729236.webp.jpg | https://e-hentai.org/s/7ec45f6aa1/2917545-633
[2026-04-17T17:04:00.388Z] [+] #632 | genko_cosplay_1676977974_3043034262317718985_13826729236.webp.jpg
[2026-04-17T17:04:02.685Z] [DOWNLOADED] genko_cosplay_1676977974_3043034262309182915_13826729236.webp.jpg | https://e-hentai.org/s/8b93d8127c/2917545-634
[2026-04-17T17:04:02.691Z] [+] #633 | genko_cosplay_1676977974_3043034262309182915_13826729236.webp.jpg
[2026-04-17T17:04:05.594Z] [DOWNLOADED] genko_cosplay_1676977974_3043034262208674475_13826729236.webp.jpg | https://e-hentai.org/s/f9db530e58/2917545-635
[2026-04-17T17:04:05.600Z] [+] #634 | genko_cosplay_1676977974_3043034262208674475_13826729236.webp.jpg
[2026-04-17T17:04:07.896Z] [DOWNLOADED] genko_cosplay_1676977949_3043034055245036346_13826729236.webp.jpg | https://e-hentai.org/s/07b9f0d376/2917545-636
[2026-04-17T17:04:07.902Z] [+] #635 | genko_cosplay_1676977949_3043034055245036346_13826729236.webp.jpg
[2026-04-17T17:04:10.454Z] [DOWNLOADED] genko_cosplay_1676977949_3043034055244885730_13826729236.webp.jpg | https://e-hentai.org/s/bf25e5eb71/2917545-637
[2026-04-17T17:04:10.456Z] [+] #636 | genko_cosplay_1676977949_3043034055244885730_13826729236.webp.jpg
[2026-04-17T17:04:12.730Z] [DOWNLOADED] genko_cosplay_1676977949_3043034055093982822_13826729236.webp.jpg | https://e-hentai.org/s/d17f1fb8ca/2917545-638
[2026-04-17T17:04:12.732Z] [+] #637 | genko_cosplay_1676977949_3043034055093982822_13826729236.webp.jpg
[2026-04-17T17:04:15.046Z] [DOWNLOADED] genko_cosplay_1676977949_3043034055085466044_13826729236.webp.jpg | https://e-hentai.org/s/37762f8856/2917545-639
[2026-04-17T17:04:15.052Z] [+] #638 | genko_cosplay_1676977949_3043034055085466044_13826729236.webp.jpg
[2026-04-17T17:04:17.185Z] [DOWNLOADED] genko_cosplay_1676804504_3041579090999583345_13826729236.webp.jpg | https://e-hentai.org/s/25c55c7338/2917545-640
[2026-04-17T17:04:17.191Z] [+] #639 | genko_cosplay_1676804504_3041579090999583345_13826729236.webp.jpg
[2026-04-17T17:04:17.477Z] [VIEWER] Round 640 | Collected: 639
[2026-04-17T17:04:19.567Z] [DOWNLOADED] genko_cosplay_1676804504_3041579090781467599_13826729236.webp.jpg | https://e-hentai.org/s/966ce1166f/2917545-641
[2026-04-17T17:04:19.573Z] [+] #640 | genko_cosplay_1676804504_3041579090781467599_13826729236.webp.jpg
[2026-04-17T17:04:21.806Z] [DOWNLOADED] genko_cosplay_1676478250_3038842278388638598_13826729236.webp.jpg | https://e-hentai.org/s/911638aaf7/2917545-642
[2026-04-17T17:04:21.812Z] [+] #641 | genko_cosplay_1676478250_3038842278388638598_13826729236.webp.jpg
[2026-04-17T17:04:24.053Z] [DOWNLOADED] genko_cosplay_1676376386_3037987777540682332_13826729236.webp.jpg | https://e-hentai.org/s/6220437c17/2917545-643
[2026-04-17T17:04:24.062Z] [+] #642 | genko_cosplay_1676376386_3037987777540682332_13826729236.webp.jpg
[2026-04-17T17:04:26.276Z] [DOWNLOADED] genko_cosplay_1676376386_3037987777498589614_13826729236.webp.jpg | https://e-hentai.org/s/fe5362e540/2917545-644
[2026-04-17T17:04:26.282Z] [+] #643 | genko_cosplay_1676376386_3037987777498589614_13826729236.webp.jpg
[2026-04-17T17:04:28.423Z] [DOWNLOADED] genko_cosplay_1676376386_3037987777381245590_13826729236.webp.jpg | https://e-hentai.org/s/515f4a339c/2917545-645
[2026-04-17T17:04:28.429Z] [+] #644 | genko_cosplay_1676376386_3037987777381245590_13826729236.webp.jpg
[2026-04-17T17:04:30.760Z] [DOWNLOADED] genko_cosplay_1676376386_3037987777372961755_13826729236.webp.jpg | https://e-hentai.org/s/06684c861e/2917545-646
[2026-04-17T17:04:30.766Z] [+] #645 | genko_cosplay_1676376386_3037987777372961755_13826729236.webp.jpg
[2026-04-17T17:04:33.198Z] [DOWNLOADED] genko_cosplay_1676289891_3037262208423330860_13826729236.webp.jpg | https://e-hentai.org/s/68f4fc8859/2917545-647
[2026-04-17T17:04:33.204Z] [+] #646 | genko_cosplay_1676289891_3037262208423330860_13826729236.webp.jpg
[2026-04-17T17:04:35.890Z] [DOWNLOADED] genko_cosplay_1676289891_3037262208238765372_13826729236.webp.jpg | https://e-hentai.org/s/af8899828b/2917545-648
[2026-04-17T17:04:35.896Z] [+] #647 | genko_cosplay_1676289891_3037262208238765372_13826729236.webp.jpg
[2026-04-17T17:04:38.655Z] [DOWNLOADED] genko_cosplay_1676289891_3037262208238701336_13826729236.webp.jpg | https://e-hentai.org/s/456f0ee48c/2917545-649
[2026-04-17T17:04:38.661Z] [+] #648 | genko_cosplay_1676289891_3037262208238701336_13826729236.webp.jpg
[2026-04-17T17:04:40.925Z] [DOWNLOADED] genko_cosplay_1676289891_3037262208238657330_13826729236.webp.jpg | https://e-hentai.org/s/fde2a3a4a6/2917545-650
[2026-04-17T17:04:40.934Z] [+] #649 | genko_cosplay_1676289891_3037262208238657330_13826729236.webp.jpg
[2026-04-17T17:04:43.315Z] [DOWNLOADED] genko_cosplay_1676117693_3035817707624220030_13826729236.webp.jpg | https://e-hentai.org/s/a040e44842/2917545-651
[2026-04-17T17:04:43.322Z] [+] #650 | genko_cosplay_1676117693_3035817707624220030_13826729236.webp.jpg
[2026-04-17T17:04:45.863Z] [DOWNLOADED] genko_cosplay_1676117693_3035817707574080081_13826729236.webp.jpg | https://e-hentai.org/s/4696e15314/2917545-652
[2026-04-17T17:04:45.867Z] [+] #651 | genko_cosplay_1676117693_3035817707574080081_13826729236.webp.jpg
[2026-04-17T17:04:47.836Z] [DOWNLOADED] genko_cosplay_1676117693_3035817707473380540_13826729236.webp.jpg | https://e-hentai.org/s/95904928a5/2917545-653
[2026-04-17T17:04:47.842Z] [+] #652 | genko_cosplay_1676117693_3035817707473380540_13826729236.webp.jpg
[2026-04-17T17:04:50.138Z] [DOWNLOADED] genko_cosplay_1676117693_3035817707456664385_13826729236.webp.jpg | https://e-hentai.org/s/8513870e94/2917545-654
[2026-04-17T17:04:50.144Z] [+] #653 | genko_cosplay_1676117693_3035817707456664385_13826729236.webp.jpg
[2026-04-17T17:04:52.489Z] [DOWNLOADED] genko_cosplay_1676117693_3035817707456509926_13826729236.webp.jpg | https://e-hentai.org/s/13a8d47616/2917545-655
[2026-04-17T17:04:52.496Z] [+] #654 | genko_cosplay_1676117693_3035817707456509926_13826729236.webp.jpg
[2026-04-17T17:04:54.785Z] [DOWNLOADED] genko_cosplay_1676117693_3035817707456434403_13826729236.webp.jpg | https://e-hentai.org/s/07ffb6f509/2917545-656
[2026-04-17T17:04:54.791Z] [+] #655 | genko_cosplay_1676117693_3035817707456434403_13826729236.webp.jpg
[2026-04-17T17:04:56.984Z] [DOWNLOADED] genko_cosplay_1676117602_3035816941962403975_13826729236.webp.jpg | https://e-hentai.org/s/b1cf98a0c3/2917545-657
[2026-04-17T17:04:56.990Z] [+] #656 | genko_cosplay_1676117602_3035816941962403975_13826729236.webp.jpg
[2026-04-17T17:04:59.915Z] [DOWNLOADED] genko_cosplay_1676117602_3035816941928943535_13826729236.webp.jpg | https://e-hentai.org/s/f310a5d9d9/2917545-658
[2026-04-17T17:04:59.921Z] [+] #657 | genko_cosplay_1676117602_3035816941928943535_13826729236.webp.jpg
[2026-04-17T17:05:02.111Z] [DOWNLOADED] genko_cosplay_1676117602_3035816941803063261_13826729236.webp.jpg | https://e-hentai.org/s/24beb77af4/2917545-659
[2026-04-17T17:05:02.117Z] [+] #658 | genko_cosplay_1676117602_3035816941803063261_13826729236.webp.jpg
[2026-04-17T17:05:04.337Z] [DOWNLOADED] genko_cosplay_1676104001_3035702846357654334_13826729236.webp.webp | https://e-hentai.org/s/8b9ced8ff0/2917545-660
[2026-04-17T17:05:04.343Z] [+] #659 | genko_cosplay_1676104001_3035702846357654334_13826729236.webp.webp
[2026-04-17T17:05:04.646Z] [VIEWER] Round 660 | Collected: 659
[2026-04-17T17:05:06.761Z] [DOWNLOADED] genko_cosplay_1676104001_3035702846349264115_13826729236.webp.webp | https://e-hentai.org/s/8584e8eb0e/2917545-661
[2026-04-17T17:05:06.767Z] [+] #660 | genko_cosplay_1676104001_3035702846349264115_13826729236.webp.webp
[2026-04-17T17:05:09.061Z] [DOWNLOADED] genko_cosplay_1676104001_3035702846231746536_13826729236.webp.webp | https://e-hentai.org/s/10d839a770/2917545-662
[2026-04-17T17:05:09.063Z] [+] #661 | genko_cosplay_1676104001_3035702846231746536_13826729236.webp.webp
[2026-04-17T17:05:11.360Z] [DOWNLOADED] genko_cosplay_1675957084_3034470420516007366_13826729236.webp.webp | https://e-hentai.org/s/9e62ba988a/2917545-663
[2026-04-17T17:05:11.366Z] [+] #662 | genko_cosplay_1675957084_3034470420516007366_13826729236.webp.webp
[2026-04-17T17:05:14.091Z] [DOWNLOADED] genko_cosplay_1675952782_3034434330660793904_13826729236.webp.webp | https://e-hentai.org/s/b81bb24e57/2917545-664
[2026-04-17T17:05:14.097Z] [+] #663 | genko_cosplay_1675952782_3034434330660793904_13826729236.webp.webp
[2026-04-17T17:05:16.490Z] [DOWNLOADED] genko_cosplay_1675952782_3034434330644125011_13826729236.webp.webp | https://e-hentai.org/s/bc0ade0af8/2917545-665
[2026-04-17T17:05:16.496Z] [+] #664 | genko_cosplay_1675952782_3034434330644125011_13826729236.webp.webp
[2026-04-17T17:05:19.073Z] [DOWNLOADED] genko_cosplay_1675952782_3034434330644062789_13826729236.webp.webp | https://e-hentai.org/s/0c31d4fc95/2917545-666
[2026-04-17T17:05:19.079Z] [+] #665 | genko_cosplay_1675952782_3034434330644062789_13826729236.webp.webp
[2026-04-17T17:05:21.830Z] [DOWNLOADED] genko_cosplay_1675866651_3033711810366406378_13826729236.webp.jpg | https://e-hentai.org/s/4267411e0c/2917545-667
[2026-04-17T17:05:21.836Z] [+] #666 | genko_cosplay_1675866651_3033711810366406378_13826729236.webp.jpg
[2026-04-17T17:05:24.253Z] [DOWNLOADED] genko_cosplay_1675866651_3033711809904981891_13826729236.webp.jpg | https://e-hentai.org/s/79718b2bec/2917545-668
[2026-04-17T17:05:24.259Z] [+] #667 | genko_cosplay_1675866651_3033711809904981891_13826729236.webp.jpg
[2026-04-17T17:05:26.569Z] [DOWNLOADED] genko_cosplay_1675866651_3033711809904875021_13826729236.webp.jpg | https://e-hentai.org/s/41c9d89c1f/2917545-669
[2026-04-17T17:05:26.575Z] [+] #668 | genko_cosplay_1675866651_3033711809904875021_13826729236.webp.jpg
[2026-04-17T17:05:28.929Z] [DOWNLOADED] genko_cosplay_1675866651_3033711809904796603_13826729236.webp.jpg | https://e-hentai.org/s/312f048792/2917545-670
[2026-04-17T17:05:28.938Z] [+] #669 | genko_cosplay_1675866651_3033711809904796603_13826729236.webp.jpg
[2026-04-17T17:05:31.210Z] [DOWNLOADED] genko_cosplay_1675690156_3032231265799082602_13826729236.webp.webp | https://e-hentai.org/s/1c013f91fc/2917545-671
[2026-04-17T17:05:31.216Z] [+] #670 | genko_cosplay_1675690156_3032231265799082602_13826729236.webp.webp
[2026-04-17T17:05:33.761Z] [DOWNLOADED] genko_cosplay_1675690156_3032231265740425581_13826729236.webp.webp | https://e-hentai.org/s/79a7cfe681/2917545-672
[2026-04-17T17:05:33.768Z] [+] #671 | genko_cosplay_1675690156_3032231265740425581_13826729236.webp.webp
[2026-04-17T17:05:36.926Z] [DOWNLOADED] genko_cosplay_1675690156_3032231265723740846_13826729236.webp.webp | https://e-hentai.org/s/0a5f9010bb/2917545-673
[2026-04-17T17:05:36.932Z] [+] #672 | genko_cosplay_1675690156_3032231265723740846_13826729236.webp.webp
[2026-04-17T17:05:39.118Z] [DOWNLOADED] genko_cosplay_1675690156_3032231265564138568_13826729236.webp.webp | https://e-hentai.org/s/6f66cc097f/2917545-674
[2026-04-17T17:05:39.125Z] [+] #673 | genko_cosplay_1675690156_3032231265564138568_13826729236.webp.webp
[2026-04-17T17:05:41.767Z] [DOWNLOADED] genko_cosplay_1675690156_3032231265555724026_13826729236.webp.webp | https://e-hentai.org/s/6ab89da9c1/2917545-675
[2026-04-17T17:05:41.769Z] [+] #674 | genko_cosplay_1675690156_3032231265555724026_13826729236.webp.webp
[2026-04-17T17:05:44.134Z] [DOWNLOADED] genko_cosplay_1675402772_3029820514470004239_13826729236.webp.webp | https://e-hentai.org/s/cb16d71226/2917545-676
[2026-04-17T17:05:44.140Z] [+] #675 | genko_cosplay_1675402772_3029820514470004239_13826729236.webp.webp
[2026-04-17T17:05:46.140Z] [DOWNLOADED] genko_cosplay_1675402772_3029820514386107336_13826729236.webp.webp | https://e-hentai.org/s/8064780968/2917545-677
[2026-04-17T17:05:46.146Z] [+] #676 | genko_cosplay_1675402772_3029820514386107336_13826729236.webp.webp
[2026-04-17T17:05:48.554Z] [DOWNLOADED] genko_cosplay_1675402772_3029820514352525380_13826729236.webp.webp | https://e-hentai.org/s/417d8173c5/2917545-678
[2026-04-17T17:05:48.560Z] [+] #677 | genko_cosplay_1675402772_3029820514352525380_13826729236.webp.webp
[2026-04-17T17:05:50.735Z] [DOWNLOADED] genko_cosplay_1675168929_3027858898696208541_13826729236.webp.jpg | https://e-hentai.org/s/546cbf7e49/2917545-679
[2026-04-17T17:05:50.741Z] [+] #678 | genko_cosplay_1675168929_3027858898696208541_13826729236.webp.jpg
[2026-04-17T17:05:53.260Z] [DOWNLOADED] genko_cosplay_1674822434_3024952280752937338_13826729236.webp.webp | https://e-hentai.org/s/f8a803e46b/2917545-680
[2026-04-17T17:05:53.267Z] [+] #679 | genko_cosplay_1674822434_3024952280752937338_13826729236.webp.webp
[2026-04-17T17:05:53.557Z] [VIEWER] Round 680 | Collected: 679
[2026-04-17T17:05:55.279Z] [DOWNLOADED] genko_cosplay_1674296303_3020538773626179623_13826729236.webp.jpg | https://e-hentai.org/s/07d0402e90/2917545-681
[2026-04-17T17:05:55.288Z] [+] #680 | genko_cosplay_1674296303_3020538773626179623_13826729236.webp.jpg
[2026-04-17T17:05:57.737Z] [DOWNLOADED] genko_cosplay_1673873392_3016991146276286602_13826729236.webp.jpg | https://e-hentai.org/s/2d8977f505/2917545-682
[2026-04-17T17:05:57.743Z] [+] #681 | genko_cosplay_1673873392_3016991146276286602_13826729236.webp.jpg
[2026-04-17T17:06:00.024Z] [DOWNLOADED] genko_cosplay_1673873392_3016991146150451690_13826729236.webp.jpg | https://e-hentai.org/s/ba4a6f1681/2917545-683
[2026-04-17T17:06:00.030Z] [+] #682 | genko_cosplay_1673873392_3016991146150451690_13826729236.webp.jpg
[2026-04-17T17:06:02.258Z] [DOWNLOADED] genko_cosplay_1673873354_3016990826015768906_13826729236.webp.jpg | https://e-hentai.org/s/6c8508670e/2917545-684
[2026-04-17T17:06:02.265Z] [+] #683 | genko_cosplay_1673873354_3016990826015768906_13826729236.webp.jpg
[2026-04-17T17:06:04.651Z] [DOWNLOADED] genko_cosplay_1673873354_3016990825990751805_13826729236.webp.jpg | https://e-hentai.org/s/2ea484c15c/2917545-685
[2026-04-17T17:06:04.658Z] [+] #684 | genko_cosplay_1673873354_3016990825990751805_13826729236.webp.jpg
[2026-04-17T17:06:06.667Z] [DOWNLOADED] genko_cosplay_1673873354_3016990825864996178_13826729236.webp.jpg | https://e-hentai.org/s/5953664148/2917545-686
[2026-04-17T17:06:06.671Z] [+] #685 | genko_cosplay_1673873354_3016990825864996178_13826729236.webp.jpg
[2026-04-17T17:06:26.664Z] [DOWNLOADED] genko_cosplay_1673528250_3014095878597867684_13826729236.webp.jpg | https://e-hentai.org/s/3cdd25319e/2917545-687
[2026-04-17T17:06:26.670Z] [+] #686 | genko_cosplay_1673528250_3014095878597867684_13826729236.webp.jpg
[2026-04-17T17:06:28.887Z] [DOWNLOADED] genko_cosplay_1673429067_3013263877028355235_13826729236.webp.jpg | https://e-hentai.org/s/2706b6a860/2917545-688
[2026-04-17T17:06:28.893Z] [+] #687 | genko_cosplay_1673429067_3013263877028355235_13826729236.webp.jpg
[2026-04-17T17:06:31.061Z] [DOWNLOADED] genko_cosplay_1673429067_3013263876919293030_13826729236.webp.jpg | https://e-hentai.org/s/190c4f80c0/2917545-689
[2026-04-17T17:06:31.064Z] [+] #688 | genko_cosplay_1673429067_3013263876919293030_13826729236.webp.jpg
[2026-04-17T17:06:33.374Z] [DOWNLOADED] genko_cosplay_1673429038_3013263632684963247_13826729236.webp.jpg | https://e-hentai.org/s/7569ea66cb/2917545-690
[2026-04-17T17:06:33.380Z] [+] #689 | genko_cosplay_1673429038_3013263632684963247_13826729236.webp.jpg
[2026-04-17T17:06:35.815Z] [DOWNLOADED] genko_cosplay_1673429038_3013263632567564571_13826729236.webp.jpg | https://e-hentai.org/s/453598475d/2917545-691
[2026-04-17T17:06:35.821Z] [+] #690 | genko_cosplay_1673429038_3013263632567564571_13826729236.webp.jpg
[2026-04-17T17:06:38.086Z] [DOWNLOADED] genko_cosplay_1673429016_3013263444570471320_13826729236.webp.jpg | https://e-hentai.org/s/7bcaa3625c/2917545-692
[2026-04-17T17:06:38.088Z] [+] #691 | genko_cosplay_1673429016_3013263444570471320_13826729236.webp.jpg
[2026-04-17T17:06:40.281Z] [DOWNLOADED] genko_cosplay_1673429016_3013263444520204890_13826729236.webp.jpg | https://e-hentai.org/s/a10a8078e8/2917545-693
[2026-04-17T17:06:40.286Z] [+] #692 | genko_cosplay_1673429016_3013263444520204890_13826729236.webp.jpg
[2026-04-17T17:06:42.613Z] [DOWNLOADED] genko_cosplay_1672828037_3008222069923576325_13826729236.webp.jpg | https://e-hentai.org/s/1795309769/2917545-694
[2026-04-17T17:06:42.619Z] [+] #693 | genko_cosplay_1672828037_3008222069923576325_13826729236.webp.jpg
[2026-04-17T17:06:44.737Z] [DOWNLOADED] genko_cosplay_1672828037_3008222069722378288_13826729236.webp.jpg | https://e-hentai.org/s/489d5302f5/2917545-695
[2026-04-17T17:06:44.743Z] [+] #694 | genko_cosplay_1672828037_3008222069722378288_13826729236.webp.jpg
[2026-04-17T17:06:47.121Z] [DOWNLOADED] genko_cosplay_1672828037_3008222069722355822_13826729236.webp.jpg | https://e-hentai.org/s/f201317c17/2917545-696
[2026-04-17T17:06:47.129Z] [+] #695 | genko_cosplay_1672828037_3008222069722355822_13826729236.webp.jpg
[2026-04-17T17:06:49.363Z] [DOWNLOADED] genko_cosplay_1672828037_3008222069722353684_13826729236.webp.jpg | https://e-hentai.org/s/c16cb0f4a2/2917545-697
[2026-04-17T17:06:49.370Z] [+] #696 | genko_cosplay_1672828037_3008222069722353684_13826729236.webp.jpg
[2026-04-17T17:06:51.832Z] [DOWNLOADED] genko_cosplay_1672828037_3008222069714032820_13826729236.webp.jpg | https://e-hentai.org/s/57f3f950d1/2917545-698
[2026-04-17T17:06:51.838Z] [+] #697 | genko_cosplay_1672828037_3008222069714032820_13826729236.webp.jpg
[2026-04-17T17:06:54.340Z] [DOWNLOADED] genko_cosplay_1672828037_3008222069714006373_13826729236.webp.jpg | https://e-hentai.org/s/6026f9bc47/2917545-699
[2026-04-17T17:06:54.346Z] [+] #698 | genko_cosplay_1672828037_3008222069714006373_13826729236.webp.jpg
[2026-04-17T17:06:56.638Z] [DOWNLOADED] genko_cosplay_1672828037_3008222069713970896_13826729236.webp.jpg | https://e-hentai.org/s/86026ff832/2917545-700
[2026-04-17T17:06:56.644Z] [+] #699 | genko_cosplay_1672828037_3008222069713970896_13826729236.webp.jpg
[2026-04-17T17:06:56.939Z] [VIEWER] Round 700 | Collected: 699
[2026-04-17T17:06:59.037Z] [DOWNLOADED] genko_cosplay_1672510766_3005560609913189333_13826729236.webp.webp | https://e-hentai.org/s/c318452e71/2917545-701
[2026-04-17T17:06:59.043Z] [+] #700 | genko_cosplay_1672510766_3005560609913189333_13826729236.webp.webp
[2026-04-17T17:07:01.130Z] [DOWNLOADED] genko_cosplay_1672209977_3003037404596292271_13826729236.webp.webp | https://e-hentai.org/s/ea069d254e/2917545-702
[2026-04-17T17:07:01.136Z] [+] #701 | genko_cosplay_1672209977_3003037404596292271_13826729236.webp.webp
[2026-04-17T17:07:03.568Z] [DOWNLOADED] genko_cosplay_1671957742_3000921503025826473_13826729236.webp.webp | https://e-hentai.org/s/082d45800d/2917545-703
[2026-04-17T17:07:03.573Z] [+] #702 | genko_cosplay_1671957742_3000921503025826473_13826729236.webp.webp
[2026-04-17T17:07:05.892Z] [DOWNLOADED] genko_cosplay_1671957742_3000921503025764155_13826729236.webp.webp | https://e-hentai.org/s/a80ef72e7b/2917545-704
[2026-04-17T17:07:05.898Z] [+] #703 | genko_cosplay_1671957742_3000921503025764155_13826729236.webp.webp
[2026-04-17T17:07:08.354Z] [DOWNLOADED] genko_cosplay_1671957742_3000921503025596026_13826729236.webp.webp | https://e-hentai.org/s/8a43f2f1ba/2917545-705
[2026-04-17T17:07:08.360Z] [+] #704 | genko_cosplay_1671957742_3000921503025596026_13826729236.webp.webp
[2026-04-17T17:07:11.149Z] [DOWNLOADED] genko_cosplay_1671905584_3000483969256535714_13826729236.webp.jpg | https://e-hentai.org/s/9bfa73e741/2917545-706
[2026-04-17T17:07:11.155Z] [+] #705 | genko_cosplay_1671905584_3000483969256535714_13826729236.webp.jpg
[2026-04-17T17:07:13.451Z] [DOWNLOADED] genko_cosplay_1671905584_3000483969130809096_13826729236.webp.jpg | https://e-hentai.org/s/439b738d82/2917545-707
[2026-04-17T17:07:13.458Z] [+] #706 | genko_cosplay_1671905584_3000483969130809096_13826729236.webp.jpg
[2026-04-17T17:07:15.755Z] [DOWNLOADED] genko_cosplay_1671905584_3000483969130566669_13826729236.webp.jpg | https://e-hentai.org/s/1e74bcb289/2917545-708
[2026-04-17T17:07:15.764Z] [+] #707 | genko_cosplay_1671905584_3000483969130566669_13826729236.webp.jpg
[2026-04-17T17:07:17.905Z] [DOWNLOADED] genko_cosplay_1671552728_2997524006133498913_13826729236.webp.jpg | https://e-hentai.org/s/d8d863bf88/2917545-709
[2026-04-17T17:07:17.911Z] [+] #708 | genko_cosplay_1671552728_2997524006133498913_13826729236.webp.jpg
[2026-04-17T17:07:20.284Z] [DOWNLOADED] genko_cosplay_1671552728_2997524005990826893_13826729236.webp.jpg | https://e-hentai.org/s/e1cee1ff59/2917545-710
[2026-04-17T17:07:20.290Z] [+] #709 | genko_cosplay_1671552728_2997524005990826893_13826729236.webp.jpg
[2026-04-17T17:07:22.625Z] [DOWNLOADED] genko_cosplay_1671552625_2997523141284811947_13826729236.webp.jpg | https://e-hentai.org/s/ac21482503/2917545-711
[2026-04-17T17:07:22.632Z] [+] #710 | genko_cosplay_1671552625_2997523141284811947_13826729236.webp.jpg
[2026-04-17T17:07:25.040Z] [DOWNLOADED] genko_cosplay_1671552625_2997523141284735943_13826729236.webp.jpg | https://e-hentai.org/s/82877bfe87/2917545-712
[2026-04-17T17:07:25.046Z] [+] #711 | genko_cosplay_1671552625_2997523141284735943_13826729236.webp.jpg
[2026-04-17T17:07:27.037Z] [DOWNLOADED] genko_cosplay_1671552625_2997523141284624669_13826729236.webp.jpg | https://e-hentai.org/s/94d4785ea1/2917545-713
[2026-04-17T17:07:27.043Z] [+] #712 | genko_cosplay_1671552625_2997523141284624669_13826729236.webp.jpg
[2026-04-17T17:07:29.256Z] [DOWNLOADED] genko_cosplay_1671209932_2994648424118958728_13826729236.webp.jpg | https://e-hentai.org/s/e3662c6201/2917545-714
[2026-04-17T17:07:29.260Z] [+] #713 | genko_cosplay_1671209932_2994648424118958728_13826729236.webp.jpg
[2026-04-17T17:07:31.495Z] [DOWNLOADED] genko_cosplay_1671024469_2993092645733575966_13826729236.webp.jpg | https://e-hentai.org/s/fbadc44882/2917545-715
[2026-04-17T17:07:31.502Z] [+] #714 | genko_cosplay_1671024469_2993092645733575966_13826729236.webp.jpg
[2026-04-17T17:07:34.001Z] [DOWNLOADED] genko_cosplay_1671024469_2993092645490387764_13826729236.webp.jpg | https://e-hentai.org/s/b64461cd90/2917545-716
[2026-04-17T17:07:34.007Z] [+] #715 | genko_cosplay_1671024469_2993092645490387764_13826729236.webp.jpg
[2026-04-17T17:07:36.067Z] [DOWNLOADED] genko_cosplay_1671024438_2993092385183611671_13826729236.webp.jpg | https://e-hentai.org/s/83a5775f92/2917545-717
[2026-04-17T17:07:36.069Z] [+] #716 | genko_cosplay_1671024438_2993092385183611671_13826729236.webp.jpg
[2026-04-17T17:07:38.487Z] [DOWNLOADED] genko_cosplay_1671024438_2993092385183413611_13826729236.webp.jpg | https://e-hentai.org/s/67aa8aa303/2917545-718
[2026-04-17T17:07:38.492Z] [+] #717 | genko_cosplay_1671024438_2993092385183413611_13826729236.webp.jpg
[2026-04-17T17:07:40.620Z] [DOWNLOADED] genko_cosplay_1670665209_2990078953853286429_13826729236.webp.jpg | https://e-hentai.org/s/8fabebcd25/2917545-719
[2026-04-17T17:07:40.627Z] [+] #718 | genko_cosplay_1670665209_2990078953853286429_13826729236.webp.jpg
[2026-04-17T17:07:42.823Z] [DOWNLOADED] genko_cosplay_1670610569_2989620600211359796_13826729236.webp.jpg | https://e-hentai.org/s/7030d2c65c/2917545-720
[2026-04-17T17:07:42.833Z] [+] #719 | genko_cosplay_1670610569_2989620600211359796_13826729236.webp.jpg
[2026-04-17T17:07:43.133Z] [VIEWER] Round 720 | Collected: 719
[2026-04-17T17:07:45.078Z] [DOWNLOADED] genko_cosplay_1670610569_2989620600211336750_13826729236.webp.jpg | https://e-hentai.org/s/36a3d729cc/2917545-721
[2026-04-17T17:07:45.085Z] [+] #720 | genko_cosplay_1670610569_2989620600211336750_13826729236.webp.jpg
[2026-04-17T17:07:47.066Z] [DOWNLOADED] genko_cosplay_1670610569_2989620600102197252_13826729236.webp.jpg | https://e-hentai.org/s/f1921b4ee0/2917545-722
[2026-04-17T17:07:47.071Z] [+] #721 | genko_cosplay_1670610569_2989620600102197252_13826729236.webp.jpg
[2026-04-17T17:07:49.357Z] [DOWNLOADED] genko_cosplay_1670610569_2989620600093845420_13826729236.webp.jpg | https://e-hentai.org/s/e8d80afa24/2917545-723
[2026-04-17T17:07:49.364Z] [+] #722 | genko_cosplay_1670610569_2989620600093845420_13826729236.webp.jpg
[2026-04-17T17:07:51.681Z] [DOWNLOADED] genko_cosplay_1670610541_2989620361480034554_13826729236.webp.jpg | https://e-hentai.org/s/e8fef41389/2917545-724
[2026-04-17T17:07:51.683Z] [+] #723 | genko_cosplay_1670610541_2989620361480034554_13826729236.webp.jpg
[2026-04-17T17:07:53.951Z] [DOWNLOADED] genko_cosplay_1670610541_2989620361480021626_13826729236.webp.jpg | https://e-hentai.org/s/186b7a7980/2917545-725
[2026-04-17T17:07:53.957Z] [+] #724 | genko_cosplay_1670610541_2989620361480021626_13826729236.webp.jpg
[2026-04-17T17:07:56.193Z] [DOWNLOADED] genko_cosplay_1670610541_2989620361479939393_13826729236.webp.jpg | https://e-hentai.org/s/651571cf61/2917545-726
[2026-04-17T17:07:56.200Z] [+] #725 | genko_cosplay_1670610541_2989620361479939393_13826729236.webp.jpg
[2026-04-17T17:07:58.844Z] [DOWNLOADED] genko_cosplay_1670610541_2989620361471615341_13826729236.webp.jpg | https://e-hentai.org/s/02242be266/2917545-727
[2026-04-17T17:07:58.851Z] [+] #726 | genko_cosplay_1670610541_2989620361471615341_13826729236.webp.jpg
[2026-04-17T17:08:00.990Z] [DOWNLOADED] genko_cosplay_1670261020_2986688368131955217_13826729236.webp.jpg | https://e-hentai.org/s/47a5a83ee9/2917545-728
[2026-04-17T17:08:00.992Z] [+] #727 | genko_cosplay_1670261020_2986688368131955217_13826729236.webp.jpg
[2026-04-17T17:08:02.970Z] [DOWNLOADED] genko_cosplay_1670261020_2986688368006066721_13826729236.webp.jpg | https://e-hentai.org/s/d932f56aa7/2917545-729
[2026-04-17T17:08:02.975Z] [+] #728 | genko_cosplay_1670261020_2986688368006066721_13826729236.webp.jpg
[2026-04-17T17:08:05.112Z] [DOWNLOADED] genko_cosplay_1670260962_2986687885644278945_13826729236.webp.jpg | https://e-hentai.org/s/1146fd45f4/2917545-730
[2026-04-17T17:08:05.118Z] [+] #729 | genko_cosplay_1670260962_2986687885644278945_13826729236.webp.jpg
[2026-04-17T17:08:07.522Z] [DOWNLOADED] genko_cosplay_1670260962_2986687885644260016_13826729236.webp.jpg | https://e-hentai.org/s/000e5a628f/2917545-731
[2026-04-17T17:08:07.532Z] [+] #730 | genko_cosplay_1670260962_2986687885644260016_13826729236.webp.jpg
[2026-04-17T17:08:09.644Z] [DOWNLOADED] genko_cosplay_1670260776_2986686327267436347_13826729236.webp.jpg | https://e-hentai.org/s/96a2af442a/2917545-732
[2026-04-17T17:08:09.650Z] [+] #731 | genko_cosplay_1670260776_2986686327267436347_13826729236.webp.jpg
[2026-04-17T17:08:11.916Z] [DOWNLOADED] genko_cosplay_1670260776_2986686327158291511_13826729236.webp.jpg | https://e-hentai.org/s/901e6ff461/2917545-733
[2026-04-17T17:08:11.922Z] [+] #732 | genko_cosplay_1670260776_2986686327158291511_13826729236.webp.jpg
[2026-04-17T17:08:14.238Z] [DOWNLOADED] genko_cosplay_1670260749_2986686096949879497_13826729236.webp.jpg | https://e-hentai.org/s/34164b70f9/2917545-734
[2026-04-17T17:08:14.245Z] [+] #733 | genko_cosplay_1670260749_2986686096949879497_13826729236.webp.jpg
[2026-04-17T17:08:16.692Z] [DOWNLOADED] genko_cosplay_1670260749_2986686096949868578_13826729236.webp.jpg | https://e-hentai.org/s/a0bc0af773/2917545-735
[2026-04-17T17:08:16.699Z] [+] #734 | genko_cosplay_1670260749_2986686096949868578_13826729236.webp.jpg
[2026-04-17T17:08:18.985Z] [DOWNLOADED] genko_cosplay_1670260749_2986686096949793763_13826729236.webp.jpg | https://e-hentai.org/s/349cf09a96/2917545-736
[2026-04-17T17:08:18.992Z] [+] #735 | genko_cosplay_1670260749_2986686096949793763_13826729236.webp.jpg
[2026-04-17T17:08:20.969Z] [DOWNLOADED] genko_cosplay_1670260749_2986686096949655848_13826729236.webp.jpg | https://e-hentai.org/s/c8493aa6ab/2917545-737
[2026-04-17T17:08:20.978Z] [+] #736 | genko_cosplay_1670260749_2986686096949655848_13826729236.webp.jpg
[2026-04-17T17:08:23.660Z] [DOWNLOADED] genko_cosplay_1670164594_2985879486874569224_13826729236.webp.jpg | https://e-hentai.org/s/08ed8816be/2917545-738
[2026-04-17T17:08:23.667Z] [+] #737 | genko_cosplay_1670164594_2985879486874569224_13826729236.webp.jpg
[2026-04-17T17:08:26.121Z] [DOWNLOADED] genko_cosplay_1669807662_2982885329016381540_13826729236.webp.webp | https://e-hentai.org/s/017b45ebf1/2917545-739
[2026-04-17T17:08:26.131Z] [+] #738 | genko_cosplay_1669807662_2982885329016381540_13826729236.webp.webp
[2026-04-17T17:08:28.486Z] [DOWNLOADED] genko_cosplay_1669705619_2982029327791121509_13826729236.webp.jpg | https://e-hentai.org/s/3906d53fea/2917545-740
[2026-04-17T17:08:28.494Z] [+] #739 | genko_cosplay_1669705619_2982029327791121509_13826729236.webp.jpg
[2026-04-17T17:08:28.804Z] [VIEWER] Round 740 | Collected: 739
[2026-04-17T17:08:30.924Z] [DOWNLOADED] genko_cosplay_1669286888_2978516762263914712_13826729236.webp.jpg | https://e-hentai.org/s/c5d1d3ed0a/2917545-741
[2026-04-17T17:08:30.930Z] [+] #740 | genko_cosplay_1669286888_2978516762263914712_13826729236.webp.jpg
[2026-04-17T17:08:32.949Z] [DOWNLOADED] genko_cosplay_1669286888_2978516762230379614_13826729236.webp.jpg | https://e-hentai.org/s/80d4ebdb93/2917545-742
[2026-04-17T17:08:32.955Z] [+] #741 | genko_cosplay_1669286888_2978516762230379614_13826729236.webp.jpg
[2026-04-17T17:08:35.275Z] [DOWNLOADED] genko_cosplay_1669286888_2978516762113057004_13826729236.webp.jpg | https://e-hentai.org/s/dfab3d9dc1/2917545-743
[2026-04-17T17:08:35.277Z] [+] #742 | genko_cosplay_1669286888_2978516762113057004_13826729236.webp.jpg
[2026-04-17T17:08:37.757Z] [DOWNLOADED] genko_cosplay_1669208877_2977862351434996688_13826729236.webp.jpg | https://e-hentai.org/s/8de2e0cc9a/2917545-744
[2026-04-17T17:08:37.761Z] [+] #743 | genko_cosplay_1669208877_2977862351434996688_13826729236.webp.jpg
[2026-04-17T17:08:40.071Z] [DOWNLOADED] genko_cosplay_1669208877_2977862351426452828_13826729236.webp.jpg | https://e-hentai.org/s/80ff230cdc/2917545-745
[2026-04-17T17:08:40.077Z] [+] #744 | genko_cosplay_1669208877_2977862351426452828_13826729236.webp.jpg
[2026-04-17T17:08:42.144Z] [DOWNLOADED] genko_cosplay_1669208877_2977862351292272126_13826729236.webp.jpg | https://e-hentai.org/s/50c77b5f95/2917545-746
[2026-04-17T17:08:42.145Z] [+] #745 | genko_cosplay_1669208877_2977862351292272126_13826729236.webp.jpg
[2026-04-17T17:08:44.444Z] [DOWNLOADED] genko_cosplay_1669208794_2977861659450198159_13826729236.webp.jpg | https://e-hentai.org/s/2d2bbd0c68/2917545-747
[2026-04-17T17:08:44.446Z] [+] #746 | genko_cosplay_1669208794_2977861659450198159_13826729236.webp.jpg
[2026-04-17T17:08:46.704Z] [DOWNLOADED] genko_cosplay_1669208794_2977861659400016997_13826729236.webp.jpg | https://e-hentai.org/s/fc51623831/2917545-748
[2026-04-17T17:08:46.707Z] [+] #747 | genko_cosplay_1669208794_2977861659400016997_13826729236.webp.jpg
[2026-04-17T17:08:49.163Z] [DOWNLOADED] genko_cosplay_1669208794_2977861659399881540_13826729236.webp.jpg | https://e-hentai.org/s/5702697bd3/2917545-749
[2026-04-17T17:08:49.169Z] [+] #748 | genko_cosplay_1669208794_2977861659399881540_13826729236.webp.jpg
[2026-04-17T17:08:51.318Z] [DOWNLOADED] genko_cosplay_1669208794_2977861659391511562_13826729236.webp.jpg | https://e-hentai.org/s/af68e43cff/2917545-750
[2026-04-17T17:08:51.326Z] [+] #749 | genko_cosplay_1669208794_2977861659391511562_13826729236.webp.jpg
[2026-04-17T17:08:53.680Z] [DOWNLOADED] genko_cosplay_1669208794_2977861659349503614_13826729236.webp.jpg | https://e-hentai.org/s/a46784033a/2917545-751
[2026-04-17T17:08:53.687Z] [+] #750 | genko_cosplay_1669208794_2977861659349503614_13826729236.webp.jpg
[2026-04-17T17:08:55.983Z] [DOWNLOADED] genko_cosplay_1669208794_2977861659240677157_13826729236.webp.jpg | https://e-hentai.org/s/3e49a2c280/2917545-752
[2026-04-17T17:08:55.989Z] [+] #751 | genko_cosplay_1669208794_2977861659240677157_13826729236.webp.jpg
[2026-04-17T17:08:58.344Z] [DOWNLOADED] genko_cosplay_1669208794_2977861659240472193_13826729236.webp.jpg | https://e-hentai.org/s/4d1c556439/2917545-753
[2026-04-17T17:08:58.351Z] [+] #752 | genko_cosplay_1669208794_2977861659240472193_13826729236.webp.jpg
[2026-04-17T17:09:00.345Z] [DOWNLOADED] genko_cosplay_1669208794_2977861659232250485_13826729236.webp.jpg | https://e-hentai.org/s/87252ad5c5/2917545-754
[2026-04-17T17:09:00.352Z] [+] #753 | genko_cosplay_1669208794_2977861659232250485_13826729236.webp.jpg
[2026-04-17T17:09:02.656Z] [DOWNLOADED] genko_cosplay_1669208794_2977861659232184516_13826729236.webp.jpg | https://e-hentai.org/s/b4e6516d43/2917545-755
[2026-04-17T17:09:02.663Z] [+] #754 | genko_cosplay_1669208794_2977861659232184516_13826729236.webp.jpg
[2026-04-17T17:09:04.887Z] [DOWNLOADED] genko_cosplay_1669208794_2977861659223660162_13826729236.webp.jpg | https://e-hentai.org/s/0f5dcec84d/2917545-756
[2026-04-17T17:09:04.893Z] [+] #755 | genko_cosplay_1669208794_2977861659223660162_13826729236.webp.jpg
[2026-04-17T17:09:07.094Z] [DOWNLOADED] genko_cosplay_1668856233_2974904159633594121_13826729236.webp.jpg | https://e-hentai.org/s/9d8fe8a692/2917545-757
[2026-04-17T17:09:07.101Z] [+] #756 | genko_cosplay_1668856233_2974904159633594121_13826729236.webp.jpg
[2026-04-17T17:09:09.402Z] [DOWNLOADED] genko_cosplay_1668856233_2974904159524467053_13826729236.webp.jpg | https://e-hentai.org/s/af6b1f5d42/2917545-758
[2026-04-17T17:09:09.409Z] [+] #757 | genko_cosplay_1668856233_2974904159524467053_13826729236.webp.jpg
[2026-04-17T17:09:11.883Z] [DOWNLOADED] genko_cosplay_1668856233_2974904159516160972_13826729236.webp.jpg | https://e-hentai.org/s/12e2c1763b/2917545-759
[2026-04-17T17:09:11.889Z] [+] #758 | genko_cosplay_1668856233_2974904159516160972_13826729236.webp.jpg
[2026-04-17T17:09:13.890Z] [DOWNLOADED] genko_cosplay_1668701866_2973609241438907934_13826729236.webp.jpg | https://e-hentai.org/s/40dd502ca6/2917545-760
[2026-04-17T17:09:13.896Z] [+] #759 | genko_cosplay_1668701866_2973609241438907934_13826729236.webp.jpg
[2026-04-17T17:09:14.203Z] [VIEWER] Round 760 | Collected: 759
[2026-04-17T17:09:16.239Z] [DOWNLOADED] genko_cosplay_1667978350_2967539943251540705_13826729236.webp.webp | https://e-hentai.org/s/47d6c0047e/2917545-761
[2026-04-17T17:09:16.245Z] [+] #760 | genko_cosplay_1667978350_2967539943251540705_13826729236.webp.webp
[2026-04-17T17:09:18.840Z] [DOWNLOADED] genko_cosplay_1667978350_2967539943083825386_13826729236.webp.webp | https://e-hentai.org/s/f7eafe65d0/2917545-762
[2026-04-17T17:09:18.847Z] [+] #761 | genko_cosplay_1667978350_2967539943083825386_13826729236.webp.webp
[2026-04-17T17:09:21.396Z] [DOWNLOADED] genko_cosplay_1667978350_2967539943083735547_13826729236.webp.webp | https://e-hentai.org/s/c219c2aa06/2917545-763
[2026-04-17T17:09:21.403Z] [+] #762 | genko_cosplay_1667978350_2967539943083735547_13826729236.webp.webp
[2026-04-17T17:09:23.641Z] [DOWNLOADED] genko_cosplay_1667222541_2961199759706697149_13826729236.webp | https://e-hentai.org/s/74a0a28108/2917545-764
[2026-04-17T17:09:23.648Z] [+] #763 | genko_cosplay_1667222541_2961199759706697149_13826729236.webp
[2026-04-17T17:09:26.696Z] [DOWNLOADED] genko_cosplay_1667222541_2961199759564181792_13826729236.webp | https://e-hentai.org/s/1ed777d807/2917545-765
[2026-04-17T17:09:26.703Z] [+] #764 | genko_cosplay_1667222541_2961199759564181792_13826729236.webp
[2026-04-17T17:09:28.733Z] [DOWNLOADED] genko_cosplay_1667222541_2961199759564048088_13826729236.webp | https://e-hentai.org/s/cf2eaf33c6/2917545-766
[2026-04-17T17:09:28.737Z] [+] #765 | genko_cosplay_1667222541_2961199759564048088_13826729236.webp
[2026-04-17T17:09:31.150Z] [DOWNLOADED] genko_cosplay_1667222541_2961199759555597700_13826729236.webp | https://e-hentai.org/s/b944a16f71/2917545-767
[2026-04-17T17:09:31.157Z] [+] #766 | genko_cosplay_1667222541_2961199759555597700_13826729236.webp
[2026-04-17T17:09:33.485Z] [DOWNLOADED] genko_cosplay_1667222475_2961199207887235564_13826729236.webp | https://e-hentai.org/s/ebe2dc42de/2917545-768
[2026-04-17T17:09:33.491Z] [+] #767 | genko_cosplay_1667222475_2961199207887235564_13826729236.webp
[2026-04-17T17:09:35.715Z] [DOWNLOADED] genko_cosplay_1667222475_2961199207878858523_13826729236.webp | https://e-hentai.org/s/212bbcc054/2917545-769
[2026-04-17T17:09:35.721Z] [+] #768 | genko_cosplay_1667222475_2961199207878858523_13826729236.webp
[2026-04-17T17:09:38.162Z] [DOWNLOADED] genko_cosplay_1667222475_2961199207761550585_13826729236.webp | https://e-hentai.org/s/d54fe24461/2917545-770
[2026-04-17T17:09:38.169Z] [+] #769 | genko_cosplay_1667222475_2961199207761550585_13826729236.webp
[2026-04-17T17:09:40.524Z] [DOWNLOADED] genko_cosplay_1667005937_2959382752711625485_13826729236.webp.jpg | https://e-hentai.org/s/800d23ab86/2917545-771
[2026-04-17T17:09:40.531Z] [+] #770 | genko_cosplay_1667005937_2959382752711625485_13826729236.webp.jpg
[2026-04-17T17:09:42.872Z] [DOWNLOADED] genko_cosplay_1667005937_2959382752678080420_13826729236.webp.jpg | https://e-hentai.org/s/0d18d2442b/2917545-772
[2026-04-17T17:09:42.879Z] [+] #771 | genko_cosplay_1667005937_2959382752678080420_13826729236.webp.jpg
[2026-04-17T17:09:45.415Z] [DOWNLOADED] genko_cosplay_1667005904_2959382474285374003_13826729236.webp.jpg | https://e-hentai.org/s/07811af144/2917545-773
[2026-04-17T17:09:45.422Z] [+] #772 | genko_cosplay_1667005904_2959382474285374003_13826729236.webp.jpg
[2026-04-17T17:09:47.697Z] [DOWNLOADED] genko_cosplay_1667005904_2959382474167737450_13826729236.webp.jpg | https://e-hentai.org/s/b24a284f57/2917545-774
[2026-04-17T17:09:47.704Z] [+] #773 | genko_cosplay_1667005904_2959382474167737450_13826729236.webp.jpg
[2026-04-17T17:09:50.215Z] [DOWNLOADED] genko_cosplay_1667005881_2959382286917341515_13826729236.webp.jpg | https://e-hentai.org/s/bba38421f4/2917545-775
[2026-04-17T17:09:50.217Z] [+] #774 | genko_cosplay_1667005881_2959382286917341515_13826729236.webp.jpg
[2026-04-17T17:09:54.626Z] [DOWNLOADED] genko_cosplay_1667005881_2959382286758046121_13826729236.webp.jpg | https://e-hentai.org/s/4bc90c57bf/2917545-776
[2026-04-17T17:09:54.633Z] [+] #775 | genko_cosplay_1667005881_2959382286758046121_13826729236.webp.jpg
[2026-04-17T17:09:56.772Z] [DOWNLOADED] genko_cosplay_1666108014_2951850431535247746_13826729236.webp | https://e-hentai.org/s/947f1d6d1c/2917545-777
[2026-04-17T17:09:56.779Z] [+] #776 | genko_cosplay_1666108014_2951850431535247746_13826729236.webp
[2026-04-17T17:09:58.987Z] [DOWNLOADED] genko_cosplay_1666108014_2951850431535154216_13826729236.webp | https://e-hentai.org/s/6637775dce/2917545-778
[2026-04-17T17:09:58.994Z] [+] #777 | genko_cosplay_1666108014_2951850431535154216_13826729236.webp
[2026-04-17T17:10:01.262Z] [DOWNLOADED] genko_cosplay_1666108014_2951850431367389881_13826729236.webp | https://e-hentai.org/s/3decc4c410/2917545-779
[2026-04-17T17:10:01.269Z] [+] #778 | genko_cosplay_1666108014_2951850431367389881_13826729236.webp
[2026-04-17T17:10:03.299Z] [DOWNLOADED] genko_cosplay_1666107939_2951849802138104792_13826729236.webp | https://e-hentai.org/s/00cc5ea2f7/2917545-780
[2026-04-17T17:10:03.306Z] [+] #779 | genko_cosplay_1666107939_2951849802138104792_13826729236.webp
[2026-04-17T17:10:03.616Z] [VIEWER] Round 780 | Collected: 779
[2026-04-17T17:10:05.511Z] [DOWNLOADED] genko_cosplay_1666107939_2951849802003837774_13826729236.webp | https://e-hentai.org/s/2806dc8e66/2917545-781
[2026-04-17T17:10:05.518Z] [+] #780 | genko_cosplay_1666107939_2951849802003837774_13826729236.webp
[2026-04-17T17:10:07.778Z] [DOWNLOADED] genko_cosplay_1666107939_2951849802003751047_13826729236.webp | https://e-hentai.org/s/50279c2800/2917545-782
[2026-04-17T17:10:07.785Z] [+] #781 | genko_cosplay_1666107939_2951849802003751047_13826729236.webp
[2026-04-17T17:10:10.162Z] [DOWNLOADED] genko_cosplay_1665826879_2949492102581380116_13826729236.webp.webp | https://e-hentai.org/s/39b5139838/2917545-783
[2026-04-17T17:10:10.170Z] [+] #782 | genko_cosplay_1665826879_2949492102581380116_13826729236.webp.webp
[2026-04-17T17:10:12.537Z] [DOWNLOADED] genko_cosplay_1665826879_2949492102304423614_13826729236.webp.webp | https://e-hentai.org/s/f041fd0bea/2917545-784
[2026-04-17T17:10:12.544Z] [+] #783 | genko_cosplay_1665826879_2949492102304423614_13826729236.webp.webp
[2026-04-17T17:10:14.799Z] [DOWNLOADED] genko_cosplay_1665826879_2949492102296037672_13826729236.webp.webp | https://e-hentai.org/s/83338728f4/2917545-785
[2026-04-17T17:10:14.806Z] [+] #784 | genko_cosplay_1665826879_2949492102296037672_13826729236.webp.webp
[2026-04-17T17:10:28.619Z] [DOWNLOADED] genko_cosplay_1665826879_2949492102287682211_13826729236.webp.webp | https://e-hentai.org/s/6a7d7692ec/2917545-786
[2026-04-17T17:10:28.626Z] [+] #785 | genko_cosplay_1665826879_2949492102287682211_13826729236.webp.webp
[2026-04-17T17:10:31.083Z] [DOWNLOADED] genko_cosplay_1665801977_2949283203584557866_13826729236.webp.webp | https://e-hentai.org/s/25d365283a/2917545-787
[2026-04-17T17:10:31.091Z] [+] #786 | genko_cosplay_1665801977_2949283203584557866_13826729236.webp.webp
[2026-04-17T17:10:33.723Z] [DOWNLOADED] genko_cosplay_1665763810_2948963034777540412_13826729236.webp.webp | https://e-hentai.org/s/a1a157c813/2917545-788
[2026-04-17T17:10:33.730Z] [+] #787 | genko_cosplay_1665763810_2948963034777540412_13826729236.webp.webp
[2026-04-17T17:10:36.043Z] [DOWNLOADED] genko_cosplay_1665633606_2947870804788959772_13826729236.jpg | https://e-hentai.org/s/66e86b81eb/2917545-789
[2026-04-17T17:10:36.049Z] [+] #788 | genko_cosplay_1665633606_2947870804788959772_13826729236.jpg
[2026-04-17T17:10:38.384Z] [DOWNLOADED] genko_cosplay_1665493370_2946694422020877251_13826729236.webp.webp | https://e-hentai.org/s/b2fa44ac5d/2917545-790
[2026-04-17T17:10:38.391Z] [+] #789 | genko_cosplay_1665493370_2946694422020877251_13826729236.webp.webp
[2026-04-17T17:10:40.699Z] [DOWNLOADED] genko_cosplay_1665328924_2945314946405896569_13826729236.webp.jpg | https://e-hentai.org/s/4c23d49fb5/2917545-791
[2026-04-17T17:10:40.705Z] [+] #790 | genko_cosplay_1665328924_2945314946405896569_13826729236.webp.jpg
[2026-04-17T17:10:42.872Z] [DOWNLOADED] genko_cosplay_1665328924_2945314946389119575_13826729236.webp.jpg | https://e-hentai.org/s/a270e1af00/2917545-792
[2026-04-17T17:10:42.874Z] [+] #791 | genko_cosplay_1665328924_2945314946389119575_13826729236.webp.jpg
[2026-04-17T17:10:44.860Z] [DOWNLOADED] genko_cosplay_1665328900_2945314747856154243_13826729236.webp.jpg | https://e-hentai.org/s/e792b49505/2917545-793
[2026-04-17T17:10:44.862Z] [+] #792 | genko_cosplay_1665328900_2945314747856154243_13826729236.webp.jpg
[2026-04-17T17:10:46.785Z] [DOWNLOADED] genko_cosplay_1665328900_2945314747814024542_13826729236.webp.jpg | https://e-hentai.org/s/96a561e3d2/2917545-794
[2026-04-17T17:10:46.792Z] [+] #793 | genko_cosplay_1665328900_2945314747814024542_13826729236.webp.jpg
[2026-04-17T17:10:49.027Z] [DOWNLOADED] genko_cosplay_1665328875_2945314538476379673_13826729236.webp.jpg | https://e-hentai.org/s/28e9606776/2917545-795
[2026-04-17T17:10:49.034Z] [+] #794 | genko_cosplay_1665328875_2945314538476379673_13826729236.webp.jpg
[2026-04-17T17:10:51.142Z] [DOWNLOADED] genko_cosplay_1665328875_2945314538476289692_13826729236.webp.jpg | https://e-hentai.org/s/6d31ce1d70/2917545-796
[2026-04-17T17:10:51.149Z] [+] #795 | genko_cosplay_1665328875_2945314538476289692_13826729236.webp.jpg
[2026-04-17T17:10:53.386Z] [DOWNLOADED] genko_cosplay_1664894221_2941668395909639243_13826729236.webp.webp | https://e-hentai.org/s/a63ba99398/2917545-797
[2026-04-17T17:10:53.397Z] [+] #796 | genko_cosplay_1664894221_2941668395909639243_13826729236.webp.webp
[2026-04-17T17:10:55.639Z] [DOWNLOADED] genko_cosplay_1664283393_2936544403330550134_13826729236.webp.webp | https://e-hentai.org/s/ed0ebaedb5/2917545-798
[2026-04-17T17:10:55.646Z] [+] #797 | genko_cosplay_1664283393_2936544403330550134_13826729236.webp.webp
[2026-04-17T17:10:58.204Z] [DOWNLOADED] genko_cosplay_1663828739_2932730482798788331_13826729236.webp.webp | https://e-hentai.org/s/239f9adc3b/2917545-799
[2026-04-17T17:10:58.211Z] [+] #798 | genko_cosplay_1663828739_2932730482798788331_13826729236.webp.webp
[2026-04-17T17:11:00.548Z] [DOWNLOADED] genko_cosplay_1663132343_2926888696335513189_13826729236.webp.jpg | https://e-hentai.org/s/3e42e03819/2917545-800
[2026-04-17T17:11:00.554Z] [+] #799 | genko_cosplay_1663132343_2926888696335513189_13826729236.webp.jpg
[2026-04-17T17:11:00.863Z] [VIEWER] Round 800 | Collected: 799
[2026-04-17T17:11:02.539Z] [DOWNLOADED] genko_cosplay_1663132343_2926888696083776959_13826729236.webp.jpg | https://e-hentai.org/s/84c9c53989/2917545-801
[2026-04-17T17:11:02.549Z] [+] #800 | genko_cosplay_1663132343_2926888696083776959_13826729236.webp.jpg
[2026-04-17T17:11:05.093Z] [DOWNLOADED] genko_cosplay_1663132331_2926888595621726977_13826729236.webp.jpg | https://e-hentai.org/s/89d085f458/2917545-802
[2026-04-17T17:11:05.095Z] [+] #801 | genko_cosplay_1663132331_2926888595621726977_13826729236.webp.jpg
[2026-04-17T17:11:07.273Z] [DOWNLOADED] genko_cosplay_1663132331_2926888595613484384_13826729236.webp.jpg | https://e-hentai.org/s/950a7f02cd/2917545-803
[2026-04-17T17:11:07.280Z] [+] #802 | genko_cosplay_1663132331_2926888595613484384_13826729236.webp.jpg
[2026-04-17T17:11:09.683Z] [DOWNLOADED] genko_cosplay_1663132331_2926888595596597385_13826729236.webp.jpg | https://e-hentai.org/s/49e3eb3eb1/2917545-804
[2026-04-17T17:11:09.690Z] [+] #803 | genko_cosplay_1663132331_2926888595596597385_13826729236.webp.jpg
[2026-04-17T17:11:12.019Z] [DOWNLOADED] genko_cosplay_1663132284_2926888198740069850_13826729236.webp.jpg | https://e-hentai.org/s/30254690c5/2917545-805
[2026-04-17T17:11:12.026Z] [+] #804 | genko_cosplay_1663132284_2926888198740069850_13826729236.webp.jpg
[2026-04-17T17:11:14.354Z] [DOWNLOADED] genko_cosplay_1663132284_2926888198740024709_13826729236.webp.jpg | https://e-hentai.org/s/51d3c66a81/2917545-806
[2026-04-17T17:11:14.361Z] [+] #805 | genko_cosplay_1663132284_2926888198740024709_13826729236.webp.jpg
[2026-04-17T17:11:20.218Z] [DOWNLOADED] genko_cosplay_1663132284_2926888198731708541_13826729236.webp.jpg | https://e-hentai.org/s/dc8d8758ad/2917545-807
[2026-04-17T17:11:20.226Z] [+] #806 | genko_cosplay_1663132284_2926888198731708541_13826729236.webp.jpg
[2026-04-17T17:11:22.541Z] [DOWNLOADED] genko_cosplay_1662984757_2925650652525619038_13826729236.webp.jpg | https://e-hentai.org/s/2e4669cf28/2917545-808
[2026-04-17T17:11:22.548Z] [+] #807 | genko_cosplay_1662984757_2925650652525619038_13826729236.webp.jpg
[2026-04-17T17:11:24.897Z] [DOWNLOADED] genko_cosplay_1662814271_2924220512461481846_13826729236.webp.jpg | https://e-hentai.org/s/dabef2b217/2917545-809
[2026-04-17T17:11:24.904Z] [+] #808 | genko_cosplay_1662814271_2924220512461481846_13826729236.webp.jpg
[2026-04-17T17:11:27.102Z] [DOWNLOADED] genko_cosplay_1662481952_2921432817759931387_13826729236.webp | https://e-hentai.org/s/94c3445b38/2917545-810
[2026-04-17T17:11:27.108Z] [+] #809 | genko_cosplay_1662481952_2921432817759931387_13826729236.webp
[2026-04-17T17:11:29.331Z] [DOWNLOADED] genko_cosplay_1662481952_2921432817634105631_13826729236.webp | https://e-hentai.org/s/c8933437fd/2917545-811
[2026-04-17T17:11:29.342Z] [+] #810 | genko_cosplay_1662481952_2921432817634105631_13826729236.webp
[2026-04-17T17:11:31.798Z] [DOWNLOADED] genko_cosplay_1662481952_2921432817634072676_13826729236.webp | https://e-hentai.org/s/86b988ed84/2917545-812
[2026-04-17T17:11:31.805Z] [+] #811 | genko_cosplay_1662481952_2921432817634072676_13826729236.webp
[2026-04-17T17:11:34.049Z] [DOWNLOADED] genko_cosplay_1662481952_2921432817625707355_13826729236.webp | https://e-hentai.org/s/e117add60e/2917545-813
[2026-04-17T17:11:34.056Z] [+] #812 | genko_cosplay_1662481952_2921432817625707355_13826729236.webp
[2026-04-17T17:11:36.039Z] [DOWNLOADED] genko_cosplay_1661851510_2916144289621620306_13826729236.webp.jpg | https://e-hentai.org/s/8fb6b2491b/2917545-814
[2026-04-17T17:11:36.046Z] [+] #813 | genko_cosplay_1661851510_2916144289621620306_13826729236.webp.jpg
[2026-04-17T17:11:38.318Z] [DOWNLOADED] genko_cosplay_1661851510_2916144289621573254_13826729236.webp.jpg | https://e-hentai.org/s/694839fcfe/2917545-815
[2026-04-17T17:11:38.328Z] [+] #814 | genko_cosplay_1661851510_2916144289621573254_13826729236.webp.jpg
[2026-04-17T17:11:40.886Z] [DOWNLOADED] genko_cosplay_1661851510_2916144289596347654_13826729236.webp.jpg | https://e-hentai.org/s/d392f37125/2917545-816
[2026-04-17T17:11:40.893Z] [+] #815 | genko_cosplay_1661851510_2916144289596347654_13826729236.webp.jpg
[2026-04-17T17:11:42.902Z] [DOWNLOADED] genko_cosplay_1661851453_2916143806974541947_13826729236.webp.jpg | https://e-hentai.org/s/eb8451d847/2917545-817
[2026-04-17T17:11:42.909Z] [+] #816 | genko_cosplay_1661851453_2916143806974541947_13826729236.webp.jpg
[2026-04-17T17:11:45.300Z] [DOWNLOADED] genko_cosplay_1661851453_2916143806966312343_13826729236.webp.jpg | https://e-hentai.org/s/6cc5d71e2d/2917545-818
[2026-04-17T17:11:45.307Z] [+] #817 | genko_cosplay_1661851453_2916143806966312343_13826729236.webp.jpg
[2026-04-17T17:11:47.599Z] [DOWNLOADED] genko_cosplay_1661851453_2916143806966146789_13826729236.webp.jpg | https://e-hentai.org/s/547a5e7910/2917545-819
[2026-04-17T17:11:47.602Z] [+] #818 | genko_cosplay_1661851453_2916143806966146789_13826729236.webp.jpg
[2026-04-17T17:11:49.822Z] [DOWNLOADED] genko_cosplay_1661851453_2916143806949398616_13826729236.webp.jpg | https://e-hentai.org/s/258810885a/2917545-820
[2026-04-17T17:11:49.829Z] [+] #819 | genko_cosplay_1661851453_2916143806949398616_13826729236.webp.jpg
[2026-04-17T17:11:50.134Z] [VIEWER] Round 820 | Collected: 819
[2026-04-17T17:11:51.897Z] [DOWNLOADED] genko_cosplay_1661851367_2916143090771971588_13826729236.webp.jpg | https://e-hentai.org/s/9bc58d4104/2917545-821
[2026-04-17T17:11:51.904Z] [+] #820 | genko_cosplay_1661851367_2916143090771971588_13826729236.webp.jpg
[2026-04-17T17:11:54.244Z] [DOWNLOADED] genko_cosplay_1661662514_2914558875291048695_13826729236.webp.webp | https://e-hentai.org/s/8e8f1818e0/2917545-822
[2026-04-17T17:11:54.251Z] [+] #821 | genko_cosplay_1661662514_2914558875291048695_13826729236.webp.webp
[2026-04-17T17:11:56.549Z] [DOWNLOADED] genko_cosplay_1661498174_2913180287803321803_13826729236.webp.webp | https://e-hentai.org/s/c5ad08ef63/2917545-823
[2026-04-17T17:11:56.560Z] [+] #822 | genko_cosplay_1661498174_2913180287803321803_13826729236.webp.webp
[2026-04-17T17:11:58.862Z] [DOWNLOADED] genko_cosplay_1661343026_2911878817233493909_13826729236.webp.jpg | https://e-hentai.org/s/f61b1226e9/2917545-824
[2026-04-17T17:11:58.869Z] [+] #823 | genko_cosplay_1661343026_2911878817233493909_13826729236.webp.jpg
[2026-04-17T17:12:01.161Z] [DOWNLOADED] genko_cosplay_1661343026_2911878817233319437_13826729236.webp.jpg | https://e-hentai.org/s/ba1d5bc539/2917545-825
[2026-04-17T17:12:01.172Z] [+] #824 | genko_cosplay_1661343026_2911878817233319437_13826729236.webp.jpg
[2026-04-17T17:12:03.497Z] [DOWNLOADED] genko_cosplay_1661343026_2911878817224993839_13826729236.webp.jpg | https://e-hentai.org/s/20b575ffa3/2917545-826
[2026-04-17T17:12:03.504Z] [+] #825 | genko_cosplay_1661343026_2911878817224993839_13826729236.webp.jpg
[2026-04-17T17:12:05.838Z] [DOWNLOADED] genko_cosplay_1661343026_2911878816964873474_13826729236.webp.jpg | https://e-hentai.org/s/bc13b756a9/2917545-827
[2026-04-17T17:12:05.840Z] [+] #826 | genko_cosplay_1661343026_2911878816964873474_13826729236.webp.jpg
[2026-04-17T17:12:08.266Z] [DOWNLOADED] genko_cosplay_1661252528_2911119662302155372_13826729236.webp.jpg | https://e-hentai.org/s/382d51ed6b/2917545-828
[2026-04-17T17:12:08.273Z] [+] #827 | genko_cosplay_1661252528_2911119662302155372_13826729236.webp.jpg
[2026-04-17T17:12:10.600Z] [DOWNLOADED] genko_cosplay_1660841987_2907675793561624342_13826729236.webp.jpg | https://e-hentai.org/s/08b5c27b6e/2917545-829
[2026-04-17T17:12:10.607Z] [+] #828 | genko_cosplay_1660841987_2907675793561624342_13826729236.webp.jpg
[2026-04-17T17:12:12.604Z] [DOWNLOADED] genko_cosplay_1660841987_2907675793444111673_13826729236.webp.jpg | https://e-hentai.org/s/06dca39e29/2917545-830
[2026-04-17T17:12:12.611Z] [+] #829 | genko_cosplay_1660841987_2907675793444111673_13826729236.webp.jpg
[2026-04-17T17:12:15.186Z] [DOWNLOADED] genko_cosplay_1660841901_2907675071503798581_13826729236.webp.jpg | https://e-hentai.org/s/bb5daf1f68/2917545-831
[2026-04-17T17:12:15.197Z] [+] #830 | genko_cosplay_1660841901_2907675071503798581_13826729236.webp.jpg
[2026-04-17T17:12:17.462Z] [DOWNLOADED] genko_cosplay_1660652244_2906084118140797714_13826729236.webp.webp | https://e-hentai.org/s/eba57e0eff/2917545-832
[2026-04-17T17:12:17.469Z] [+] #831 | genko_cosplay_1660652244_2906084118140797714_13826729236.webp.webp
[2026-04-17T17:12:19.835Z] [DOWNLOADED] genko_cosplay_1660561666_2905324292498305566_13826729236.webp.webp | https://e-hentai.org/s/141e89ba83/2917545-833
[2026-04-17T17:12:19.843Z] [+] #832 | genko_cosplay_1660561666_2905324292498305566_13826729236.webp.webp
[2026-04-17T17:12:22.176Z] [DOWNLOADED] genko_cosplay_1660466486_2904525861500728932_13826729236.webp.webp | https://e-hentai.org/s/2007d6ff64/2917545-834
[2026-04-17T17:12:22.183Z] [+] #833 | genko_cosplay_1660466486_2904525861500728932_13826729236.webp.webp
[2026-04-17T17:12:24.558Z] [DOWNLOADED] genko_cosplay_1660466486_2904525861441836133_13826729236.webp.webp | https://e-hentai.org/s/846f44ebbf/2917545-835
[2026-04-17T17:12:24.570Z] [+] #834 | genko_cosplay_1660466486_2904525861441836133_13826729236.webp.webp
[2026-04-17T17:12:26.895Z] [DOWNLOADED] genko_cosplay_1660413346_2904080093573758800_13826729236.webp.webp | https://e-hentai.org/s/c2882f8a6c/2917545-836
[2026-04-17T17:12:26.906Z] [+] #835 | genko_cosplay_1660413346_2904080093573758800_13826729236.webp.webp
[2026-04-17T17:12:29.269Z] [DOWNLOADED] genko_cosplay_1660413346_2904080093565328285_13826729236.webp.webp | https://e-hentai.org/s/e824448f64/2917545-837
[2026-04-17T17:12:29.275Z] [+] #836 | genko_cosplay_1660413346_2904080093565328285_13826729236.webp.webp
[2026-04-17T17:12:31.707Z] [DOWNLOADED] genko_cosplay_1660413346_2904080093447760165_13826729236.webp.webp | https://e-hentai.org/s/2cbfdcd0e1/2917545-838
[2026-04-17T17:12:31.715Z] [+] #837 | genko_cosplay_1660413346_2904080093447760165_13826729236.webp.webp
[2026-04-17T17:12:34.146Z] [DOWNLOADED] genko_cosplay_1660112916_2901559907611063037_13826729236.webp.webp | https://e-hentai.org/s/a84a64de14/2917545-839
[2026-04-17T17:12:34.148Z] [+] #838 | genko_cosplay_1660112916_2901559907611063037_13826729236.webp.webp
[2026-04-17T17:12:36.425Z] [DOWNLOADED] genko_cosplay_1660043837_2900980425951167382_13826729236.webp.jpg | https://e-hentai.org/s/7b88649168/2917545-840
[2026-04-17T17:12:36.433Z] [+] #839 | genko_cosplay_1660043837_2900980425951167382_13826729236.webp.jpg
[2026-04-17T17:12:36.746Z] [VIEWER] Round 840 | Collected: 839
[2026-04-17T17:12:38.920Z] [DOWNLOADED] genko_cosplay_1660043837_2900980425623910830_13826729236.webp.jpg | https://e-hentai.org/s/04e81f94fa/2917545-841
[2026-04-17T17:12:38.927Z] [+] #840 | genko_cosplay_1660043837_2900980425623910830_13826729236.webp.jpg
[2026-04-17T17:12:41.225Z] [DOWNLOADED] genko_cosplay_1693483640_3181493830294432372_13826729236.heic.jpg | https://e-hentai.org/s/cfc4740644/2917545-842
[2026-04-17T17:12:41.232Z] [+] #841 | genko_cosplay_1693483640_3181493830294432372_13826729236.heic.jpg
[2026-04-17T17:12:43.629Z] [DOWNLOADED] genko_cosplay_1660043837_2900980425623903498_13826729236.webp.jpg | https://e-hentai.org/s/059e27ed86/2917545-843
[2026-04-17T17:12:43.636Z] [+] #842 | genko_cosplay_1660043837_2900980425623903498_13826729236.webp.jpg
[2026-04-17T17:12:45.800Z] [DOWNLOADED] genko_cosplay_1660043730_2900979530391635474_13826729236.webp.jpg | https://e-hentai.org/s/4c185d51f6/2917545-844
[2026-04-17T17:12:45.807Z] [+] #843 | genko_cosplay_1660043730_2900979530391635474_13826729236.webp.jpg
[2026-04-17T17:12:47.809Z] [DOWNLOADED] genko_cosplay_1660043730_2900979530341489090_13826729236.webp.jpg | https://e-hentai.org/s/dc592e7a37/2917545-845
[2026-04-17T17:12:47.816Z] [+] #844 | genko_cosplay_1660043730_2900979530341489090_13826729236.webp.jpg
[2026-04-17T17:12:54.631Z] [DOWNLOADED] genko_cosplay_1660043730_2900979530333148696_13826729236.webp.jpg | https://e-hentai.org/s/ee9f7a4a1f/2917545-846
[2026-04-17T17:12:54.638Z] [+] #845 | genko_cosplay_1660043730_2900979530333148696_13826729236.webp.jpg
[2026-04-17T17:12:57.042Z] [DOWNLOADED] genko_cosplay_1659621116_2897434387706312863_13826729236.webp | https://e-hentai.org/s/60124593d2/2917545-847
[2026-04-17T17:12:57.049Z] [+] #846 | genko_cosplay_1659621116_2897434387706312863_13826729236.webp
[2026-04-17T17:12:59.514Z] [DOWNLOADED] genko_cosplay_1659621116_2897434387698148014_13826729236.webp | https://e-hentai.org/s/b733823fa5/2917545-848
[2026-04-17T17:12:59.521Z] [+] #847 | genko_cosplay_1659621116_2897434387698148014_13826729236.webp
[2026-04-17T17:13:02.032Z] [DOWNLOADED] genko_cosplay_1659621116_2897434387697997835_13826729236.webp | https://e-hentai.org/s/3d6222aa5d/2917545-849
[2026-04-17T17:13:02.040Z] [+] #848 | genko_cosplay_1659621116_2897434387697997835_13826729236.webp
[2026-04-17T17:13:04.864Z] [DOWNLOADED] genko_cosplay_1659621065_2897433958947784013_13826729236.webp | https://e-hentai.org/s/9f14a7fc8f/2917545-850
[2026-04-17T17:13:04.871Z] [+] #849 | genko_cosplay_1659621065_2897433958947784013_13826729236.webp
[2026-04-17T17:13:07.209Z] [DOWNLOADED] genko_cosplay_1659621043_2897433770875311818_13826729236.webp | https://e-hentai.org/s/2162c98807/2917545-851
[2026-04-17T17:13:07.217Z] [+] #850 | genko_cosplay_1659621043_2897433770875311818_13826729236.webp
[2026-04-17T17:13:09.309Z] [DOWNLOADED] genko_cosplay_1659621018_2897433561118227324_13826729236.webp | https://e-hentai.org/s/76fde7c112/2917545-852
[2026-04-17T17:13:09.316Z] [+] #851 | genko_cosplay_1659621018_2897433561118227324_13826729236.webp
[2026-04-17T17:13:11.834Z] [DOWNLOADED] genko_cosplay_1659620998_2897433395644545562_13826729236.webp | https://e-hentai.org/s/59ceaaed89/2917545-853
[2026-04-17T17:13:11.841Z] [+] #852 | genko_cosplay_1659620998_2897433395644545562_13826729236.webp
[2026-04-17T17:13:14.076Z] [DOWNLOADED] genko_cosplay_1659620939_2897432903677817040_13826729236.webp | https://e-hentai.org/s/3e7f0736cf/2917545-854
[2026-04-17T17:13:14.083Z] [+] #853 | genko_cosplay_1659620939_2897432903677817040_13826729236.webp
[2026-04-17T17:13:16.611Z] [DOWNLOADED] genko_cosplay_1659620939_2897432903669420620_13826729236.webp | https://e-hentai.org/s/733453c3bb/2917545-855
[2026-04-17T17:13:16.622Z] [+] #854 | genko_cosplay_1659620939_2897432903669420620_13826729236.webp
[2026-04-17T17:13:18.776Z] [DOWNLOADED] genko_cosplay_1659326336_2894961594325749233_13826729236.webp.webp | https://e-hentai.org/s/984f9ca66d/2917545-856
[2026-04-17T17:13:18.783Z] [+] #855 | genko_cosplay_1659326336_2894961594325749233_13826729236.webp.webp
[2026-04-17T17:13:22.254Z] [DOWNLOADED] genko_cosplay_1659239638_2894234318160211393_13826729236.webp.webp | https://e-hentai.org/s/bcaca189bc/2917545-857
[2026-04-17T17:13:22.262Z] [+] #856 | genko_cosplay_1659239638_2894234318160211393_13826729236.webp.webp
[2026-04-17T17:13:24.633Z] [DOWNLOADED] genko_cosplay_1659239638_2894234318160162141_13826729236.webp.webp | https://e-hentai.org/s/a752506b58/2917545-858
[2026-04-17T17:13:24.644Z] [+] #857 | genko_cosplay_1659239638_2894234318160162141_13826729236.webp.webp
[2026-04-17T17:13:27.171Z] [DOWNLOADED] genko_cosplay_1659239638_2894234318151689604_13826729236.webp.webp | https://e-hentai.org/s/2aae7aa6e9/2917545-859
[2026-04-17T17:13:27.179Z] [+] #858 | genko_cosplay_1659239638_2894234318151689604_13826729236.webp.webp
[2026-04-17T17:13:29.632Z] [DOWNLOADED] genko_cosplay_1659239638_2894234318118243695_13826729236.webp.webp | https://e-hentai.org/s/496563efd2/2917545-860
[2026-04-17T17:13:29.639Z] [+] #859 | genko_cosplay_1659239638_2894234318118243695_13826729236.webp.webp
[2026-04-17T17:13:29.942Z] [VIEWER] Round 860 | Collected: 859
[2026-04-17T17:13:32.179Z] [DOWNLOADED] genko_cosplay_1659159279_2893560220979429179_13826729236.webp.jpg | https://e-hentai.org/s/c1d10ef3b4/2917545-861
[2026-04-17T17:13:32.187Z] [+] #860 | genko_cosplay_1659159279_2893560220979429179_13826729236.webp.jpg
[2026-04-17T17:13:34.486Z] [DOWNLOADED] genko_cosplay_1659159279_2893560220702631645_13826729236.webp.jpg | https://e-hentai.org/s/d4a102bf0e/2917545-862
[2026-04-17T17:13:34.494Z] [+] #861 | genko_cosplay_1659159279_2893560220702631645_13826729236.webp.jpg
[2026-04-17T17:13:37.240Z] [DOWNLOADED] genko_cosplay_1659159279_2893560220702552005_13826729236.webp.webp | https://e-hentai.org/s/40cf1472a4/2917545-863
[2026-04-17T17:13:37.248Z] [+] #862 | genko_cosplay_1659159279_2893560220702552005_13826729236.webp.webp
[2026-04-17T17:13:39.487Z] [DOWNLOADED] genko_cosplay_1659159279_2893560220702510728_13826729236.webp.webp | https://e-hentai.org/s/ff06305c39/2917545-864
[2026-04-17T17:13:39.494Z] [+] #863 | genko_cosplay_1659159279_2893560220702510728_13826729236.webp.webp
[2026-04-17T17:13:41.774Z] [DOWNLOADED] genko_cosplay_1659069218_2892804732381587116_13826729236.webp.webp | https://e-hentai.org/s/9b2cc3e3ec/2917545-865
[2026-04-17T17:13:41.783Z] [+] #864 | genko_cosplay_1659069218_2892804732381587116_13826729236.webp.webp
[2026-04-17T17:13:44.336Z] [DOWNLOADED] genko_cosplay_1659069218_2892804732104907438_13826729236.webp.webp | https://e-hentai.org/s/7b77fdaed7/2917545-866
[2026-04-17T17:13:44.343Z] [+] #865 | genko_cosplay_1659069218_2892804732104907438_13826729236.webp.webp
[2026-04-17T17:13:46.757Z] [DOWNLOADED] genko_cosplay_1659069218_2892804732104812968_13826729236.webp.webp | https://e-hentai.org/s/0d98320ce8/2917545-867
[2026-04-17T17:13:46.764Z] [+] #866 | genko_cosplay_1659069218_2892804732104812968_13826729236.webp.webp
[2026-04-17T17:13:48.947Z] [DOWNLOADED] genko_cosplay_1659069218_2892804732104785921_13826729236.webp.webp | https://e-hentai.org/s/b2f70134c7/2917545-868
[2026-04-17T17:13:48.958Z] [+] #867 | genko_cosplay_1659069218_2892804732104785921_13826729236.webp.webp
[2026-04-17T17:13:51.476Z] [DOWNLOADED] genko_cosplay_1658993504_2892169599530296757_13826729236.webp.webp | https://e-hentai.org/s/36a81c2492/2917545-869
[2026-04-17T17:13:51.483Z] [+] #868 | genko_cosplay_1658993504_2892169599530296757_13826729236.webp.webp
[2026-04-17T17:13:55.207Z] [DOWNLOADED] genko_cosplay_1658993504_2892169599521802010_13826729236.webp.webp | https://e-hentai.org/s/00eaa08491/2917545-870
[2026-04-17T17:13:55.215Z] [+] #869 | genko_cosplay_1658993504_2892169599521802010_13826729236.webp.webp
[2026-04-17T17:13:57.611Z] [DOWNLOADED] genko_cosplay_1658993504_2892169599496681301_13826729236.webp.webp | https://e-hentai.org/s/8a4fff8a03/2917545-871
[2026-04-17T17:13:57.619Z] [+] #870 | genko_cosplay_1658993504_2892169599496681301_13826729236.webp.webp
[2026-04-17T17:14:00.046Z] [DOWNLOADED] genko_cosplay_1658993504_2892169599496578839_13826729236.webp.webp | https://e-hentai.org/s/2d3aec929e/2917545-872
[2026-04-17T17:14:00.053Z] [+] #871 | genko_cosplay_1658993504_2892169599496578839_13826729236.webp.webp
[2026-04-17T17:14:02.565Z] [DOWNLOADED] genko_cosplay_1658993504_2892169599496541301_13826729236.webp.jpg | https://e-hentai.org/s/49ca3cf93c/2917545-873
[2026-04-17T17:14:02.573Z] [+] #872 | genko_cosplay_1658993504_2892169599496541301_13826729236.webp.jpg
[2026-04-17T17:14:04.819Z] [DOWNLOADED] genko_cosplay_1658993504_2892169599471435141_13826729236.webp.webp | https://e-hentai.org/s/f301d4470c/2917545-874
[2026-04-17T17:14:04.824Z] [+] #873 | genko_cosplay_1658993504_2892169599471435141_13826729236.webp.webp
[2026-04-17T17:14:07.072Z] [DOWNLOADED] genko_cosplay_1658925608_2891600040159081281_13826729236.webp.jpg | https://e-hentai.org/s/90d3220dbc/2917545-875
[2026-04-17T17:14:07.079Z] [+] #874 | genko_cosplay_1658925608_2891600040159081281_13826729236.webp.jpg
[2026-04-17T17:14:09.311Z] [DOWNLOADED] genko_cosplay_1658846821_2890939130767591204_13826729236.webp.jpg | https://e-hentai.org/s/4477a58417/2917545-876
[2026-04-17T17:14:09.314Z] [+] #875 | genko_cosplay_1658846821_2890939130767591204_13826729236.webp.jpg
[2026-04-17T17:14:13.144Z] [DOWNLOADED] genko_cosplay_1658570938_2888624853473845225_13826729236.webp.jpg | https://e-hentai.org/s/6f0541bf6c/2917545-877
[2026-04-17T17:14:13.152Z] [+] #876 | genko_cosplay_1658570938_2888624853473845225_13826729236.webp.jpg
[2026-04-17T17:14:15.537Z] [DOWNLOADED] genko_cosplay_1658570938_2888624853130127025_13826729236.webp.jpg | https://e-hentai.org/s/f1d7a7c093/2917545-878
[2026-04-17T17:14:15.545Z] [+] #877 | genko_cosplay_1658570938_2888624853130127025_13826729236.webp.jpg
[2026-04-17T17:14:17.975Z] [DOWNLOADED] genko_cosplay_1658570938_2888624853129916262_13826729236.webp.jpg | https://e-hentai.org/s/bac45e996e/2917545-879
[2026-04-17T17:14:17.986Z] [+] #878 | genko_cosplay_1658570938_2888624853129916262_13826729236.webp.jpg
[2026-04-17T17:14:20.306Z] [DOWNLOADED] genko_cosplay_1658570938_2888624853121656048_13826729236.webp.jpg | https://e-hentai.org/s/a8ee34dc42/2917545-880
[2026-04-17T17:14:20.314Z] [+] #879 | genko_cosplay_1658570938_2888624853121656048_13826729236.webp.jpg
[2026-04-17T17:14:20.621Z] [VIEWER] Round 880 | Collected: 879
[2026-04-17T17:14:22.828Z] [DOWNLOADED] genko_cosplay_1658570938_2888624853121650743_13826729236.webp.jpg | https://e-hentai.org/s/6629c77f66/2917545-881
[2026-04-17T17:14:22.835Z] [+] #880 | genko_cosplay_1658570938_2888624853121650743_13826729236.webp.jpg
[2026-04-17T17:14:25.605Z] [DOWNLOADED] genko_cosplay_1658570938_2888624853121570656_13826729236.webp.jpg | https://e-hentai.org/s/8b9b4a61a6/2917545-882
[2026-04-17T17:14:25.613Z] [+] #881 | genko_cosplay_1658570938_2888624853121570656_13826729236.webp.jpg
[2026-04-17T17:14:27.947Z] [DOWNLOADED] genko_cosplay_1658570938_2888624853121532950_13826729236.webp.jpg | https://e-hentai.org/s/6aa47ed5ff/2917545-883
[2026-04-17T17:14:27.954Z] [+] #882 | genko_cosplay_1658570938_2888624853121532950_13826729236.webp.jpg
[2026-04-17T17:14:30.313Z] [DOWNLOADED] genko_cosplay_1658562811_2888556680506668439_13826729236.webp.jpg | https://e-hentai.org/s/b5cffe85e8/2917545-884
[2026-04-17T17:14:30.321Z] [+] #883 | genko_cosplay_1658562811_2888556680506668439_13826729236.webp.jpg
[2026-04-17T17:14:32.349Z] [DOWNLOADED] genko_cosplay_1658562803_2888556612625991546_13826729236.webp.jpg | https://e-hentai.org/s/0ab796f8bd/2917545-885
[2026-04-17T17:14:32.357Z] [+] #884 | genko_cosplay_1658562803_2888556612625991546_13826729236.webp.jpg
[2026-04-17T17:14:34.746Z] [DOWNLOADED] genko_cosplay_1658562737_2888556059665811911_13826729236.webp.jpg | https://e-hentai.org/s/a590f31321/2917545-886
[2026-04-17T17:14:34.754Z] [+] #885 | genko_cosplay_1658562737_2888556059665811911_13826729236.webp.jpg
[2026-04-17T17:14:37.077Z] [DOWNLOADED] genko_cosplay_1658232704_2885787538913339853_13826729236.webp.jpg | https://e-hentai.org/s/87dfb8551f/2917545-887
[2026-04-17T17:14:37.088Z] [+] #886 | genko_cosplay_1658232704_2885787538913339853_13826729236.webp.jpg
[2026-04-17T17:14:39.449Z] [DOWNLOADED] genko_cosplay_1657986336_2883720861954438578_13826729236.webp.jpg | https://e-hentai.org/s/1fe2dd1894/2917545-888
[2026-04-17T17:14:39.457Z] [+] #887 | genko_cosplay_1657986336_2883720861954438578_13826729236.webp.jpg
[2026-04-17T17:14:41.784Z] [DOWNLOADED] genko_cosplay_1657901907_2883012614047126144_13826729236.webp.jpg | https://e-hentai.org/s/334f22291c/2917545-889
[2026-04-17T17:14:41.791Z] [+] #888 | genko_cosplay_1657901907_2883012614047126144_13826729236.webp.jpg
[2026-04-17T17:14:44.334Z] [DOWNLOADED] genko_cosplay_1657901885_2883012434857888082_13826729236.webp.jpg | https://e-hentai.org/s/abf92b57da/2917545-890
[2026-04-17T17:14:44.345Z] [+] #889 | genko_cosplay_1657901885_2883012434857888082_13826729236.webp.jpg
[2026-04-17T17:14:46.590Z] [DOWNLOADED] genko_cosplay_1657901835_2883012016417517049_13826729236.webp.jpg | https://e-hentai.org/s/1656789bdf/2917545-891
[2026-04-17T17:14:46.597Z] [+] #890 | genko_cosplay_1657901835_2883012016417517049_13826729236.webp.jpg
[2026-04-17T17:14:48.871Z] [DOWNLOADED] genko_cosplay_1657715254_2881446858065733834_13826729236.webp.jpg | https://e-hentai.org/s/92a88eaf40/2917545-892
[2026-04-17T17:14:48.879Z] [+] #891 | genko_cosplay_1657715254_2881446858065733834_13826729236.webp.jpg
[2026-04-17T17:14:51.416Z] [DOWNLOADED] genko_cosplay_1657715243_2881446764281085050_13826729236.webp.jpg | https://e-hentai.org/s/4839ff0f3d/2917545-893
[2026-04-17T17:14:51.423Z] [+] #892 | genko_cosplay_1657715243_2881446764281085050_13826729236.webp.jpg
[2026-04-17T17:14:53.693Z] [DOWNLOADED] genko_cosplay_1657715230_2881446658895205838_13826729236.webp.jpg | https://e-hentai.org/s/04ff0df0dc/2917545-894
[2026-04-17T17:14:53.700Z] [+] #893 | genko_cosplay_1657715230_2881446658895205838_13826729236.webp.jpg
[2026-04-17T17:14:55.887Z] [DOWNLOADED] genko_cosplay_1657715219_2881446563189385031_13826729236.webp.jpg | https://e-hentai.org/s/63dcc47718/2917545-895
[2026-04-17T17:14:55.895Z] [+] #894 | genko_cosplay_1657715219_2881446563189385031_13826729236.webp.jpg
[2026-04-17T17:14:59.140Z] [DOWNLOADED] genko_cosplay_1657715147_2881445962590282420_13826729236.webp.jpg | https://e-hentai.org/s/59f4853d6b/2917545-896
[2026-04-17T17:14:59.147Z] [+] #895 | genko_cosplay_1657715147_2881445962590282420_13826729236.webp.jpg
[2026-04-17T17:15:03.311Z] [DOWNLOADED] genko_cosplay_1657456627_2879277336428825386_13826729236.webp.jpg | https://e-hentai.org/s/7359f57683/2917545-897
[2026-04-17T17:15:03.319Z] [+] #896 | genko_cosplay_1657456627_2879277336428825386_13826729236.webp.jpg
[2026-04-17T17:15:05.321Z] [DOWNLOADED] genko_cosplay_1657456615_2879277233542651104_13826729236.webp.jpg | https://e-hentai.org/s/255339dfe6/2917545-898
[2026-04-17T17:15:05.329Z] [+] #897 | genko_cosplay_1657456615_2879277233542651104_13826729236.webp.jpg
[2026-04-17T17:15:07.602Z] [DOWNLOADED] genko_cosplay_1657456604_2879277141804880362_13826729236.webp.jpg | https://e-hentai.org/s/5f057fd9a2/2917545-899
[2026-04-17T17:15:07.610Z] [+] #898 | genko_cosplay_1657456604_2879277141804880362_13826729236.webp.jpg
[2026-04-17T17:15:09.872Z] [DOWNLOADED] genko_cosplay_1657456587_2879277002990085315_13826729236.webp.jpg | https://e-hentai.org/s/c9b6d75270/2917545-900
[2026-04-17T17:15:09.880Z] [+] #899 | genko_cosplay_1657456587_2879277002990085315_13826729236.webp.jpg
[2026-04-17T17:15:10.187Z] [VIEWER] Round 900 | Collected: 899
[2026-04-17T17:15:12.232Z] [DOWNLOADED] genko_cosplay_1656585071_2871966199408685062_13826729236.webp.webp | https://e-hentai.org/s/32fbd09896/2917545-901
[2026-04-17T17:15:12.242Z] [+] #900 | genko_cosplay_1656585071_2871966199408685062_13826729236.webp.webp
[2026-04-17T17:15:14.628Z] [DOWNLOADED] genko_cosplay_1656339661_2869907545265197009_13826729236.webp.webp | https://e-hentai.org/s/0a44c5bc76/2917545-902
[2026-04-17T17:15:14.636Z] [+] #901 | genko_cosplay_1656339661_2869907545265197009_13826729236.webp.webp
[2026-04-17T17:15:16.928Z] [DOWNLOADED] genko_cosplay_1656323052_2869768221222563486_13826729236.webp.webp | https://e-hentai.org/s/da51626763/2917545-903
[2026-04-17T17:15:16.935Z] [+] #902 | genko_cosplay_1656323052_2869768221222563486_13826729236.webp.webp
[2026-04-17T17:15:19.689Z] [DOWNLOADED] genko_cosplay_1656240505_2869075766168831704_13826729236.webp.jpg | https://e-hentai.org/s/fde56f8382/2917545-904
[2026-04-17T17:15:19.697Z] [+] #903 | genko_cosplay_1656240505_2869075766168831704_13826729236.webp.jpg
[2026-04-17T17:15:21.828Z] [DOWNLOADED] genko_cosplay_1656240488_2869075623814321012_13826729236.webp.jpg | https://e-hentai.org/s/2f2aab7675/2917545-905
[2026-04-17T17:15:21.839Z] [+] #904 | genko_cosplay_1656240488_2869075623814321012_13826729236.webp.jpg
[2026-04-17T17:15:24.260Z] [DOWNLOADED] genko_cosplay_1656240434_2869075171718697495_13826729236.webp.jpg | https://e-hentai.org/s/0dae624446/2917545-906
[2026-04-17T17:15:24.269Z] [+] #905 | genko_cosplay_1656240434_2869075171718697495_13826729236.webp.jpg
[2026-04-17T17:15:26.962Z] [DOWNLOADED] genko_cosplay_1656240227_2869073434362494358_13826729236.webp.jpg | https://e-hentai.org/s/2135a20b3f/2917545-907
[2026-04-17T17:15:26.969Z] [+] #906 | genko_cosplay_1656240227_2869073434362494358_13826729236.webp.jpg
[2026-04-17T17:15:29.286Z] [DOWNLOADED] genko_cosplay_1654927727_2858063388325314711_13826729236.webp.jpg | https://e-hentai.org/s/3285de8fc8/2917545-908
[2026-04-17T17:15:29.293Z] [+] #907 | genko_cosplay_1654927727_2858063388325314711_13826729236.webp.jpg
[2026-04-17T17:15:31.298Z] [DOWNLOADED] genko_cosplay_1654927710_2858063241533011179_13826729236.webp.jpg | https://e-hentai.org/s/9840321ebf/2917545-909
[2026-04-17T17:15:31.306Z] [+] #908 | genko_cosplay_1654927710_2858063241533011179_13826729236.webp.jpg
[2026-04-17T17:15:33.543Z] [DOWNLOADED] genko_cosplay_1654927696_2858063127817044427_13826729236.webp.jpg | https://e-hentai.org/s/79b6524f9c/2917545-910
[2026-04-17T17:15:33.551Z] [+] #909 | genko_cosplay_1654927696_2858063127817044427_13826729236.webp.jpg
[2026-04-17T17:15:35.555Z] [DOWNLOADED] genko_cosplay_1654927687_2858063052294507926_13826729236.webp.jpg | https://e-hentai.org/s/878bdc96df/2917545-911
[2026-04-17T17:15:35.563Z] [+] #910 | genko_cosplay_1654927687_2858063052294507926_13826729236.webp.jpg
[2026-04-17T17:15:37.773Z] [DOWNLOADED] genko_cosplay_1654927676_2858062961596697480_13826729236.webp.jpg | https://e-hentai.org/s/b209f541cd/2917545-912
[2026-04-17T17:15:37.782Z] [+] #911 | genko_cosplay_1654927676_2858062961596697480_13826729236.webp.jpg
[2026-04-17T17:15:40.090Z] [DOWNLOADED] genko_cosplay_1654927667_2858062882089592284_13826729236.webp.jpg | https://e-hentai.org/s/99fec92746/2917545-913
[2026-04-17T17:15:40.101Z] [+] #912 | genko_cosplay_1654927667_2858062882089592284_13826729236.webp.jpg
[2026-04-17T17:15:42.356Z] [DOWNLOADED] genko_cosplay_1654406702_2853692709530482702_13826729236.webp.webp | https://e-hentai.org/s/667e6821b5/2917545-914
[2026-04-17T17:15:42.359Z] [+] #913 | genko_cosplay_1654406702_2853692709530482702_13826729236.webp.webp
[2026-04-17T17:15:44.380Z] [DOWNLOADED] genko_cosplay_1653576286_2846726675356445047_13826729236.webp.jpg | https://e-hentai.org/s/ca77232832/2917545-915
[2026-04-17T17:15:44.383Z] [+] #914 | genko_cosplay_1653576286_2846726675356445047_13826729236.webp.jpg
[2026-04-17T17:15:46.756Z] [DOWNLOADED] genko_cosplay_1653400036_2845248187993639092_13826729236.webp.jpg | https://e-hentai.org/s/1c7fd734e8/2917545-916
[2026-04-17T17:15:46.764Z] [+] #915 | genko_cosplay_1653400036_2845248187993639092_13826729236.webp.jpg
[2026-04-17T17:15:49.366Z] [DOWNLOADED] genko_cosplay_1653153642_2843181282798537844_13826729236.webp.jpg | https://e-hentai.org/s/8e87de77ae/2917545-917
[2026-04-17T17:15:49.374Z] [+] #916 | genko_cosplay_1653153642_2843181282798537844_13826729236.webp.jpg
[2026-04-17T17:15:52.043Z] [DOWNLOADED] genko_cosplay_1652866434_2840772008478577386_13826729236.jpg | https://e-hentai.org/s/07d3d27e6f/2917545-918
[2026-04-17T17:15:52.052Z] [+] #917 | genko_cosplay_1652866434_2840772008478577386_13826729236.jpg
[2026-04-17T17:15:54.447Z] [DOWNLOADED] genko_cosplay_1652651530_2838969265754012076_13826729236.webp.jpg | https://e-hentai.org/s/a344361772/2917545-919
[2026-04-17T17:15:54.456Z] [+] #918 | genko_cosplay_1652651530_2838969265754012076_13826729236.webp.jpg
[2026-04-17T17:15:56.793Z] [DOWNLOADED] genko_cosplay_1652651177_2838966299332544303_13826729236.webp.jpg | https://e-hentai.org/s/357015ce47/2917545-920
[2026-04-17T17:15:56.796Z] [+] #919 | genko_cosplay_1652651177_2838966299332544303_13826729236.webp.jpg
[2026-04-17T17:15:57.077Z] [VIEWER] Round 920 | Collected: 919
[2026-04-17T17:15:59.095Z] [DOWNLOADED] genko_cosplay_1652280779_2835859178335915227_13826729236.webp.jpg | https://e-hentai.org/s/3d6495fef1/2917545-921
[2026-04-17T17:15:59.103Z] [+] #920 | genko_cosplay_1652280779_2835859178335915227_13826729236.webp.jpg
[2026-04-17T17:16:01.308Z] [DOWNLOADED] genko_cosplay_1652193242_2835124861317954353_13826729236.webp.jpg | https://e-hentai.org/s/a14a3e1058/2917545-922
[2026-04-17T17:16:01.316Z] [+] #921 | genko_cosplay_1652193242_2835124861317954353_13826729236.webp.jpg
[2026-04-17T17:16:03.607Z] [DOWNLOADED] genko_cosplay_1651660952_2830659693141014359_13826729236.webp.jpg | https://e-hentai.org/s/236c6eecb2/2917545-923
[2026-04-17T17:16:03.616Z] [+] #922 | genko_cosplay_1651660952_2830659693141014359_13826729236.webp.jpg
[2026-04-17T17:16:05.994Z] [DOWNLOADED] genko_cosplay_1651598003_2830131640997309390_13826729236.webp.jpg | https://e-hentai.org/s/a7bb0701fc/2917545-924
[2026-04-17T17:16:06.002Z] [+] #923 | genko_cosplay_1651598003_2830131640997309390_13826729236.webp.jpg
[2026-04-17T17:16:08.239Z] [DOWNLOADED] genko_cosplay_1651597993_2830131553789409009_13826729236.webp.jpg | https://e-hentai.org/s/8ecb6f9527/2917545-925
[2026-04-17T17:16:08.247Z] [+] #924 | genko_cosplay_1651597993_2830131553789409009_13826729236.webp.jpg
[2026-04-17T17:16:10.532Z] [DOWNLOADED] genko_cosplay_1651597973_2830131388189936485_13826729236.webp.jpg | https://e-hentai.org/s/93f2572891/2917545-926
[2026-04-17T17:16:10.540Z] [+] #925 | genko_cosplay_1651597973_2830131388189936485_13826729236.webp.jpg
[2026-04-17T17:16:12.822Z] [DOWNLOADED] genko_cosplay_1651597962_2830131296795938114_13826729236.webp.jpg | https://e-hentai.org/s/9e9aa663ec/2917545-927
[2026-04-17T17:16:12.829Z] [+] #926 | genko_cosplay_1651597962_2830131296795938114_13826729236.webp.jpg
[2026-04-17T17:16:15.165Z] [DOWNLOADED] genko_cosplay_1651597949_2830131186720679585_13826729236.webp.jpg | https://e-hentai.org/s/6967b617bd/2917545-928
[2026-04-17T17:16:15.178Z] [+] #927 | genko_cosplay_1651597949_2830131186720679585_13826729236.webp.jpg
[2026-04-17T17:16:17.745Z] [DOWNLOADED] genko_cosplay_1651597936_2830131075445742213_13826729236.webp.jpg | https://e-hentai.org/s/8cca904ab4/2917545-929
[2026-04-17T17:16:17.753Z] [+] #928 | genko_cosplay_1651597936_2830131075445742213_13826729236.webp.jpg
[2026-04-17T17:16:19.928Z] [DOWNLOADED] genko_cosplay_1651597921_2830130951906727615_13826729236.webp.jpg | https://e-hentai.org/s/66614c1092/2917545-930
[2026-04-17T17:16:19.936Z] [+] #929 | genko_cosplay_1651597921_2830130951906727615_13826729236.webp.jpg
[2026-04-17T17:16:22.489Z] [DOWNLOADED] genko_cosplay_1651486965_2829200183000008864_13826729236.webp.jpg | https://e-hentai.org/s/9947a63ef4/2917545-931
[2026-04-17T17:16:22.497Z] [+] #930 | genko_cosplay_1651486965_2829200183000008864_13826729236.webp.jpg
[2026-04-17T17:16:24.949Z] [DOWNLOADED] genko_cosplay_1651409604_2828551233825842539_13826729236.webp.jpg | https://e-hentai.org/s/4654115e52/2917545-932
[2026-04-17T17:16:24.956Z] [+] #931 | genko_cosplay_1651409604_2828551233825842539_13826729236.webp.jpg
[2026-04-17T17:16:27.403Z] [DOWNLOADED] genko_cosplay_1651293551_2827577707589411450_13826729236.webp.webp | https://e-hentai.org/s/dcb20fdc3d/2917545-933
[2026-04-17T17:16:27.411Z] [+] #932 | genko_cosplay_1651293551_2827577707589411450_13826729236.webp.webp
[2026-04-17T17:16:29.678Z] [DOWNLOADED] genko_cosplay_1650102813_2817589072815377093_13826729236.webp.jpg | https://e-hentai.org/s/2905a14304/2917545-934
[2026-04-17T17:16:29.686Z] [+] #933 | genko_cosplay_1650102813_2817589072815377093_13826729236.webp.jpg
[2026-04-17T17:16:31.956Z] [DOWNLOADED] genko_cosplay_1650102803_2817588986857138367_13826729236.webp.jpg | https://e-hentai.org/s/ff9521f3d0/2917545-935
[2026-04-17T17:16:31.963Z] [+] #934 | genko_cosplay_1650102803_2817588986857138367_13826729236.webp.jpg
[2026-04-17T17:16:35.032Z] [DOWNLOADED] genko_cosplay_1650102793_2817588909673749474_13826729236.webp.jpg | https://e-hentai.org/s/19e28ebe93/2917545-936
[2026-04-17T17:16:35.035Z] [+] #935 | genko_cosplay_1650102793_2817588909673749474_13826729236.webp.jpg
[2026-04-17T17:16:37.027Z] [DOWNLOADED] genko_cosplay_1650102784_2817588827230521801_13826729236.webp.jpg | https://e-hentai.org/s/4b87c46e3d/2917545-937
[2026-04-17T17:16:37.031Z] [+] #936 | genko_cosplay_1650102784_2817588827230521801_13826729236.webp.jpg
[2026-04-17T17:16:39.439Z] [DOWNLOADED] genko_cosplay_1649930483_2816143468704724635_13826729236.webp.jpg | https://e-hentai.org/s/2b5bfef6f7/2917545-938
[2026-04-17T17:16:39.447Z] [+] #937 | genko_cosplay_1649930483_2816143468704724635_13826729236.webp.jpg
[2026-04-17T17:16:41.639Z] [DOWNLOADED] genko_cosplay_1649930476_2816143404884091677_13826729236.webp.jpg | https://e-hentai.org/s/7a3f5aab5e/2917545-939
[2026-04-17T17:16:41.647Z] [+] #938 | genko_cosplay_1649930476_2816143404884091677_13826729236.webp.jpg
[2026-04-17T17:16:43.955Z] [DOWNLOADED] genko_cosplay_1649930460_2816143275238153896_13826729236.webp.jpg | https://e-hentai.org/s/a6727c3467/2917545-940
[2026-04-17T17:16:43.963Z] [+] #939 | genko_cosplay_1649930460_2816143275238153896_13826729236.webp.jpg
[2026-04-17T17:16:44.268Z] [VIEWER] Round 940 | Collected: 939
[2026-04-17T17:16:46.279Z] [DOWNLOADED] genko_cosplay_1649754687_2814668785165720997_13826729236.webp.jpg | https://e-hentai.org/s/b25f3e88c8/2917545-941
[2026-04-17T17:16:46.287Z] [+] #940 | genko_cosplay_1649754687_2814668785165720997_13826729236.webp.jpg
[2026-04-17T17:16:48.987Z] [DOWNLOADED] genko_cosplay_1649754677_2814668700281232358_13826729236.webp.jpg | https://e-hentai.org/s/5d959d7179/2917545-942
[2026-04-17T17:16:48.995Z] [+] #941 | genko_cosplay_1649754677_2814668700281232358_13826729236.webp.jpg
[2026-04-17T17:16:51.281Z] [DOWNLOADED] genko_cosplay_1649396402_2811663266465292400_13826729236.webp.jpg | https://e-hentai.org/s/23ed07967c/2917545-943
[2026-04-17T17:16:51.289Z] [+] #942 | genko_cosplay_1649396402_2811663266465292400_13826729236.webp.jpg
[2026-04-17T17:16:53.660Z] [DOWNLOADED] genko_cosplay_1649228839_2810257651427873267_13826729236.webp.jpg | https://e-hentai.org/s/4a9790ebca/2917545-944
[2026-04-17T17:16:53.672Z] [+] #943 | genko_cosplay_1649228839_2810257651427873267_13826729236.webp.jpg
[2026-04-17T17:16:55.843Z] [DOWNLOADED] genko_cosplay_1649137628_2809492519479373596_13826729236.webp.webp | https://e-hentai.org/s/7c7be52cb7/2917545-945
[2026-04-17T17:16:55.851Z] [+] #944 | genko_cosplay_1649137628_2809492519479373596_13826729236.webp.webp
[2026-04-17T17:16:58.022Z] [DOWNLOADED] genko_cosplay_1649085385_2809054270110614858_13826729236.webp.webp | https://e-hentai.org/s/16efcda952/2917545-946
[2026-04-17T17:16:58.030Z] [+] #945 | genko_cosplay_1649085385_2809054270110614858_13826729236.webp.webp
[2026-04-17T17:17:00.248Z] [DOWNLOADED] genko_cosplay_1648910623_2807588258369703270_13826729236.webp.webp | https://e-hentai.org/s/549ff01695/2917545-947
[2026-04-17T17:17:00.256Z] [+] #946 | genko_cosplay_1648910623_2807588258369703270_13826729236.webp.webp
[2026-04-17T17:17:02.570Z] [DOWNLOADED] genko_cosplay_1648810173_2806745625968527799_13826729236.webp.webp | https://e-hentai.org/s/8b88294a90/2917545-948
[2026-04-17T17:17:02.578Z] [+] #947 | genko_cosplay_1648810173_2806745625968527799_13826729236.webp.webp
[2026-04-17T17:17:05.178Z] [DOWNLOADED] genko_cosplay_1648386147_2803188639221023644_13826729236.webp.jpg | https://e-hentai.org/s/debd35b373/2917545-949
[2026-04-17T17:17:05.186Z] [+] #948 | genko_cosplay_1648386147_2803188639221023644_13826729236.webp.jpg
[2026-04-17T17:17:07.871Z] [DOWNLOADED] genko_cosplay_1648295254_2802426173507648364_13826729236.webp.webp | https://e-hentai.org/s/8c1916cda9/2917545-950
[2026-04-17T17:17:07.879Z] [+] #949 | genko_cosplay_1648295254_2802426173507648364_13826729236.webp.webp
[2026-04-17T17:17:10.098Z] [DOWNLOADED] genko_cosplay_1648132823_2801063598355243193_13826729236.webp.jpg | https://e-hentai.org/s/020fe627ce/2917545-951
[2026-04-17T17:17:10.106Z] [+] #950 | genko_cosplay_1648132823_2801063598355243193_13826729236.webp.jpg
[2026-04-17T17:17:12.543Z] [DOWNLOADED] genko_cosplay_1648043208_2800311858977747678_13826729236.webp.webp | https://e-hentai.org/s/7934bbf838/2917545-952
[2026-04-17T17:17:12.555Z] [+] #951 | genko_cosplay_1648043208_2800311858977747678_13826729236.webp.webp
[2026-04-17T17:17:14.814Z] [DOWNLOADED] genko_cosplay_1647961851_2799629379572769159_13826729236.webp.jpg | https://e-hentai.org/s/14182e2752/2917545-953
[2026-04-17T17:17:14.822Z] [+] #952 | genko_cosplay_1647961851_2799629379572769159_13826729236.webp.jpg
[2026-04-17T17:17:17.314Z] [DOWNLOADED] genko_cosplay_1647447565_2795315236507129871_13826729236.webp.webp | https://e-hentai.org/s/d041ee9c84/2917545-954
[2026-04-17T17:17:17.323Z] [+] #953 | genko_cosplay_1647447565_2795315236507129871_13826729236.webp.webp
[2026-04-17T17:17:19.556Z] [DOWNLOADED] genko_cosplay_1647354505_2794534599775978552_13826729236.webp.webp | https://e-hentai.org/s/31f109e411/2917545-955
[2026-04-17T17:17:19.564Z] [+] #954 | genko_cosplay_1647354505_2794534599775978552_13826729236.webp.webp
[2026-04-17T17:17:21.721Z] [DOWNLOADED] genko_cosplay_1647085772_2792280300039620036_13826729236.webp.webp | https://e-hentai.org/s/2840f88ea4/2917545-956
[2026-04-17T17:17:21.729Z] [+] #955 | genko_cosplay_1647085772_2792280300039620036_13826729236.webp.webp
[2026-04-17T17:17:24.033Z] [DOWNLOADED] genko_cosplay_1647085720_2792279867128648192_13826729236.webp.webp | https://e-hentai.org/s/68f0af51ba/2917545-957
[2026-04-17T17:17:24.041Z] [+] #956 | genko_cosplay_1647085720_2792279867128648192_13826729236.webp.webp
[2026-04-17T17:17:26.720Z] [DOWNLOADED] genko_cosplay_1646941217_2791067688456681932_13826729236.webp.webp | https://e-hentai.org/s/3b3f9f2b33/2917545-958
[2026-04-17T17:17:26.732Z] [+] #957 | genko_cosplay_1646941217_2791067688456681932_13826729236.webp.webp
[2026-04-17T17:17:29.386Z] [DOWNLOADED] genko_cosplay_1646648079_2788608664048376948_13826729236.webp.webp | https://e-hentai.org/s/4b681f94b8/2917545-959
[2026-04-17T17:17:29.394Z] [+] #958 | genko_cosplay_1646648079_2788608664048376948_13826729236.webp.webp
[2026-04-17T17:17:32.235Z] [DOWNLOADED] genko_cosplay_1646648043_2788608363190975971_13826729236.webp.webp | https://e-hentai.org/s/f053ff7c95/2917545-960
[2026-04-17T17:17:32.244Z] [+] #959 | genko_cosplay_1646648043_2788608363190975971_13826729236.webp.webp
[2026-04-17T17:17:32.550Z] [VIEWER] Round 960 | Collected: 959
[2026-04-17T17:17:34.320Z] [DOWNLOADED] genko_cosplay_1646490910_2787290236906735632_13826729236.webp.webp | https://e-hentai.org/s/5f52fda442/2917545-961
[2026-04-17T17:17:34.329Z] [+] #960 | genko_cosplay_1646490910_2787290236906735632_13826729236.webp.webp
[2026-04-17T17:17:36.538Z] [DOWNLOADED] genko_cosplay_1646490903_2787290176718515671_13826729236.webp.webp | https://e-hentai.org/s/49e0e68829/2917545-962
[2026-04-17T17:17:36.546Z] [+] #961 | genko_cosplay_1646490903_2787290176718515671_13826729236.webp.webp
[2026-04-17T17:17:38.831Z] [DOWNLOADED] genko_cosplay_1646490894_2787290104090055919_13826729236.webp.webp | https://e-hentai.org/s/f7e108d6a4/2917545-963
[2026-04-17T17:17:38.843Z] [+] #962 | genko_cosplay_1646490894_2787290104090055919_13826729236.webp.webp
[2026-04-17T17:17:41.328Z] [DOWNLOADED] genko_cosplay_1646289048_2785596894643896864_13826729236.webp.jpg | https://e-hentai.org/s/33311789fd/2917545-964
[2026-04-17T17:17:41.336Z] [+] #963 | genko_cosplay_1646289048_2785596894643896864_13826729236.webp.jpg
[2026-04-17T17:17:43.670Z] [DOWNLOADED] genko_cosplay_1646289040_2785596829187584030_13826729236.webp.jpg | https://e-hentai.org/s/2dca54e7ad/2917545-965
[2026-04-17T17:17:43.677Z] [+] #964 | genko_cosplay_1646289040_2785596829187584030_13826729236.webp.jpg
[2026-04-17T17:17:46.226Z] [DOWNLOADED] genko_cosplay_1646289030_2785596743028081522_13826729236.webp.jpg | https://e-hentai.org/s/c7a5989482/2917545-966
[2026-04-17T17:17:46.234Z] [+] #965 | genko_cosplay_1646289030_2785596743028081522_13826729236.webp.jpg
[2026-04-17T17:17:48.570Z] [DOWNLOADED] genko_cosplay_1646289015_2785596617450634191_13826729236.webp.jpg | https://e-hentai.org/s/ef303339a9/2917545-967
[2026-04-17T17:17:48.578Z] [+] #966 | genko_cosplay_1646289015_2785596617450634191_13826729236.webp.jpg
[2026-04-17T17:17:50.703Z] [DOWNLOADED] genko_cosplay_1646288998_2785596472378115809_13826729236.webp.jpg | https://e-hentai.org/s/e3b4d91084/2917545-968
[2026-04-17T17:17:50.710Z] [+] #967 | genko_cosplay_1646288998_2785596472378115809_13826729236.webp.jpg
[2026-04-17T17:17:53.174Z] [DOWNLOADED] genko_cosplay_1646288987_2785596385866348140_13826729236.webp.jpg | https://e-hentai.org/s/05d392f851/2917545-969
[2026-04-17T17:17:53.183Z] [+] #968 | genko_cosplay_1646288987_2785596385866348140_13826729236.webp.jpg
[2026-04-17T17:17:55.671Z] [DOWNLOADED] genko_cosplay_1646288968_2785596219805497330_13826729236.webp.jpg | https://e-hentai.org/s/6347c9b6ba/2917545-970
[2026-04-17T17:17:55.680Z] [+] #969 | genko_cosplay_1646288968_2785596219805497330_13826729236.webp.jpg
[2026-04-17T17:17:57.903Z] [DOWNLOADED] genko_cosplay_1646043180_2783534402241382241_13826729236.webp.jpg | https://e-hentai.org/s/da5017ec16/2917545-971
[2026-04-17T17:17:57.912Z] [+] #970 | genko_cosplay_1646043180_2783534402241382241_13826729236.webp.jpg
[2026-04-17T17:18:00.175Z] [DOWNLOADED] genko_cosplay_1646043172_2783534338580334033_13826729236.webp.jpg | https://e-hentai.org/s/a579086edb/2917545-972
[2026-04-17T17:18:00.184Z] [+] #971 | genko_cosplay_1646043172_2783534338580334033_13826729236.webp.jpg
[2026-04-17T17:18:02.175Z] [DOWNLOADED] genko_cosplay_1646043166_2783534283685180268_13826729236.webp.jpg | https://e-hentai.org/s/4f97464dac/2917545-973
[2026-04-17T17:18:02.183Z] [+] #972 | genko_cosplay_1646043166_2783534283685180268_13826729236.webp.jpg
[2026-04-17T17:18:04.514Z] [DOWNLOADED] genko_cosplay_1646043158_2783534222112879139_13826729236.webp.jpg | https://e-hentai.org/s/5b7d947f74/2917545-974
[2026-04-17T17:18:04.522Z] [+] #973 | genko_cosplay_1646043158_2783534222112879139_13826729236.webp.jpg
[2026-04-17T17:18:06.657Z] [DOWNLOADED] genko_cosplay_1646043150_2783534152747357451_13826729236.webp.jpg | https://e-hentai.org/s/4c43139e8e/2917545-975
[2026-04-17T17:18:06.666Z] [+] #974 | genko_cosplay_1646043150_2783534152747357451_13826729236.webp.jpg
[2026-04-17T17:18:09.392Z] [DOWNLOADED] genko_cosplay_1646043141_2783534076612395025_13826729236.webp.jpg | https://e-hentai.org/s/f0b4cad86a/2917545-976
[2026-04-17T17:18:09.401Z] [+] #975 | genko_cosplay_1646043141_2783534076612395025_13826729236.webp.jpg
[2026-04-17T17:18:11.788Z] [DOWNLOADED] genko_cosplay_1645784609_2781365355786762390_13826729236.webp.webp | https://e-hentai.org/s/15eac398b1/2917545-977
[2026-04-17T17:18:11.799Z] [+] #976 | genko_cosplay_1645784609_2781365355786762390_13826729236.webp.webp
[2026-04-17T17:18:14.185Z] [DOWNLOADED] genko_cosplay_1645784609_2781365355778320339_13826729236.webp.jpg | https://e-hentai.org/s/8bbd9d95da/2917545-978
[2026-04-17T17:18:14.193Z] [+] #977 | genko_cosplay_1645784609_2781365355778320339_13826729236.webp.jpg
[2026-04-17T17:18:16.188Z] [DOWNLOADED] genko_cosplay_1645447511_2778537569208405243_13826729236.webp.webp | https://e-hentai.org/s/6fbc82a4ec/2917545-979
[2026-04-17T17:18:16.192Z] [+] #978 | genko_cosplay_1645447511_2778537569208405243_13826729236.webp.webp
[2026-04-17T17:18:18.391Z] [DOWNLOADED] genko_cosplay_1645447504_2778537510311831776_13826729236.webp.webp | https://e-hentai.org/s/18626b7e49/2917545-980
[2026-04-17T17:18:18.399Z] [+] #979 | genko_cosplay_1645447504_2778537510311831776_13826729236.webp.webp
[2026-04-17T17:18:18.748Z] [VIEWER] Round 980 | Collected: 979
[2026-04-17T17:18:20.816Z] [DOWNLOADED] genko_cosplay_1645447497_2778537452682208870_13826729236.webp.webp | https://e-hentai.org/s/06e12a1e2f/2917545-981
[2026-04-17T17:18:20.825Z] [+] #980 | genko_cosplay_1645447497_2778537452682208870_13826729236.webp.webp
[2026-04-17T17:18:22.836Z] [DOWNLOADED] genko_cosplay_1645447485_2778537349007294585_13826729236.webp.jpg | https://e-hentai.org/s/334a2c2c78/2917545-982
[2026-04-17T17:18:22.844Z] [+] #981 | genko_cosplay_1645447485_2778537349007294585_13826729236.webp.jpg
[2026-04-17T17:18:25.158Z] [DOWNLOADED] genko_cosplay_1645447473_2778537248151127739_13826729236.webp.jpg | https://e-hentai.org/s/b462793e0d/2917545-983
[2026-04-17T17:18:25.168Z] [+] #982 | genko_cosplay_1645447473_2778537248151127739_13826729236.webp.jpg
[2026-04-17T17:18:27.601Z] [DOWNLOADED] genko_cosplay_1645265788_2777013171045374021_13826729236.webp.webp | https://e-hentai.org/s/01e17b04f4/2917545-984
[2026-04-17T17:18:27.612Z] [+] #983 | genko_cosplay_1645265788_2777013171045374021_13826729236.webp.webp
[2026-04-17T17:18:29.854Z] [DOWNLOADED] genko_cosplay_1645087593_2775518358738312974_13826729236.webp.webp | https://e-hentai.org/s/90410a3198/2917545-985
[2026-04-17T17:18:29.862Z] [+] #984 | genko_cosplay_1645087593_2775518358738312974_13826729236.webp.webp
[2026-04-17T17:18:32.073Z] [DOWNLOADED] genko_cosplay_1644996778_2774756546707287025_13826729236.webp.jpg | https://e-hentai.org/s/e9289103b6/2917545-986
[2026-04-17T17:18:32.082Z] [+] #985 | genko_cosplay_1644996778_2774756546707287025_13826729236.webp.jpg
[2026-04-17T17:18:34.623Z] [DOWNLOADED] genko_cosplay_1644996769_2774756474213097692_13826729236.webp.jpg | https://e-hentai.org/s/25276b1d43/2917545-987
[2026-04-17T17:18:34.631Z] [+] #986 | genko_cosplay_1644996769_2774756474213097692_13826729236.webp.jpg
[2026-04-17T17:18:37.179Z] [DOWNLOADED] genko_cosplay_1644996760_2774756396106641107_13826729236.webp.jpg | https://e-hentai.org/s/4fe3ff28ef/2917545-988
[2026-04-17T17:18:37.191Z] [+] #987 | genko_cosplay_1644996760_2774756396106641107_13826729236.webp.jpg
[2026-04-17T17:18:41.486Z] [DOWNLOADED] genko_cosplay_1644996753_2774756336354619980_13826729236.webp.jpg | https://e-hentai.org/s/06c10d026d/2917545-989
[2026-04-17T17:18:41.497Z] [+] #988 | genko_cosplay_1644996753_2774756336354619980_13826729236.webp.jpg
[2026-04-17T17:18:44.046Z] [DOWNLOADED] genko_cosplay_1644996753_2774756336010592326_13826729236.webp.jpg | https://e-hentai.org/s/a0ea807486/2917545-990
[2026-04-17T17:18:44.054Z] [+] #989 | genko_cosplay_1644996753_2774756336010592326_13826729236.webp.jpg
[2026-04-17T17:18:46.444Z] [DOWNLOADED] genko_cosplay_1644996736_2774756192884163764_13826729236.webp.jpg | https://e-hentai.org/s/cab7179048/2917545-991
[2026-04-17T17:18:46.452Z] [+] #990 | genko_cosplay_1644996736_2774756192884163764_13826729236.webp.jpg
[2026-04-17T17:18:48.694Z] [DOWNLOADED] genko_cosplay_1644996721_2774756071014542722_13826729236.webp.jpg | https://e-hentai.org/s/f67dce0fa7/2917545-992
[2026-04-17T17:18:48.702Z] [+] #991 | genko_cosplay_1644996721_2774756071014542722_13826729236.webp.jpg
[2026-04-17T17:18:51.062Z] [DOWNLOADED] genko_cosplay_1644825453_2773319366478695014_13826729236.webp.jpg | https://e-hentai.org/s/78393eac62/2917545-993
[2026-04-17T17:18:51.071Z] [+] #992 | genko_cosplay_1644825453_2773319366478695014_13826729236.webp.jpg
[2026-04-17T17:18:53.527Z] [DOWNLOADED] genko_cosplay_1644682693_2772121811267925155_13826729236.webp.webp | https://e-hentai.org/s/5f2b8ad234/2917545-994
[2026-04-17T17:18:53.535Z] [+] #993 | genko_cosplay_1644682693_2772121811267925155_13826729236.webp.webp
[2026-04-17T17:18:55.613Z] [DOWNLOADED] genko_cosplay_1644232869_2768348416512494967_13826729236.webp.webp | https://e-hentai.org/s/9c2408dd4f/2917545-995
[2026-04-17T17:18:55.622Z] [+] #994 | genko_cosplay_1644232869_2768348416512494967_13826729236.webp.webp
[2026-04-17T17:18:57.917Z] [DOWNLOADED] genko_cosplay_1644232861_2768348350368209004_13826729236.webp.webp | https://e-hentai.org/s/eb3559e137/2917545-996
[2026-04-17T17:18:57.925Z] [+] #995 | genko_cosplay_1644232861_2768348350368209004_13826729236.webp.webp
[2026-04-17T17:19:11.222Z] [DOWNLOADED] genko_cosplay_1644232854_2768348288141570079_13826729236.webp.webp | https://e-hentai.org/s/b4727e41c6/2917545-997
[2026-04-17T17:19:11.234Z] [+] #996 | genko_cosplay_1644232854_2768348288141570079_13826729236.webp.webp
[2026-04-17T17:19:13.546Z] [DOWNLOADED] genko_cosplay_1644232791_2768347764381988961_13826729236.webp.jpg | https://e-hentai.org/s/b27ce63008/2917545-998
[2026-04-17T17:19:13.553Z] [+] #997 | genko_cosplay_1644232791_2768347764381988961_13826729236.webp.jpg
[2026-04-17T17:19:15.932Z] [DOWNLOADED] genko_cosplay_1644232758_2768347483070090115_13826729236.webp.jpg | https://e-hentai.org/s/cd95e03862/2917545-999
[2026-04-17T17:19:15.939Z] [+] #998 | genko_cosplay_1644232758_2768347483070090115_13826729236.webp.jpg
[2026-04-17T17:19:19.062Z] [DOWNLOADED] genko_cosplay_1643950663_2765981099752321533_13826729236.webp.jpg | https://e-hentai.org/s/14056c772a/2917545-1000
[2026-04-17T17:19:19.074Z] [+] #999 | genko_cosplay_1643950663_2765981099752321533_13826729236.webp.jpg
[2026-04-17T17:19:19.378Z] [VIEWER] Round 1000 | Collected: 999
[2026-04-17T17:19:21.529Z] [DOWNLOADED] genko_cosplay_1643900030_2765556357535726498_13826729236.webp.jpg | https://e-hentai.org/s/af960d0f1a/2917545-1001
[2026-04-17T17:19:21.537Z] [+] #1000 | genko_cosplay_1643900030_2765556357535726498_13826729236.webp.jpg
[2026-04-17T17:19:23.931Z] [DOWNLOADED] genko_cosplay_1643610445_2763127141874661708_13826729236.webp.jpg | https://e-hentai.org/s/7546df22b2/2917545-1002
[2026-04-17T17:19:23.939Z] [+] #1001 | genko_cosplay_1643610445_2763127141874661708_13826729236.webp.jpg
[2026-04-17T17:19:26.208Z] [DOWNLOADED] genko_cosplay_1643610411_2763126856385139231_13826729236.webp.jpg | https://e-hentai.org/s/43f9a66893/2917545-1003
[2026-04-17T17:19:26.217Z] [+] #1002 | genko_cosplay_1643610411_2763126856385139231_13826729236.webp.jpg
[2026-04-17T17:19:28.679Z] [DOWNLOADED] genko_cosplay_1643177387_2759494386536230579_13826729236.jpg | https://e-hentai.org/s/943d285eda/2917545-1004
[2026-04-17T17:19:28.687Z] [+] #1003 | genko_cosplay_1643177387_2759494386536230579_13826729236.jpg
[2026-04-17T17:19:30.929Z] [DOWNLOADED] genko_cosplay_1643177367_2759494222203447950_13826729236.jpg | https://e-hentai.org/s/e32b8ee2ad/2917545-1005
[2026-04-17T17:19:30.942Z] [+] #1004 | genko_cosplay_1643177367_2759494222203447950_13826729236.jpg
[2026-04-17T17:19:33.191Z] [DOWNLOADED] genko_cosplay_1643075641_2758640879487882799_13826729236.webp | https://e-hentai.org/s/214a4126d2/2917545-1006
[2026-04-17T17:19:33.199Z] [+] #1005 | genko_cosplay_1643075641_2758640879487882799_13826729236.webp
[2026-04-17T17:19:35.274Z] [DOWNLOADED] genko_cosplay_1643075641_2758640879479355635_13826729236.webp | https://e-hentai.org/s/4d18e92bbe/2917545-1007
[2026-04-17T17:19:35.283Z] [+] #1006 | genko_cosplay_1643075641_2758640879479355635_13826729236.webp
[2026-04-17T17:19:37.670Z] [DOWNLOADED] genko_cosplay_1643075641_2758640879479307877_13826729236.jpg | https://e-hentai.org/s/80565e96c4/2917545-1008
[2026-04-17T17:19:37.678Z] [+] #1007 | genko_cosplay_1643075641_2758640879479307877_13826729236.jpg
[2026-04-17T17:19:40.711Z] [DOWNLOADED] genko_cosplay_1643075641_2758640879462531634_13826729236.jpg | https://e-hentai.org/s/20affde6f3/2917545-1009
[2026-04-17T17:19:40.719Z] [+] #1008 | genko_cosplay_1643075641_2758640879462531634_13826729236.jpg
[2026-04-17T17:19:43.034Z] [DOWNLOADED] genko_cosplay_1642839924_2756663543434378478_13826729236.jpg | https://e-hentai.org/s/470b0f8368/2917545-1010
[2026-04-17T17:19:43.043Z] [+] #1009 | genko_cosplay_1642839924_2756663543434378478_13826729236.jpg
[2026-04-17T17:19:45.268Z] [DOWNLOADED] genko_cosplay_1642839924_2756663543425967795_13826729236.jpg | https://e-hentai.org/s/283fde0279/2917545-1011
[2026-04-17T17:19:45.271Z] [+] #1010 | genko_cosplay_1642839924_2756663543425967795_13826729236.jpg
[2026-04-17T17:19:48.053Z] [DOWNLOADED] genko_cosplay_1642839924_2756663543417609705_13826729236.jpg | https://e-hentai.org/s/0cb3ef1299/2917545-1012
[2026-04-17T17:19:48.062Z] [+] #1011 | genko_cosplay_1642839924_2756663543417609705_13826729236.jpg
[2026-04-17T17:19:50.368Z] [DOWNLOADED] genko_cosplay_1642839924_2756663543400844046_13826729236.jpg | https://e-hentai.org/s/3a9b0c1816/2917545-1013
[2026-04-17T17:19:50.377Z] [+] #1012 | genko_cosplay_1642839924_2756663543400844046_13826729236.jpg
[2026-04-17T17:19:52.779Z] [DOWNLOADED] genko_cosplay_1642483094_2753670241978351924_13826729236.jpg | https://e-hentai.org/s/75dcf04c9f/2917545-1014
[2026-04-17T17:19:52.792Z] [+] #1013 | genko_cosplay_1642483094_2753670241978351924_13826729236.jpg
[2026-04-17T17:19:55.139Z] [DOWNLOADED] genko_cosplay_1642483087_2753670176983372728_13826729236.jpg | https://e-hentai.org/s/947761e8d6/2917545-1015
[2026-04-17T17:19:55.147Z] [+] #1014 | genko_cosplay_1642483087_2753670176983372728_13826729236.jpg
[2026-04-17T17:19:57.430Z] [DOWNLOADED] genko_cosplay_1642370141_2752722716976230134_13826729236.jpg | https://e-hentai.org/s/741513d335/2917545-1016
[2026-04-17T17:19:57.438Z] [+] #1015 | genko_cosplay_1642370141_2752722716976230134_13826729236.jpg
[2026-04-17T17:19:59.920Z] [DOWNLOADED] genko_cosplay_1642370131_2752722636143624355_13826729236.jpg | https://e-hentai.org/s/b2a14ceaf3/2917545-1017
[2026-04-17T17:19:59.930Z] [+] #1016 | genko_cosplay_1642370131_2752722636143624355_13826729236.jpg
[2026-04-17T17:20:03.098Z] [DOWNLOADED] genko_cosplay_1642370124_2752722573640206166_13826729236.jpg | https://e-hentai.org/s/03d2a92b17/2917545-1018
[2026-04-17T17:20:03.107Z] [+] #1017 | genko_cosplay_1642370124_2752722573640206166_13826729236.jpg
[2026-04-17T17:20:05.465Z] [DOWNLOADED] genko_cosplay_1642370113_2752722485752843394_13826729236.jpg | https://e-hentai.org/s/b4bf6bc231/2917545-1019
[2026-04-17T17:20:05.468Z] [+] #1018 | genko_cosplay_1642370113_2752722485752843394_13826729236.jpg
[2026-04-17T17:20:07.991Z] [DOWNLOADED] genko_cosplay_1642370104_2752722406413275615_13826729236.jpg | https://e-hentai.org/s/191f8946d7/2917545-1020
[2026-04-17T17:20:08.000Z] [+] #1019 | genko_cosplay_1642370104_2752722406413275615_13826729236.jpg
[2026-04-17T17:20:08.309Z] [VIEWER] Round 1020 | Collected: 1019
[2026-04-17T17:20:10.193Z] [DOWNLOADED] genko_cosplay_1642370083_2752722236468408651_13826729236.jpg | https://e-hentai.org/s/bd6c04d45d/2917545-1021
[2026-04-17T17:20:10.201Z] [+] #1020 | genko_cosplay_1642370083_2752722236468408651_13826729236.jpg
[2026-04-17T17:20:12.379Z] [DOWNLOADED] genko_cosplay_1642370060_2752722037952067063_13826729236.jpg | https://e-hentai.org/s/27e07d0112/2917545-1022
[2026-04-17T17:20:12.387Z] [+] #1021 | genko_cosplay_1642370060_2752722037952067063_13826729236.jpg
[2026-04-17T17:20:14.534Z] [DOWNLOADED] genko_cosplay_1642370046_2752721922029987370_13826729236.jpg | https://e-hentai.org/s/6b53acbf99/2917545-1023
[2026-04-17T17:20:14.542Z] [+] #1022 | genko_cosplay_1642370046_2752721922029987370_13826729236.jpg
[2026-04-17T17:20:16.842Z] [DOWNLOADED] genko_cosplay_1642370008_2752721607239094254_13826729236.jpg | https://e-hentai.org/s/cd7c11ee34/2917545-1024
[2026-04-17T17:20:16.850Z] [+] #1023 | genko_cosplay_1642370008_2752721607239094254_13826729236.jpg
[2026-04-17T17:20:19.233Z] [DOWNLOADED] genko_cosplay_1642369998_2752721521926764598_13826729236.jpg | https://e-hentai.org/s/acc329fef8/2917545-1025
[2026-04-17T17:20:19.242Z] [+] #1024 | genko_cosplay_1642369998_2752721521926764598_13826729236.jpg
[2026-04-17T17:20:21.487Z] [DOWNLOADED] genko_cosplay_1642369986_2752721418302412681_13826729236.jpg | https://e-hentai.org/s/62b9930201/2917545-1026
[2026-04-17T17:20:21.496Z] [+] #1025 | genko_cosplay_1642369986_2752721418302412681_13826729236.jpg
[2026-04-17T17:20:23.814Z] [DOWNLOADED] genko_cosplay_1641759138_2747597251651457539_13826729236.webp | https://e-hentai.org/s/061361a1a0/2917545-1027
[2026-04-17T17:20:23.822Z] [+] #1026 | genko_cosplay_1641759138_2747597251651457539_13826729236.webp
[2026-04-17T17:20:25.992Z] [DOWNLOADED] genko_cosplay_1641759128_2747597175181008647_13826729236.webp | https://e-hentai.org/s/194820cd53/2917545-1028
[2026-04-17T17:20:26.001Z] [+] #1027 | genko_cosplay_1641759128_2747597175181008647_13826729236.webp
[2026-04-17T17:20:28.532Z] [DOWNLOADED] genko_cosplay_1641759063_2747596624955214425_13826729236.jpg | https://e-hentai.org/s/fbc971825a/2917545-1029
[2026-04-17T17:20:28.541Z] [+] #1028 | genko_cosplay_1641759063_2747596624955214425_13826729236.jpg
[2026-04-17T17:20:30.936Z] [DOWNLOADED] genko_cosplay_1641759023_2747596294234423563_13826729236.jpg | https://e-hentai.org/s/cd657b1d0d/2917545-1030
[2026-04-17T17:20:30.945Z] [+] #1029 | genko_cosplay_1641759023_2747596294234423563_13826729236.jpg
[2026-04-17T17:20:33.248Z] [DOWNLOADED] genko_cosplay_1640006115_2732891835033666501_13826729236.jpg | https://e-hentai.org/s/69a3ebf88b/2917545-1031
[2026-04-17T17:20:33.260Z] [+] #1030 | genko_cosplay_1640006115_2732891835033666501_13826729236.jpg
[2026-04-17T17:20:35.659Z] [DOWNLOADED] genko_cosplay_1640006109_2732891778293163121_13826729236.jpg | https://e-hentai.org/s/dc3d97b419/2917545-1032
[2026-04-17T17:20:35.667Z] [+] #1031 | genko_cosplay_1640006109_2732891778293163121_13826729236.jpg
[2026-04-17T17:20:37.990Z] [DOWNLOADED] genko_cosplay_1640006093_2732891647615383018_13826729236.jpg | https://e-hentai.org/s/4a43d166f0/2917545-1033
[2026-04-17T17:20:37.998Z] [+] #1032 | genko_cosplay_1640006093_2732891647615383018_13826729236.jpg
[2026-04-17T17:20:40.637Z] [DOWNLOADED] genko_cosplay_1640006086_2732891585782916138_13826729236.jpg | https://e-hentai.org/s/d48780655c/2917545-1034
[2026-04-17T17:20:40.650Z] [+] #1033 | genko_cosplay_1640006086_2732891585782916138_13826729236.jpg
[2026-04-17T17:20:42.868Z] [DOWNLOADED] genko_cosplay_1640006071_2732891463099424273_13826729236.jpg | https://e-hentai.org/s/69195ebf27/2917545-1035
[2026-04-17T17:20:42.877Z] [+] #1034 | genko_cosplay_1640006071_2732891463099424273_13826729236.jpg
[2026-04-17T17:20:45.275Z] [DOWNLOADED] genko_cosplay_1640006061_2732891379758676615_13826729236.jpg | https://e-hentai.org/s/816d255713/2917545-1036
[2026-04-17T17:20:45.284Z] [+] #1035 | genko_cosplay_1640006061_2732891379758676615_13826729236.jpg
[2026-04-17T17:20:47.864Z] [DOWNLOADED] genko_cosplay_1640006049_2732891280538164408_13826729236.jpg | https://e-hentai.org/s/5ff80bbf35/2917545-1037
[2026-04-17T17:20:47.872Z] [+] #1036 | genko_cosplay_1640006049_2732891280538164408_13826729236.jpg
[2026-04-17T17:20:50.368Z] [DOWNLOADED] genko_cosplay_1639479057_2728470547649057236_13826729236.webp | https://e-hentai.org/s/7651909815/2917545-1038
[2026-04-17T17:20:50.377Z] [+] #1037 | genko_cosplay_1639479057_2728470547649057236_13826729236.webp
[2026-04-17T17:20:52.769Z] [DOWNLOADED] genko_cosplay_1637320885_2710366489893670655_13826729236.webp | https://e-hentai.org/s/c2d2929286/2917545-1039
[2026-04-17T17:20:52.778Z] [+] #1038 | genko_cosplay_1637320885_2710366489893670655_13826729236.webp
[2026-04-17T17:20:55.005Z] [DOWNLOADED] genko_cosplay_1637320878_2710366432717050167_13826729236.jpg | https://e-hentai.org/s/e15010b640/2917545-1040
[2026-04-17T17:20:55.014Z] [+] #1039 | genko_cosplay_1637320878_2710366432717050167_13826729236.jpg
[2026-04-17T17:20:55.328Z] [VIEWER] Round 1040 | Collected: 1039
[2026-04-17T17:20:57.269Z] [DOWNLOADED] genko_cosplay_1637320866_2710366329914750007_13826729236.webp | https://e-hentai.org/s/998ddc2b96/2917545-1041
[2026-04-17T17:20:57.278Z] [+] #1040 | genko_cosplay_1637320866_2710366329914750007_13826729236.webp
[2026-04-17T17:20:59.403Z] [DOWNLOADED] genko_cosplay_1637320842_2710366132505457226_13826729236.webp | https://e-hentai.org/s/6140eb1b22/2917545-1042
[2026-04-17T17:20:59.411Z] [+] #1041 | genko_cosplay_1637320842_2710366132505457226_13826729236.webp
[2026-04-17T17:21:01.591Z] [DOWNLOADED] genko_cosplay_1637320831_2710366035835314110_13826729236.webp | https://e-hentai.org/s/d18d4a9886/2917545-1043
[2026-04-17T17:21:01.599Z] [+] #1042 | genko_cosplay_1637320831_2710366035835314110_13826729236.webp
[2026-04-17T17:21:03.981Z] [DOWNLOADED] genko_cosplay_1637320823_2710365967283600394_13826729236.webp | https://e-hentai.org/s/2e47b47849/2917545-1044
[2026-04-17T17:21:03.990Z] [+] #1043 | genko_cosplay_1637320823_2710365967283600394_13826729236.webp
[2026-04-17T17:21:06.346Z] [DOWNLOADED] genko_cosplay_1635415005_2694378811289331198_13826729236.webp | https://e-hentai.org/s/047a80d2ed/2917545-1045
[2026-04-17T17:21:06.355Z] [+] #1044 | genko_cosplay_1635415005_2694378811289331198_13826729236.webp
[2026-04-17T17:21:08.989Z] [DOWNLOADED] genko_cosplay_1633420281_2677645851644693771_13826729236.jpg | https://e-hentai.org/s/767657a31d/2917545-1046
[2026-04-17T17:21:08.999Z] [+] #1045 | genko_cosplay_1633420281_2677645851644693771_13826729236.jpg
[2026-04-17T17:21:11.154Z] [DOWNLOADED] genko_cosplay_1633111330_2675054186403900520_13826729236.jpg | https://e-hentai.org/s/5578dc1a28/2917545-1047
[2026-04-17T17:21:11.164Z] [+] #1046 | genko_cosplay_1633111330_2675054186403900520_13826729236.jpg
[2026-04-17T17:21:13.540Z] [DOWNLOADED] genko_cosplay_1631016030_2657477530282714291_13826729236.jpg | https://e-hentai.org/s/c291e3fddf/2917545-1048
[2026-04-17T17:21:13.549Z] [+] #1047 | genko_cosplay_1631016030_2657477530282714291_13826729236.jpg
[2026-04-17T17:21:15.928Z] [DOWNLOADED] genko_cosplay_1631015998_2657477263516568101_13826729236.webp | https://e-hentai.org/s/e5095402cc/2917545-1049
[2026-04-17T17:21:15.937Z] [+] #1048 | genko_cosplay_1631015998_2657477263516568101_13826729236.webp
[2026-04-17T17:21:18.335Z] [DOWNLOADED] genko_cosplay_1631015998_2657477263399149016_13826729236.webp | https://e-hentai.org/s/c74cdc1b23/2917545-1050
[2026-04-17T17:21:18.338Z] [+] #1049 | genko_cosplay_1631015998_2657477263399149016_13826729236.webp
[2026-04-17T17:21:20.766Z] [DOWNLOADED] genko_cosplay_1631015926_2657476664788104116_13826729236.jpg | https://e-hentai.org/s/7cb7cc08e9/2917545-1051
[2026-04-17T17:21:20.775Z] [+] #1050 | genko_cosplay_1631015926_2657476664788104116_13826729236.jpg
[2026-04-17T17:21:23.201Z] [DOWNLOADED] genko_cosplay_1631015914_2657476561792903654_13826729236.jpg | https://e-hentai.org/s/44817c5d4e/2917545-1052
[2026-04-17T17:21:23.210Z] [+] #1051 | genko_cosplay_1631015914_2657476561792903654_13826729236.jpg
[2026-04-17T17:21:25.453Z] [DOWNLOADED] genko_cosplay_1631015897_2657476420864248875_13826729236.jpg | https://e-hentai.org/s/f82f215559/2917545-1053
[2026-04-17T17:21:25.462Z] [+] #1052 | genko_cosplay_1631015897_2657476420864248875_13826729236.jpg
[2026-04-17T17:21:27.936Z] [DOWNLOADED] genko_cosplay_1631015884_2657476306284308593_13826729236.jpg | https://e-hentai.org/s/70748ebd4c/2917545-1054
[2026-04-17T17:21:27.944Z] [+] #1053 | genko_cosplay_1631015884_2657476306284308593_13826729236.jpg
[2026-04-17T17:21:30.206Z] [DOWNLOADED] genko_cosplay_1631015870_2657476192358599073_13826729236.webp | https://e-hentai.org/s/dbc9f99480/2917545-1055
[2026-04-17T17:21:30.215Z] [+] #1054 | genko_cosplay_1631015870_2657476192358599073_13826729236.webp
[2026-04-17T17:21:32.513Z] [DOWNLOADED] genko_cosplay_1630572080_2653753408532869953_13826729236.jpg | https://e-hentai.org/s/323bdf233c/2917545-1056
[2026-04-17T17:21:32.515Z] [+] #1055 | genko_cosplay_1630572080_2653753408532869953_13826729236.jpg
[2026-04-17T17:21:34.620Z] [DOWNLOADED] genko_cosplay_1630225273_2650844183587171394_13826729236.jpg | https://e-hentai.org/s/3b48cb1d0d/2917545-1057
[2026-04-17T17:21:34.629Z] [+] #1056 | genko_cosplay_1630225273_2650844183587171394_13826729236.jpg
[2026-04-17T17:21:37.013Z] [DOWNLOADED] genko_cosplay_1629732155_2646707607428379996_13826729236.jpg | https://e-hentai.org/s/e805263a71/2917545-1058
[2026-04-17T17:21:37.022Z] [+] #1057 | genko_cosplay_1629732155_2646707607428379996_13826729236.jpg
[2026-04-17T17:21:39.462Z] [DOWNLOADED] genko_cosplay_1629374980_2643711410635643161_13826729236.webp | https://e-hentai.org/s/2b0525945a/2917545-1059
[2026-04-17T17:21:39.471Z] [+] #1058 | genko_cosplay_1629374980_2643711410635643161_13826729236.webp
[2026-04-17T17:21:41.799Z] [DOWNLOADED] genko_cosplay_1629018982_2640725081321316030_13826729236.webp | https://e-hentai.org/s/31c1fe649a/2917545-1060
[2026-04-17T17:21:41.808Z] [+] #1059 | genko_cosplay_1629018982_2640725081321316030_13826729236.webp
[2026-04-17T17:21:42.124Z] [VIEWER] Round 1060 | Collected: 1059
[2026-04-17T17:21:44.139Z] [DOWNLOADED] genko_cosplay_1628796561_2638859279242890577_13826729236.webp | https://e-hentai.org/s/7f29596ed4/2917545-1061
[2026-04-17T17:21:44.151Z] [+] #1060 | genko_cosplay_1628796561_2638859279242890577_13826729236.webp
[2026-04-17T17:21:46.320Z] [DOWNLOADED] genko_cosplay_1628796492_2638858701796422190_13826729236.jpg | https://e-hentai.org/s/fcd70b0a89/2917545-1062
[2026-04-17T17:21:46.329Z] [+] #1061 | genko_cosplay_1628796492_2638858701796422190_13826729236.jpg
[2026-04-17T17:21:48.448Z] [DOWNLOADED] genko_cosplay_1628436712_2635840644376393894_13826729236.webp | https://e-hentai.org/s/360caa4d16/2917545-1063
[2026-04-17T17:21:48.457Z] [+] #1062 | genko_cosplay_1628436712_2635840644376393894_13826729236.webp
[2026-04-17T17:21:50.599Z] [DOWNLOADED] genko_cosplay_1628264615_2634396993947211149_13826729236.webp | https://e-hentai.org/s/fee7c92ada/2917545-1064
[2026-04-17T17:21:50.608Z] [+] #1063 | genko_cosplay_1628264615_2634396993947211149_13826729236.webp
[2026-04-17T17:21:52.745Z] [DOWNLOADED] genko_cosplay_1628264607_2634396921536744357_13826729236.webp | https://e-hentai.org/s/906fd041f1/2917545-1065
[2026-04-17T17:21:52.748Z] [+] #1064 | genko_cosplay_1628264607_2634396921536744357_13826729236.webp
[2026-04-17T17:21:54.744Z] [DOWNLOADED] genko_cosplay_1628264600_2634396863647100610_13826729236.webp | https://e-hentai.org/s/55be72bf81/2917545-1066
[2026-04-17T17:21:54.755Z] [+] #1065 | genko_cosplay_1628264600_2634396863647100610_13826729236.webp
[2026-04-17T17:22:37.922Z] [DOWNLOADED] genko_cosplay_1628264592_2634396798543156798_13826729236.webp | https://e-hentai.org/s/dece93a688/2917545-1067
[2026-04-17T17:22:37.927Z] [+] #1066 | genko_cosplay_1628264592_2634396798543156798_13826729236.webp
[2026-04-17T17:22:39.787Z] [SKIP-SEEN] round=1068 url=https://e-hentai.org/s/55be72bf81/2917545-1066
[2026-04-17T17:22:41.583Z] [SKIP-SEEN] round=1069 url=https://e-hentai.org/s/dece93a688/2917545-1067
[2026-04-17T17:22:43.809Z] [DOWNLOADED] genko_cosplay_1627906807_2631395479632813380_13826729236.webp | https://e-hentai.org/s/d485d0710f/2917545-1068
[2026-04-17T17:22:43.818Z] [+] #1067 | genko_cosplay_1627906807_2631395479632813380_13826729236.webp
[2026-04-17T17:22:46.290Z] [DOWNLOADED] genko_cosplay_1627730788_2629918924494847780_13826729236.jpg | https://e-hentai.org/s/ca9b452c8b/2917545-1069
[2026-04-17T17:22:46.299Z] [+] #1068 | genko_cosplay_1627730788_2629918924494847780_13826729236.jpg
[2026-04-17T17:22:48.543Z] [DOWNLOADED] genko_cosplay_1627560934_2628494088968396088_13826729236.webp | https://e-hentai.org/s/391e55542f/2917545-1070
[2026-04-17T17:22:48.556Z] [+] #1069 | genko_cosplay_1627560934_2628494088968396088_13826729236.webp
[2026-04-17T17:22:50.716Z] [DOWNLOADED] genko_cosplay_1627383604_2627006535937447132_13826729236.webp | https://e-hentai.org/s/fe7871e50d/2917545-1071
[2026-04-17T17:22:50.726Z] [+] #1070 | genko_cosplay_1627383604_2627006535937447132_13826729236.webp
[2026-04-17T17:22:52.959Z] [DOWNLOADED] genko_cosplay_1627383597_2627006475254199249_13826729236.webp | https://e-hentai.org/s/0a968a7811/2917545-1072
[2026-04-17T17:22:52.969Z] [+] #1071 | genko_cosplay_1627383597_2627006475254199249_13826729236.webp
[2026-04-17T17:22:55.212Z] [DOWNLOADED] genko_cosplay_1627383589_2627006408455769386_13826729236.webp | https://e-hentai.org/s/a8b3fa412f/2917545-1073
[2026-04-17T17:22:55.221Z] [+] #1072 | genko_cosplay_1627383589_2627006408455769386_13826729236.webp
[2026-04-17T17:22:57.546Z] [DOWNLOADED] genko_cosplay_1627383589_2627006408195619827_13826729236.webp | https://e-hentai.org/s/70a981b6df/2917545-1074
[2026-04-17T17:22:57.556Z] [+] #1073 | genko_cosplay_1627383589_2627006408195619827_13826729236.webp
[2026-04-17T17:22:59.882Z] [DOWNLOADED] genko_cosplay_1627383551_2627006090485527675_13826729236.webp | https://e-hentai.org/s/9b0a7b341c/2917545-1075
[2026-04-17T17:22:59.892Z] [+] #1074 | genko_cosplay_1627383551_2627006090485527675_13826729236.webp
[2026-04-17T17:23:02.206Z] [DOWNLOADED] genko_cosplay_1627302076_2626322626081970614_13826729236.webp | https://e-hentai.org/s/8e3a51bf26/2917545-1076
[2026-04-17T17:23:02.217Z] [+] #1075 | genko_cosplay_1627302076_2626322626081970614_13826729236.webp
[2026-04-17T17:23:04.492Z] [DOWNLOADED] genko_cosplay_1627208511_2625537751083110436_13826729236.jpg | https://e-hentai.org/s/6b65d2b527/2917545-1077
[2026-04-17T17:23:04.502Z] [+] #1076 | genko_cosplay_1627208511_2625537751083110436_13826729236.jpg
[2026-04-17T17:23:06.752Z] [DOWNLOADED] genko_cosplay_1626948087_2623353156082314163_13826729236.webp | https://e-hentai.org/s/66022c49ae/2917545-1078
[2026-04-17T17:23:06.761Z] [+] #1077 | genko_cosplay_1626948087_2623353156082314163_13826729236.webp
[2026-04-17T17:23:07.067Z] [VIEWER] Round 1080 | Collected: 1077
[2026-04-17T17:23:08.975Z] [DOWNLOADED] genko_cosplay_1626879917_2622781302175055003_13826729236.webp | https://e-hentai.org/s/d0ac261c74/2917545-1079
[2026-04-17T17:23:08.987Z] [+] #1078 | genko_cosplay_1626879917_2622781302175055003_13826729236.webp
[2026-04-17T17:23:11.509Z] [DOWNLOADED] genko_cosplay_1626679115_2621096856568882379_13826729236.webp | https://e-hentai.org/s/301f03a684/2917545-1080
[2026-04-17T17:23:11.517Z] [+] #1079 | genko_cosplay_1626679115_2621096856568882379_13826729236.webp
[2026-04-17T17:23:13.807Z] [DOWNLOADED] genko_cosplay_1626628109_2620668988361630696_13826729236.webp | https://e-hentai.org/s/53614236a2/2917545-1081
[2026-04-17T17:23:13.816Z] [+] #1080 | genko_cosplay_1626628109_2620668988361630696_13826729236.webp
[2026-04-17T17:23:15.799Z] [DOWNLOADED] genko_cosplay_1625608557_2612116360660866503_13826729236.jpg | https://e-hentai.org/s/d1c3232cb9/2917545-1082
[2026-04-17T17:23:15.812Z] [+] #1081 | genko_cosplay_1625608557_2612116360660866503_13826729236.jpg
[2026-04-17T17:23:18.087Z] [DOWNLOADED] genko_cosplay_1625280357_2609363225353851108_13826729236.webp | https://e-hentai.org/s/d214fed0a9/2917545-1083
[2026-04-17T17:23:18.096Z] [+] #1082 | genko_cosplay_1625280357_2609363225353851108_13826729236.webp
[2026-04-17T17:23:21.022Z] [DOWNLOADED] genko_cosplay_1624190569_2600221417553072541_13826729236.jpg | https://e-hentai.org/s/5bf8fbf63a/2917545-1084
[2026-04-17T17:23:21.032Z] [+] #1083 | genko_cosplay_1624190569_2600221417553072541_13826729236.jpg
[2026-04-17T17:23:23.157Z] [DOWNLOADED] genko_cosplay_1623755814_2596574428173124109_13826729236.webp | https://e-hentai.org/s/6241427116/2917545-1085
[2026-04-17T17:23:23.169Z] [+] #1084 | genko_cosplay_1623755814_2596574428173124109_13826729236.webp
[2026-04-17T17:23:25.366Z] [DOWNLOADED] genko_cosplay_1623623598_2595465318157412833_13826729236.webp | https://e-hentai.org/s/b986ed9d2f/2917545-1086
[2026-04-17T17:23:25.375Z] [+] #1085 | genko_cosplay_1623623598_2595465318157412833_13826729236.webp
[2026-04-17T17:23:27.784Z] [DOWNLOADED] genko_cosplay_1620634726_2570392841035439716_13826729236.webp | https://e-hentai.org/s/3a3ed22114/2917545-1087
[2026-04-17T17:23:27.787Z] [+] #1086 | genko_cosplay_1620634726_2570392841035439716_13826729236.webp
[2026-04-17T17:23:29.756Z] [DOWNLOADED] genko_cosplay_1619143759_2557885707861332188_13826729236.jpg | https://e-hentai.org/s/f9c9438b25/2917545-1088
[2026-04-17T17:23:29.761Z] [+] #1087 | genko_cosplay_1619143759_2557885707861332188_13826729236.jpg
[2026-04-17T17:23:31.966Z] [DOWNLOADED] genko_cosplay_1619143688_2557885111137490201_13826729236.jpg | https://e-hentai.org/s/d5d381a436/2917545-1089
[2026-04-17T17:23:31.975Z] [+] #1088 | genko_cosplay_1619143688_2557885111137490201_13826729236.jpg
[2026-04-17T17:23:34.292Z] [DOWNLOADED] genko_cosplay_1619143670_2557884961593950911_13826729236.jpg | https://e-hentai.org/s/f66f1bfa87/2917545-1090
[2026-04-17T17:23:34.302Z] [+] #1089 | genko_cosplay_1619143670_2557884961593950911_13826729236.jpg
[2026-04-17T17:23:36.492Z] [DOWNLOADED] genko_cosplay_1619143436_2557883000354058662_13826729236.jpg | https://e-hentai.org/s/8961f0d919/2917545-1091
[2026-04-17T17:23:36.501Z] [+] #1090 | genko_cosplay_1619143436_2557883000354058662_13826729236.jpg
[2026-04-17T17:23:39.127Z] [DOWNLOADED] genko_cosplay_1619143415_2557882823748833355_13826729236.jpg | https://e-hentai.org/s/0f39714c53/2917545-1092
[2026-04-17T17:23:39.136Z] [+] #1091 | genko_cosplay_1619143415_2557882823748833355_13826729236.jpg
[2026-04-17T17:23:41.463Z] [DOWNLOADED] genko_cosplay_1619143401_2557882702718022599_13826729236.jpg | https://e-hentai.org/s/7fd981e1ff/2917545-1093
[2026-04-17T17:23:41.467Z] [+] #1092 | genko_cosplay_1619143401_2557882702718022599_13826729236.jpg
[2026-04-17T17:23:43.767Z] [DOWNLOADED] genko_cosplay_1619143387_2557882588792104061_13826729236.jpg | https://e-hentai.org/s/6fe4076458/2917545-1094
[2026-04-17T17:23:43.776Z] [+] #1093 | genko_cosplay_1619143387_2557882588792104061_13826729236.jpg
[2026-04-17T17:23:45.987Z] [DOWNLOADED] genko_cosplay_1619143340_2557882189830123171_13826729236.webp | https://e-hentai.org/s/6164624d52/2917545-1095
[2026-04-17T17:23:45.990Z] [+] #1094 | genko_cosplay_1619143340_2557882189830123171_13826729236.webp
[2026-04-17T17:23:49.720Z] [DOWNLOADED] genko_cosplay_1619143340_2557882189813208449_13826729236.webp | https://e-hentai.org/s/a061053973/2917545-1096
[2026-04-17T17:23:49.729Z] [+] #1095 | genko_cosplay_1619143340_2557882189813208449_13826729236.webp
[2026-04-17T17:23:51.935Z] [DOWNLOADED] genko_cosplay_1615370279_2526231461181190542_13826729236.jpg | https://e-hentai.org/s/2bc3c8cdec/2917545-1097
[2026-04-17T17:23:51.944Z] [+] #1096 | genko_cosplay_1615370279_2526231461181190542_13826729236.jpg
[2026-04-17T17:23:54.280Z] [DOWNLOADED] genko_cosplay_1615370261_2526231306897850843_13826729236.jpg | https://e-hentai.org/s/46d4e6a244/2917545-1098
[2026-04-17T17:23:54.289Z] [+] #1097 | genko_cosplay_1615370261_2526231306897850843_13826729236.jpg
[2026-04-17T17:23:54.588Z] [VIEWER] Round 1100 | Collected: 1097
[2026-04-17T17:23:56.486Z] [DOWNLOADED] genko_cosplay_1615370250_2526231219111021652_13826729236.jpg | https://e-hentai.org/s/a1920b3038/2917545-1099
[2026-04-17T17:23:56.495Z] [+] #1098 | genko_cosplay_1615370250_2526231219111021652_13826729236.jpg
[2026-04-17T17:23:59.119Z] [DOWNLOADED] genko_cosplay_1615370225_2526231010276684976_13826729236.jpg | https://e-hentai.org/s/042b453be3/2917545-1100
[2026-04-17T17:23:59.127Z] [+] #1099 | genko_cosplay_1615370225_2526231010276684976_13826729236.jpg
[2026-04-17T17:24:01.550Z] [DOWNLOADED] genko_cosplay_1615370214_2526230913807708869_13826729236.jpg | https://e-hentai.org/s/658856aaf7/2917545-1101
[2026-04-17T17:24:01.559Z] [+] #1100 | genko_cosplay_1615370214_2526230913807708869_13826729236.jpg
[2026-04-17T17:24:03.920Z] [DOWNLOADED] genko_cosplay_1615370193_2526230739542642125_13826729236.jpg | https://e-hentai.org/s/ea01baed99/2917545-1102
[2026-04-17T17:24:03.930Z] [+] #1101 | genko_cosplay_1615370193_2526230739542642125_13826729236.jpg
[2026-04-17T17:24:06.230Z] [DOWNLOADED] genko_cosplay_1613473930_2510323735867621737_13826729236.jpg | https://e-hentai.org/s/43d52ed188/2917545-1103
[2026-04-17T17:24:06.233Z] [+] #1102 | genko_cosplay_1613473930_2510323735867621737_13826729236.jpg
[2026-04-17T17:24:08.188Z] [DOWNLOADED] genko_cosplay_1613473930_2510323735859235846_13826729236.jpg | https://e-hentai.org/s/21e22fe45e/2917545-1104
[2026-04-17T17:24:08.196Z] [+] #1103 | genko_cosplay_1613473930_2510323735859235846_13826729236.jpg
[2026-04-17T17:24:10.485Z] [DOWNLOADED] genko_cosplay_1613473897_2510323454589249953_13826729236.jpg | https://e-hentai.org/s/83a23595e5/2917545-1105
[2026-04-17T17:24:10.494Z] [+] #1104 | genko_cosplay_1613473897_2510323454589249953_13826729236.jpg
[2026-04-17T17:24:12.961Z] [DOWNLOADED] genko_cosplay_1613473877_2510323287202863647_13826729236.webp | https://e-hentai.org/s/f92523f41e/2917545-1106
[2026-04-17T17:24:12.969Z] [+] #1105 | genko_cosplay_1613473877_2510323287202863647_13826729236.webp
[2026-04-17T17:24:14.951Z] [DOWNLOADED] genko_cosplay_1613385191_2509579340490951233_13826729236.jpg | https://e-hentai.org/s/5b1a0db87a/2917545-1107
[2026-04-17T17:24:14.962Z] [+] #1106 | genko_cosplay_1613385191_2509579340490951233_13826729236.jpg
[2026-04-17T17:24:17.209Z] [DOWNLOADED] genko_cosplay_1611970404_2497711241080793827_13826729236.jpg | https://e-hentai.org/s/9c2cf39da5/2917545-1108
[2026-04-17T17:24:17.218Z] [+] #1107 | genko_cosplay_1611970404_2497711241080793827_13826729236.jpg
[2026-04-17T17:24:19.546Z] [DOWNLOADED] genko_cosplay_1611883008_2496978110178520316_13826729236.jpg | https://e-hentai.org/s/6dd7ee2e2b/2917545-1109
[2026-04-17T17:24:19.559Z] [+] #1108 | genko_cosplay_1611883008_2496978110178520316_13826729236.jpg
[2026-04-17T17:24:21.571Z] [DOWNLOADED] genko_cosplay_1611801771_2496296648890446628_13826729236.jpg | https://e-hentai.org/s/96ed38de7c/2917545-1110
[2026-04-17T17:24:21.580Z] [+] #1109 | genko_cosplay_1611801771_2496296648890446628_13826729236.jpg
[2026-04-17T17:24:24.005Z] [DOWNLOADED] genko_cosplay_1611801771_2496296648873663645_13826729236.jpg | https://e-hentai.org/s/603eeabc61/2917545-1111
[2026-04-17T17:24:24.008Z] [+] #1110 | genko_cosplay_1611801771_2496296648873663645_13826729236.jpg
[2026-04-17T17:24:26.195Z] [DOWNLOADED] genko_cosplay_1610469699_2485122417628751548_13826729236.jpg | https://e-hentai.org/s/7105f269f5/2917545-1112
[2026-04-17T17:24:26.205Z] [+] #1111 | genko_cosplay_1610469699_2485122417628751548_13826729236.jpg
[2026-04-17T17:24:28.529Z] [DOWNLOADED] genko_cosplay_1610469691_2485122350729489206_13826729236.jpg | https://e-hentai.org/s/869c68d5d8/2917545-1113
[2026-04-17T17:24:28.538Z] [+] #1112 | genko_cosplay_1610469691_2485122350729489206_13826729236.jpg
[2026-04-17T17:24:30.797Z] [DOWNLOADED] genko_cosplay_1610469681_2485122266977633757_13826729236.jpg | https://e-hentai.org/s/deb966c485/2917545-1114
[2026-04-17T17:24:30.806Z] [+] #1113 | genko_cosplay_1610469681_2485122266977633757_13826729236.jpg
[2026-04-17T17:24:33.411Z] [DOWNLOADED] genko_cosplay_1610469681_2485122266960757618_13826729236.jpg | https://e-hentai.org/s/e9a39476f8/2917545-1115
[2026-04-17T17:24:33.426Z] [+] #1114 | genko_cosplay_1610469681_2485122266960757618_13826729236.jpg
[2026-04-17T17:24:35.935Z] [DOWNLOADED] genko_cosplay_1610469658_2485122076338193867_13826729236.jpg | https://e-hentai.org/s/537fefde55/2917545-1116
[2026-04-17T17:24:35.944Z] [+] #1115 | genko_cosplay_1610469658_2485122076338193867_13826729236.jpg
[2026-04-17T17:24:38.320Z] [DOWNLOADED] genko_cosplay_1610469646_2485121969752565949_13826729236.jpg | https://e-hentai.org/s/dee70d79cf/2917545-1117
[2026-04-17T17:24:38.329Z] [+] #1116 | genko_cosplay_1610469646_2485121969752565949_13826729236.jpg
[2026-04-17T17:24:40.507Z] [DOWNLOADED] genko_cosplay_1609949690_2480760264184391694_13826729236.jpg | https://e-hentai.org/s/9656299cb8/2917545-1118
[2026-04-17T17:24:40.517Z] [+] #1117 | genko_cosplay_1609949690_2480760264184391694_13826729236.jpg
[2026-04-17T17:24:40.805Z] [VIEWER] Round 1120 | Collected: 1117
[2026-04-17T17:24:42.590Z] [DOWNLOADED] genko_cosplay_1609949669_2480760085716821782_13826729236.jpg | https://e-hentai.org/s/22fafe2a37/2917545-1119
[2026-04-17T17:24:42.595Z] [+] #1118 | genko_cosplay_1609949669_2480760085716821782_13826729236.jpg
[2026-04-17T17:24:44.730Z] [DOWNLOADED] genko_cosplay_1609949660_2480760010345101909_13826729236.jpg | https://e-hentai.org/s/c4478ac1e7/2917545-1120
[2026-04-17T17:24:44.738Z] [+] #1119 | genko_cosplay_1609949660_2480760010345101909_13826729236.jpg
[2026-04-17T17:24:46.734Z] [DOWNLOADED] genko_cosplay_1609949649_2480759920167678703_13826729236.jpg | https://e-hentai.org/s/561bf1cd2b/2917545-1121
[2026-04-17T17:24:46.742Z] [+] #1120 | genko_cosplay_1609949649_2480759920167678703_13826729236.jpg
[2026-04-17T17:24:48.954Z] [DOWNLOADED] genko_cosplay_1609421529_2476329731002120350_13826729236.jpg | https://e-hentai.org/s/b3ed00b63f/2917545-1122
[2026-04-17T17:24:48.964Z] [+] #1121 | genko_cosplay_1609421529_2476329731002120350_13826729236.jpg
[2026-04-17T17:24:51.109Z] [DOWNLOADED] genko_cosplay_1608997939_2472776396034771081_13826729236.jpg | https://e-hentai.org/s/383951f2bd/2917545-1123
[2026-04-17T17:24:51.123Z] [+] #1122 | genko_cosplay_1608997939_2472776396034771081_13826729236.jpg
[2026-04-17T17:24:53.232Z] [DOWNLOADED] genko_cosplay_1608997928_2472776305706258494_13826729236.jpg | https://e-hentai.org/s/c8608a19c4/2917545-1124
[2026-04-17T17:24:53.241Z] [+] #1123 | genko_cosplay_1608997928_2472776305706258494_13826729236.jpg
[2026-04-17T17:24:55.558Z] [DOWNLOADED] genko_cosplay_1608997918_2472776223254557498_13826729236.jpg | https://e-hentai.org/s/0e4b0e9629/2917545-1125
[2026-04-17T17:24:55.566Z] [+] #1124 | genko_cosplay_1608997918_2472776223254557498_13826729236.jpg
[2026-04-17T17:24:57.806Z] [DOWNLOADED] genko_cosplay_1608997896_2472776036423498388_13826729236.jpg | https://e-hentai.org/s/ce1a3e691f/2917545-1126
[2026-04-17T17:24:57.816Z] [+] #1125 | genko_cosplay_1608997896_2472776036423498388_13826729236.jpg
[2026-04-17T17:25:00.115Z] [DOWNLOADED] genko_cosplay_1608997880_2472775905083121671_13826729236.jpg | https://e-hentai.org/s/5777854974/2917545-1127
[2026-04-17T17:25:00.129Z] [+] #1126 | genko_cosplay_1608997880_2472775905083121671_13826729236.jpg
[2026-04-17T17:25:02.405Z] [DOWNLOADED] genko_cosplay_1608997870_2472775819988876789_13826729236.jpg | https://e-hentai.org/s/2bbe42693e/2917545-1128
[2026-04-17T17:25:02.415Z] [+] #1127 | genko_cosplay_1608997870_2472775819988876789_13826729236.jpg
[2026-04-17T17:25:04.958Z] [DOWNLOADED] genko_cosplay_1608891198_2471880992636178090_13826729236.jpg | https://e-hentai.org/s/4a7646efdf/2917545-1129
[2026-04-17T17:25:04.965Z] [+] #1128 | genko_cosplay_1608891198_2471880992636178090_13826729236.jpg
[2026-04-17T17:25:06.956Z] [DOWNLOADED] genko_cosplay_1608891198_2471880992619303541_13826729236.jpg | https://e-hentai.org/s/14742a08e1/2917545-1130
[2026-04-17T17:25:06.967Z] [+] #1129 | genko_cosplay_1608891198_2471880992619303541_13826729236.jpg
[2026-04-17T17:25:08.962Z] [DOWNLOADED] genko_cosplay_1608891172_2471880774322675433_13826729236.jpg | https://e-hentai.org/s/ac91116654/2917545-1131
[2026-04-17T17:25:08.974Z] [+] #1130 | genko_cosplay_1608891172_2471880774322675433_13826729236.jpg
[2026-04-17T17:25:11.127Z] [DOWNLOADED] genko_cosplay_1608891124_2471880371426168399_13826729236.jpg | https://e-hentai.org/s/f7b72a9208/2917545-1132
[2026-04-17T17:25:11.140Z] [+] #1131 | genko_cosplay_1608891124_2471880371426168399_13826729236.jpg
[2026-04-17T17:25:13.546Z] [DOWNLOADED] genko_cosplay_1608891082_2471880016118393963_13826729236.jpg | https://e-hentai.org/s/d2cc4118ff/2917545-1133
[2026-04-17T17:25:13.553Z] [+] #1132 | genko_cosplay_1608891082_2471880016118393963_13826729236.jpg
[2026-04-17T17:25:15.548Z] [DOWNLOADED] genko_cosplay_1608891058_2471879817224339580_13826729236.jpg | https://e-hentai.org/s/bbc5e9dea7/2917545-1134
[2026-04-17T17:25:15.558Z] [+] #1133 | genko_cosplay_1608891058_2471879817224339580_13826729236.jpg
[2026-04-17T17:25:17.562Z] [DOWNLOADED] genko_cosplay_1608891058_2471879817216033597_13826729236.jpg | https://e-hentai.org/s/8682f4af01/2917545-1135
[2026-04-17T17:25:17.568Z] [+] #1134 | genko_cosplay_1608891058_2471879817216033597_13826729236.jpg
[2026-04-17T17:25:20.210Z] [DOWNLOADED] genko_cosplay_1608891032_2471879600840128700_13826729236.jpg | https://e-hentai.org/s/f9aaf2e20b/2917545-1136
[2026-04-17T17:25:20.219Z] [+] #1135 | genko_cosplay_1608891032_2471879600840128700_13826729236.jpg
[2026-04-17T17:25:22.494Z] [DOWNLOADED] genko_cosplay_1608891032_2471879600714318982_13826729236.jpg | https://e-hentai.org/s/1656a8e662/2917545-1137
[2026-04-17T17:25:22.503Z] [+] #1136 | genko_cosplay_1608891032_2471879600714318982_13826729236.jpg
[2026-04-17T17:25:24.467Z] [DOWNLOADED] genko_cosplay_1608626603_2469661405286776344_13826729236.jpg | https://e-hentai.org/s/cfd25a3140/2917545-1138
[2026-04-17T17:25:24.470Z] [+] #1137 | genko_cosplay_1608626603_2469661405286776344_13826729236.jpg
[2026-04-17T17:25:24.757Z] [VIEWER] Round 1140 | Collected: 1137
[2026-04-17T17:25:26.460Z] [DOWNLOADED] genko_cosplay_1608626603_2469661405278386002_13826729236.jpg | https://e-hentai.org/s/809ed2f462/2917545-1139
[2026-04-17T17:25:26.467Z] [+] #1138 | genko_cosplay_1608626603_2469661405278386002_13826729236.jpg
[2026-04-17T17:25:28.425Z] [DOWNLOADED] genko_cosplay_1608626603_2469661405270230270_13826729236.jpg | https://e-hentai.org/s/27aedc0c0c/2917545-1140
[2026-04-17T17:25:28.433Z] [+] #1139 | genko_cosplay_1608626603_2469661405270230270_13826729236.jpg
[2026-04-17T17:25:30.796Z] [DOWNLOADED] genko_cosplay_1608626522_2469660724576407400_13826729236.jpg | https://e-hentai.org/s/a1bee43fb2/2917545-1141
[2026-04-17T17:25:30.808Z] [+] #1140 | genko_cosplay_1608626522_2469660724576407400_13826729236.jpg
[2026-04-17T17:25:33.051Z] [DOWNLOADED] genko_cosplay_1608369075_2467501103241920515_13826729236.jpg | https://e-hentai.org/s/4954d47c8a/2917545-1142
[2026-04-17T17:25:33.061Z] [+] #1141 | genko_cosplay_1608369075_2467501103241920515_13826729236.jpg
[2026-04-17T17:25:35.298Z] [DOWNLOADED] genko_cosplay_1607883753_2463429931181187866_13826729236.jpg | https://e-hentai.org/s/d28be5f1bb/2917545-1143
[2026-04-17T17:25:35.311Z] [+] #1142 | genko_cosplay_1607883753_2463429931181187866_13826729236.jpg
[2026-04-17T17:25:37.698Z] [DOWNLOADED] genko_cosplay_1607452481_2459812158962051382_13826729236.webp | https://e-hentai.org/s/8ea3e21182/2917545-1144
[2026-04-17T17:25:37.708Z] [+] #1143 | genko_cosplay_1607452481_2459812158962051382_13826729236.webp
[2026-04-17T17:25:39.861Z] [DOWNLOADED] genko_cosplay_1607452481_2459812158945355973_13826729236.webp | https://e-hentai.org/s/37b3d8ac16/2917545-1145
[2026-04-17T17:25:39.869Z] [+] #1144 | genko_cosplay_1607452481_2459812158945355973_13826729236.webp
[2026-04-17T17:25:42.303Z] [DOWNLOADED] genko_cosplay_1607189106_2457602805345482690_13826729236.webp | https://e-hentai.org/s/1f6a307af5/2917545-1146
[2026-04-17T17:25:42.313Z] [+] #1145 | genko_cosplay_1607189106_2457602805345482690_13826729236.webp
[2026-04-17T17:25:44.378Z] [DOWNLOADED] genko_cosplay_1604292566_2433304872433396624_13826729236.webp | https://e-hentai.org/s/906834d97e/2917545-1147
[2026-04-17T17:25:44.389Z] [+] #1146 | genko_cosplay_1604292566_2433304872433396624_13826729236.webp
[2026-04-17T17:25:46.927Z] [DOWNLOADED] genko_cosplay_1604292558_2433304802682115484_13826729236.webp | https://e-hentai.org/s/b35e8c1c34/2917545-1148
[2026-04-17T17:25:46.937Z] [+] #1147 | genko_cosplay_1604292558_2433304802682115484_13826729236.webp
[2026-04-17T17:25:49.252Z] [DOWNLOADED] genko_cosplay_1603636618_2427802377749540082_13826729236.webp | https://e-hentai.org/s/9bbf6f87bb/2917545-1149
[2026-04-17T17:25:49.263Z] [+] #1148 | genko_cosplay_1603636618_2427802377749540082_13826729236.webp
[2026-04-17T17:25:51.627Z] [DOWNLOADED] genko_cosplay_1603636602_2427802245318606655_13826729236.jpg | https://e-hentai.org/s/a850c14e36/2917545-1150
[2026-04-17T17:25:51.637Z] [+] #1149 | genko_cosplay_1603636602_2427802245318606655_13826729236.jpg
[2026-04-17T17:25:54.021Z] [DOWNLOADED] genko_cosplay_1603636591_2427802156642744683_13826729236.webp | https://e-hentai.org/s/f4b43a909c/2917545-1151
[2026-04-17T17:25:54.031Z] [+] #1150 | genko_cosplay_1603636591_2427802156642744683_13826729236.webp
[2026-04-17T17:25:56.654Z] [DOWNLOADED] genko_cosplay_1603636571_2427801982067369950_13826729236.webp | https://e-hentai.org/s/3c68f6f7ea/2917545-1152
[2026-04-17T17:25:56.664Z] [+] #1151 | genko_cosplay_1603636571_2427801982067369950_13826729236.webp
[2026-04-17T17:26:04.492Z] [DOWNLOADED] genko_cosplay_1603636563_2427801921031869786_13826729236.webp | https://e-hentai.org/s/a2a1ba10d7/2917545-1153
[2026-04-17T17:26:04.502Z] [+] #1152 | genko_cosplay_1603636563_2427801921031869786_13826729236.webp
[2026-04-17T17:26:07.300Z] [DOWNLOADED] genko_cosplay_1603636554_2427801843982461776_13826729236.webp | https://e-hentai.org/s/49da794398/2917545-1154
[2026-04-17T17:26:07.310Z] [+] #1153 | genko_cosplay_1603636554_2427801843982461776_13826729236.webp
[2026-04-17T17:26:09.511Z] [DOWNLOADED] genko_cosplay_1603636545_2427801770540185115_13826729236.webp | https://e-hentai.org/s/f0b9f8bc96/2917545-1155
[2026-04-17T17:26:09.521Z] [+] #1154 | genko_cosplay_1603636545_2427801770540185115_13826729236.webp
[2026-04-17T17:26:11.875Z] [DOWNLOADED] genko_cosplay_1603636535_2427801678760564918_13826729236.webp | https://e-hentai.org/s/a61304d118/2917545-1156
[2026-04-17T17:26:11.884Z] [+] #1155 | genko_cosplay_1603636535_2427801678760564918_13826729236.webp
[2026-04-17T17:26:14.301Z] [DOWNLOADED] genko_cosplay_1602678895_2419768414359679325_13826729236.webp | https://e-hentai.org/s/1ab6484d62/2917545-1157
[2026-04-17T17:26:14.311Z] [+] #1156 | genko_cosplay_1602678895_2419768414359679325_13826729236.webp
[2026-04-17T17:26:16.555Z] [DOWNLOADED] genko_cosplay_1602678888_2419768356562140023_13826729236.webp | https://e-hentai.org/s/57912b8781/2917545-1158
[2026-04-17T17:26:16.563Z] [+] #1157 | genko_cosplay_1602678888_2419768356562140023_13826729236.webp
[2026-04-17T17:26:16.870Z] [VIEWER] Round 1160 | Collected: 1157
[2026-04-17T17:26:19.019Z] [DOWNLOADED] genko_cosplay_1602678880_2419768293530219089_13826729236.webp | https://e-hentai.org/s/4b5b44ffaf/2917545-1159
[2026-04-17T17:26:19.031Z] [+] #1158 | genko_cosplay_1602678880_2419768293530219089_13826729236.webp
[2026-04-17T17:26:21.409Z] [DOWNLOADED] genko_cosplay_1602678873_2419768229306980494_13826729236.webp | https://e-hentai.org/s/ffef5dd680/2917545-1160
[2026-04-17T17:26:21.418Z] [+] #1159 | genko_cosplay_1602678873_2419768229306980494_13826729236.webp
[2026-04-17T17:26:23.738Z] [DOWNLOADED] genko_cosplay_1602678790_2419767534025616181_13826729236.jpg | https://e-hentai.org/s/6cff7a7472/2917545-1161
[2026-04-17T17:26:23.742Z] [+] #1160 | genko_cosplay_1602678790_2419767534025616181_13826729236.jpg
[2026-04-17T17:26:26.136Z] [DOWNLOADED] genko_cosplay_1602678779_2419767441683697518_13826729236.jpg | https://e-hentai.org/s/081c01d29b/2917545-1162
[2026-04-17T17:26:26.148Z] [+] #1161 | genko_cosplay_1602678779_2419767441683697518_13826729236.jpg
[2026-04-17T17:26:28.545Z] [DOWNLOADED] genko_cosplay_1602232902_2416027153693788571_13826729236.webp | https://e-hentai.org/s/dd600df3e4/2917545-1163
[2026-04-17T17:26:28.557Z] [+] #1162 | genko_cosplay_1602232902_2416027153693788571_13826729236.webp
[2026-04-17T17:26:30.962Z] [DOWNLOADED] genko_cosplay_1602173417_2415528162027657978_13826729236.webp | https://e-hentai.org/s/c495a03d5d/2917545-1164
[2026-04-17T17:26:30.972Z] [+] #1163 | genko_cosplay_1602173417_2415528162027657978_13826729236.webp
[2026-04-17T17:26:33.265Z] [DOWNLOADED] genko_cosplay_1602173417_2415528162019314924_13826729236.webp | https://e-hentai.org/s/43dcbccdb3/2917545-1165
[2026-04-17T17:26:33.271Z] [+] #1164 | genko_cosplay_1602173417_2415528162019314924_13826729236.webp
[2026-04-17T17:26:35.623Z] [DOWNLOADED] genko_cosplay_1602173417_2415528162002599145_13826729236.webp | https://e-hentai.org/s/27f780d6ef/2917545-1166
[2026-04-17T17:26:35.637Z] [+] #1165 | genko_cosplay_1602173417_2415528162002599145_13826729236.webp
[2026-04-17T17:26:37.964Z] [DOWNLOADED] genko_cosplay_1602173417_2415528161994246610_13826729236.webp | https://e-hentai.org/s/30046f45af/2917545-1167
[2026-04-17T17:26:37.967Z] [+] #1166 | genko_cosplay_1602173417_2415528161994246610_13826729236.webp
[2026-04-17T17:26:40.242Z] [DOWNLOADED] genko_cosplay_1601651051_2411146237272074632_13826729236.jpg | https://e-hentai.org/s/e75e3b2152/2917545-1168
[2026-04-17T17:26:40.257Z] [+] #1167 | genko_cosplay_1601651051_2411146237272074632_13826729236.jpg
[2026-04-17T17:26:42.716Z] [DOWNLOADED] genko_cosplay_1601651044_2411146175775202829_13826729236.jpg | https://e-hentai.org/s/1ffaa83d19/2917545-1169
[2026-04-17T17:26:42.725Z] [+] #1168 | genko_cosplay_1601651044_2411146175775202829_13826729236.jpg
[2026-04-17T17:26:49.747Z] [DOWNLOADED] genko_cosplay_1601651036_2411146111963036220_13826729236.jpg | https://e-hentai.org/s/9d8e929564/2917545-1170
[2026-04-17T17:26:49.759Z] [+] #1169 | genko_cosplay_1601651036_2411146111963036220_13826729236.jpg
[2026-04-17T17:26:52.246Z] [DOWNLOADED] genko_cosplay_1601115839_2406656549547030652_13826729236.jpg | https://e-hentai.org/s/0be445c801/2917545-1171
[2026-04-17T17:26:52.256Z] [+] #1170 | genko_cosplay_1601115839_2406656549547030652_13826729236.jpg
[2026-04-17T17:26:54.933Z] [DOWNLOADED] genko_cosplay_1601115832_2406656493737624191_13826729236.jpg | https://e-hentai.org/s/b753051262/2917545-1172
[2026-04-17T17:26:54.946Z] [+] #1171 | genko_cosplay_1601115832_2406656493737624191_13826729236.jpg
[2026-04-17T17:26:57.234Z] [DOWNLOADED] genko_cosplay_1601115758_2406655869859944356_13826729236.jpg | https://e-hentai.org/s/1e9b1a47b3/2917545-1173
[2026-04-17T17:26:57.248Z] [+] #1172 | genko_cosplay_1601115758_2406655869859944356_13826729236.jpg
[2026-04-17T17:27:00.457Z] [DOWNLOADED] genko_cosplay_1601115750_2406655806760885975_13826729236.jpg | https://e-hentai.org/s/7f6e23b519/2917545-1174
[2026-04-17T17:27:00.467Z] [+] #1173 | genko_cosplay_1601115750_2406655806760885975_13826729236.jpg
[2026-04-17T17:27:02.751Z] [DOWNLOADED] genko_cosplay_1601115737_2406655698531171179_13826729236.jpg | https://e-hentai.org/s/6a5dd1c12e/2917545-1175
[2026-04-17T17:27:02.762Z] [+] #1174 | genko_cosplay_1601115737_2406655698531171179_13826729236.jpg
[2026-04-17T17:27:04.860Z] [DOWNLOADED] genko_cosplay_1600683377_2403028801997887753_13826729236.jpg | https://e-hentai.org/s/5809881099/2917545-1176
[2026-04-17T17:27:04.870Z] [+] #1175 | genko_cosplay_1600683377_2403028801997887753_13826729236.jpg
[2026-04-17T17:27:07.128Z] [DOWNLOADED] genko_cosplay_1600683359_2403028644778625109_13826729236.jpg | https://e-hentai.org/s/54f4ff18b3/2917545-1177
[2026-04-17T17:27:07.138Z] [+] #1176 | genko_cosplay_1600683359_2403028644778625109_13826729236.jpg
[2026-04-17T17:27:09.294Z] [DOWNLOADED] genko_cosplay_1600424441_2400856682870491543_13826729236.jpg | https://e-hentai.org/s/62668e7e99/2917545-1178
[2026-04-17T17:27:09.304Z] [+] #1177 | genko_cosplay_1600424441_2400856682870491543_13826729236.jpg
[2026-04-17T17:27:09.599Z] [VIEWER] Round 1180 | Collected: 1177
[2026-04-17T17:27:11.306Z] [DOWNLOADED] genko_cosplay_1599936330_2396762114327625309_13826729236.webp | https://e-hentai.org/s/78a6570a81/2917545-1179
[2026-04-17T17:27:11.315Z] [+] #1178 | genko_cosplay_1599936330_2396762114327625309_13826729236.webp
[2026-04-17T17:27:13.617Z] [DOWNLOADED] genko_cosplay_1598978904_2388730640122808132_13826729236.webp | https://e-hentai.org/s/6c33ccc46b/2917545-1180
[2026-04-17T17:27:13.626Z] [+] #1179 | genko_cosplay_1598978904_2388730640122808132_13826729236.webp
[2026-04-17T17:27:15.947Z] [DOWNLOADED] genko_cosplay_1598978887_2388730496476465618_13826729236.jpg | https://e-hentai.org/s/ec8af2f194/2917545-1181
[2026-04-17T17:27:15.957Z] [+] #1180 | genko_cosplay_1598978887_2388730496476465618_13826729236.jpg
[2026-04-17T17:27:18.734Z] [DOWNLOADED] genko_cosplay_1598978861_2388730280150839365_13826729236.jpg | https://e-hentai.org/s/ba884e4d80/2917545-1182
[2026-04-17T17:27:18.747Z] [+] #1181 | genko_cosplay_1598978861_2388730280150839365_13826729236.jpg
[2026-04-17T17:27:21.170Z] [DOWNLOADED] genko_cosplay_1598978861_2388730280125699034_13826729236.jpg | https://e-hentai.org/s/1b8ab70b49/2917545-1183
[2026-04-17T17:27:21.180Z] [+] #1182 | genko_cosplay_1598978861_2388730280125699034_13826729236.jpg
[2026-04-17T17:27:23.456Z] [DOWNLOADED] genko_cosplay_1598978861_2388730280117403571_13826729236.jpg | https://e-hentai.org/s/a32728d262/2917545-1184
[2026-04-17T17:27:23.468Z] [+] #1183 | genko_cosplay_1598978861_2388730280117403571_13826729236.jpg
[2026-04-17T17:27:26.040Z] [DOWNLOADED] genko_cosplay_1598978861_2388730280100692106_13826729236.jpg | https://e-hentai.org/s/be5bd05a58/2917545-1185
[2026-04-17T17:27:26.050Z] [+] #1184 | genko_cosplay_1598978861_2388730280100692106_13826729236.jpg
[2026-04-17T17:27:28.560Z] [DOWNLOADED] genko_cosplay_1598978818_2388729921865165702_13826729236.jpg | https://e-hentai.org/s/d4d1303532/2917545-1186
[2026-04-17T17:27:28.564Z] [+] #1185 | genko_cosplay_1598978818_2388729921865165702_13826729236.jpg
[2026-04-17T17:27:30.669Z] [DOWNLOADED] genko_cosplay_1598978796_2388729735638141871_13826729236.jpg | https://e-hentai.org/s/c4eb3d1433/2917545-1187
[2026-04-17T17:27:30.680Z] [+] #1186 | genko_cosplay_1598978796_2388729735638141871_13826729236.jpg
[2026-04-17T17:27:32.867Z] [DOWNLOADED] genko_cosplay_1598978783_2388729626175070515_13826729236.jpg | https://e-hentai.org/s/7607ff2598/2917545-1188
[2026-04-17T17:27:32.870Z] [+] #1187 | genko_cosplay_1598978783_2388729626175070515_13826729236.jpg
[2026-04-17T17:27:35.114Z] [DOWNLOADED] genko_cosplay_1598842866_2387589474669061283_13826729236.jpg | https://e-hentai.org/s/c24c1fc126/2917545-1189
[2026-04-17T17:27:35.124Z] [+] #1188 | genko_cosplay_1598842866_2387589474669061283_13826729236.jpg
[2026-04-17T17:27:49.769Z] [DOWNLOADED] genko_cosplay_1598842866_2387589474660874015_13826729236.webp | https://e-hentai.org/s/63cb0e078b/2917545-1190
[2026-04-17T17:27:49.778Z] [+] #1189 | genko_cosplay_1598842866_2387589474660874015_13826729236.webp
[2026-04-17T17:27:52.197Z] [DOWNLOADED] genko_cosplay_1598458574_2384365799581047585_13826729236.webp | https://e-hentai.org/s/1f69a7698c/2917545-1191
[2026-04-17T17:27:52.208Z] [+] #1190 | genko_cosplay_1598458574_2384365799581047585_13826729236.webp
[2026-04-17T17:27:54.579Z] [DOWNLOADED] genko_cosplay_1598458551_2384365603010757884_13826729236.jpg | https://e-hentai.org/s/1300a1e065/2917545-1192
[2026-04-17T17:27:54.589Z] [+] #1191 | genko_cosplay_1598458551_2384365603010757884_13826729236.jpg
[2026-04-17T17:27:56.877Z] [DOWNLOADED] genko_cosplay_1598458537_2384365485259850281_13826729236.webp | https://e-hentai.org/s/c1e262ace4/2917545-1193
[2026-04-17T17:27:56.887Z] [+] #1192 | genko_cosplay_1598458537_2384365485259850281_13826729236.webp
[2026-04-17T17:27:59.158Z] [DOWNLOADED] genko_cosplay_1598458537_2384365485234649811_13826729236.webp | https://e-hentai.org/s/0a024765a3/2917545-1194
[2026-04-17T17:27:59.172Z] [+] #1193 | genko_cosplay_1598458537_2384365485234649811_13826729236.webp
[2026-04-17T17:28:01.615Z] [DOWNLOADED] genko_cosplay_1598458488_2384365075191297934_13826729236.jpg | https://e-hentai.org/s/b8453a912c/2917545-1195
[2026-04-17T17:28:01.625Z] [+] #1194 | genko_cosplay_1598458488_2384365075191297934_13826729236.jpg
[2026-04-17T17:28:03.775Z] [DOWNLOADED] genko_cosplay_1598458488_2384365075182762170_13826729236.jpg | https://e-hentai.org/s/2b74c68fa8/2917545-1196
[2026-04-17T17:28:03.785Z] [+] #1195 | genko_cosplay_1598458488_2384365075182762170_13826729236.jpg
[2026-04-17T17:28:05.792Z] [DOWNLOADED] genko_cosplay_1598458488_2384365075166004449_13826729236.jpg | https://e-hentai.org/s/23a4382ca5/2917545-1197
[2026-04-17T17:28:05.802Z] [+] #1196 | genko_cosplay_1598458488_2384365075166004449_13826729236.jpg
[2026-04-17T17:28:08.086Z] [DOWNLOADED] genko_cosplay_1598458466_2384364888754312963_13826729236.webp | https://e-hentai.org/s/03eaf26d1b/2917545-1198
[2026-04-17T17:28:08.096Z] [+] #1197 | genko_cosplay_1598458466_2384364888754312963_13826729236.webp
[2026-04-17T17:28:08.410Z] [VIEWER] Round 1200 | Collected: 1197
[2026-04-17T17:28:10.492Z] [DOWNLOADED] genko_cosplay_1598355103_2383497823415951247_13826729236.webp | https://e-hentai.org/s/a73cb9e8d1/2917545-1199
[2026-04-17T17:28:10.504Z] [+] #1198 | genko_cosplay_1598355103_2383497823415951247_13826729236.webp
[2026-04-17T17:28:13.776Z] [DOWNLOADED] genko_cosplay_1598355103_2383497823407566035_13826729236.webp | https://e-hentai.org/s/4346624aa1/2917545-1200
[2026-04-17T17:28:13.786Z] [+] #1199 | genko_cosplay_1598355103_2383497823407566035_13826729236.webp
[2026-04-17T17:28:15.947Z] [DOWNLOADED] genko_cosplay_1598074444_2381143481316574520_13826729236.webp | https://e-hentai.org/s/7c818f18f9/2917545-1201
[2026-04-17T17:28:15.958Z] [+] #1200 | genko_cosplay_1598074444_2381143481316574520_13826729236.webp
[2026-04-17T17:28:22.891Z] [DOWNLOADED] genko_cosplay_1597942964_2380040551347997583_13826729236.webp | https://e-hentai.org/s/ce034a64a2/2917545-1202
[2026-04-17T17:28:22.901Z] [+] #1201 | genko_cosplay_1597942964_2380040551347997583_13826729236.webp
[2026-04-17T17:28:25.390Z] [DOWNLOADED] genko_cosplay_1597942956_2380040482200690438_13826729236.webp | https://e-hentai.org/s/e292388090/2917545-1203
[2026-04-17T17:28:25.400Z] [+] #1202 | genko_cosplay_1597942956_2380040482200690438_13826729236.webp
[2026-04-17T17:28:28.330Z] [DOWNLOADED] genko_cosplay_1597942945_2380040389070299304_13826729236.webp | https://e-hentai.org/s/7acfd603ac/2917545-1204
[2026-04-17T17:28:28.340Z] [+] #1203 | genko_cosplay_1597942945_2380040389070299304_13826729236.webp
[2026-04-17T17:28:30.303Z] [DOWNLOADED] genko_cosplay_1597942897_2380039985309813348_13826729236.jpg | https://e-hentai.org/s/2216573607/2917545-1205
[2026-04-17T17:28:30.314Z] [+] #1204 | genko_cosplay_1597942897_2380039985309813348_13826729236.jpg
[2026-04-17T17:28:32.318Z] [DOWNLOADED] genko_cosplay_1597942897_2380039985293117702_13826729236.jpg | https://e-hentai.org/s/7cc915a8f1/2917545-1206
[2026-04-17T17:28:32.328Z] [+] #1205 | genko_cosplay_1597942897_2380039985293117702_13826729236.jpg
[2026-04-17T17:28:34.693Z] [DOWNLOADED] genko_cosplay_1597873479_2379457665062289771_13826729236.jpg | https://e-hentai.org/s/8614f797ac/2917545-1207
[2026-04-17T17:28:34.707Z] [+] #1206 | genko_cosplay_1597873479_2379457665062289771_13826729236.jpg
[2026-04-17T17:28:37.153Z] [DOWNLOADED] genko_cosplay_1597567626_2376891987402825726_13826729236.jpg | https://e-hentai.org/s/bb2d98d188/2917545-1208
[2026-04-17T17:28:37.164Z] [+] #1207 | genko_cosplay_1597567626_2376891987402825726_13826729236.jpg
[2026-04-17T17:28:39.622Z] [DOWNLOADED] genko_cosplay_1597567626_2376891987386075541_13826729236.jpg | https://e-hentai.org/s/a7476fe424/2917545-1209
[2026-04-17T17:28:39.636Z] [+] #1208 | genko_cosplay_1597567626_2376891987386075541_13826729236.jpg
[2026-04-17T17:28:41.849Z] [DOWNLOADED] genko_cosplay_1596802645_2370474861708248503_13826729236.jpg | https://e-hentai.org/s/00ecb83772/2917545-1210
[2026-04-17T17:28:41.859Z] [+] #1209 | genko_cosplay_1596802645_2370474861708248503_13826729236.jpg
[2026-04-17T17:28:44.425Z] [DOWNLOADED] genko_cosplay_1596168418_2365154580567520934_13826729236.jpg | https://e-hentai.org/s/98223354fc/2917545-1211
[2026-04-17T17:28:44.435Z] [+] #1210 | genko_cosplay_1596168418_2365154580567520934_13826729236.jpg
[2026-04-17T17:28:46.690Z] [DOWNLOADED] genko_cosplay_1596168418_2365154580567492445_13826729236.jpg | https://e-hentai.org/s/1c3a444090/2917545-1212
[2026-04-17T17:28:46.702Z] [+] #1211 | genko_cosplay_1596168418_2365154580567492445_13826729236.jpg
[2026-04-17T17:28:49.025Z] [DOWNLOADED] genko_cosplay_1596168418_2365154580550677759_13826729236.jpg | https://e-hentai.org/s/22660170df/2917545-1213
[2026-04-17T17:28:49.035Z] [+] #1212 | genko_cosplay_1596168418_2365154580550677759_13826729236.jpg
[2026-04-17T17:28:51.246Z] [DOWNLOADED] genko_cosplay_1595856333_2362536615330334916_13826729236.webp | https://e-hentai.org/s/c250a19012/2917545-1214
[2026-04-17T17:28:51.257Z] [+] #1213 | genko_cosplay_1595856333_2362536615330334916_13826729236.webp
[2026-04-17T17:28:53.484Z] [DOWNLOADED] genko_cosplay_1595413163_2358819036929491545_13826729236.jpg | https://e-hentai.org/s/aa8f2bdfe1/2917545-1215
[2026-04-17T17:28:53.498Z] [+] #1214 | genko_cosplay_1595413163_2358819036929491545_13826729236.jpg
[2026-04-17T17:28:56.026Z] [DOWNLOADED] genko_cosplay_1594139514_2348134893539472098_13826729236.jpg | https://e-hentai.org/s/86886d5a1e/2917545-1216
[2026-04-17T17:28:56.036Z] [+] #1215 | genko_cosplay_1594139514_2348134893539472098_13826729236.jpg
[2026-04-17T17:28:58.196Z] [DOWNLOADED] genko_cosplay_1594139507_2348134836043962883_13826729236.jpg | https://e-hentai.org/s/43d3b71d97/2917545-1217
[2026-04-17T17:28:58.206Z] [+] #1216 | genko_cosplay_1594139507_2348134836043962883_13826729236.jpg
[2026-04-17T17:29:00.445Z] [DOWNLOADED] genko_cosplay_1594139499_2348134774043787706_13826729236.jpg | https://e-hentai.org/s/e521e82e68/2917545-1218
[2026-04-17T17:29:00.456Z] [+] #1217 | genko_cosplay_1594139499_2348134774043787706_13826729236.jpg
[2026-04-17T17:29:00.759Z] [VIEWER] Round 1220 | Collected: 1217
[2026-04-17T17:29:02.823Z] [DOWNLOADED] genko_cosplay_1594139493_2348134718200678900_13826729236.jpg | https://e-hentai.org/s/f765847c5d/2917545-1219
[2026-04-17T17:29:02.833Z] [+] #1218 | genko_cosplay_1594139493_2348134718200678900_13826729236.jpg
[2026-04-17T17:29:05.410Z] [DOWNLOADED] genko_cosplay_1594139481_2348134616295966287_13826729236.jpg | https://e-hentai.org/s/6ac75b38a0/2917545-1220
[2026-04-17T17:29:05.424Z] [+] #1219 | genko_cosplay_1594139481_2348134616295966287_13826729236.jpg
[2026-04-17T17:29:07.418Z] [DOWNLOADED] genko_cosplay_1594139464_2348134478496371579_13826729236.jpg | https://e-hentai.org/s/7557beef06/2917545-1221
[2026-04-17T17:29:07.428Z] [+] #1220 | genko_cosplay_1594139464_2348134478496371579_13826729236.jpg
[2026-04-17T17:29:09.429Z] [DOWNLOADED] genko_cosplay_1594139451_2348134370669182466_13826729236.jpg | https://e-hentai.org/s/9aeadac47e/2917545-1222
[2026-04-17T17:29:09.439Z] [+] #1221 | genko_cosplay_1594139451_2348134370669182466_13826729236.jpg
[2026-04-17T17:29:11.695Z] [DOWNLOADED] genko_cosplay_1594139443_2348134304566879588_13826729236.jpg | https://e-hentai.org/s/3cd78f514d/2917545-1223
[2026-04-17T17:29:11.705Z] [+] #1222 | genko_cosplay_1594139443_2348134304566879588_13826729236.jpg
[2026-04-17T17:29:13.798Z] [DOWNLOADED] genko_cosplay_1594139431_2348134197092018900_13826729236.jpg | https://e-hentai.org/s/c8fd2a1333/2917545-1224
[2026-04-17T17:29:13.808Z] [+] #1223 | genko_cosplay_1594139431_2348134197092018900_13826729236.jpg
[2026-04-17T17:29:15.873Z] [DOWNLOADED] genko_cosplay_1594139416_2348134074266007527_13826729236.jpg | https://e-hentai.org/s/1d64f43e96/2917545-1225
[2026-04-17T17:29:15.883Z] [+] #1224 | genko_cosplay_1594139416_2348134074266007527_13826729236.jpg
[2026-04-17T17:29:18.103Z] [DOWNLOADED] genko_cosplay_1593840506_2345626637277342084_13826729236.jpg | https://e-hentai.org/s/f8ca0cd8cb/2917545-1226
[2026-04-17T17:29:18.113Z] [+] #1225 | genko_cosplay_1593840506_2345626637277342084_13826729236.jpg
[2026-04-17T17:29:20.464Z] [DOWNLOADED] genko_cosplay_1593708854_2344522255366357532_13826729236.jpg | https://e-hentai.org/s/04be0b6cac/2917545-1227
[2026-04-17T17:29:20.474Z] [+] #1226 | genko_cosplay_1593708854_2344522255366357532_13826729236.jpg
[2026-04-17T17:29:22.750Z] [DOWNLOADED] genko_cosplay_1593708828_2344522037455588959_13826729236.jpg | https://e-hentai.org/s/77d632a9c8/2917545-1228
[2026-04-17T17:29:22.761Z] [+] #1227 | genko_cosplay_1593708828_2344522037455588959_13826729236.jpg
[2026-04-17T17:29:25.079Z] [DOWNLOADED] genko_cosplay_1593708801_2344521817112065225_13826729236.jpg | https://e-hentai.org/s/e87debd513/2917545-1229
[2026-04-17T17:29:25.089Z] [+] #1228 | genko_cosplay_1593708801_2344521817112065225_13826729236.jpg
[2026-04-17T17:29:27.529Z] [DOWNLOADED] genko_cosplay_1593708801_2344521817095274968_13826729236.jpg | https://e-hentai.org/s/70374a4fcd/2917545-1230
[2026-04-17T17:29:27.540Z] [+] #1229 | genko_cosplay_1593708801_2344521817095274968_13826729236.jpg
[2026-04-17T17:29:29.771Z] [DOWNLOADED] genko_cosplay_1593708783_2344521664204454253_13826729236.jpg | https://e-hentai.org/s/714c988f89/2917545-1231
[2026-04-17T17:29:29.781Z] [+] #1230 | genko_cosplay_1593708783_2344521664204454253_13826729236.jpg
[2026-04-17T17:29:32.096Z] [DOWNLOADED] genko_cosplay_1591960942_2329859708013129780_13826729236.jpg | https://e-hentai.org/s/afc600a764/2917545-1232
[2026-04-17T17:29:32.106Z] [+] #1231 | genko_cosplay_1591960942_2329859708013129780_13826729236.jpg
[2026-04-17T17:29:34.092Z] [DOWNLOADED] genko_cosplay_1591960906_2329859410855090940_13826729236.jpg | https://e-hentai.org/s/d170b7ceca/2917545-1233
[2026-04-17T17:29:34.102Z] [+] #1232 | genko_cosplay_1591960906_2329859410855090940_13826729236.jpg
[2026-04-17T17:29:36.503Z] [DOWNLOADED] genko_cosplay_1591960906_2329859410838261116_13826729236.jpg | https://e-hentai.org/s/b8ce3cf52f/2917545-1234
[2026-04-17T17:29:36.517Z] [+] #1233 | genko_cosplay_1591960906_2329859410838261116_13826729236.jpg
[2026-04-17T17:29:38.882Z] [DOWNLOADED] genko_cosplay_1591960890_2329859270899632916_13826729236.jpg | https://e-hentai.org/s/46652aba08/2917545-1235
[2026-04-17T17:29:38.896Z] [+] #1234 | genko_cosplay_1591960890_2329859270899632916_13826729236.jpg
[2026-04-17T17:29:41.210Z] [DOWNLOADED] genko_cosplay_1591960875_2329859143862482312_13826729236.jpg | https://e-hentai.org/s/1524939a7f/2917545-1236
[2026-04-17T17:29:41.221Z] [+] #1235 | genko_cosplay_1591960875_2329859143862482312_13826729236.jpg
[2026-04-17T17:29:43.527Z] [DOWNLOADED] genko_cosplay_1591960837_2329858831177009995_13826729236.jpg | https://e-hentai.org/s/553bb93128/2917545-1237
[2026-04-17T17:29:43.538Z] [+] #1236 | genko_cosplay_1591960837_2329858831177009995_13826729236.jpg
[2026-04-17T17:29:46.025Z] [DOWNLOADED] genko_cosplay_1591960825_2329858732208182044_13826729236.jpg | https://e-hentai.org/s/36c0338980/2917545-1238
[2026-04-17T17:29:46.028Z] [+] #1237 | genko_cosplay_1591960825_2329858732208182044_13826729236.jpg
[2026-04-17T17:29:46.299Z] [VIEWER] Round 1240 | Collected: 1237
[2026-04-17T17:29:48.220Z] [DOWNLOADED] genko_cosplay_1591458213_2325642510637892022_13826729236.jpg | https://e-hentai.org/s/984ab2ba12/2917545-1239
[2026-04-17T17:29:48.230Z] [+] #1238 | genko_cosplay_1591458213_2325642510637892022_13826729236.jpg
[2026-04-17T17:29:50.508Z] [DOWNLOADED] genko_cosplay_1590770738_2319875555121271745_13826729236.jpg | https://e-hentai.org/s/3cb31c5703/2917545-1240
[2026-04-17T17:29:50.518Z] [+] #1239 | genko_cosplay_1590770738_2319875555121271745_13826729236.jpg
[2026-04-17T17:29:52.841Z] [DOWNLOADED] genko_cosplay_1590312766_2316033808804894693_13826729236.jpg | https://e-hentai.org/s/f6db514f9f/2917545-1241
[2026-04-17T17:29:52.851Z] [+] #1240 | genko_cosplay_1590312766_2316033808804894693_13826729236.jpg
[2026-04-17T17:29:54.824Z] [DOWNLOADED] genko_cosplay_1590312759_2316033749262778794_13826729236.jpg | https://e-hentai.org/s/bcbfed605b/2917545-1242
[2026-04-17T17:29:54.828Z] [+] #1241 | genko_cosplay_1590312759_2316033749262778794_13826729236.jpg
[2026-04-17T17:29:57.308Z] [DOWNLOADED] genko_cosplay_1590069910_2313996580272526725_13826729236.jpg | https://e-hentai.org/s/34e3f95634/2917545-1243
[2026-04-17T17:29:57.319Z] [+] #1242 | genko_cosplay_1590069910_2313996580272526725_13826729236.jpg
[2026-04-17T17:29:59.319Z] [DOWNLOADED] genko_cosplay_1589957530_2313053874671314546_13826729236.jpg | https://e-hentai.org/s/f176d6d26b/2917545-1244
[2026-04-17T17:29:59.330Z] [+] #1243 | genko_cosplay_1589957530_2313053874671314546_13826729236.jpg
[2026-04-17T17:30:02.019Z] [DOWNLOADED] genko_cosplay_1588843068_2303705090426378804_13826729236.jpg | https://e-hentai.org/s/f77c00e7e4/2917545-1245
[2026-04-17T17:30:02.030Z] [+] #1244 | genko_cosplay_1588843068_2303705090426378804_13826729236.jpg
[2026-04-17T17:30:04.355Z] [DOWNLOADED] genko_cosplay_1588843014_2303704632618113579_13826729236.jpg | https://e-hentai.org/s/2558db7492/2917545-1246
[2026-04-17T17:30:04.366Z] [+] #1245 | genko_cosplay_1588843014_2303704632618113579_13826729236.jpg
[2026-04-17T17:30:06.706Z] [DOWNLOADED] genko_cosplay_1588694230_2302456540178653953_13826729236.jpg | https://e-hentai.org/s/7dcb70a72a/2917545-1247
[2026-04-17T17:30:06.716Z] [+] #1246 | genko_cosplay_1588694230_2302456540178653953_13826729236.jpg
[2026-04-17T17:30:08.991Z] [DOWNLOADED] genko_cosplay_1588076456_2297274283750975949_13826729236.jpg | https://e-hentai.org/s/b4e1cc763b/2917545-1248
[2026-04-17T17:30:09.002Z] [+] #1247 | genko_cosplay_1588076456_2297274283750975949_13826729236.jpg
[2026-04-17T17:30:10.967Z] [DOWNLOADED] genko_cosplay_1588076447_2297274203262388845_13826729236.jpg | https://e-hentai.org/s/f0d4953464/2917545-1249
[2026-04-17T17:30:10.979Z] [+] #1248 | genko_cosplay_1588076447_2297274203262388845_13826729236.jpg
[2026-04-17T17:30:13.516Z] [DOWNLOADED] genko_cosplay_1588076380_2297273639547912686_13826729236.jpg | https://e-hentai.org/s/d4f9d079e2/2917545-1250
[2026-04-17T17:30:13.527Z] [+] #1249 | genko_cosplay_1588076380_2297273639547912686_13826729236.jpg
[2026-04-17T17:30:15.906Z] [DOWNLOADED] genko_cosplay_1588076364_2297273508786148952_13826729236.jpg | https://e-hentai.org/s/6620384b1e/2917545-1251
[2026-04-17T17:30:15.912Z] [+] #1250 | genko_cosplay_1588076364_2297273508786148952_13826729236.jpg
[2026-04-17T17:30:18.244Z] [DOWNLOADED] genko_cosplay_1588076353_2297273412971513379_13826729236.jpg | https://e-hentai.org/s/a8d1ff360f/2917545-1252
[2026-04-17T17:30:18.247Z] [+] #1251 | genko_cosplay_1588076353_2297273412971513379_13826729236.jpg
[2026-04-17T17:30:20.463Z] [DOWNLOADED] genko_cosplay_1588076353_2297273412921296816_13826729236.jpg | https://e-hentai.org/s/96ca4fd2e6/2917545-1253
[2026-04-17T17:30:20.466Z] [+] #1252 | genko_cosplay_1588076353_2297273412921296816_13826729236.jpg
[2026-04-17T17:30:22.711Z] [DOWNLOADED] genko_cosplay_1588076353_2297273412904468433_13826729236.jpg | https://e-hentai.org/s/344636ccfe/2917545-1254
[2026-04-17T17:30:22.725Z] [+] #1253 | genko_cosplay_1588076353_2297273412904468433_13826729236.jpg
[2026-04-17T17:30:25.194Z] [DOWNLOADED] genko_cosplay_1588076288_2297272868785631848_13826729236.jpg | https://e-hentai.org/s/08f58f3f09/2917545-1255
[2026-04-17T17:30:25.205Z] [+] #1254 | genko_cosplay_1588076288_2297272868785631848_13826729236.jpg
[2026-04-17T17:30:27.588Z] [DOWNLOADED] genko_cosplay_1587297639_2290741089501379835_13826729236.jpg | https://e-hentai.org/s/c49e5c018c/2917545-1256
[2026-04-17T17:30:27.602Z] [+] #1255 | genko_cosplay_1587297639_2290741089501379835_13826729236.jpg
[2026-04-17T17:30:29.914Z] [DOWNLOADED] genko_cosplay_1587297620_2290740927643004511_13826729236.jpg | https://e-hentai.org/s/eac4fd1e91/2917545-1257
[2026-04-17T17:30:29.925Z] [+] #1256 | genko_cosplay_1587297620_2290740927643004511_13826729236.jpg
[2026-04-17T17:30:32.199Z] [DOWNLOADED] genko_cosplay_1587297620_2290740927626392114_13826729236.jpg | https://e-hentai.org/s/ef04d4c1a1/2917545-1258
[2026-04-17T17:30:32.210Z] [+] #1257 | genko_cosplay_1587297620_2290740927626392114_13826729236.jpg
[2026-04-17T17:30:32.523Z] [VIEWER] Round 1260 | Collected: 1257
[2026-04-17T17:30:34.440Z] [DOWNLOADED] genko_cosplay_1587297596_2290740724513081076_13826729236.jpg | https://e-hentai.org/s/46fe5717df/2917545-1259
[2026-04-17T17:30:34.451Z] [+] #1258 | genko_cosplay_1587297596_2290740724513081076_13826729236.jpg
[2026-04-17T17:30:36.816Z] [DOWNLOADED] genko_cosplay_1587297584_2290740626793966898_13826729236.jpg | https://e-hentai.org/s/91017b2e5f/2917545-1260
[2026-04-17T17:30:36.825Z] [+] #1259 | genko_cosplay_1587297584_2290740626793966898_13826729236.jpg
[2026-04-17T17:30:39.105Z] [DOWNLOADED] genko_cosplay_1587121996_2289267685719874215_13826729236.jpg | https://e-hentai.org/s/e5f5c012a4/2917545-1261
[2026-04-17T17:30:39.115Z] [+] #1260 | genko_cosplay_1587121996_2289267685719874215_13826729236.jpg
[2026-04-17T17:30:41.112Z] [DOWNLOADED] genko_cosplay_1586801819_2286581849060789892_13826729236.jpg | https://e-hentai.org/s/059a0720c2/2917545-1262
[2026-04-17T17:30:41.122Z] [+] #1261 | genko_cosplay_1586801819_2286581849060789892_13826729236.jpg
[2026-04-17T17:30:43.771Z] [DOWNLOADED] genko_cosplay_1586801819_2286581849043900099_13826729236.jpg | https://e-hentai.org/s/628dedd795/2917545-1263
[2026-04-17T17:30:43.783Z] [+] #1262 | genko_cosplay_1586801819_2286581849043900099_13826729236.jpg
[2026-04-17T17:30:46.102Z] [DOWNLOADED] genko_cosplay_1586801789_2286581594256699129_13826729236.jpg | https://e-hentai.org/s/e4ee79c953/2917545-1264
[2026-04-17T17:30:46.113Z] [+] #1263 | genko_cosplay_1586801789_2286581594256699129_13826729236.jpg
[2026-04-17T17:30:48.471Z] [DOWNLOADED] genko_cosplay_1586801789_2286581594256587612_13826729236.jpg | https://e-hentai.org/s/5ead8a4c96/2917545-1265
[2026-04-17T17:30:48.486Z] [+] #1264 | genko_cosplay_1586801789_2286581594256587612_13826729236.jpg
[2026-04-17T17:30:50.858Z] [DOWNLOADED] genko_cosplay_1586801789_2286581594231481156_13826729236.jpg | https://e-hentai.org/s/94b56de397/2917545-1266
[2026-04-17T17:30:50.868Z] [+] #1265 | genko_cosplay_1586801789_2286581594231481156_13826729236.jpg
[2026-04-17T17:30:53.055Z] [DOWNLOADED] genko_cosplay_1586801756_2286581319722801665_13826729236.jpg | https://e-hentai.org/s/587bb22a05/2917545-1267
[2026-04-17T17:30:53.070Z] [+] #1266 | genko_cosplay_1586801756_2286581319722801665_13826729236.jpg
[2026-04-17T17:30:55.482Z] [DOWNLOADED] genko_cosplay_1586801756_2286581319722612553_13826729236.jpg | https://e-hentai.org/s/13c7dbd134/2917545-1268
[2026-04-17T17:30:55.492Z] [+] #1267 | genko_cosplay_1586801756_2286581319722612553_13826729236.jpg
[2026-04-17T17:30:57.651Z] [DOWNLOADED] genko_cosplay_1586801756_2286581319697447297_13826729236.jpg | https://e-hentai.org/s/49ee6b9140/2917545-1269
[2026-04-17T17:30:57.661Z] [+] #1268 | genko_cosplay_1586801756_2286581319697447297_13826729236.jpg
[2026-04-17T17:30:59.759Z] [DOWNLOADED] genko_cosplay_1586543637_2284416063130949165_13826729236.jpg | https://e-hentai.org/s/1728a01237/2917545-1270
[2026-04-17T17:30:59.773Z] [+] #1269 | genko_cosplay_1586543637_2284416063130949165_13826729236.jpg
[2026-04-17T17:31:02.103Z] [DOWNLOADED] genko_cosplay_1586349560_2282788023825229983_13826729236.jpg | https://e-hentai.org/s/019d4753b6/2917545-1271
[2026-04-17T17:31:02.118Z] [+] #1270 | genko_cosplay_1586349560_2282788023825229983_13826729236.jpg
[2026-04-17T17:31:04.534Z] [DOWNLOADED] genko_cosplay_1586222614_2281723127393036870_13826729236.jpg | https://e-hentai.org/s/e47cab01fd/2917545-1272
[2026-04-17T17:31:04.544Z] [+] #1271 | genko_cosplay_1586222614_2281723127393036870_13826729236.jpg
[2026-04-17T17:31:06.701Z] [DOWNLOADED] genko_cosplay_1585125789_2272522288171575438_13826729236.jpg | https://e-hentai.org/s/95fa106d6f/2917545-1273
[2026-04-17T17:31:06.711Z] [+] #1272 | genko_cosplay_1585125789_2272522288171575438_13826729236.jpg
[2026-04-17T17:31:09.063Z] [DOWNLOADED] genko_cosplay_1585125774_2272522164900893597_13826729236.jpg | https://e-hentai.org/s/ea7a2cce6a/2917545-1274
[2026-04-17T17:31:09.078Z] [+] #1273 | genko_cosplay_1585125774_2272522164900893597_13826729236.jpg
[2026-04-17T17:31:11.400Z] [DOWNLOADED] genko_cosplay_1585125758_2272522032939623975_13826729236.jpg | https://e-hentai.org/s/905da0a439/2917545-1275
[2026-04-17T17:31:11.411Z] [+] #1274 | genko_cosplay_1585125758_2272522032939623975_13826729236.jpg
[2026-04-17T17:31:13.645Z] [DOWNLOADED] genko_cosplay_1584867861_2270358635674564169_13826729236.jpg | https://e-hentai.org/s/64091debc7/2917545-1276
[2026-04-17T17:31:13.657Z] [+] #1275 | genko_cosplay_1584867861_2270358635674564169_13826729236.jpg
[2026-04-17T17:31:16.341Z] [DOWNLOADED] genko_cosplay_1584867839_2270358452148424144_13826729236.jpg | https://e-hentai.org/s/978856d1f9/2917545-1277
[2026-04-17T17:31:16.352Z] [+] #1276 | genko_cosplay_1584867839_2270358452148424144_13826729236.jpg
[2026-04-17T17:31:18.703Z] [DOWNLOADED] genko_cosplay_1584867826_2270358344044415519_13826729236.jpg | https://e-hentai.org/s/3bd3b42a24/2917545-1278
[2026-04-17T17:31:18.714Z] [+] #1277 | genko_cosplay_1584867826_2270358344044415519_13826729236.jpg
[2026-04-17T17:31:19.022Z] [VIEWER] Round 1280 | Collected: 1277
[2026-04-17T17:31:21.109Z] [DOWNLOADED] genko_cosplay_1584867811_2270358213693884347_13826729236.jpg | https://e-hentai.org/s/c070323386/2917545-1279
[2026-04-17T17:31:21.121Z] [+] #1278 | genko_cosplay_1584867811_2270358213693884347_13826729236.jpg
[2026-04-17T17:31:30.510Z] [DOWNLOADED] genko_cosplay_1584787811_2269687123099330774_13826729236.jpg | https://e-hentai.org/s/518a6cdcb3/2917545-1280
[2026-04-17T17:31:30.524Z] [+] #1279 | genko_cosplay_1584787811_2269687123099330774_13826729236.jpg
[2026-04-17T17:31:33.707Z] [DOWNLOADED] genko_cosplay_1584684815_2268823129409158613_13826729236.jpg | https://e-hentai.org/s/f310ac04bf/2917545-1281
[2026-04-17T17:31:33.717Z] [+] #1280 | genko_cosplay_1584684815_2268823129409158613_13826729236.jpg
[2026-04-17T17:31:36.105Z] [DOWNLOADED] genko_cosplay_1584684798_2268822992179823415_13826729236.jpg | https://e-hentai.org/s/b891dbaeea/2917545-1282
[2026-04-17T17:31:36.116Z] [+] #1281 | genko_cosplay_1584684798_2268822992179823415_13826729236.jpg
[2026-04-17T17:31:38.102Z] [DOWNLOADED] genko_cosplay_1584684780_2268822841931458447_13826729236.jpg | https://e-hentai.org/s/e3801dc560/2917545-1283
[2026-04-17T17:31:38.113Z] [+] #1282 | genko_cosplay_1584684780_2268822841931458447_13826729236.jpg
[2026-04-17T17:31:40.409Z] [DOWNLOADED] genko_cosplay_1584357671_2266078853050773731_13826729236.jpg | https://e-hentai.org/s/5542b95bf6/2917545-1284
[2026-04-17T17:31:40.423Z] [+] #1283 | genko_cosplay_1584357671_2266078853050773731_13826729236.jpg
[2026-04-17T17:31:42.712Z] [DOWNLOADED] genko_cosplay_1584078250_2263734893582069864_13826729236.jpg | https://e-hentai.org/s/3f1ba9da41/2917545-1285
[2026-04-17T17:31:42.722Z] [+] #1284 | genko_cosplay_1584078250_2263734893582069864_13826729236.jpg
[2026-04-17T17:31:45.956Z] [DOWNLOADED] genko_cosplay_1584078239_2263734803211666179_13826729236.jpg | https://e-hentai.org/s/dda3ca343d/2917545-1286
[2026-04-17T17:31:45.966Z] [+] #1285 | genko_cosplay_1584078239_2263734803211666179_13826729236.jpg
[2026-04-17T17:31:48.760Z] [DOWNLOADED] genko_cosplay_1584078215_2263734603663393865_13826729236.jpg | https://e-hentai.org/s/f332667e49/2917545-1287
[2026-04-17T17:31:48.771Z] [+] #1286 | genko_cosplay_1584078215_2263734603663393865_13826729236.jpg
[2026-04-17T17:31:50.952Z] [DOWNLOADED] genko_cosplay_1584078177_2263734285936534461_13826729236.jpg | https://e-hentai.org/s/df05940c75/2917545-1288
[2026-04-17T17:31:50.967Z] [+] #1287 | genko_cosplay_1584078177_2263734285936534461_13826729236.jpg
[2026-04-17T17:31:53.058Z] [DOWNLOADED] genko_cosplay_1583920927_2262415179543022473_13826729236.jpg | https://e-hentai.org/s/8cfd1d610f/2917545-1289
[2026-04-17T17:31:53.069Z] [+] #1288 | genko_cosplay_1583920927_2262415179543022473_13826729236.jpg
[2026-04-17T17:31:55.316Z] [DOWNLOADED] genko_cosplay_1583170202_2256117636987273916_13826729236.jpg | https://e-hentai.org/s/3b44573a43/2917545-1290
[2026-04-17T17:31:55.327Z] [+] #1289 | genko_cosplay_1583170202_2256117636987273916_13826729236.jpg
[2026-04-17T17:31:57.567Z] [DOWNLOADED] genko_cosplay_1582386877_2249546633184164195_13826729236.jpg | https://e-hentai.org/s/406531d089/2917545-1291
[2026-04-17T17:31:57.570Z] [+] #1290 | genko_cosplay_1582386877_2249546633184164195_13826729236.jpg
[2026-04-17T17:31:59.755Z] [DOWNLOADED] genko_cosplay_1582111675_2247238070570986656_13826729236.jpg | https://e-hentai.org/s/968db1c497/2917545-1292
[2026-04-17T17:31:59.766Z] [+] #1291 | genko_cosplay_1582111675_2247238070570986656_13826729236.jpg
[2026-04-17T17:32:02.710Z] [DOWNLOADED] genko_cosplay_1582111675_2247238070554186348_13826729236.jpg | https://e-hentai.org/s/93c2d24b23/2917545-1293
[2026-04-17T17:32:02.720Z] [+] #1292 | genko_cosplay_1582111675_2247238070554186348_13826729236.jpg
[2026-04-17T17:32:04.969Z] [DOWNLOADED] genko_cosplay_1582111632_2247237712050131711_13826729236.jpg | https://e-hentai.org/s/0878c7c100/2917545-1294
[2026-04-17T17:32:04.980Z] [+] #1293 | genko_cosplay_1582111632_2247237712050131711_13826729236.jpg
[2026-04-17T17:32:06.956Z] [DOWNLOADED] genko_cosplay_1582111564_2247237139007762728_13826729236.jpg | https://e-hentai.org/s/166c8a61df/2917545-1295
[2026-04-17T17:32:06.967Z] [+] #1294 | genko_cosplay_1582111564_2247237139007762728_13826729236.jpg
[2026-04-17T17:32:09.220Z] [DOWNLOADED] genko_cosplay_1582111564_2247237138982390869_13826729236.jpg | https://e-hentai.org/s/bf8d7bc69d/2917545-1296
[2026-04-17T17:32:09.232Z] [+] #1295 | genko_cosplay_1582111564_2247237138982390869_13826729236.jpg
[2026-04-17T17:32:11.577Z] [DOWNLOADED] genko_cosplay_1581609854_2243028494153753316_13826729236.jpg | https://e-hentai.org/s/87fed23aad/2917545-1297
[2026-04-17T17:32:11.589Z] [+] #1296 | genko_cosplay_1581609854_2243028494153753316_13826729236.jpg
[2026-04-17T17:32:13.751Z] [DOWNLOADED] genko_cosplay_1581355869_2240897909507608536_13826729236.jpg | https://e-hentai.org/s/480fd5f939/2917545-1298
[2026-04-17T17:32:13.755Z] [+] #1297 | genko_cosplay_1581355869_2240897909507608536_13826729236.jpg
[2026-04-17T17:32:14.028Z] [VIEWER] Round 1300 | Collected: 1297
[2026-04-17T17:32:16.342Z] [DOWNLOADED] genko_cosplay_1581267332_2240155203839845166_13826729236.jpg | https://e-hentai.org/s/0b1cb62af3/2917545-1299
[2026-04-17T17:32:16.352Z] [+] #1298 | genko_cosplay_1581267332_2240155203839845166_13826729236.jpg
[2026-04-17T17:32:18.652Z] [DOWNLOADED] genko_cosplay_1581267332_2240155203823153485_13826729236.jpg | https://e-hentai.org/s/42c5066c63/2917545-1300
[2026-04-17T17:32:18.663Z] [+] #1299 | genko_cosplay_1581267332_2240155203823153485_13826729236.jpg
[2026-04-17T17:32:20.857Z] [DOWNLOADED] genko_cosplay_1581267332_2240155203806381667_13826729236.jpg | https://e-hentai.org/s/5db1e3b76c/2917545-1301
[2026-04-17T17:32:20.869Z] [+] #1300 | genko_cosplay_1581267332_2240155203806381667_13826729236.jpg
[2026-04-17T17:32:22.948Z] [DOWNLOADED] genko_cosplay_1580967535_2237640327397521845_13826729236.jpg | https://e-hentai.org/s/fb006a3c9c/2917545-1302
[2026-04-17T17:32:22.959Z] [+] #1301 | genko_cosplay_1580967535_2237640327397521845_13826729236.jpg
[2026-04-17T17:32:25.334Z] [DOWNLOADED] genko_cosplay_1580967502_2237640052888794515_13826729236.jpg | https://e-hentai.org/s/5dac05dae4/2917545-1303
[2026-04-17T17:32:25.345Z] [+] #1302 | genko_cosplay_1580967502_2237640052888794515_13826729236.jpg
[2026-04-17T17:32:27.660Z] [DOWNLOADED] genko_cosplay_1580967488_2237639936404487622_13826729236.jpg | https://e-hentai.org/s/8d4929f392/2917545-1304
[2026-04-17T17:32:27.670Z] [+] #1303 | genko_cosplay_1580967488_2237639936404487622_13826729236.jpg
[2026-04-17T17:32:30.014Z] [DOWNLOADED] genko_cosplay_1580642706_2234915462152416596_13826729236.webp | https://e-hentai.org/s/efebd0af7e/2917545-1305
[2026-04-17T17:32:30.025Z] [+] #1304 | genko_cosplay_1580642706_2234915462152416596_13826729236.webp
[2026-04-17T17:32:32.061Z] [DOWNLOADED] genko_cosplay_1580642706_2234915462144038566_13826729236.jpg | https://e-hentai.org/s/f924ab4eeb/2917545-1306
[2026-04-17T17:32:32.071Z] [+] #1305 | genko_cosplay_1580642706_2234915462144038566_13826729236.jpg
[2026-04-17T17:32:34.295Z] [DOWNLOADED] genko_cosplay_1580556845_2234195212997799649_13826729236.jpg | https://e-hentai.org/s/00c770df72/2917545-1307
[2026-04-17T17:32:34.305Z] [+] #1306 | genko_cosplay_1580556845_2234195212997799649_13826729236.jpg
[2026-04-17T17:32:36.732Z] [DOWNLOADED] genko_cosplay_1580556845_2234195212981209057_13826729236.jpg | https://e-hentai.org/s/9a9c9b3669/2917545-1308
[2026-04-17T17:32:36.743Z] [+] #1307 | genko_cosplay_1580556845_2234195212981209057_13826729236.jpg
[2026-04-17T17:32:39.203Z] [DOWNLOADED] genko_cosplay_1579885691_2228565166937510357_13826729236.jpg | https://e-hentai.org/s/db855a640e/2917545-1309
[2026-04-17T17:32:39.214Z] [+] #1308 | genko_cosplay_1579885691_2228565166937510357_13826729236.jpg
[2026-04-17T17:32:41.645Z] [DOWNLOADED] genko_cosplay_1579766049_2227561532669844016_13826729236.jpg | https://e-hentai.org/s/cbf6ed5783/2917545-1310
[2026-04-17T17:32:41.656Z] [+] #1309 | genko_cosplay_1579766049_2227561532669844016_13826729236.jpg
[2026-04-17T17:32:43.892Z] [DOWNLOADED] genko_cosplay_1579605359_2226213563962089785_13826729236.jpg | https://e-hentai.org/s/97573a93cf/2917545-1311
[2026-04-17T17:32:43.903Z] [+] #1310 | genko_cosplay_1579605359_2226213563962089785_13826729236.jpg
[2026-04-17T17:32:46.470Z] [DOWNLOADED] genko_cosplay_1579491956_2225262277083040775_13826729236.jpg | https://e-hentai.org/s/7e51c5e484/2917545-1312
[2026-04-17T17:32:46.480Z] [+] #1311 | genko_cosplay_1579491956_2225262277083040775_13826729236.jpg
[2026-04-17T17:32:48.591Z] [DOWNLOADED] genko_cosplay_1578844768_2219833270942536966_13826729236.jpg | https://e-hentai.org/s/0d5ea11ac1/2917545-1313
[2026-04-17T17:32:48.603Z] [+] #1312 | genko_cosplay_1578844768_2219833270942536966_13826729236.jpg
[2026-04-17T17:32:50.921Z] [DOWNLOADED] genko_cosplay_1578323324_2215459082194455198_13826729236.jpg | https://e-hentai.org/s/014bef20d9/2917545-1314
[2026-04-17T17:32:50.935Z] [+] #1313 | genko_cosplay_1578323324_2215459082194455198_13826729236.jpg
[2026-04-17T17:32:53.101Z] [DOWNLOADED] genko_cosplay_1578323324_2215459082169450229_13826729236.jpg | https://e-hentai.org/s/44c6ba001b/2917545-1315
[2026-04-17T17:32:53.111Z] [+] #1314 | genko_cosplay_1578323324_2215459082169450229_13826729236.jpg
[2026-04-17T17:32:55.407Z] [DOWNLOADED] genko_cosplay_1578323298_2215458857874805367_13826729236.jpg | https://e-hentai.org/s/63257e14c2/2917545-1316
[2026-04-17T17:32:55.419Z] [+] #1315 | genko_cosplay_1578323298_2215458857874805367_13826729236.jpg
[2026-04-17T17:32:57.804Z] [DOWNLOADED] genko_cosplay_1578323283_2215458738219719265_13826729236.jpg | https://e-hentai.org/s/92d36a9ece/2917545-1317
[2026-04-17T17:32:57.814Z] [+] #1316 | genko_cosplay_1578323283_2215458738219719265_13826729236.jpg
[2026-04-17T17:33:00.301Z] [DOWNLOADED] genko_cosplay_1578323283_2215458738211259841_13826729236.jpg | https://e-hentai.org/s/61327c6c00/2917545-1318
[2026-04-17T17:33:00.305Z] [+] #1317 | genko_cosplay_1578323283_2215458738211259841_13826729236.jpg
[2026-04-17T17:33:00.574Z] [VIEWER] Round 1320 | Collected: 1317
[2026-04-17T17:33:02.257Z] [DOWNLOADED] genko_cosplay_1578323261_2215458548343481387_13826729236.jpg | https://e-hentai.org/s/5c86df58cd/2917545-1319
[2026-04-17T17:33:02.269Z] [+] #1318 | genko_cosplay_1578323261_2215458548343481387_13826729236.jpg
[2026-04-17T17:33:04.631Z] [DOWNLOADED] genko_cosplay_1578323261_2215458548326827689_13826729236.jpg | https://e-hentai.org/s/c5a6df6486/2917545-1320
[2026-04-17T17:33:04.643Z] [+] #1319 | genko_cosplay_1578323261_2215458548326827689_13826729236.jpg
[2026-04-17T17:33:07.082Z] [DOWNLOADED] genko_cosplay_1577546875_2208945754768962704_13826729236.jpg | https://e-hentai.org/s/cd5ef18f8e/2917545-1321
[2026-04-17T17:33:07.093Z] [+] #1320 | genko_cosplay_1577546875_2208945754768962704_13826729236.jpg
[2026-04-17T17:33:09.444Z] [DOWNLOADED] genko_cosplay_1577203945_2206069045124357570_13826729236.jpg | https://e-hentai.org/s/f4630fea12/2917545-1322
[2026-04-17T17:33:09.455Z] [+] #1321 | genko_cosplay_1577203945_2206069045124357570_13826729236.jpg
[2026-04-17T17:33:11.729Z] [DOWNLOADED] genko_cosplay_1577117388_2205342956500466267_13826729236.jpg | https://e-hentai.org/s/167595993a/2917545-1323
[2026-04-17T17:33:11.740Z] [+] #1322 | genko_cosplay_1577117388_2205342956500466267_13826729236.jpg
[2026-04-17T17:33:13.740Z] [DOWNLOADED] genko_cosplay_1576771341_2202440102852763006_13826729236.jpg | https://e-hentai.org/s/54b2c5841e/2917545-1324
[2026-04-17T17:33:13.752Z] [+] #1323 | genko_cosplay_1576771341_2202440102852763006_13826729236.jpg
[2026-04-17T17:33:15.969Z] [DOWNLOADED] genko_cosplay_1576644526_2201376301185259141_13826729236.jpg | https://e-hentai.org/s/82a6e91616/2917545-1325
[2026-04-17T17:33:15.979Z] [+] #1324 | genko_cosplay_1576644526_2201376301185259141_13826729236.jpg
[2026-04-17T17:33:18.328Z] [DOWNLOADED] genko_cosplay_1576644526_2201376301176999998_13826729236.jpg | https://e-hentai.org/s/1c0f70bd6d/2917545-1326
[2026-04-17T17:33:18.339Z] [+] #1325 | genko_cosplay_1576644526_2201376301176999998_13826729236.jpg
[2026-04-17T17:33:20.739Z] [DOWNLOADED] genko_cosplay_1576644258_2201374054841969502_13826729236.jpg | https://e-hentai.org/s/3517c757c4/2917545-1327
[2026-04-17T17:33:20.750Z] [+] #1326 | genko_cosplay_1576644258_2201374054841969502_13826729236.jpg
[2026-04-17T17:33:23.255Z] [DOWNLOADED] genko_cosplay_1575720762_2193627204059858650_13826729236.jpg | https://e-hentai.org/s/d0278a37f1/2917545-1328
[2026-04-17T17:33:23.266Z] [+] #1327 | genko_cosplay_1575720762_2193627204059858650_13826729236.jpg
[2026-04-17T17:33:25.290Z] [DOWNLOADED] genko_cosplay_1575374998_2190726726762251190_13826729236.webp | https://e-hentai.org/s/b642281507/2917545-1329
[2026-04-17T17:33:25.301Z] [+] #1328 | genko_cosplay_1575374998_2190726726762251190_13826729236.webp
[2026-04-17T17:33:27.321Z] [DOWNLOADED] genko_cosplay_1574496190_2183354754701192534_13826729236.webp | https://e-hentai.org/s/289bd5bf1d/2917545-1330
[2026-04-17T17:33:27.331Z] [+] #1329 | genko_cosplay_1574496190_2183354754701192534_13826729236.webp
[2026-04-17T17:33:29.734Z] [DOWNLOADED] genko_cosplay_1574496190_2183354754684210329_13826729236.webp | https://e-hentai.org/s/93867ca73c/2917545-1331
[2026-04-17T17:33:29.745Z] [+] #1330 | genko_cosplay_1574496190_2183354754684210329_13826729236.webp
[2026-04-17T17:33:31.832Z] [DOWNLOADED] genko_cosplay_1574329890_2181959724627144198_13826729236.jpg | https://e-hentai.org/s/dd5e05bedf/2917545-1332
[2026-04-17T17:33:31.842Z] [+] #1331 | genko_cosplay_1574329890_2181959724627144198_13826729236.jpg
[2026-04-17T17:33:33.809Z] [DOWNLOADED] genko_cosplay_1574329890_2181959724610454575_13826729236.webp | https://e-hentai.org/s/0c2dd6b15b/2917545-1333
[2026-04-17T17:33:33.820Z] [+] #1332 | genko_cosplay_1574329890_2181959724610454575_13826729236.webp
[2026-04-17T17:33:35.986Z] [DOWNLOADED] genko_cosplay_1572978708_2170625190757503476_13826729236.jpg | https://e-hentai.org/s/b9d9478b17/2917545-1334
[2026-04-17T17:33:35.997Z] [+] #1333 | genko_cosplay_1572978708_2170625190757503476_13826729236.jpg
[2026-04-17T17:33:38.263Z] [DOWNLOADED] genko_cosplay_1572978708_2170625190749200017_13826729236.jpg | https://e-hentai.org/s/280d3fce6a/2917545-1335
[2026-04-17T17:33:38.274Z] [+] #1334 | genko_cosplay_1572978708_2170625190749200017_13826729236.jpg
[2026-04-17T17:33:40.514Z] [DOWNLOADED] genko_cosplay_1572978682_2170624971420567554_13826729236.jpg | https://e-hentai.org/s/c99fbbe678/2917545-1336
[2026-04-17T17:33:40.524Z] [+] #1335 | genko_cosplay_1572978682_2170624971420567554_13826729236.jpg
[2026-04-17T17:33:43.223Z] [DOWNLOADED] genko_cosplay_1572978682_2170624971403839907_13826729236.jpg | https://e-hentai.org/s/7ed9be34c1/2917545-1337
[2026-04-17T17:33:43.234Z] [+] #1336 | genko_cosplay_1572978682_2170624971403839907_13826729236.jpg
[2026-04-17T17:33:45.460Z] [DOWNLOADED] genko_cosplay_1572978682_2170624971387041642_13826729236.jpg | https://e-hentai.org/s/c5be099679/2917545-1338
[2026-04-17T17:33:45.472Z] [+] #1337 | genko_cosplay_1572978682_2170624971387041642_13826729236.jpg
[2026-04-17T17:33:45.780Z] [VIEWER] Round 1340 | Collected: 1337
[2026-04-17T17:33:47.988Z] [DOWNLOADED] genko_cosplay_1572978650_2170624706718202198_13826729236.jpg | https://e-hentai.org/s/8da681fb4e/2917545-1339
[2026-04-17T17:33:47.999Z] [+] #1338 | genko_cosplay_1572978650_2170624706718202198_13826729236.jpg
[2026-04-17T17:33:50.291Z] [DOWNLOADED] genko_cosplay_1572978650_2170624706709658260_13826729236.jpg | https://e-hentai.org/s/c7a4208651/2917545-1340
[2026-04-17T17:33:50.303Z] [+] #1339 | genko_cosplay_1572978650_2170624706709658260_13826729236.jpg
[2026-04-17T17:33:52.419Z] [DOWNLOADED] genko_cosplay_1572978650_2170624706692808386_13826729236.jpg | https://e-hentai.org/s/66d85b9b76/2917545-1341
[2026-04-17T17:33:52.431Z] [+] #1340 | genko_cosplay_1572978650_2170624706692808386_13826729236.jpg
[2026-04-17T17:33:54.698Z] [DOWNLOADED] genko_cosplay_1572791939_2169058455583529801_13826729236.jpg | https://e-hentai.org/s/f16439a1e6/2917545-1342
[2026-04-17T17:33:54.702Z] [+] #1341 | genko_cosplay_1572791939_2169058455583529801_13826729236.jpg
[2026-04-17T17:33:57.164Z] [DOWNLOADED] genko_cosplay_1570563057_2150361237610076504_13826729236.jpg | https://e-hentai.org/s/7c741493ba/2917545-1343
[2026-04-17T17:33:57.175Z] [+] #1342 | genko_cosplay_1570563057_2150361237610076504_13826729236.jpg
[2026-04-17T17:33:59.509Z] [DOWNLOADED] genko_cosplay_1570340150_2148491360557562158_13826729236.jpg | https://e-hentai.org/s/7a795831ca/2917545-1344
[2026-04-17T17:33:59.520Z] [+] #1343 | genko_cosplay_1570340150_2148491360557562158_13826729236.jpg
[2026-04-17T17:34:01.748Z] [DOWNLOADED] genko_cosplay_1570280746_2147993046590360774_13826729236.jpg | https://e-hentai.org/s/18b2d03571/2917545-1345
[2026-04-17T17:34:01.759Z] [+] #1344 | genko_cosplay_1570280746_2147993046590360774_13826729236.jpg
[2026-04-17T17:34:04.050Z] [DOWNLOADED] genko_cosplay_1566569105_2116857539718325616_13826729236.jpg | https://e-hentai.org/s/3c1dc9abeb/2917545-1346
[2026-04-17T17:34:04.065Z] [+] #1345 | genko_cosplay_1566569105_2116857539718325616_13826729236.jpg
[2026-04-17T17:34:06.627Z] [DOWNLOADED] genko_cosplay_1565412470_2107154986525241367_13826729236.jpg | https://e-hentai.org/s/c2b7864db3/2917545-1347
[2026-04-17T17:34:06.639Z] [+] #1346 | genko_cosplay_1565412470_2107154986525241367_13826729236.jpg
[2026-04-17T17:34:09.191Z] [DOWNLOADED] genko_cosplay_1563195062_2088554020808890699_13826729236.jpg | https://e-hentai.org/s/e0f25470eb/2917545-1348
[2026-04-17T17:34:09.202Z] [+] #1347 | genko_cosplay_1563195062_2088554020808890699_13826729236.jpg
[2026-04-17T17:34:09.203Z] [VIEWER] Đã đến ảnh cuối cùng — dừng. Total: 1347
[2026-04-17T17:34:09.342Z] ✅ Done! 1347 ảnh đã tải và lưu vào folder "photo"
[2026-04-17T17:34:09.342Z] ⚠️  1 lỗi trong fb_errors.json
