[2026-04-18T16:51:42.413Z] [LOAD] 1241 ảnh từ fb_images_v2.json
[2026-04-18T16:51:42.417Z] [MKDIR] Tạo folder photo/
[2026-04-18T16:51:42.417Z] [RESUME] Đã tải trước đó: 0/1241
[2026-04-18T16:51:42.417Z] [START] Bắt đầu tải với concurrency=5...
[2026-04-18T16:51:42.665Z] [✓] #3 00003_659079500_10215275029105133_1005904146930576769_n.jpg
[2026-04-18T16:51:42.727Z] [✓] #5 00005_657284416_10215265463626002_364002008090864155_n.jpg
[2026-04-18T16:51:42.741Z] [✓] #1 00001_672005425_10215390628995058_9064684984611413528_n.jpg
[2026-04-18T16:51:42.764Z] [✓] #2 00002_672004942_10215390628475045_7856527642505012191_n.jpg
[2026-04-18T16:51:42.769Z] [✓] #0 00000_671720572_10215390629475070_4683010358187291477_n.jpg
[2026-04-18T16:51:42.827Z] [✓] #4 00004_658962084_10215275028785125_333575317265123665_n.jpg
[2026-04-18T16:51:42.899Z] [✓] #8 00008_646372354_10215150773718826_1169502362623003917_n.jpg
[2026-04-18T16:51:42.931Z] [✓] #7 00007_649818666_10215183865506100_6209792486630595601_n.jpg
[2026-04-18T16:51:42.933Z] [✓] #9 00009_647044674_10215143605339621_4920552433937843586_n.jpg
[2026-04-18T16:51:42.945Z] [✓] #6 00006_654309737_10215235501076957_5610402859934833648_n.jpg
[2026-04-18T16:51:43.053Z] [✓] #10 00010_645242734_10215126421670040_858479011150978044_n.jpg
[2026-04-18T16:51:43.059Z] [✓] #11 00011_644206820_10215126421230029_879963687845648665_n.jpg
[2026-04-18T16:51:43.184Z] [✓] #13 00013_643765025_10215115609479742_4666800860471357986_n.jpg
[2026-04-18T16:51:43.208Z] [✓] #14 00014_645107965_10215115594559369_682766947103642040_n.jpg
[2026-04-18T16:51:43.224Z] [✓] #12 00012_643426503_10215125868496211_4834417880986585301_n.jpg
[2026-04-18T16:51:43.245Z] [✓] #16 00016_643444881_10215115593559344_1648376218427316425_n.jpg
[2026-04-18T16:51:43.330Z] [✓] #17 00017_643851387_10215115592479317_2298068440292054283_n.jpg
[2026-04-18T16:51:43.366Z] [✓] #15 00015_643709764_10215115593919353_8565569088636735157_n.jpg
[2026-04-18T16:51:43.384Z] [✓] #20 00020_641422849_10215115589439241_5004015939810542179_n.jpg
[2026-04-18T16:51:43.422Z] [✓] #23 00023_643815811_10215115586959179_5737291845591680303_n.jpg
[2026-04-18T16:51:43.461Z] [✓] #24 00024_644185253_10215115586559169_8032862046532185490_n.jpg
[2026-04-18T16:51:43.517Z] [✓] #21 00021_643310756_10215115588759224_8200578189669300535_n.jpg
[2026-04-18T16:51:43.560Z] [✓] #26 00026_642417196_10215115585359139_5084625018364217003_n.jpg
[2026-04-18T16:51:43.568Z] [✓] #19 00019_643736341_10215115589719248_4259727757665638701_n.jpg
[2026-04-18T16:51:43.576Z] [✓] #25 00025_642390787_10215115585959154_4030134146697698925_n.jpg
[2026-04-18T16:51:43.578Z] [WARN] #27 attempt 1/3 failed: HTTP 403
[2026-04-18T16:51:43.586Z] [✓] #22 00022_642760532_10215115587799200_6468098740557852811_n.jpg
[2026-04-18T16:51:43.673Z] [✓] #18 00018_642400053_10215115591719298_2290144033117124261_n.jpg
[2026-04-18T16:51:43.756Z] [✓] #28 00028_641235673_10215088383599112_2844049625161215307_n.jpg
[2026-04-18T16:51:43.806Z] [✓] #31 00031_637166713_10215071179689025_2256504636431891110_n.jpg
[2026-04-18T16:51:43.871Z] [✓] #29 00029_641380118_10215088382959096_8718134741142075486_n.jpg
[2026-04-18T16:51:43.962Z] [✓] #32 00032_637468512_10215071179369017_5146478766394830387_n.jpg
[2026-04-18T16:51:44.105Z] [✓] #30 00030_639861590_10215071180049034_3836036011525006049_n.jpg
[2026-04-18T16:51:44.156Z] [✓] #34 00034_631356312_10215029335042935_5987757697334038868_n.jpg
[2026-04-18T16:51:44.175Z] [✓] #36 00036_626716349_10214981662291146_539585716041912370_n.jpg
[2026-04-18T16:51:44.238Z] [✓] #33 00033_634312587_10215039584659169_1434322224345213082_n.jpg
[2026-04-18T16:51:44.270Z] [✓] #38 00038_627600421_10214969826755265_4028385835897305057_n.jpg
[2026-04-18T16:51:44.379Z] [✓] #40 00040_624515892_10214953056096009_3046049389256018347_n.jpg
[2026-04-18T16:51:44.460Z] [✓] #37 00037_627038988_10214969827075273_3606855414956498646_n.jpg
[2026-04-18T16:51:44.465Z] [✓] #35 00035_631008159_10215011007784765_3076377877311254934_n.jpg
[2026-04-18T16:51:44.523Z] [✓] #39 00039_625902262_10214953056496019_566577580185099709_n.jpg
[2026-04-18T16:51:44.712Z] [✓] #41 00041_623412457_10214953055655998_3462961039870680764_n.jpg
[2026-04-18T16:51:44.794Z] [✓] #43 00043_623654866_10214953054815977_7141291677214244145_n.jpg
[2026-04-18T16:51:44.826Z] [✓] #45 00045_625255170_10214953054095959_8679293745932778326_n.jpg
[2026-04-18T16:51:44.885Z] [✓] #42 00042_623425329_10214953055335990_825775552091457130_n.jpg
[2026-04-18T16:51:44.920Z] [✓] #47 00047_623402661_10214953053415942_693375129931785974_n.jpg
[2026-04-18T16:51:44.984Z] [✓] #44 00044_623419463_10214953054495969_6889284596835370505_n.jpg
[2026-04-18T16:51:45.004Z] [✓] #48 00048_624551338_10214953052975931_3290084667346859699_n.jpg
[2026-04-18T16:51:45.146Z] [✓] #50 00050_623791344_10214953052175911_5391905625804477927_n.jpg
[2026-04-18T16:51:45.189Z] [✓] #46 00046_623411452_10214953053735950_6452179880046595016_n.jpg
[2026-04-18T16:51:45.334Z] [✓] #53 00053_622748155_10214953050975881_7157052328223416440_n.jpg
[2026-04-18T16:51:45.465Z] [✓] #54 00054_622631019_10214953050255863_538195067412053421_n.jpg
[2026-04-18T16:51:45.550Z] [✓] #51 00051_622757573_10214953051855903_4238128255544216746_n.jpg
[2026-04-18T16:51:45.559Z] [✓] #49 00049_624515892_10214953052575921_331119370700392883_n.jpg
[2026-04-18T16:51:45.612Z] [✓] #55 00055_623408721_10214953049615847_8644098875195899293_n.jpg
[2026-04-18T16:51:45.625Z] [WARN] #27 attempt 2/3 failed: HTTP 403
[2026-04-18T16:51:45.669Z] [✓] #52 00052_623365626_10214953051455893_7916908609241386351_n.jpg
[2026-04-18T16:51:45.732Z] [✓] #56 00056_624338024_10214953049215837_6722411659480959456_n.jpg
[2026-04-18T16:51:45.738Z] [✓] #58 00058_623363579_10214953048415817_4057015805206370594_n.jpg
[2026-04-18T16:51:45.870Z] [✓] #60 00060_624478025_10214951166808778_4453843046074944968_n.jpg
[2026-04-18T16:51:45.987Z] [✓] #62 00062_621815080_10214918592154432_5627313964729440470_n.jpg
[2026-04-18T16:51:46.033Z] [✓] #59 00059_623220736_10214953048095809_3839394272006626179_n.jpg
[2026-04-18T16:51:46.063Z] [✓] #57 00057_623750577_10214953048735825_2760721890379042640_n.jpg
[2026-04-18T16:51:46.089Z] [✓] #63 00063_619199263_10214918591594418_5210215225142597410_n.jpg
[2026-04-18T16:51:46.103Z] [✓] #65 00065_619249087_10214911736023033_3684816870093100962_n.jpg
[2026-04-18T16:51:46.110Z] [WARN] #66 attempt 1/3 failed: HTTP 403
[2026-04-18T16:51:46.210Z] [✓] #64 00064_619290020_10214918591114406_5089945480987836625_n.jpg
[2026-04-18T16:51:46.245Z] [✓] #61 00061_623415958_10214930583134199_5005355315372642507_n.jpg
[2026-04-18T16:51:46.310Z] [✓] #67 00067_615260583_10214846226985348_1728838529845048546_n.jpg
[2026-04-18T16:51:46.378Z] [✓] #69 00069_615203237_10214845320762693_1704139491655408078_n.jpg
[2026-04-18T16:51:46.521Z] [✓] #68 00068_615119454_10214846226465335_1724687832922133419_n.jpg
[2026-04-18T16:51:46.527Z] [✓] #70 00070_615228580_10214845320362683_1157120804174676073_n.jpg
[2026-04-18T16:51:46.661Z] [✓] #72 00072_614934886_10214845012194979_773500972526990122_n.jpg
[2026-04-18T16:51:46.697Z] [✓] #71 00071_614721060_10214845319882671_5530680583468788480_n.jpg
[2026-04-18T16:51:46.785Z] [✓] #73 00073_612182048_10214829192159488_3527261473827588329_n.jpg
[2026-04-18T16:51:46.806Z] [✓] #75 00075_611675115_10214824410279944_826206467513795422_n.jpg
[2026-04-18T16:51:46.817Z] [WARN] #77 attempt 1/3 failed: HTTP 403
[2026-04-18T16:51:46.848Z] [✓] #74 00074_612029019_10214829191639475_5754996090785355927_n.jpg
[2026-04-18T16:51:46.937Z] [✓] #76 00076_612006484_10214824409799932_3414410489587311782_n.jpg
[2026-04-18T16:51:46.941Z] [WARN] #79 attempt 1/3 failed: HTTP 403
[2026-04-18T16:51:47.003Z] [✓] #78 00078_607719233_10214782914922586_2257594684388759294_n.jpg
[2026-04-18T16:51:47.007Z] [WARN] #80 attempt 1/3 failed: HTTP 403
[2026-04-18T16:51:48.116Z] [WARN] #66 attempt 2/3 failed: HTTP 403
[2026-04-18T16:51:48.822Z] [WARN] #77 attempt 2/3 failed: HTTP 403
[2026-04-18T16:51:48.947Z] [WARN] #79 attempt 2/3 failed: HTTP 403
[2026-04-18T16:51:49.016Z] [WARN] #80 attempt 2/3 failed: HTTP 403
[2026-04-18T16:51:49.657Z] [WARN] #27 attempt 3/3 failed: HTTP 403
[2026-04-18T16:51:49.658Z] [✗] #27 FAILED: HTTP 403
[2026-04-18T16:51:49.862Z] [✓] #81 00081_606333287_10214772067011395_2714830979536922919_n.jpg
[2026-04-18T16:51:50.048Z] [✓] #82 00082_608992431_10214772066411380_8132724603635365774_n.jpg
[2026-04-18T16:51:50.054Z] [WARN] #83 attempt 1/3 failed: HTTP 403
[2026-04-18T16:51:52.067Z] [WARN] #83 attempt 2/3 failed: HTTP 403
[2026-04-18T16:51:52.127Z] [WARN] #66 attempt 3/3 failed: HTTP 403
[2026-04-18T16:51:52.127Z] [✗] #66 FAILED: HTTP 403
[2026-04-18T16:51:52.234Z] [✓] #84 00084_606860189_10214766494232079_7253179719626841742_n.jpg
[2026-04-18T16:51:52.299Z] [✓] #85 00085_605084926_10214742981004263_2408628155359637592_n.jpg
[2026-04-18T16:51:52.360Z] [✓] #86 00086_605113391_10214729368823967_4893467397891705120_n.jpg
[2026-04-18T16:51:52.453Z] [✓] #87 00087_605122007_10214729368303954_8333815662862189483_n.jpg
[2026-04-18T16:51:52.512Z] [✓] #88 00088_600292917_10214721659391236_7068538364443870476_n.jpg
[2026-04-18T16:51:52.563Z] [✓] #89 00089_599965068_10214716892832075_3607727010301734795_n.jpg
[2026-04-18T16:51:52.620Z] [✓] #90 00090_599017381_10214703196809683_4617721012122107800_n.jpg
[2026-04-18T16:51:52.696Z] [✓] #91 00091_600122604_10214703196369672_2050788117669438796_n.jpg
[2026-04-18T16:51:52.743Z] [✓] #92 00092_597647398_10214667580079287_5351669359578547870_n.jpg
[2026-04-18T16:51:52.785Z] [✓] #93 00093_597154562_10214665724552900_6901264604151512171_n.jpg
[2026-04-18T16:51:52.830Z] [WARN] #77 attempt 3/3 failed: HTTP 403
[2026-04-18T16:51:52.831Z] [✗] #77 FAILED: HTTP 403
[2026-04-18T16:51:52.836Z] [✓] #94 00094_598111950_10214661829055515_632316204573141620_n.jpg
[2026-04-18T16:51:52.937Z] [✓] #95 00095_595862096_10214661828535502_1694558121605963157_n.jpg
[2026-04-18T16:51:52.946Z] [✓] #96 00096_596817520_10214649297902244_7737618056137308845_n.jpg
[2026-04-18T16:51:52.969Z] [WARN] #79 attempt 3/3 failed: HTTP 403
[2026-04-18T16:51:52.969Z] [✗] #79 FAILED: HTTP 403
[2026-04-18T16:51:53.033Z] [WARN] #80 attempt 3/3 failed: HTTP 403
[2026-04-18T16:51:53.033Z] [✗] #80 FAILED: HTTP 403
[2026-04-18T16:51:53.098Z] [✓] #97 00097_594225925_10214638324947927_6726958042795663867_n.jpg
[2026-04-18T16:51:53.103Z] [✓] #98 00098_597341308_10214638324547917_7609845289257523585_n.jpg
[2026-04-18T16:51:53.115Z] [✓] #99 00099_594066035_10214631711302590_983277028922217781_n.jpg
[2026-04-18T16:51:53.166Z] [✓] #100 00100_593234964_10214615511617608_3539066102970282589_n.jpg
[2026-04-18T16:51:53.235Z] [✓] #103 00103_589828969_10214575860066344_8239546642060226970_n.jpg
[2026-04-18T16:51:53.306Z] [✓] #104 00104_587131130_10214559091447139_4633000841629706348_n.jpg
[2026-04-18T16:51:53.437Z] [✓] #105 00105_587030525_10214559091167132_2448907820524706469_n.jpg
[2026-04-18T16:51:53.559Z] [✓] #107 00107_586988127_10214553463306439_3654486138637077606_n.jpg
[2026-04-18T16:51:53.644Z] [✓] #108 00108_587002489_10214549434045710_1748964430326858737_n.jpg
[2026-04-18T16:51:53.667Z] [✓] #101 00101_593458202_10214615511377602_4632151823993132009_n.jpg
[2026-04-18T16:51:53.675Z] [✓] #106 00106_588236594_10214553464626472_3407792228045175840_n.jpg
[2026-04-18T16:51:53.823Z] [✓] #109 00109_585799541_10214549433565698_3010735772448935362_n.jpg
[2026-04-18T16:51:53.825Z] [✓] #110 00110_585904522_10214543920387872_5981324023533723445_n.jpg
[2026-04-18T16:51:53.855Z] [✓] #102 00102_593329149_10214610082641887_6668618766904926621_n.jpg
[2026-04-18T16:51:53.916Z] [✓] #111 00111_586347019_10214542566194018_7487957711410128892_n.jpg
[2026-04-18T16:51:53.925Z] [✓] #112 00112_584795893_10214539581159394_4998848224900548058_n.jpg
[2026-04-18T16:51:54.013Z] [✓] #115 00115_585354866_10214531947968569_4157033904075205182_n.jpg
[2026-04-18T16:51:54.114Z] [✓] #116 00116_582892686_10214521157058803_4834515384750029900_n.jpg
[2026-04-18T16:51:54.116Z] [✓] #113 00113_584962502_10214539580999390_9155770707605017546_n.jpg
[2026-04-18T16:51:54.316Z] [✓] #119 00119_581972682_10214515413395215_5072856811225418051_n.jpg
[2026-04-18T16:51:54.383Z] [✓] #117 00117_584580110_10214515414035231_4270173763022628244_n.jpg
[2026-04-18T16:51:54.454Z] [✓] #121 00121_580569777_10214498795419776_8357304111898963171_n.jpg
[2026-04-18T16:51:54.529Z] [✓] #114 00114_584608410_10214531950648636_5187537329213244894_n.jpg
[2026-04-18T16:51:54.534Z] [✓] #122 00122_580575929_10214481393704744_4581377384157883409_n.jpg
[2026-04-18T16:51:54.614Z] [✓] #118 00118_583329111_10214515413595220_2637650534352782925_n.jpg
[2026-04-18T16:51:54.631Z] [✓] #123 00123_576999523_10214481372744220_4822873229463966753_n.jpg
[2026-04-18T16:51:54.682Z] [✓] #124 00124_578003755_10214464146873584_2294482835573663775_n.jpg
[2026-04-18T16:51:54.697Z] [✓] #120 00120_582010862_10214498997464827_4034515251741188997_n.jpg
[2026-04-18T16:51:54.852Z] [✓] #128 00128_571306648_10214426973024261_7658284366836010187_n.jpg
[2026-04-18T16:51:54.867Z] [✓] #125 00125_572269799_10214443793684767_918964818754742934_n.jpg
[2026-04-18T16:51:54.888Z] [✓] #127 00127_573066074_10214426973184265_224060563223718378_n.jpg
[2026-04-18T16:51:54.914Z] [✓] #126 00126_570560691_10214426973344269_4750239367019105320_n.jpg
[2026-04-18T16:51:55.018Z] [✓] #129 00129_571412038_10214426421730479_8359123962354764407_n.jpg
[2026-04-18T16:51:55.028Z] [✓] #131 00131_573879226_10214419975089317_6281970570235693788_n.jpg
[2026-04-18T16:51:55.163Z] [✓] #132 00132_571359697_10214419974729308_7091513200236315917_n.jpg
[2026-04-18T16:51:55.179Z] [✓] #130 00130_571752123_10214426421490473_6833829732781791057_n.jpg
[2026-04-18T16:51:55.198Z] [✓] #134 00134_571157991_10214408683687039_5941964595958507598_n.jpg
[2026-04-18T16:51:55.330Z] [✓] #137 00137_559066843_10214396934673321_814013732836382257_n.jpg
[2026-04-18T16:51:55.339Z] [✓] #136 00136_565827449_10214396933993304_3812063990491116406_n.jpg
[2026-04-18T16:51:55.385Z] [✓] #133 00133_569443135_10214419974449301_208722106255299901_n.jpg
[2026-04-18T16:51:55.415Z] [✓] #135 00135_571254265_10214408683367031_4992803643213443830_n.jpg
[2026-04-18T16:51:55.484Z] [✓] #138 00138_571162161_10214396934593319_3246793697415122688_n.jpg
[2026-04-18T16:51:55.663Z] [✓] #139 00139_571137176_10214396934473316_7803685045358256898_n.jpg
[2026-04-18T16:51:55.733Z] [✓] #142 00142_565117715_10214337164939115_7410619396320272150_n.jpg
[2026-04-18T16:51:55.763Z] [✓] #140 00140_560784857_10214337212820312_1919683500004685454_n.jpg
[2026-04-18T16:51:55.843Z] [✓] #141 00141_560621713_10214337212420302_2573122105170362758_n.jpg
[2026-04-18T16:51:55.849Z] [✓] #144 00144_558875608_10214310809160237_4777475318416892537_n.jpg
[2026-04-18T16:51:55.922Z] [✓] #146 00146_557222042_10214263104487650_7787461720176584633_n.jpg
[2026-04-18T16:51:55.931Z] [✓] #143 00143_561743655_10214327043966097_2710214910491818907_n.jpg
[2026-04-18T16:51:55.938Z] [WARN] #148 attempt 1/3 failed: HTTP 403
[2026-04-18T16:51:55.989Z] [✓] #147 00147_555626117_10214263104967662_7072277585817038204_n.jpg
[2026-04-18T16:51:55.994Z] [✓] #149 00149_555538892_10214240842811122_3034363956807319486_n.jpg
[2026-04-18T16:51:55.997Z] [✓] #145 00145_558079437_10214310809040234_6143308569762117356_n.jpg
[2026-04-18T16:51:56.032Z] [✓] #151 00151_554081555_10214235995409940_872086562317146530_n.jpg
[2026-04-18T16:51:56.033Z] [✓] #150 00150_555970347_10214240842491114_7001959495489236237_n.jpg
[2026-04-18T16:51:56.078Z] [✓] #152 00152_553670986_10214234581494593_8998815393305923907_n.jpg
[2026-04-18T16:51:56.079Z] [WARN] #83 attempt 3/3 failed: HTTP 403
[2026-04-18T16:51:56.080Z] [✗] #83 FAILED: HTTP 403
[2026-04-18T16:51:56.180Z] [✓] #154 00154_550952725_10214226090562325_4219934708731655112_n.jpg
[2026-04-18T16:51:56.258Z] [✓] #153 00153_550994549_10214226090802331_4708910568978258097_n.jpg
[2026-04-18T16:51:56.325Z] [✓] #155 00155_550216935_10214221136118467_1024662320515078416_n.jpg
[2026-04-18T16:51:56.353Z] [✓] #158 00158_550094927_10214198724478190_2271323076859886320_n.jpg
[2026-04-18T16:51:56.382Z] [✓] #159 00159_549207380_10214198724278185_7358824863533536959_n.jpg
[2026-04-18T16:51:56.397Z] [✓] #156 00156_550170405_10214221135758458_7775392021866188663_n.jpg
[2026-04-18T16:51:56.404Z] [✓] #157 00157_549013102_10214198724638194_2149526484950200842_n.jpg
[2026-04-18T16:51:56.419Z] [✓] #161 00161_547957262_10214198723638169_7424928237752516501_n.jpg
[2026-04-18T16:51:56.445Z] [✓] #162 00162_548925888_10214198723598168_6643402888771169565_n.jpg
[2026-04-18T16:51:56.458Z] [✓] #160 00160_548473240_10214198723558167_3007189880204204697_n.jpg
[2026-04-18T16:51:56.469Z] [✓] #164 00164_549150581_10214198701397613_3735756587108137778_n.jpg
[2026-04-18T16:51:56.488Z] [✓] #165 00165_549423888_10214198700117581_7522435063100070818_n.jpg
[2026-04-18T16:51:56.506Z] [✓] #163 00163_549952218_10214198721558117_3097352461834576461_n.jpg
[2026-04-18T16:51:56.735Z] [✓] #168 00168_546168116_10214167638501060_4561343868659455500_n.jpg
[2026-04-18T16:51:56.753Z] [✓] #167 00167_548210355_10214176904332700_2651269120930039093_n.jpg
[2026-04-18T16:51:56.788Z] [✓] #171 00171_544986105_10214151158369067_1071122130884251475_n.jpg
[2026-04-18T16:51:56.858Z] [✓] #169 00169_546222604_10214166755478985_4639757054817865174_n.jpg
[2026-04-18T16:51:56.878Z] [✓] #170 00170_545334997_10214153193899954_8405644779646049245_n.jpg
[2026-04-18T16:51:56.905Z] [✓] #166 00166_549768052_10214193842276138_1837960795141172401_n.jpg
[2026-04-18T16:51:56.917Z] [✓] #172 00172_544914457_10214151158769077_4527601789240123559_n.jpg
[2026-04-18T16:51:56.987Z] [✓] #173 00173_545343286_10214147528838331_4881084312801726475_n.jpg
[2026-04-18T16:51:57.021Z] [✓] #176 00176_539797020_10214121369264358_1698814400660889208_n.jpg
[2026-04-18T16:51:57.049Z] [✓] #177 00177_540500013_10214109383964733_7164982993176468678_n.jpg
[2026-04-18T16:51:57.072Z] [✓] #174 00174_544904712_10214147527398295_4692330383437908834_n.jpg
[2026-04-18T16:51:57.219Z] [✓] #180 00180_539568783_10214078767359337_3871096235082479308_n.jpg
[2026-04-18T16:51:57.298Z] [✓] #179 00179_536277659_10214088240876169_2417653409942194898_n.jpg
[2026-04-18T16:51:57.298Z] [✓] #178 00178_541695445_10214098672456952_3881409583911533590_n.jpg
[2026-04-18T16:51:57.302Z] [✓] #175 00175_544570536_10214130694337479_100950034869701272_n.jpg
[2026-04-18T16:51:57.412Z] [✓] #182 00182_536279917_10214078766319311_2268261287252935924_n.jpg
[2026-04-18T16:51:57.449Z] [✓] #183 00183_536272665_10214052882632235_579277014381426025_n.jpg
[2026-04-18T16:51:57.494Z] [✓] #181 00181_538450926_10214078767959352_3576253216930107208_n.jpg
[2026-04-18T16:51:57.539Z] [✓] #184 00184_536273438_10214051798445131_2338413850047808328_n.jpg
[2026-04-18T16:51:57.607Z] [✓] #186 00186_532798469_10214016429080919_7862917562352062645_n.jpg
[2026-04-18T16:51:57.734Z] [✓] #187 00187_533427315_10214016428840913_7551577535479302448_n.jpg
[2026-04-18T16:51:57.772Z] [✓] #185 00185_536284594_10214047528738391_32123503211589394_n.jpg
[2026-04-18T16:51:57.806Z] [✓] #189 00189_530693703_10214010984064797_7158533229259035636_n.jpg
[2026-04-18T16:51:57.895Z] [✓] #188 00188_532343764_10214015209970442_3669992652553280134_n.jpg
[2026-04-18T16:51:57.921Z] [✓] #190 00190_531361469_10214007257971647_478267055814584018_n.jpg
[2026-04-18T16:51:57.936Z] [✓] #191 00191_504381248_10214006037701141_660137812541419414_n.jpg
[2026-04-18T16:51:57.947Z] [WARN] #148 attempt 2/3 failed: HTTP 403
[2026-04-18T16:51:58.068Z] [✓] #195 00195_526778216_10213960384879849_7660970832345926930_n.jpg
[2026-04-18T16:51:58.088Z] [✓] #192 00192_530958220_10214006037501136_9031287988320063786_n.jpg
[2026-04-18T16:51:58.151Z] [✓] #194 00194_527824417_10213975889147446_7182817294723502921_n.jpg
[2026-04-18T16:51:58.170Z] [✓] #196 00196_527978022_10213960384559841_2169940394073406420_n.jpg
[2026-04-18T16:51:58.173Z] [✓] #193 00193_530616100_10213992496762626_5208640821664170355_n.jpg
[2026-04-18T16:51:58.185Z] [✓] #197 00197_528070615_10213960384479839_8822560489442630543_n.jpg
[2026-04-18T16:51:58.432Z] [✓] #198 00198_524709562_10213935130168497_2668488349468203510_n.jpg
[2026-04-18T16:51:58.433Z] [✓] #200 00200_525100218_10213935128768462_5120860718684881738_n.jpg
[2026-04-18T16:51:58.477Z] [✓] #199 00199_525351220_10213935129728486_7438150533403524664_n.jpg
[2026-04-18T16:51:58.505Z] [✓] #201 00201_525562155_10213934788759962_3222415508332260745_n.jpg
[2026-04-18T16:51:58.590Z] [✓] #204 00204_524444247_10213929401185276_6828799455648710322_n.jpg
[2026-04-18T16:51:58.615Z] [✓] #205 00205_524114315_10213929400665263_3742621403420793523_n.jpg
[2026-04-18T16:51:58.711Z] [✓] #207 00207_522943846_10213919598500215_8439599907629002784_n.jpg
[2026-04-18T16:51:58.776Z] [✓] #203 00203_525887471_10213934787799938_7069769669242459484_n.jpg
[2026-04-18T16:51:58.794Z] [✓] #202 00202_524623178_10213934788199948_4639821647240963761_n.jpg
[2026-04-18T16:51:58.816Z] [✓] #208 00208_523833080_10213919598260209_774264198713868008_n.jpg
[2026-04-18T16:51:58.831Z] [✓] #206 00206_515268452_10213922958784220_1074940817990937228_n.jpg
[2026-04-18T16:51:58.978Z] [✓] #212 00212_521207640_10213897148458978_8568422565359734471_n.jpg
[2026-04-18T16:51:59.080Z] [✓] #211 00211_520226924_10213897327103444_7800261876140191266_n.jpg
[2026-04-18T16:51:59.091Z] [✓] #209 00209_523360327_10213917511608044_8118582909657329244_n.jpg
[2026-04-18T16:51:59.177Z] [✓] #213 00213_520538062_10213893081997319_4541713475611722163_n.jpg
[2026-04-18T16:51:59.196Z] [✓] #210 00210_523727860_10213912266436918_1696838160800974006_n.jpg
[2026-04-18T16:51:59.316Z] [✓] #214 00214_520044013_10213893081357303_1301699050064988061_n.jpg
[2026-04-18T16:51:59.329Z] [WARN] #218 attempt 1/3 failed: HTTP 403
[2026-04-18T16:51:59.359Z] [✓] #215 00215_520550756_10213893081157298_6459727240106655476_n.jpg
[2026-04-18T16:51:59.367Z] [✓] #216 00216_523475602_10213893080837290_1980051274092624730_n.jpg
[2026-04-18T16:51:59.400Z] [✓] #217 00217_518236224_10213893080677286_3989969168222007188_n.jpg
[2026-04-18T16:51:59.531Z] [✓] #220 00220_517407897_10213864729608527_5656003382943698020_n.jpg
[2026-04-18T16:51:59.581Z] [✓] #219 00219_504381892_10213865478707254_6492681536416201995_n.jpg
[2026-04-18T16:51:59.650Z] [✓] #221 00221_504429359_10213864729368521_6902007492695793288_n.jpg
[2026-04-18T16:51:59.768Z] [✓] #222 00222_517888254_10213864729128515_7383768461547654751_n.jpg
[2026-04-18T16:51:59.814Z] [✓] #223 00223_518198407_10213854416870715_5667014855660155916_n.jpg
[2026-04-18T16:51:59.892Z] [✓] #225 00225_518271397_10213845010715567_5655617234716364388_n.jpg
[2026-04-18T16:51:59.896Z] [✓] #224 00224_504380914_10213854416310701_6794661648273194627_n.jpg
[2026-04-18T16:51:59.934Z] [✓] #228 00228_518272582_10213821219720807_4413172433436333001_n.jpg
[2026-04-18T16:51:59.955Z] [✓] #229 00229_518063299_10213821219600804_4493002415931744297_n.jpg
[2026-04-18T16:52:00.064Z] [✓] #226 00226_518297260_10213843564239406_2860729213935997789_n.jpg
[2026-04-18T16:52:00.129Z] [✓] #230 00230_514824469_10213801529228557_4500483483689760442_n.jpg
[2026-04-18T16:52:00.156Z] [✓] #227 00227_504377967_10213843068027001_1795780370507947537_n.jpg
[2026-04-18T16:52:00.285Z] [✓] #233 00233_514350261_10213789221240865_970901580496948196_n.jpg
[2026-04-18T16:52:00.294Z] [✓] #231 00231_515014156_10213801528948550_1968321276884501962_n.jpg
[2026-04-18T16:52:00.338Z] [✓] #232 00232_514336595_10213801528428537_1990752987508593093_n.jpg
[2026-04-18T16:52:00.428Z] [✓] #234 00234_514443677_10213789220840855_5496716124740239220_n.jpg
[2026-04-18T16:52:00.436Z] [✓] #235 00235_514335793_10213788657026760_436390182072931690_n.jpg
[2026-04-18T16:52:00.551Z] [✓] #236 00236_506797937_10213788656666751_6707168673678266083_n.jpg
[2026-04-18T16:52:00.622Z] [✓] #237 00237_514343756_10213778464731959_8426535406439695726_n.jpg
[2026-04-18T16:52:00.626Z] [✓] #238 00238_524101469_10213918659996753_1539993121671946315_n.jpg
[2026-04-18T16:52:00.698Z] [✓] #239 00239_522647689_10213908216575674_5897748070639493547_n.jpg
[2026-04-18T16:52:00.747Z] [✓] #240 00240_522410647_10213908206895432_6060318512661056293_n.jpg
[2026-04-18T16:52:00.826Z] [✓] #241 00241_523912199_10213898026480928_61970283568890459_n.jpg
[2026-04-18T16:52:00.906Z] [✓] #242 00242_518411427_10213898034281123_5776431953387395150_n.jpg
[2026-04-18T16:52:00.941Z] [✓] #243 00243_518947163_10213898041681308_38987959841352647_n.jpg
[2026-04-18T16:52:00.961Z] [✓] #244 00244_518347088_10213860216895712_2186878605409471682_n.jpg
[2026-04-18T16:52:00.978Z] [✓] #247 00247_516952606_10213826341288843_7905218414089824147_n.jpg
[2026-04-18T16:52:00.998Z] [✓] #248 00248_516602900_10213826362969385_8498960662730327686_n.jpg
[2026-04-18T16:52:01.061Z] [✓] #245 00245_518271236_10213860220615805_1757115504496130898_n.jpg
[2026-04-18T16:52:01.120Z] [✓] #249 00249_516920756_10213816494682684_2097593036624392506_n.jpg
[2026-04-18T16:52:01.156Z] [✓] #246 00246_517441664_10213838668557017_1355045069609138973_n.jpg
[2026-04-18T16:52:01.280Z] [✓] #250 00250_516466361_10213816490762586_1992632637811094736_n.jpg
[2026-04-18T16:52:01.295Z] [✓] #251 00251_516512483_10213816074672184_5997716373044304692_n.jpg
[2026-04-18T16:52:01.347Z] [WARN] #218 attempt 2/3 failed: HTTP 403
[2026-04-18T16:52:01.411Z] [✓] #252 00252_515012300_10213805563049400_4234621282163488321_n.jpg
[2026-04-18T16:52:01.451Z] [✓] #254 00254_515542393_10213800828451038_3102614025988819684_n.jpg
[2026-04-18T16:52:01.530Z] [✓] #255 00255_515995637_10213800824330935_8905178335149285774_n.jpg
[2026-04-18T16:52:01.534Z] [✓] #253 00253_514416760_10213805552329132_6689354687882788186_n.jpg
[2026-04-18T16:52:01.564Z] [✓] #257 00257_515513498_10213799791065104_8350239952493035641_n.jpg
[2026-04-18T16:52:01.628Z] [✓] #256 00256_515706556_10213800821490864_1981656405261094884_n.jpg
[2026-04-18T16:52:01.638Z] [WARN] #260 attempt 1/3 failed: HTTP 403
[2026-04-18T16:52:01.675Z] [✓] #258 00258_515492019_10213799808625543_8798710913950966642_n.jpg
[2026-04-18T16:52:01.681Z] [✓] #259 00259_513873149_10213779520758359_9089880683385801539_n.jpg
[2026-04-18T16:52:01.788Z] [✓] #262 00262_514365202_10213772918873316_8501486151829429441_n.jpg
[2026-04-18T16:52:01.822Z] [✓] #261 00261_513641861_10213772908633060_5675073393405189803_n.jpg
[2026-04-18T16:52:01.889Z] [✓] #264 00264_513319231_10213770435291228_8092414082161404549_n.jpg
[2026-04-18T16:52:01.914Z] [✓] #263 00263_513075302_10213770475772240_4879504605072579417_n.jpg
[2026-04-18T16:52:01.978Z] [✓] #266 00266_513424698_10213770394610211_8431909763120687819_n.jpg
[2026-04-18T16:52:01.981Z] [WARN] #148 attempt 3/3 failed: HTTP 403
[2026-04-18T16:52:01.982Z] [✗] #148 FAILED: HTTP 403
[2026-04-18T16:52:01.989Z] [✓] #265 00265_514107568_10213770439851342_8894818360897089545_n.jpg
[2026-04-18T16:52:02.110Z] [✓] #269 00269_503954515_10213770153604186_3907128499575520237_n.jpg
[2026-04-18T16:52:02.113Z] [✓] #268 00268_514537759_10213770322568410_1648761182493550280_n.jpg
[2026-04-18T16:52:02.183Z] [✓] #270 00270_514091586_10213770120203351_1589128716237013077_n.jpg
[2026-04-18T16:52:02.216Z] [✓] #271 00271_514321242_10213770017160775_2326631259517623433_n.jpg
[2026-04-18T16:52:02.246Z] [✓] #267 00267_513486706_10213770399650337_6849760519757609427_n.jpg
[2026-04-18T16:52:02.336Z] [✓] #273 00273_514313870_10213770017080773_6689010083519276575_n.jpg
[2026-04-18T16:52:02.410Z] [✓] #274 00274_514254643_10213770015640737_6548426119395691083_n.jpg
[2026-04-18T16:52:02.438Z] [✓] #272 00272_513971955_10213770016560760_4519237356073209244_n.jpg
[2026-04-18T16:52:02.494Z] [✓] #275 00275_512952062_10213770005960495_1450119245704289489_n.jpg
[2026-04-18T16:52:02.572Z] [✓] #278 00278_513385962_10213769695312729_8970816417294646370_n.jpg
[2026-04-18T16:52:02.607Z] [✓] #276 00276_514255588_10213770002520409_4384765194151698471_n.jpg
[2026-04-18T16:52:02.612Z] [✓] #277 00277_513969229_10213770005680488_343587790010523694_n.jpg
[2026-04-18T16:52:02.680Z] [✓] #279 00279_513110998_10213769694592711_8867141329879774819_n.jpg
[2026-04-18T16:52:02.712Z] [✓] #280 00280_513104093_10213769696792766_4215955449141606717_n.jpg
[2026-04-18T16:52:02.714Z] [✓] #281 00281_513825568_10213769693912694_7396828772929209476_n.jpg
[2026-04-18T16:52:02.769Z] [✓] #282 00282_513443814_10213769693552685_2868789803415394001_n.jpg
[2026-04-18T16:52:02.783Z] [WARN] #285 attempt 1/3 failed: HTTP 403
[2026-04-18T16:52:02.835Z] [✓] #284 00284_513997371_10213769220700864_1067629211011300736_n.jpg
[2026-04-18T16:52:02.887Z] [✓] #283 00283_514294840_10213769695152725_3015769855013032187_n.jpg
[2026-04-18T16:52:02.955Z] [✓] #286 00286_513840513_10213769220460858_4980850069586730599_n.jpg
[2026-04-18T16:52:03.011Z] [✓] #287 00287_513826594_10213769220900869_2685120458961258505_n.jpg
[2026-04-18T16:52:03.075Z] [✓] #288 00288_513741864_10213769220300854_6628799474554711163_n.jpg
[2026-04-18T16:52:03.110Z] [✓] #289 00289_514326850_10213769019335830_2576474033421646652_n.jpg
[2026-04-18T16:52:03.164Z] [✓] #290 00290_514094341_10213768917213277_2324579889771503492_n.jpg
[2026-04-18T16:52:03.231Z] [✓] #291 00291_514234475_10213768914013197_1430447697521035544_n.jpg
[2026-04-18T16:52:03.234Z] [✓] #292 00292_513891453_10213768854131700_7536838553411299865_n.jpg
[2026-04-18T16:52:03.239Z] [WARN] #294 attempt 1/3 failed: HTTP 403
[2026-04-18T16:52:03.333Z] [✓] #293 00293_514095658_10213768616605762_8181262419588322586_n.jpg
[2026-04-18T16:52:03.338Z] [WARN] #295 attempt 1/3 failed: HTTP 403
[2026-04-18T16:52:03.643Z] [WARN] #260 attempt 2/3 failed: HTTP 403
[2026-04-18T16:52:04.796Z] [WARN] #285 attempt 2/3 failed: HTTP 403
[2026-04-18T16:52:05.254Z] [WARN] #294 attempt 2/3 failed: HTTP 403
[2026-04-18T16:52:05.350Z] [WARN] #295 attempt 2/3 failed: HTTP 403
[2026-04-18T16:52:05.360Z] [WARN] #218 attempt 3/3 failed: HTTP 403
[2026-04-18T16:52:05.360Z] [✗] #218 FAILED: HTTP 403
[2026-04-18T16:52:05.429Z] [✓] #296 00296_513863190_10213768616445758_5343531044491793311_n.jpg
[2026-04-18T16:52:05.469Z] [✓] #297 00297_514399944_10213768594205202_3643768744688023958_n.jpg
[2026-04-18T16:52:05.473Z] [WARN] #298 attempt 1/3 failed: HTTP 403
[2026-04-18T16:52:07.486Z] [WARN] #298 attempt 2/3 failed: HTTP 403
[2026-04-18T16:52:07.657Z] [WARN] #260 attempt 3/3 failed: HTTP 403
[2026-04-18T16:52:07.657Z] [✗] #260 FAILED: HTTP 403
[2026-04-18T16:52:07.701Z] [✓] #299 00299_513040044_10213768007310530_2098684561117639198_n.jpg
[2026-04-18T16:52:07.780Z] [✓] #300 00300_513627995_10213768003710440_2339288635782737256_n.jpg
[2026-04-18T16:52:08.003Z] [✓] #301 00301_514133643_10213768003510435_2994402446149511162_n.jpg
[2026-04-18T16:52:08.073Z] [✓] #302 00302_514241381_10213767967869544_5706928359857753060_n.jpg
[2026-04-18T16:52:08.133Z] [✓] #303 00303_514488177_10213767968469559_6623947495102437958_n.jpg
[2026-04-18T16:52:08.187Z] [✓] #304 00304_513825391_10213767968029548_3069833352845722656_n.jpg
[2026-04-18T16:52:08.211Z] [✓] #305 00305_513022278_10213766185264980_5062175419063324605_n.jpg
[2026-04-18T16:52:08.275Z] [✓] #306 00306_513301763_10213765500687866_6287984013292136308_n.jpg
[2026-04-18T16:52:08.338Z] [✓] #307 00307_511277344_10213765036236255_3826886932074000654_n.jpg
[2026-04-18T16:52:08.415Z] [✓] #308 00308_513753483_10213763772404660_1106648746544927597_n.jpg
[2026-04-18T16:52:08.455Z] [✓] #309 00309_514091316_10213763710043101_1163771680018464196_n.jpg
[2026-04-18T16:52:08.514Z] [✓] #310 00310_514123846_10213763709603090_4597905356369207258_n.jpg
[2026-04-18T16:52:08.518Z] [WARN] #311 attempt 1/3 failed: HTTP 403
[2026-04-18T16:52:08.802Z] [WARN] #285 attempt 3/3 failed: HTTP 403
[2026-04-18T16:52:08.802Z] [✗] #285 FAILED: HTTP 403
[2026-04-18T16:52:08.882Z] [✓] #312 00312_513791526_10213763672882172_6283657832525538555_n.jpg
[2026-04-18T16:52:08.918Z] [✓] #313 00313_514032411_10213763304392960_3948362419531872783_n.jpg
[2026-04-18T16:52:08.979Z] [✓] #314 00314_513946602_10213763229031076_7785323243219579074_n.jpg
[2026-04-18T16:52:09.036Z] [✓] #315 00315_513830003_10213763226111003_3348660705664020026_n.jpg
[2026-04-18T16:52:09.110Z] [✓] #316 00316_512739843_10213763225991000_5777831905244184452_n.jpg
[2026-04-18T16:52:09.384Z] [WARN] #294 attempt 3/3 failed: HTTP 403
[2026-04-18T16:52:09.384Z] [✗] #294 FAILED: HTTP 403
[2026-04-18T16:52:09.429Z] [✓] #318 00318_513917254_10213763190510113_7304209157270498503_n.jpg
[2026-04-18T16:52:09.529Z] [✓] #319 00319_513933940_10213763088787570_8345469153870511941_n.jpg
[2026-04-18T16:52:09.666Z] [✓] #320 00320_512652956_10213763091907648_2104016273564612207_n.jpg
[2026-04-18T16:52:09.744Z] [✓] #317 00317_514079693_10213763229191080_4312980549291007145_n.jpg
[2026-04-18T16:52:09.777Z] [✓] #321 00321_514069717_10213763091107628_4141604190374702359_n.jpg
[2026-04-18T16:52:09.824Z] [✓] #323 00323_512749100_10213762754099203_4935851673315624905_n.jpg
[2026-04-18T16:52:09.902Z] [✓] #322 00322_513924642_10213763089947599_1774089811646681007_n.jpg
[2026-04-18T16:52:09.970Z] [✓] #325 00325_513489828_10213762575654742_4005308041643499862_n.jpg
[2026-04-18T16:52:10.003Z] [✓] #324 00324_513689715_10213762572014651_7624936722195796622_n.jpg
[2026-04-18T16:52:10.065Z] [✓] #327 00327_513292171_10213762575214731_4791533319411010148_n.jpg
[2026-04-18T16:52:10.075Z] [✓] #326 00326_514069805_10213762574894723_5226757234971121083_n.jpg
[2026-04-18T16:52:10.211Z] [✓] #329 00329_514106820_10213762543653942_5623211879117909513_n.jpg
[2026-04-18T16:52:10.214Z] [✓] #328 00328_514518210_10213762540253857_2175893593936838267_n.jpg
[2026-04-18T16:52:10.321Z] [✓] #330 00330_513859318_10213762161404386_385674236899289415_n.jpg
[2026-04-18T16:52:10.382Z] [✓] #332 00332_514364986_10213761269982101_8032305371427006196_n.jpg
[2026-04-18T16:52:10.403Z] [✓] #331 00331_514191707_10213762161364385_603687705041635899_n.jpg
[2026-04-18T16:52:10.423Z] [WARN] #295 attempt 3/3 failed: HTTP 403
[2026-04-18T16:52:10.427Z] [✗] #295 FAILED: HTTP 403
[2026-04-18T16:52:10.537Z] [WARN] #311 attempt 2/3 failed: HTTP 403
[2026-04-18T16:52:10.561Z] [✓] #333 00333_513874015_10213761049496589_4126949271796946706_n.jpg
[2026-04-18T16:52:10.614Z] [✓] #335 00335_512832694_10213761047336535_5185951820775522552_n.jpg
[2026-04-18T16:52:10.665Z] [✓] #334 00334_514517399_10213761051456638_3421557337125077189_n.jpg
[2026-04-18T16:52:10.786Z] [✓] #336 00336_514096843_10213761050456613_7991183599649017828_n.jpg
[2026-04-18T16:52:10.911Z] [✓] #339 00339_511984862_10213760675047228_7863715069204360224_n.jpg
[2026-04-18T16:52:10.980Z] [✓] #337 00337_513075147_10213761051416637_8815778934649006781_n.jpg
[2026-04-18T16:52:10.995Z] [WARN] #341 attempt 1/3 failed: HTTP 403
[2026-04-18T16:52:11.018Z] [✓] #338 00338_476151883_10212790707118636_2557458160177677871_n.jpg
[2026-04-18T16:52:11.040Z] [✓] #340 00340_513349332_10213760675327235_3998586408499544955_n.jpg
[2026-04-18T16:52:11.158Z] [✓] #342 00342_513175408_10213760533843698_8853194663819922690_n.jpg
[2026-04-18T16:52:11.253Z] [✓] #343 00343_511984862_10213760529963601_4790496237913485018_n.jpg
[2026-04-18T16:52:11.256Z] [✓] #344 00344_513217753_10213760530323610_6936240462153242677_n.jpg
[2026-04-18T16:52:11.357Z] [✓] #346 00346_514184156_10213760508483064_8134823984762082048_n.jpg
[2026-04-18T16:52:11.359Z] [✓] #345 00345_513267531_10213760528803572_1932193037313042848_n.jpg
[2026-04-18T16:52:11.447Z] [✓] #347 00347_513459216_10213760507123030_8534625141611263712_n.jpg
[2026-04-18T16:52:11.456Z] [WARN] #349 attempt 1/3 failed: HTTP 403
[2026-04-18T16:52:11.466Z] [✓] #348 00348_514366616_10213760309598092_8153121165501856828_n.jpg
[2026-04-18T16:52:11.493Z] [WARN] #298 attempt 3/3 failed: HTTP 403
[2026-04-18T16:52:11.495Z] [✗] #298 FAILED: HTTP 403
[2026-04-18T16:52:11.612Z] [✓] #350 00350_511544684_10213759954189207_3341602111813484993_n.jpg
[2026-04-18T16:52:11.651Z] [✓] #351 00351_510651190_10213759958749321_2481431145867719869_n.jpg
[2026-04-18T16:52:11.825Z] [✓] #352 00352_506406404_10213759902467914_4431460536257245053_n.jpg
[2026-04-18T16:52:11.835Z] [✓] #353 00353_513095620_10213759389175082_1857053679164045662_n.jpg
[2026-04-18T16:52:11.952Z] [✓] #355 00355_513489385_10213759349174082_5575826534599518814_n.jpg
[2026-04-18T16:52:11.955Z] [✓] #354 00354_512794412_10213759390015103_5979187148606625082_n.jpg
[2026-04-18T16:52:11.960Z] [WARN] #357 attempt 1/3 failed: HTTP 403
[2026-04-18T16:52:12.058Z] [✓] #356 00356_513889275_10213759347534041_5971570384324067943_n.jpg
[2026-04-18T16:52:12.062Z] [WARN] #358 attempt 1/3 failed: HTTP 403
[2026-04-18T16:52:13.000Z] [WARN] #341 attempt 2/3 failed: HTTP 403
[2026-04-18T16:52:13.470Z] [WARN] #349 attempt 2/3 failed: HTTP 403
[2026-04-18T16:52:13.974Z] [WARN] #357 attempt 2/3 failed: HTTP 403
[2026-04-18T16:52:14.075Z] [WARN] #358 attempt 2/3 failed: HTTP 403
[2026-04-18T16:52:14.549Z] [WARN] #311 attempt 3/3 failed: HTTP 403
[2026-04-18T16:52:14.550Z] [✗] #311 FAILED: HTTP 403
[2026-04-18T16:52:14.640Z] [✓] #359 00359_513484990_10213758944923976_405449527766806932_n.jpg
[2026-04-18T16:52:14.660Z] [✓] #360 00360_513864592_10213758196105256_8598182113450709484_n.jpg
[2026-04-18T16:52:14.687Z] [✓] #361 00361_514034089_10213758196705271_6907966845637772695_n.jpg
[2026-04-18T16:52:14.732Z] [✓] #362 00362_513871673_10213758179984853_7786646994630386558_n.jpg
[2026-04-18T16:52:14.790Z] [✓] #363 00363_513240733_10213758180024854_3489550064280716530_n.jpg
[2026-04-18T16:52:14.817Z] [✓] #364 00364_513809634_10213757693652695_890253833765866398_n.jpg
[2026-04-18T16:52:14.845Z] [✓] #365 00365_512699904_10213757694572718_6117091306638059878_n.jpg
[2026-04-18T16:52:14.879Z] [✓] #366 00366_513360043_10213757695492741_2159950313110802624_n.jpg
[2026-04-18T16:52:14.900Z] [✓] #367 00367_512655712_10213757550649120_2162190205391961175_n.jpg
[2026-04-18T16:52:14.937Z] [✓] #368 00368_513483286_10213757549209084_8012010823575946526_n.jpg
[2026-04-18T16:52:14.955Z] [✓] #369 00369_513599668_10213757501967903_378171323804825078_n.jpg
[2026-04-18T16:52:14.996Z] [✓] #370 00370_513878144_10213757298482816_553737370731314057_n.jpg
[2026-04-18T16:52:15.031Z] [✓] #371 00371_512696297_10213757202240410_1148819734956440717_n.jpg
[2026-04-18T16:52:15.054Z] [✓] #372 00372_513933720_10213757024155958_1235881315033981482_n.jpg
[2026-04-18T16:52:15.073Z] [✓] #373 00373_513935222_10213757024355963_6352704497115979412_n.jpg
[2026-04-18T16:52:15.091Z] [✓] #374 00374_513663113_10213757024235960_3459812327770693475_n.jpg
[2026-04-18T16:52:15.111Z] [✓] #375 00375_513087957_10213757000715372_6318691437587196053_n.jpg
[2026-04-18T16:52:15.144Z] [✓] #376 00376_513495703_10213756991515142_8744426183723910773_n.jpg
[2026-04-18T16:52:15.193Z] [✓] #377 00377_513481458_10213756987515042_4263520209106500993_n.jpg
[2026-04-18T16:52:15.254Z] [✓] #378 00378_512701860_10213756986835025_7783334809901701944_n.jpg
[2026-04-18T16:52:15.276Z] [✓] #379 00379_513043287_10213756862511917_3200995264282018750_n.jpg
[2026-04-18T16:52:15.309Z] [✓] #380 00380_514098253_10213756863471941_6848469092476010739_n.jpg
[2026-04-18T16:52:15.315Z] [WARN] #381 attempt 1/3 failed: HTTP 403
[2026-04-18T16:52:17.004Z] [WARN] #341 attempt 3/3 failed: HTTP 403
[2026-04-18T16:52:17.005Z] [✗] #341 FAILED: HTTP 403
[2026-04-18T16:52:17.032Z] [✓] #382 00382_514332864_10213756156974279_552170479460486816_n.jpg
[2026-04-18T16:52:17.068Z] [✓] #383 00383_512992444_10213756158414315_3978427630473913773_n.jpg
[2026-04-18T16:52:17.092Z] [✓] #384 00384_512741027_10213756157254286_1342373212816896297_n.jpg
[2026-04-18T16:52:17.123Z] [✓] #385 00385_513827138_10213754590935129_57745237726109854_n.jpg
[2026-04-18T16:52:17.158Z] [✓] #386 00386_512738592_10213754460651872_3236713754958916677_n.jpg
[2026-04-18T16:52:17.162Z] [WARN] #387 attempt 1/3 failed: HTTP 403
[2026-04-18T16:52:17.319Z] [WARN] #381 attempt 2/3 failed: HTTP 403
[2026-04-18T16:52:17.484Z] [WARN] #349 attempt 3/3 failed: HTTP 403
[2026-04-18T16:52:17.485Z] [✗] #349 FAILED: HTTP 403
[2026-04-18T16:52:17.551Z] [✓] #388 00388_513497214_10213752999135335_6068324713684688522_n.jpg
[2026-04-18T16:52:17.602Z] [✓] #389 00389_511312693_10213752998575321_8906392866279729593_n.jpg
[2026-04-18T16:52:17.665Z] [✓] #390 00390_513827674_10213734605515506_1267061980758585562_n.jpg
[2026-04-18T16:52:17.714Z] [✓] #391 00391_511023667_10213707638241341_2564333880496474785_n.jpg
[2026-04-18T16:52:17.728Z] [WARN] #392 attempt 1/3 failed: HTTP 403
[2026-04-18T16:52:17.979Z] [WARN] #357 attempt 3/3 failed: HTTP 403
[2026-04-18T16:52:17.980Z] [✗] #357 FAILED: HTTP 403
[2026-04-18T16:52:18.023Z] [✓] #393 00393_509993633_10213707638201340_4281981798072204306_n.jpg
[2026-04-18T16:52:18.065Z] [✓] #394 00394_508998088_10213628510423195_274334610163297563_n.jpg
[2026-04-18T16:52:18.092Z] [WARN] #358 attempt 3/3 failed: HTTP 403
[2026-04-18T16:52:18.092Z] [✗] #358 FAILED: HTTP 403
[2026-04-18T16:52:18.098Z] [✓] #395 00395_508010523_10213619447396625_7800672485560022722_n.jpg
[2026-04-18T16:52:18.170Z] [✓] #397 00397_508126306_10213617099657933_7929799638395667954_n.jpg
[2026-04-18T16:52:18.171Z] [✓] #396 00396_508155046_10213617103098019_5175043806347870450_n.jpg
[2026-04-18T16:52:18.198Z] [✓] #398 00398_504618094_10213543483017563_7797509061614418778_n.jpg
[2026-04-18T16:52:18.251Z] [✓] #399 00399_504736844_10213505112778331_1816256950719536832_n.jpg
[2026-04-18T16:52:18.259Z] [✓] #400 00400_504058233_10213486070142277_456419591142106335_n.jpg
[2026-04-18T16:52:18.350Z] [✓] #401 00401_503928258_10213486070862295_2630083240447630535_n.jpg
[2026-04-18T16:52:18.355Z] [✓] #402 00402_503492961_10213486068262230_3779830373053356336_n.jpg
[2026-04-18T16:52:18.408Z] [✓] #403 00403_502490733_10213469718093486_4119843505584426308_n.jpg
[2026-04-18T16:52:18.419Z] [✓] #404 00404_501598496_10213469718013484_3879997535985365585_n.jpg
[2026-04-18T16:52:18.468Z] [✓] #405 00405_503419545_10213469715013409_2358471378309498416_n.jpg
[2026-04-18T16:52:18.511Z] [✓] #406 00406_502551539_10213469718653500_4710997160761277336_n.jpg
[2026-04-18T16:52:18.526Z] [✓] #407 00407_503244387_10213469714293391_8654401197284113593_n.jpg
[2026-04-18T16:52:18.558Z] [✓] #408 00408_503276098_10213469719213514_1708877427648628330_n.jpg
[2026-04-18T16:52:18.626Z] [✓] #410 00410_502496921_10213467255951934_6432007048473175799_n.jpg
[2026-04-18T16:52:18.631Z] [✓] #409 00409_503289585_10213469715173413_2591179283819282957_n.jpg
[2026-04-18T16:52:18.690Z] [✓] #412 00412_502585337_10213467255671927_8051349004700658668_n.jpg
[2026-04-18T16:52:18.696Z] [✓] #411 00411_502719471_10213467255991935_158861554590596875_n.jpg
[2026-04-18T16:52:18.728Z] [✓] #414 00414_502584233_10213450364009646_8797130498914435268_n.jpg
[2026-04-18T16:52:18.732Z] [✓] #413 00413_502471711_10213453584930167_4946338869013379046_n.jpg
[2026-04-18T16:52:18.768Z] [✓] #416 00416_500740508_10213433250581821_7114760936913164714_n.jpg
[2026-04-18T16:52:18.777Z] [WARN] #417 attempt 1/3 failed: HTTP 403
[2026-04-18T16:52:18.779Z] [✓] #415 00415_500742574_10213433255061933_3883563029624137575_n.jpg
[2026-04-18T16:52:18.783Z] [WARN] #418 attempt 1/3 failed: HTTP 403
[2026-04-18T16:52:19.168Z] [WARN] #387 attempt 2/3 failed: HTTP 403
[2026-04-18T16:52:19.740Z] [WARN] #392 attempt 2/3 failed: HTTP 403
[2026-04-18T16:52:20.789Z] [WARN] #417 attempt 2/3 failed: HTTP 403
[2026-04-18T16:52:20.794Z] [WARN] #418 attempt 2/3 failed: HTTP 403
[2026-04-18T16:52:21.325Z] [WARN] #381 attempt 3/3 failed: HTTP 403
[2026-04-18T16:52:21.325Z] [✗] #381 FAILED: HTTP 403
[2026-04-18T16:52:21.329Z] [WARN] #419 attempt 1/3 failed: HTTP 403
[2026-04-18T16:52:23.179Z] [WARN] #387 attempt 3/3 failed: HTTP 403
[2026-04-18T16:52:23.182Z] [✗] #387 FAILED: HTTP 403
[2026-04-18T16:52:23.233Z] [✓] #420 00420_499204565_10213377398545555_7297696076887328134_n.jpg
[2026-04-18T16:52:23.256Z] [✓] #421 00421_496776817_10213351373694950_9087677863012654544_n.jpg
[2026-04-18T16:52:23.328Z] [✓] #422 00422_496942991_10213350375670000_1119748871443154107_n.jpg
[2026-04-18T16:52:23.335Z] [WARN] #419 attempt 2/3 failed: HTTP 403
[2026-04-18T16:52:23.372Z] [✓] #423 00423_497500379_10213346125043737_549017393963741260_n.jpg
[2026-04-18T16:52:23.394Z] [✓] #424 00424_496928564_10213344192395422_7947024294624264171_n.jpg
[2026-04-18T16:52:23.449Z] [✓] #425 00425_495956135_10213334684717736_7761047009866725006_n.jpg
[2026-04-18T16:52:23.516Z] [✓] #426 00426_496395786_10213330851221901_1700592597020003868_n.jpg
[2026-04-18T16:52:23.561Z] [✓] #427 00427_495949573_10213329428186326_2891455958003421276_n.jpg
[2026-04-18T16:52:23.600Z] [✓] #428 00428_495743367_10213329428506334_6588624516383750948_n.jpg
[2026-04-18T16:52:23.633Z] [✓] #429 00429_497538242_10213328836411532_4797261975697790408_n.jpg
[2026-04-18T16:52:23.662Z] [✓] #430 00430_496624005_10213328835011497_3420108561995454612_n.jpg
[2026-04-18T16:52:23.689Z] [✓] #431 00431_495514422_10213320257797072_9037552920598435975_n.jpg
[2026-04-18T16:52:23.804Z] [✓] #432 00432_493730449_10213273119498644_8410091277402472305_n.jpg
[2026-04-18T16:52:23.809Z] [WARN] #392 attempt 3/3 failed: HTTP 403
[2026-04-18T16:52:23.809Z] [✗] #392 FAILED: HTTP 403
[2026-04-18T16:52:23.856Z] [✓] #433 00433_494686154_10213273058577121_4789224322175873898_n.jpg
[2026-04-18T16:52:23.890Z] [✓] #434 00434_494414379_10213272852731975_2131071120116337371_n.jpg
[2026-04-18T16:52:23.956Z] [✓] #436 00436_494724292_10213270955964557_7348376879209089873_n.jpg
[2026-04-18T16:52:23.966Z] [✓] #435 00435_494371061_10213271010605923_881414657636740476_n.jpg
[2026-04-18T16:52:23.988Z] [✓] #437 00437_494381701_10213270490752927_4883103290117971268_n.jpg
[2026-04-18T16:52:24.049Z] [✓] #438 00438_493600374_10213270397830604_2316838045999158618_n.jpg
[2026-04-18T16:52:24.086Z] [✓] #439 00439_494527566_10213270396830579_7854256043567320890_n.jpg
[2026-04-18T16:52:24.098Z] [✓] #440 00440_494525203_10213270399550647_5151621659139155684_n.jpg
[2026-04-18T16:52:24.138Z] [✓] #441 00441_494367618_10213260360579679_5946213032261416621_n.jpg
[2026-04-18T16:52:24.161Z] [✓] #442 00442_494175878_10213260350259421_6145999157382414603_n.jpg
[2026-04-18T16:52:24.212Z] [✓] #444 00444_493943406_10213259537559104_6296285255866498346_n.jpg
[2026-04-18T16:52:24.217Z] [✓] #443 00443_494181573_10213260347059341_2313748761884305851_n.jpg
[2026-04-18T16:52:24.271Z] [✓] #446 00446_493940027_10213252592185474_6267999463462092990_n.jpg
[2026-04-18T16:52:24.334Z] [✓] #445 00445_493855445_10213256674127520_2512572469277265944_n.jpg
[2026-04-18T16:52:24.337Z] [✓] #447 00447_494006992_10213252592345478_2567654926182541892_n.jpg
[2026-04-18T16:52:24.387Z] [✓] #448 00448_493939991_10213252592665486_3577968188310155489_n.jpg
[2026-04-18T16:52:24.429Z] [✓] #449 00449_493850084_10213252592425480_5561600269284646840_n.jpg
[2026-04-18T16:52:24.438Z] [✓] #450 00450_493926427_10213250457572110_6437511019099349571_n.jpg
[2026-04-18T16:52:24.506Z] [✓] #451 00451_494090632_10213250458812141_5637390050403741661_n.jpg
[2026-04-18T16:52:24.522Z] [✓] #453 00453_493950208_10213250428971395_1942845070123527922_n.jpg
[2026-04-18T16:52:24.552Z] [✓] #452 00452_493862522_10213250458012121_7977265136268369766_n.jpg
[2026-04-18T16:52:24.582Z] [✓] #454 00454_492899456_10213249577630112_6426226350666415585_n.jpg
[2026-04-18T16:52:24.638Z] [✓] #455 00455_494147540_10213243824966299_8887553751562759337_n.jpg
[2026-04-18T16:52:24.667Z] [✓] #456 00456_493266862_10213237940339187_3367038705449320835_n.jpg
[2026-04-18T16:52:24.730Z] [✓] #457 00457_493465529_10213237189760423_2478304091719314219_n.jpg
[2026-04-18T16:52:24.746Z] [✓] #458 00458_494178303_10213237190640445_4361978847167569466_n.jpg
[2026-04-18T16:52:24.807Z] [WARN] #417 attempt 3/3 failed: HTTP 403
[2026-04-18T16:52:24.808Z] [✗] #417 FAILED: HTTP 403
[2026-04-18T16:52:24.811Z] [WARN] #418 attempt 3/3 failed: HTTP 403
[2026-04-18T16:52:24.812Z] [✗] #418 FAILED: HTTP 403
[2026-04-18T16:52:24.824Z] [✓] #459 00459_494013663_10213236917153608_3603399151184512239_n.jpg
[2026-04-18T16:52:24.886Z] [✓] #460 00460_492537366_10213236920793699_2141952876637147368_n.jpg
[2026-04-18T16:52:24.980Z] [✓] #461 00461_493965991_10213236921353713_5000145313487511157_n.jpg
[2026-04-18T16:52:25.002Z] [✓] #464 00464_493904075_10213236532623995_3025430259980067487_n.jpg
[2026-04-18T16:52:25.004Z] [✓] #463 00463_492498867_10213236906393339_1824518317182908474_n.jpg
[2026-04-18T16:52:25.034Z] [✓] #462 00462_493503885_10213236921393714_8938051486659669880_n.jpg
[2026-04-18T16:52:25.052Z] [✓] #466 00466_492486158_10213236175415065_167576528352966093_n.jpg
[2026-04-18T16:52:25.147Z] [✓] #467 00467_492452269_10213236065412315_584131401069096275_n.jpg
[2026-04-18T16:52:25.169Z] [✓] #469 00469_492551585_10213233176380091_3014589645113468655_n.jpg
[2026-04-18T16:52:25.192Z] [✓] #465 00465_493698936_10213236175615070_3710120428984305737_n.jpg
[2026-04-18T16:52:25.254Z] [✓] #468 00468_493714952_10213235967529868_5461329071169251149_n.jpg
[2026-04-18T16:52:25.279Z] [✓] #471 00471_491291731_10213233129138910_6385715678802939219_n.jpg
[2026-04-18T16:52:25.350Z] [✓] #474 00474_492330731_10213232818531145_75937037271237229_n.jpg
[2026-04-18T16:52:25.369Z] [✓] #470 00470_491957670_10213233176020082_564001046791080158_n.jpg
[2026-04-18T16:52:25.494Z] [✓] #473 00473_492499672_10213233034016532_9143765610126065238_n.jpg
[2026-04-18T16:52:25.496Z] [✓] #475 00475_492504068_10213232596365591_729708742892485999_n.jpg
[2026-04-18T16:52:25.498Z] [✓] #476 00476_492469773_10213232596445593_7362064833713351595_n.jpg
[2026-04-18T16:52:25.498Z] [✓] #472 00472_492521801_10213233129218912_4671171443717609571_n.jpg
[2026-04-18T16:52:25.555Z] [✓] #479 00479_492362826_10213231728743901_3227057679381263638_n.jpg
[2026-04-18T16:52:25.563Z] [✓] #478 00478_492394750_10213232601165711_6135164286773285086_n.jpg
[2026-04-18T16:52:25.598Z] [✓] #481 00481_492551242_10213230565434819_6053890048551814655_n.jpg
[2026-04-18T16:52:25.650Z] [✓] #482 00482_493747882_10213229739334167_3053814281442303150_n.jpg
[2026-04-18T16:52:25.695Z] [✓] #480 00480_492992797_10213231729063909_5385864707878106491_n.jpg
[2026-04-18T16:52:25.749Z] [✓] #484 00484_492500458_10213225129458923_3177690049372510190_n.jpg
[2026-04-18T16:52:25.789Z] [✓] #485 00485_493332236_10213225129538925_643223441247420123_n.jpg
[2026-04-18T16:52:25.814Z] [✓] #483 00483_493003240_10213226574015036_3620391995995385836_n.jpg
[2026-04-18T16:52:25.919Z] [✓] #486 00486_492218781_10213221490727957_5815007643084463173_n.jpg
[2026-04-18T16:52:25.966Z] [✓] #477 00477_492391520_10213232596325590_3333405585073630203_n.jpg
[2026-04-18T16:52:25.967Z] [✓] #487 00487_492385962_10213221425766333_1816840449723289220_n.jpg
[2026-04-18T16:52:26.033Z] [✓] #491 00491_492047342_10213221287122867_2658584914968826280_n.jpg
[2026-04-18T16:52:26.079Z] [✓] #492 00492_492135430_10213221282082741_7371638359652965455_n.jpg
[2026-04-18T16:52:26.095Z] [✓] #490 00490_492191567_10213221284322797_7384615155988504682_n.jpg
[2026-04-18T16:52:26.103Z] [✓] #488 00488_492157660_10213221422206244_2140446213561489209_n.jpg
[2026-04-18T16:52:26.111Z] [✓] #489 00489_492179242_10213221425086316_6826951563100565308_n.jpg
[2026-04-18T16:52:26.138Z] [✓] #493 00493_492125783_10213221286402849_9169497537591572654_n.jpg
[2026-04-18T16:52:26.167Z] [✓] #494 00494_492094775_10213221286082841_649784666861249629_n.jpg
[2026-04-18T16:52:26.197Z] [✓] #497 00497_492340289_10213221284042790_6275764425583686126_n.jpg
[2026-04-18T16:52:26.214Z] [✓] #495 00495_492484372_10213221284842810_9161846069760883079_n.jpg
[2026-04-18T16:52:26.220Z] [✓] #496 00496_492494411_10213221284562803_2878976434785601044_n.jpg
[2026-04-18T16:52:26.371Z] [✓] #498 00498_491918826_10213218836941614_869313017927056018_n.jpg
[2026-04-18T16:52:26.431Z] [✓] #500 00500_493309302_10213217703073268_8252646782725581493_n.jpg
[2026-04-18T16:52:26.492Z] [✓] #499 00499_493320108_10213217701233222_8716993181654473412_n.jpg
[2026-04-18T16:52:26.503Z] [WARN] #504 attempt 1/3 failed: HTTP 403
[2026-04-18T16:52:26.523Z] [✓] #503 00503_492370930_10213216898773161_1225532278803742814_n.jpg
[2026-04-18T16:52:26.524Z] [✓] #501 00501_493321028_10213217706713359_7761385507029250252_n.jpg
[2026-04-18T16:52:26.588Z] [✓] #505 00505_492534974_10213216162674759_5260962692756894671_n.jpg
[2026-04-18T16:52:26.622Z] [✓] #506 00506_491971645_10213216162314750_4857823441314900262_n.jpg
[2026-04-18T16:52:26.805Z] [✓] #507 00507_491843757_10213214536754112_4585750031343202673_n.jpg
[2026-04-18T16:52:26.860Z] [✓] #508 00508_492007751_10213214537114121_5817586056024583013_n.jpg
[2026-04-18T16:52:26.908Z] [✓] #509 00509_492005225_10213214536594108_3887677879694131259_n.jpg
[2026-04-18T16:52:26.921Z] [✓] #502 00502_492740451_10213217566869863_8673613775531800327_n.jpg
[2026-04-18T16:52:26.935Z] [✓] #510 00510_492474512_10213214436071595_4936715765587176545_n.jpg
[2026-04-18T16:52:26.970Z] [✓] #512 00512_492065658_10213214434671560_6202452831685348250_n.jpg
[2026-04-18T16:52:27.008Z] [✓] #511 00511_492210022_10213214436111596_7852567694976057531_n.jpg
[2026-04-18T16:52:27.054Z] [✓] #513 00513_492138619_10213214436031594_8405395190986922061_n.jpg
[2026-04-18T16:52:27.056Z] [✓] #514 00514_492046233_10213214322708761_6538300916448226175_n.jpg
[2026-04-18T16:52:27.141Z] [✓] #516 00516_491736917_10213186609575950_3404623717253975912_n.jpg
[2026-04-18T16:52:27.192Z] [✓] #518 00518_491350294_10213185862117264_6752546105993644901_n.jpg
[2026-04-18T16:52:27.201Z] [✓] #517 00517_492220071_10213185889277943_1889583249217117042_n.jpg
[2026-04-18T16:52:27.202Z] [✓] #515 00515_491644280_10213214317988643_3519244634610496156_n.jpg
[2026-04-18T16:52:27.213Z] [✓] #519 00519_491777042_10213185861477248_8608873520516277120_n.jpg
[2026-04-18T16:52:27.280Z] [✓] #521 00521_491813478_10213183534179067_5323935069067686008_n.jpg
[2026-04-18T16:52:27.303Z] [✓] #520 00520_491398819_10213185751874508_620103455331126645_n.jpg
[2026-04-18T16:52:27.341Z] [✓] #522 00522_490878281_10213183385335346_1712734242377798165_n.jpg
[2026-04-18T16:52:27.349Z] [WARN] #419 attempt 3/3 failed: HTTP 403
[2026-04-18T16:52:27.349Z] [✗] #419 FAILED: HTTP 403
[2026-04-18T16:52:27.366Z] [✓] #524 00524_491834347_10213183388015413_8099706398781035647_n.jpg
[2026-04-18T16:52:27.383Z] [✓] #523 00523_490750366_10213183388215418_4162423335648320533_n.jpg
[2026-04-18T16:52:27.456Z] [✓] #526 00526_491804767_10213183388735431_5130479094757692731_n.jpg
[2026-04-18T16:52:27.518Z] [✓] #527 00527_490733922_10213179503678307_951540159557610925_n.jpg
[2026-04-18T16:52:27.558Z] [✓] #528 00528_491953240_10213179496038116_5486812215714455853_n.jpg
[2026-04-18T16:52:27.565Z] [✓] #530 00530_492002692_10213178389370450_2931136595930646994_n.jpg
[2026-04-18T16:52:27.621Z] [✓] #529 00529_490897661_10213178425971365_5998164549942058082_n.jpg
[2026-04-18T16:52:27.648Z] [✓] #532 00532_491901784_10213177142699284_3136176638820978581_n.jpg
[2026-04-18T16:52:27.658Z] [✓] #531 00531_491909904_10213177156139620_1681957163423860962_n.jpg
[2026-04-18T16:52:27.739Z] [✓] #535 00535_491925595_10213173214401079_6112588589492817996_n.jpg
[2026-04-18T16:52:27.746Z] [✓] #525 00525_490955653_10213183386495375_5364658064909056210_n.jpg
[2026-04-18T16:52:27.807Z] [✓] #537 00537_490810806_10213172389420455_122569037953783134_n.jpg
[2026-04-18T16:52:27.827Z] [✓] #534 00534_490563728_10213173362804789_4678791930585760829_n.jpg
[2026-04-18T16:52:27.875Z] [✓] #538 00538_491587762_10213171525518858_2663957237538419231_n.jpg
[2026-04-18T16:52:27.901Z] [✓] #533 00533_490503884_10213177142419277_1408501249657533923_n.jpg
[2026-04-18T16:52:27.941Z] [✓] #540 00540_490494657_10213167354374582_7891768357446407080_n.jpg
[2026-04-18T16:52:27.949Z] [✓] #536 00536_490978047_10213172441341753_7675186145318382709_n.jpg
[2026-04-18T16:52:28.032Z] [✓] #539 00539_490654378_10213167452417033_7482788703715939072_n.jpg
[2026-04-18T16:52:28.158Z] [✓] #544 00544_490536982_10213158303028304_3791199835378839116_n.jpg
[2026-04-18T16:52:28.168Z] [✓] #543 00543_490385939_10213158305628369_8692964377834050894_n.jpg
[2026-04-18T16:52:28.188Z] [✓] #541 00541_490704708_10213166163984823_4951396239816759719_n.jpg
[2026-04-18T16:52:28.214Z] [✓] #542 00542_490782227_10213164327098902_4841813255039030209_n.jpg
[2026-04-18T16:52:28.231Z] [✓] #547 00547_490726992_10213154770259987_8591685500231595103_n.jpg
[2026-04-18T16:52:28.242Z] [✓] #545 00545_490985011_10213157816776148_5571208639238764915_n.jpg
[2026-04-18T16:52:28.306Z] [✓] #546 00546_490246449_10213156801790774_6607358669532240393_n.jpg
[2026-04-18T16:52:28.312Z] [✓] #550 00550_490465554_10213151336614148_7927945136496034384_n.jpg
[2026-04-18T16:52:28.393Z] [✓] #548 00548_490343057_10213154770940004_878323665570594913_n.jpg
[2026-04-18T16:52:28.396Z] [✓] #549 00549_489956013_10213151511498520_1594254761832107495_n.jpg
[2026-04-18T16:52:28.421Z] [✓] #551 00551_489958285_10213151332814053_5310084028893070704_n.jpg
[2026-04-18T16:52:28.431Z] [✓] #553 00553_490257006_10213150512193538_1464691785821166456_n.jpg
[2026-04-18T16:52:28.486Z] [✓] #554 00554_490716371_10213150506953407_6211087912799357314_n.jpg
[2026-04-18T16:52:28.508Z] [✓] #552 00552_490823763_10213151275612623_3477913644337589520_n.jpg
[2026-04-18T16:52:28.516Z] [WARN] #504 attempt 2/3 failed: HTTP 403
[2026-04-18T16:52:28.518Z] [✓] #555 00555_490381409_10213150313428569_4380144475169438006_n.jpg
[2026-04-18T16:52:28.615Z] [✓] #558 00558_490569661_10213146164444847_2324500240558657789_n.jpg
[2026-04-18T16:52:28.625Z] [✓] #559 00559_489869536_10213146162324794_3861606900522606414_n.jpg
[2026-04-18T16:52:28.649Z] [✓] #556 00556_490324352_10213147328953959_4052500709804059633_n.jpg
[2026-04-18T16:52:28.757Z] [✓] #562 00562_490179698_10213145018656203_4202625261819563970_n.jpg
[2026-04-18T16:52:28.780Z] [✓] #560 00560_490350020_10213146164764855_7574849689493837663_n.jpg
[2026-04-18T16:52:28.789Z] [✓] #557 00557_490134830_10213146163244817_1618057492706589359_n.jpg
[2026-04-18T16:52:28.836Z] [✓] #565 00565_490216961_10213144927413922_6148058832519196332_n.jpg
[2026-04-18T16:52:28.847Z] [✓] #561 00561_489820214_10213145315063613_4614695966582344170_n.jpg
[2026-04-18T16:52:28.861Z] [✓] #564 00564_490334250_10213144926413897_8872202304153183614_n.jpg
[2026-04-18T16:52:28.902Z] [✓] #568 00568_490328403_10213144931254018_3318311485080173871_n.jpg
[2026-04-18T16:52:28.910Z] [✓] #566 00566_490589193_10213144926493899_3542065002565160854_n.jpg
[2026-04-18T16:52:28.925Z] [✓] #567 00567_490417011_10213144930493999_3683441323561650262_n.jpg
[2026-04-18T16:52:28.969Z] [✓] #571 00571_490653696_10213144926373896_4392209746052639196_n.jpg
[2026-04-18T16:52:29.006Z] [✓] #570 00570_490665887_10213144931414022_5118175472484589993_n.jpg
[2026-04-18T16:52:29.011Z] [✓] #569 00569_490376833_10213144927493924_5971166460341251296_n.jpg
[2026-04-18T16:52:29.014Z] [✓] #563 00563_490337578_10213145018456198_7181388096574447797_n.jpg
[2026-04-18T16:52:29.034Z] [✓] #572 00572_490778742_10213144929773981_6983517529421011224_n.jpg
[2026-04-18T16:52:29.065Z] [✓] #573 00573_490472706_10213144928573951_1861124878843092297_n.jpg
[2026-04-18T16:52:29.074Z] [✓] #575 00575_490181774_10213144930333995_9163434687011157755_n.jpg
[2026-04-18T16:52:29.080Z] [✓] #574 00574_490645605_10213144929493974_882701002355029174_n.jpg
[2026-04-18T16:52:29.090Z] [✓] #576 00576_490442739_10213144930253993_184648928624954794_n.jpg
[2026-04-18T16:52:29.096Z] [✓] #577 00577_490404725_10213144926453898_5133619039339334318_n.jpg
[2026-04-18T16:52:29.130Z] [✓] #581 00581_490547519_10213144929373971_3854554931894416680_n.jpg
[2026-04-18T16:52:29.163Z] [✓] #578 00578_490296832_10213144930173991_8717134420177308967_n.jpg
[2026-04-18T16:52:29.164Z] [✓] #580 00580_490678047_10213144929213967_1458648167428766436_n.jpg
[2026-04-18T16:52:29.168Z] [✓] #579 00579_490683141_10213144930854008_6597628888087517735_n.jpg
[2026-04-18T16:52:29.197Z] [✓] #583 00583_490194504_10213144929853983_7849794141845732200_n.jpg
[2026-04-18T16:52:29.202Z] [✓] #582 00582_490296832_10213144926693904_2010763445819272595_n.jpg
[2026-04-18T16:52:29.259Z] [✓] #585 00585_490040302_10213141440286746_8851709961717047943_n.jpg
[2026-04-18T16:52:29.287Z] [✓] #584 00584_490039452_10213143670422498_8350821022777207314_n.jpg
[2026-04-18T16:52:29.297Z] [✓] #588 00588_489560860_10213138170084993_982418990741806719_n.jpg
[2026-04-18T16:52:29.299Z] [✓] #587 00587_489726348_10213138972625056_7253406422900070304_n.jpg
[2026-04-18T16:52:29.361Z] [✓] #586 00586_490128607_10213139931169019_3485397543128003564_n.jpg
[2026-04-18T16:52:29.370Z] [✓] #590 00590_489673548_10213136516123645_5314788225839506719_n.jpg
[2026-04-18T16:52:29.523Z] [✓] #593 00593_489885627_10213133807175923_6636024461803109420_n.jpg
[2026-04-18T16:52:29.532Z] [✓] #591 00591_490141824_10213133824496356_8538640777613898486_n.jpg
[2026-04-18T16:52:29.547Z] [✓] #589 00589_489908416_10213138053122069_5650736571369861478_n.jpg
[2026-04-18T16:52:29.585Z] [✓] #592 00592_489746679_10213133822376303_6254255098131958760_n.jpg
[2026-04-18T16:52:29.592Z] [✓] #594 00594_489437300_10213133717293676_8310079210605369541_n.jpg
[2026-04-18T16:52:29.595Z] [✓] #596 00596_489785075_10213132644946868_7046538068701357127_n.jpg
[2026-04-18T16:52:29.642Z] [✓] #597 00597_490020201_10213132643866841_3113281110755880233_n.jpg
[2026-04-18T16:52:29.644Z] [✓] #598 00598_489444591_10213132644906867_7990794029981743494_n.jpg
[2026-04-18T16:52:29.653Z] [✓] #599 00599_490175204_10213132645026870_5962517881255125956_n.jpg
[2026-04-18T16:52:29.669Z] [✓] #595 00595_489647128_10213133631771538_6285844788287393166_n.jpg
[2026-04-18T16:52:29.731Z] [✓] #601 00601_489456539_10213132587945443_8830544103523008355_n.jpg
[2026-04-18T16:52:29.801Z] [✓] #604 00604_490077422_10213132426141398_6554310510493099296_n.jpg
[2026-04-18T16:52:29.820Z] [✓] #603 00603_489415734_10213132522703812_3604655779340274254_n.jpg
[2026-04-18T16:52:29.845Z] [✓] #600 00600_489399451_10213132587785439_6670932987747017301_n.jpg
[2026-04-18T16:52:29.849Z] [✓] #602 00602_489070240_10213132587905442_4986625771783304485_n.jpg
[2026-04-18T16:52:29.851Z] [✓] #605 00605_489578727_10213131891008020_7847389177791948814_n.jpg
[2026-04-18T16:52:29.889Z] [✓] #609 00609_490103489_10213126810561012_638689218213760162_n.jpg
[2026-04-18T16:52:29.914Z] [✓] #610 00610_489357039_10213126810641014_1899786321302926050_n.jpg
[2026-04-18T16:52:29.931Z] [✓] #606 00606_489823137_10213130607415931_3731781143476393774_n.jpg
[2026-04-18T16:52:29.946Z] [✓] #608 00608_489751346_10213127076527661_9191651453966839292_n.jpg
[2026-04-18T16:52:29.949Z] [✓] #611 00611_490241188_10213126810401008_7569803864100753884_n.jpg
[2026-04-18T16:52:29.953Z] [✓] #607 00607_489024777_10213127072927571_7985789052080172676_n.jpg
[2026-04-18T16:52:30.029Z] [✓] #612 00612_489329781_10213125772535062_174368277545103339_n.jpg
[2026-04-18T16:52:30.054Z] [✓] #615 00615_489537843_10213116095173134_8872219987376230244_n.jpg
[2026-04-18T16:52:30.069Z] [✓] #613 00613_489772495_10213125146199404_3323981055659682702_n.jpg
[2026-04-18T16:52:30.149Z] [✓] #616 00616_489450765_10213113465467393_6240937551233312677_n.jpg
[2026-04-18T16:52:30.178Z] [✓] #619 00619_488420178_10213110413511096_2281654081541953912_n.jpg
[2026-04-18T16:52:30.188Z] [✓] #614 00614_489539060_10213123790285507_1118050199143811262_n.jpg
[2026-04-18T16:52:30.219Z] [✓] #617 00617_489413001_10213110670677525_7242918903891549068_n.jpg
[2026-04-18T16:52:30.256Z] [✓] #618 00618_488580737_10213110416151162_6286104331462496771_n.jpg
[2026-04-18T16:52:30.263Z] [✓] #621 00621_487925756_10213110208345967_4123258143796582845_n.jpg
[2026-04-18T16:52:30.265Z] [✓] #622 00622_488910791_10213105855277143_1099330777289867831_n.jpg
[2026-04-18T16:52:30.282Z] [✓] #620 00620_488646668_10213110238586723_1248955230368177473_n.jpg
[2026-04-18T16:52:30.339Z] [✓] #624 00624_488267618_10213099874087617_364387501060513955_n.jpg
[2026-04-18T16:52:30.353Z] [✓] #625 00625_488550260_10213099874167619_2943516047187087278_n.jpg
[2026-04-18T16:52:30.436Z] [✓] #627 00627_488644274_10213099167829961_4246534473486338779_n.jpg
[2026-04-18T16:52:30.456Z] [✓] #626 00626_488643869_10213099164949889_7471306301119721181_n.jpg
[2026-04-18T16:52:30.513Z] [✓] #629 00629_488883550_10213099090508028_9193431317214741687_n.jpg
[2026-04-18T16:52:30.515Z] [✓] #628 00628_488477054_10213099090708033_3226344404688300713_n.jpg
[2026-04-18T16:52:30.568Z] [✓] #623 00623_488954398_10213099914448626_1426194538394931143_n.jpg
[2026-04-18T16:52:30.589Z] [✓] #630 00630_488398276_10213094394630634_1859704652228548849_n.jpg
[2026-04-18T16:52:30.594Z] [✓] #633 00633_488643217_10213092075572659_4774500113642196613_n.jpg
[2026-04-18T16:52:30.598Z] [✓] #631 00631_487855859_10213094166424929_5331527786223844916_n.jpg
[2026-04-18T16:52:30.662Z] [✓] #632 00632_487549041_10213092840431780_5928462448481774722_n.jpg
[2026-04-18T16:52:30.693Z] [✓] #636 00636_487997120_10213086600435784_3141137782381655351_n.jpg
[2026-04-18T16:52:30.728Z] [✓] #638 00638_488446522_10213082729219006_8335149824702717434_n.jpg
[2026-04-18T16:52:30.756Z] [✓] #637 00637_488219704_10213084288697992_1356695269926634601_n.jpg
[2026-04-18T16:52:30.763Z] [✓] #634 00634_487921103_10213087171690065_5564128732678915898_n.jpg
[2026-04-18T16:52:30.773Z] [✓] #640 00640_487942821_10213066899343269_506038807089649326_n.jpg
[2026-04-18T16:52:30.815Z] [✓] #642 00642_487745270_10213066820341294_2653913156255406403_n.jpg
[2026-04-18T16:52:30.879Z] [✓] #635 00635_487891506_10213086727078950_7268522505859570524_n.jpg
[2026-04-18T16:52:30.886Z] [✓] #639 00639_487146843_10213074158284738_8392662556199099947_n.jpg
[2026-04-18T16:52:30.893Z] [✓] #641 00641_488068392_10213066825421421_2513546739136009899_n.jpg
[2026-04-18T16:52:30.899Z] [✓] #643 00643_487727695_10213066737419221_7249302779432130805_n.jpg
[2026-04-18T16:52:30.960Z] [✓] #645 00645_487506100_10213060219096267_2960619815474523735_n.jpg
[2026-04-18T16:52:30.980Z] [✓] #646 00646_486836550_10213060217736233_3840140213422134215_n.jpg
[2026-04-18T16:52:31.029Z] [✓] #648 00648_486650553_10213047202690865_6949934961560599715_n.jpg
[2026-04-18T16:52:31.036Z] [✓] #644 00644_487311600_10213061695493176_6383260236658553220_n.jpg
[2026-04-18T16:52:31.037Z] [✓] #649 00649_486297336_10213047200970822_546203039141956217_n.jpg
[2026-04-18T16:52:31.039Z] [✓] #647 00647_487202255_10213060164334898_1825876287064576061_n.jpg
[2026-04-18T16:52:31.086Z] [✓] #651 00651_486603641_10213044022811370_7905730529603880741_n.jpg
[2026-04-18T16:52:31.087Z] [✓] #650 00650_486463067_10213044171375084_4825068459296271841_n.jpg
[2026-04-18T16:52:31.274Z] [✓] #652 00652_486286539_10213030281827854_8548329675215165330_n.jpg
[2026-04-18T16:52:31.280Z] [✓] #654 00654_485806520_10213028601265841_1824200558609366547_n.jpg
[2026-04-18T16:52:31.334Z] [✓] #653 00653_486158812_10213028599705802_1961285688824833833_n.jpg
[2026-04-18T16:52:31.387Z] [✓] #656 00656_485843348_10213023665982462_238250233410755948_n.jpg
[2026-04-18T16:52:31.489Z] [✓] #658 00658_486149600_10213023316173717_2722138329038569849_n.jpg
[2026-04-18T16:52:31.529Z] [✓] #657 00657_485786996_10213023319333796_6402288056859602349_n.jpg
[2026-04-18T16:52:31.542Z] [✓] #660 00660_485831931_10213023318653779_6521058502575824500_n.jpg
[2026-04-18T16:52:31.628Z] [✓] #662 00662_486502748_10213023319253794_6025873832898781728_n.jpg
[2026-04-18T16:52:31.641Z] [✓] #659 00659_485382550_10213023318733781_8712639168925212716_n.jpg
[2026-04-18T16:52:31.647Z] [✓] #655 00655_485152059_10213023802745881_1061623435559911592_n.jpg
[2026-04-18T16:52:31.706Z] [✓] #661 00661_485992224_10213023319373797_9173287538375404212_n.jpg
[2026-04-18T16:52:31.729Z] [✓] #663 00663_486023821_10213023319053789_1443990351189587854_n.jpg
[2026-04-18T16:52:31.838Z] [✓] #667 00667_486064434_10213023316493725_2179467254841092656_n.jpg
[2026-04-18T16:52:31.892Z] [✓] #664 00664_486063482_10213023319013788_2460015936509819545_n.jpg
[2026-04-18T16:52:31.895Z] [✓] #668 00668_486499909_10213023318493775_2664331122164157176_n.jpg
[2026-04-18T16:52:31.930Z] [✓] #669 00669_485768476_10213021750774583_3149506997811639761_n.jpg
[2026-04-18T16:52:31.932Z] [✓] #666 00666_485770934_10213023315733706_2414547845252359729_n.jpg
[2026-04-18T16:52:31.961Z] [✓] #672 00672_486146487_10213021750414574_1141225205953685655_n.jpg
[2026-04-18T16:52:31.998Z] [✓] #673 00673_485412228_10213019220991340_6140456170692401798_n.jpg
[2026-04-18T16:52:32.002Z] [✓] #665 00665_486108241_10213023315693705_872556580700496583_n.jpg
[2026-04-18T16:52:32.014Z] [✓] #671 00671_486365870_10213021750934587_8198620562469389302_n.jpg
[2026-04-18T16:52:32.044Z] [✓] #670 00670_485808334_10213021749054540_4789790031590819331_n.jpg
[2026-04-18T16:52:32.061Z] [✓] #674 00674_486501578_10213019222351374_3615980423043596537_n.jpg
[2026-04-18T16:52:32.138Z] [✓] #675 00675_485875612_10213017284222922_786746681152100001_n.jpg
[2026-04-18T16:52:32.211Z] [✓] #677 00677_485777001_10213011702483382_6718475781993578049_n.jpg
[2026-04-18T16:52:32.248Z] [✓] #676 00676_485383847_10213016560164821_7304294658105279095_n.jpg
[2026-04-18T16:52:32.275Z] [✓] #679 00679_484855397_10213010533574160_1129571456179335650_n.jpg
[2026-04-18T16:52:32.309Z] [✓] #682 00682_485698251_10213009747274503_1309413273052747906_n.jpg
[2026-04-18T16:52:32.315Z] [✓] #681 00681_485650517_10213009746834492_4526466716433121532_n.jpg
[2026-04-18T16:52:32.424Z] [✓] #678 00678_484846518_10213010704098423_2496704870691124317_n.jpg
[2026-04-18T16:52:32.488Z] [✓] #685 00685_484560538_10212997175040205_8630212905260741429_n.jpg
[2026-04-18T16:52:32.498Z] [✓] #680 00680_484964355_10213010149244552_3117124184341848050_n.jpg
[2026-04-18T16:52:32.521Z] [✓] #686 00686_485161566_10212997170960103_2975100006644313095_n.jpg
[2026-04-18T16:52:32.544Z] [✓] #684 00684_484544488_10212997175160208_6392691307571361407_n.jpg
[2026-04-18T16:52:32.566Z] [✓] #683 00683_485178567_10213004152494637_2523611560104958184_n.jpg
[2026-04-18T16:52:32.582Z] [WARN] #504 attempt 3/3 failed: HTTP 403
[2026-04-18T16:52:32.582Z] [✗] #504 FAILED: HTTP 403
[2026-04-18T16:52:32.589Z] [✓] #689 00689_484629906_10212989963659925_2226377935393062555_n.jpg
[2026-04-18T16:52:32.677Z] [✓] #692 00692_484857727_10212987603600925_6383637508884120961_n.jpg
[2026-04-18T16:52:32.806Z] [✓] #690 00690_485029722_10212989964619949_322004294475715687_n.jpg
[2026-04-18T16:52:32.808Z] [✓] #691 00691_484483454_10212987665362469_6141332399104803913_n.jpg
[2026-04-18T16:52:32.818Z] [✓] #687 00687_484567944_10212993641551870_6664755850969433383_n.jpg
[2026-04-18T16:52:32.833Z] [✓] #688 00688_484565524_10212992431201612_3585299927727712314_n.jpg
[2026-04-18T16:52:32.841Z] [✓] #695 00695_485143901_10212980958554803_3452581239447776238_n.jpg
[2026-04-18T16:52:32.972Z] [✓] #697 00697_483521335_10212979024026441_8290028325369766049_n.jpg
[2026-04-18T16:52:33.018Z] [✓] #699 00699_483098263_10212979021466377_5340091753586128991_n.jpg
[2026-04-18T16:52:33.076Z] [✓] #696 00696_484311269_10212980895153218_2080854238777392618_n.jpg
[2026-04-18T16:52:33.102Z] [✓] #698 00698_484487301_10212979023626431_3194336515436898119_n.jpg
[2026-04-18T16:52:33.124Z] [✓] #694 00694_484869133_10212983474377697_7457745970903466284_n.jpg
[2026-04-18T16:52:33.148Z] [✓] #693 00693_484825900_10212986603895933_827786642329321527_n.jpg
[2026-04-18T16:52:33.206Z] [✓] #703 00703_482023803_10212945500068363_8334097973328222770_n.jpg
[2026-04-18T16:52:33.272Z] [✓] #705 00705_482050428_10212917116358788_841215621711680305_n.jpg
[2026-04-18T16:52:33.274Z] [✓] #700 00700_483066078_10212978856902263_1020044134345620143_n.jpg
[2026-04-18T16:52:33.284Z] [✓] #704 00704_482007493_10212917119358863_91629881595636882_n.jpg
[2026-04-18T16:52:33.313Z] [✓] #706 00706_481265567_10212917118838850_1834161390082663770_n.jpg
[2026-04-18T16:52:33.379Z] [✓] #709 00709_480756116_10212899720803910_6347548891589802696_n.jpg
[2026-04-18T16:52:33.539Z] [✓] #701 00701_484497586_10212974006821014_5514213814191786667_n.jpg
[2026-04-18T16:52:33.593Z] [✓] #710 00710_481229285_10212862497153342_1474614971140746771_n.jpg
[2026-04-18T16:52:33.681Z] [✓] #711 00711_480687288_10212858678217871_1893172911565359003_n.jpg
[2026-04-18T16:52:33.820Z] [✓] #707 00707_480969816_10212903859787382_4839384764614257663_n.jpg
[2026-04-18T16:52:33.827Z] [✓] #702 00702_484165270_10212973814896216_3316129016646784841_n.jpg
[2026-04-18T16:52:33.849Z] [✓] #712 00712_480572033_10212853037476856_1865146547018261366_n.jpg
[2026-04-18T16:52:33.894Z] [✓] #713 00713_481074927_10212853039076896_1477154752149525778_n.jpg
[2026-04-18T16:52:33.977Z] [✓] #708 00708_481202040_10212899722363949_1606383652385556071_n.jpg
[2026-04-18T16:52:34.034Z] [✓] #718 00718_480542882_10212828953594774_3974822542712180611_n.jpg
[2026-04-18T16:52:34.060Z] [✓] #715 00715_481220807_10212853031676711_4559180347009210875_n.jpg
[2026-04-18T16:52:34.084Z] [✓] #714 00714_480310281_10212853037316852_3398300275038790131_n.jpg
[2026-04-18T16:52:34.105Z] [✓] #716 00716_480312733_10212844782750493_9053770571003298917_n.jpg
[2026-04-18T16:52:34.161Z] [✓] #717 00717_480440529_10212840138274384_760515378004534897_n.jpg
[2026-04-18T16:52:34.213Z] [✓] #722 00722_480596329_10212828817231365_7130398909700823204_n.jpg
[2026-04-18T16:52:34.214Z] [✓] #720 00720_480195676_10212828819551423_4499307102959820567_n.jpg
[2026-04-18T16:52:34.359Z] [✓] #719 00719_480516015_10212828818231390_4188018919483700552_n.jpg
[2026-04-18T16:52:34.423Z] [✓] #726 00726_480174525_10212819965170069_3011944047955730357_n.jpg
[2026-04-18T16:52:34.523Z] [✓] #721 00721_480318959_10212828818471396_6325592954752213671_n.jpg
[2026-04-18T16:52:34.600Z] [✓] #723 00723_479544697_10212824937294369_8350637671436875650_n.jpg
[2026-04-18T16:52:34.661Z] [✓] #728 00728_480226919_10212819966530103_6687971201731947010_n.jpg
[2026-04-18T16:52:34.703Z] [✓] #727 00727_479711685_10212819963970039_4891319620102238924_n.jpg
[2026-04-18T16:52:34.725Z] [✓] #724 00724_480095552_10212824937134365_1536105122162523675_n.jpg
[2026-04-18T16:52:34.774Z] [✓] #731 00731_480187797_10212819966650106_4768337835998983513_n.jpg
[2026-04-18T16:52:34.811Z] [✓] #729 00729_479512730_10212819965370074_5257390421206651959_n.jpg
[2026-04-18T16:52:34.816Z] [✓] #725 00725_480023287_10212824936054338_464886557858046384_n.jpg
[2026-04-18T16:52:34.880Z] [✓] #732 00732_479241875_10212819964090042_196678061382649333_n.jpg
[2026-04-18T16:52:34.949Z] [✓] #730 00730_480129319_10212819965010065_3859576365288566574_n.jpg
[2026-04-18T16:52:35.004Z] [✓] #734 00734_480238883_10212819965330073_4564222275172145543_n.jpg
[2026-04-18T16:52:35.011Z] [✓] #736 00736_480143026_10212819965250071_1312982802205265402_n.jpg
[2026-04-18T16:52:35.015Z] [✓] #737 00737_480238212_10212819964330048_5689051601954336157_n.jpg
[2026-04-18T16:52:35.020Z] [✓] #735 00735_478963172_10212819964530053_4763554754721952107_n.jpg
[2026-04-18T16:52:35.030Z] [✓] #733 00733_478612964_10212819965210070_9156764916585824595_n.jpg
[2026-04-18T16:52:35.112Z] [✓] #738 00738_480176200_10212819966010090_7883957188238554733_n.jpg
[2026-04-18T16:52:35.142Z] [✓] #739 00739_480149552_10212819965730083_6334752458873849325_n.jpg
[2026-04-18T16:52:35.145Z] [✓] #741 00741_478234502_10212819964930063_6764116401998268862_n.jpg
[2026-04-18T16:52:35.149Z] [✓] #742 00742_479912561_10212819964850061_294878039833567928_n.jpg
[2026-04-18T16:52:35.197Z] [✓] #746 00746_480201094_10212819963690032_3982071798641153605_n.jpg
[2026-04-18T16:52:35.203Z] [✓] #743 00743_479265120_10212819963570029_1960472801976030377_n.jpg
[2026-04-18T16:52:35.274Z] [✓] #748 00748_477786260_10212819966370099_5010743406567609588_n.jpg
[2026-04-18T16:52:35.283Z] [✓] #744 00744_479395562_10212819965130068_5704560344246623212_n.jpg
[2026-04-18T16:52:35.286Z] [✓] #745 00745_480210800_10212819964410050_3961101644222552617_n.jpg
[2026-04-18T16:52:35.319Z] [✓] #750 00750_480201697_10212819966890112_1440691526307460349_n.jpg
[2026-04-18T16:52:35.338Z] [✓] #747 00747_479470731_10212819964690057_2140569826870071696_n.jpg
[2026-04-18T16:52:35.343Z] [✓] #740 00740_480177469_10212819963930038_8246097240226604412_n.jpg
[2026-04-18T16:52:35.348Z] [✓] #749 00749_477782046_10212819965490077_6545702785183235979_n.jpg
[2026-04-18T16:52:35.354Z] [✓] #751 00751_480256600_10212819966130093_9082299903507039143_n.jpg
[2026-04-18T16:52:35.406Z] [✓] #754 00754_480214682_10212819694243296_2743369068920105551_n.jpg
[2026-04-18T16:52:35.503Z] [✓] #753 00753_479710522_10212819690883212_928349182671755080_n.jpg
[2026-04-18T16:52:35.516Z] [✓] #757 00757_479381828_10212812066132598_8963677629600188957_n.jpg
[2026-04-18T16:52:35.545Z] [✓] #752 00752_479184982_10212819694963314_5512012430805263014_n.jpg
[2026-04-18T16:52:35.606Z] [✓] #758 00758_477739855_10212810218006396_3196259831695435306_n.jpg
[2026-04-18T16:52:35.615Z] [✓] #759 00759_476744454_10212810215166325_5437939772796703418_n.jpg
[2026-04-18T16:52:35.664Z] [✓] #761 00761_476610056_10212807835626838_2917527033309174268_n.jpg
[2026-04-18T16:52:35.707Z] [✓] #763 00763_476640751_10212807833466784_3852613611952836828_n.jpg
[2026-04-18T16:52:35.759Z] [✓] #755 00755_477442428_10212813998980918_6363887751052885262_n.jpg
[2026-04-18T16:52:35.775Z] [✓] #764 00764_477113784_10212807800705965_6699522539840950083_n.jpg
[2026-04-18T16:52:35.777Z] [✓] #760 00760_476610458_10212807900948471_4375636801323056830_n.jpg
[2026-04-18T16:52:35.785Z] [✓] #756 00756_477111788_10212813995980843_4120272367706673598_n.jpg
[2026-04-18T16:52:35.821Z] [✓] #766 00766_477558273_10212807726464109_2153963833309763777_n.jpg
[2026-04-18T16:52:35.903Z] [✓] #769 00769_477823007_10212806900283455_5519704846000491452_n.jpg
[2026-04-18T16:52:35.911Z] [✓] #762 00762_476995054_10212807833546786_1953356307863649438_n.jpg
[2026-04-18T16:52:35.916Z] [✓] #765 00765_476640058_10212807723784042_4119595393011942294_n.jpg
[2026-04-18T16:52:35.980Z] [✓] #770 00770_476955731_10212806896443359_7442951551224093520_n.jpg
[2026-04-18T16:52:36.002Z] [✓] #772 00772_472572599_10212731969930243_6711129824824952211_n.jpg
[2026-04-18T16:52:36.109Z] [✓] #768 00768_476975116_10212806897803393_4884245428761478860_n.jpg
[2026-04-18T16:52:36.128Z] [✓] #767 00767_476631801_10212807726864119_8287507930162725638_n.jpg
[2026-04-18T16:52:36.131Z] [✓] #771 00771_473052915_10212734708238699_732039434907481716_n.jpg
[2026-04-18T16:52:36.194Z] [✓] #773 00773_473027124_10212730905783640_6665154558492658778_n.jpg
[2026-04-18T16:52:36.196Z] [✓] #776 00776_472920327_10212730697658437_3381418863544548410_n.jpg
[2026-04-18T16:52:36.332Z] [✓] #778 00778_473008487_10212729182020547_8900470832771390037_n.jpg
[2026-04-18T16:52:36.368Z] [✓] #775 00775_242570145_10209036564467416_4475788088867910473_n.jpg
[2026-04-18T16:52:36.410Z] [✓] #774 00774_472746814_10212730694538359_7911603106865211529_n.jpg
[2026-04-18T16:52:36.437Z] [✓] #779 00779_473014747_10212729177980446_1180475400164941564_n.jpg
[2026-04-18T16:52:36.438Z] [✓] #782 00782_472873177_10212725654332357_3077400888873628303_n.jpg
[2026-04-18T16:52:36.446Z] [✓] #781 00781_472788331_10212725669172728_2012595640392236621_n.jpg
[2026-04-18T16:52:36.456Z] [✓] #783 00783_473035209_10212725643292081_4740704357741463158_n.jpg
[2026-04-18T16:52:36.463Z] [✓] #780 00780_472902565_10212728938694464_4395961940182199618_n.jpg
[2026-04-18T16:52:36.486Z] [✓] #784 00784_472439821_10212721706993676_18047233415227303_n.jpg
[2026-04-18T16:52:36.505Z] [✓] #777 00777_472931525_10212729182300554_1540784833243393715_n.jpg
[2026-04-18T16:52:36.607Z] [✓] #785 00785_472632269_10212718448752222_2877016302198794880_n.jpg
[2026-04-18T16:52:36.711Z] [✓] #789 00789_471792564_10212699272992840_5407206202756441419_n.jpg
[2026-04-18T16:52:36.760Z] [✓] #788 00788_472398750_10212716304778624_472094210613008408_n.jpg
[2026-04-18T16:52:36.763Z] [✓] #790 00790_471337289_10212696784170621_4618911708823964521_n.jpg
[2026-04-18T16:52:36.775Z] [✓] #786 00786_225961727_10208925526451535_408162502244963648_n.jpg
[2026-04-18T16:52:36.789Z] [✓] #791 00791_470233320_10212666018361495_1392701661332277919_n.jpg
[2026-04-18T16:52:36.816Z] [✓] #787 00787_472106228_10212716302378564_5735424019992712741_n.jpg
[2026-04-18T16:52:36.884Z] [✓] #793 00793_202194682_10208788470665226_7056076914076579923_n.jpg
[2026-04-18T16:52:36.955Z] [✓] #795 00795_186528667_10208711647224688_584289363165174081_n.jpg
[2026-04-18T16:52:36.964Z] [✓] #796 00796_183998334_10208671655944931_3520526395074800248_n.jpg
[2026-04-18T16:52:37.054Z] [✓] #797 00797_183442705_10208657023739135_5546135095163018170_n.jpg
[2026-04-18T16:52:37.055Z] [✓] #799 00799_177308585_10208610204328679_4607633588045821718_n.jpg
[2026-04-18T16:52:37.168Z] [✓] #794 00794_200291479_10208767486940646_5019454912209000991_n.jpg
[2026-04-18T16:52:37.172Z] [✓] #800 00800_178090762_10208606099026049_6774609517358930931_n.jpg
[2026-04-18T16:52:37.177Z] [✓] #792 00792_206521407_10208810577817891_7160354094640507838_n.jpg
[2026-04-18T16:52:37.225Z] [✓] #801 00801_176854867_10208603279555564_7159299787774997603_n.jpg
[2026-04-18T16:52:37.253Z] [✓] #802 00802_176229418_10208603279155554_2320290860553794339_n.jpg
[2026-04-18T16:52:37.261Z] [✓] #798 00798_177442310_10208620731751858_5431805876938990284_n.jpg
[2026-04-18T16:52:37.266Z] [✓] #805 00805_172383238_10208567991993397_6269423854742737368_n.jpg
[2026-04-18T16:52:37.332Z] [✓] #807 00807_170245244_10208567991593387_3762097048259310335_n.jpg
[2026-04-18T16:52:37.333Z] [✓] #804 00804_173948353_10208579873770434_7303249708216697237_n.jpg
[2026-04-18T16:52:37.363Z] [✓] #808 00808_170332309_10208567991273379_4229495599026490673_n.jpg
[2026-04-18T16:52:37.371Z] [✓] #806 00806_171093300_10208567991793392_1582355960260848548_n.jpg
[2026-04-18T16:52:37.400Z] [✓] #809 00809_170637345_10208567991073374_7769886427710007707_n.jpg
[2026-04-18T16:52:37.448Z] [✓] #811 00811_171790738_10208567990633363_997350128339176246_n.jpg
[2026-04-18T16:52:37.453Z] [✓] #803 00803_173429921_10208585022259143_4787017927103683645_n.jpg
[2026-04-18T16:52:37.511Z] [✓] #812 00812_172204951_10208567990433358_1481827749028177542_n.jpg
[2026-04-18T16:52:37.517Z] [✓] #813 00813_171317903_10208561207583791_1647597237160101264_n.jpg
[2026-04-18T16:52:37.562Z] [✓] #815 00815_169144565_10208556750232360_629800116028553305_n.jpg
[2026-04-18T16:52:37.563Z] [✓] #810 00810_170209503_10208567990833368_3616894146197914261_n.jpg
[2026-04-18T16:52:37.617Z] [✓] #814 00814_172717020_10208561207183781_3370154069023520441_n.jpg
[2026-04-18T16:52:37.646Z] [✓] #819 00819_164070762_10208502361112666_8426751925288952011_n.jpg
[2026-04-18T16:52:37.747Z] [✓] #820 00820_163612914_10208502360792658_6830495044738216540_n.jpg
[2026-04-18T16:52:37.757Z] [✓] #821 00821_163025519_10208502360552652_1499092100793797981_n.jpg
[2026-04-18T16:52:37.778Z] [✓] #818 00818_168450330_10208535461020143_7783512381638581185_n.jpg
[2026-04-18T16:52:37.788Z] [✓] #817 00817_167598144_10208540067055291_6050647164277421397_n.jpg
[2026-04-18T16:52:37.840Z] [✓] #824 00824_148937353_10208351875230613_1626314229214896725_n.jpg
[2026-04-18T16:52:37.873Z] [✓] #816 00816_169070977_10208543073970462_4422143636683207603_n.jpg
[2026-04-18T16:52:37.915Z] [✓] #827 00827_148516361_10208340229779484_2528282573238420356_n.jpg
[2026-04-18T16:52:37.924Z] [✓] #822 00822_162499025_10208492170217900_368449556444745103_n.jpg
[2026-04-18T16:52:37.956Z] [✓] #826 00826_146998955_10208340230019490_8735484363643543490_n.jpg
[2026-04-18T16:52:38.018Z] [✓] #829 00829_144964475_10208326659360232_4700293242304731319_n.jpg
[2026-04-18T16:52:38.081Z] [✓] #825 00825_147568363_10208351465020358_3919010386800508174_n.jpg
[2026-04-18T16:52:38.285Z] [✓] #828 00828_145806727_10208335869350476_6112028215826046283_n.jpg
[2026-04-18T16:52:38.410Z] [✓] #832 00832_145239904_10208307903891357_3850160124148810919_n.jpg
[2026-04-18T16:52:38.446Z] [✓] #830 00830_144731449_10208307904371369_2746891192138708507_n.jpg
[2026-04-18T16:52:38.519Z] [✓] #833 00833_144310173_10208307903651351_7630363318961988608_n.jpg
[2026-04-18T16:52:38.555Z] [✓] #835 00835_143462411_10208290082485833_3276747419563366997_n.jpg
[2026-04-18T16:52:38.569Z] [✓] #834 00834_143576339_10208305603913859_1720070161235635911_n.jpg
[2026-04-18T16:52:38.570Z] [✓] #823 00823_149438138_10208368734612087_4040764490282884331_n.jpg
[2026-04-18T16:52:38.631Z] [✓] #838 00838_135817276_10208204656910247_5173489326819999162_n.jpg
[2026-04-18T16:52:38.634Z] [✓] #831 00831_143012354_10208307904091362_683463659565057703_n.jpg
[2026-04-18T16:52:38.698Z] [✓] #840 00840_135517448_10208198127027004_3069428278140486845_n.jpg
[2026-04-18T16:52:38.714Z] [✓] #836 00836_139236155_10208243654325158_740546288124303623_n.jpg
[2026-04-18T16:52:38.738Z] [✓] #841 00841_136351929_10208195932852151_6513558847226904336_n.jpg
[2026-04-18T16:52:38.750Z] [✓] #839 00839_135244041_10208201232464638_6611586335567061257_n.jpg
[2026-04-18T16:52:38.814Z] [✓] #837 00837_139592294_10208243571963099_2448562696262866421_n.jpg
[2026-04-18T16:52:38.821Z] [✓] #843 00843_135351728_10208189716216739_840933427786738961_n.jpg
[2026-04-18T16:52:38.885Z] [✓] #845 00845_135325825_10208183586583502_7522271102206081508_n.jpg
[2026-04-18T16:52:38.889Z] [✓] #844 00844_135504949_10208186357572775_4012312878272445668_n.jpg
[2026-04-18T16:52:38.953Z] [✓] #849 00849_132875193_10208152052635173_429014172321815853_n.jpg
[2026-04-18T16:52:38.960Z] [✓] #847 00847_134173945_10208167454540211_3092704948150752548_n.jpg
[2026-04-18T16:52:38.967Z] [✓] #848 00848_132523962_10208158836524766_564774307400076966_n.jpg
[2026-04-18T16:52:38.997Z] [✓] #842 00842_134860473_10208192173478169_1501531883045133364_n.jpg
[2026-04-18T16:52:39.068Z] [✓] #846 00846_133872705_10208175539702335_6471693501015255624_n.jpg
[2026-04-18T16:52:39.176Z] [✓] #852 00852_130868610_10208118986368537_5067184658831888817_n.jpg
[2026-04-18T16:52:39.324Z] [✓] #853 00853_131300116_10208118986088530_3549319486951064613_n.jpg
[2026-04-18T16:52:39.374Z] [✓] #851 00851_131021641_10208118986568542_4697771226695699498_n.jpg
[2026-04-18T16:52:39.427Z] [✓] #855 00855_131129761_10208118985728521_8981247093186091580_n.jpg
[2026-04-18T16:52:39.513Z] [✓] #857 00857_130301463_10208107452400195_2229918709376694852_n.jpg
[2026-04-18T16:52:39.553Z] [✓] #858 00858_130277173_10208107452160189_8563425508729444924_n.jpg
[2026-04-18T16:52:39.564Z] [✓] #854 00854_130778413_10208118985808523_6951862324241014385_n.jpg
[2026-04-18T16:52:39.613Z] [✓] #860 00860_131134744_10208107451560174_3690573922810472098_n.jpg
[2026-04-18T16:52:39.685Z] [✓] #856 00856_131424898_10208118467275560_2016051185039205001_n.jpg
[2026-04-18T16:52:39.714Z] [✓] #850 00850_131317785_10208118986648544_6897114751695884308_n.jpg
[2026-04-18T16:52:39.718Z] [✓] #861 00861_130916248_10208107451160164_5600546935919406137_n.jpg
[2026-04-18T16:52:39.752Z] [✓] #859 00859_130916251_10208107451840181_7907020816364396705_n.jpg
[2026-04-18T16:52:39.791Z] [✓] #864 00864_130739620_10208107450440146_7783918534628110064_n.jpg
[2026-04-18T16:52:39.852Z] [✓] #867 00867_128834255_10208075388118608_1112959351060364154_n.jpg
[2026-04-18T16:52:39.854Z] [✓] #865 00865_130290388_10208104196518800_6471336214176696472_n.jpg
[2026-04-18T16:52:39.912Z] [✓] #869 00869_128582349_10208075387478592_2450288518941879754_n.jpg
[2026-04-18T16:52:39.925Z] [✓] #862 00862_131268226_10208107450960159_7943527886862856122_n.jpg
[2026-04-18T16:52:39.999Z] [✓] #863 00863_130767002_10208107450640151_3126491096923548714_n.jpg
[2026-04-18T16:52:40.002Z] [✓] #870 00870_128422963_10208075387278587_4132658499048920512_n.jpg
[2026-04-18T16:52:40.023Z] [✓] #866 00866_129547688_10208075388358614_174727929214745949_n.jpg
[2026-04-18T16:52:40.027Z] [✓] #868 00868_128208326_10208075387758599_2994833426446094967_n.jpg
[2026-04-18T16:52:40.029Z] [✓] #871 00871_128516215_10208075387038581_4843558565922409106_n.jpg
[2026-04-18T16:52:40.117Z] [✓] #875 00875_126495838_10208052800913942_7553690888666971512_n.jpg
[2026-04-18T16:52:40.216Z] [✓] #873 00873_128402772_10208066970428171_3123477193471248908_n.jpg
[2026-04-18T16:52:40.280Z] [✓] #874 00874_127625275_10208063495701305_7191274639988702471_n.jpg
[2026-04-18T16:52:40.298Z] [✓] #877 00877_125499964_10208024627249618_5086097847819831540_n.jpg
[2026-04-18T16:52:40.303Z] [✓] #878 00878_124016373_10208001006699119_1825117508539329712_n.jpg
[2026-04-18T16:52:40.346Z] [✓] #876 00876_126834509_10208049361427957_7478786224976929471_n.jpg
[2026-04-18T16:52:40.373Z] [✓] #881 00881_118119790_10207768614089449_4205138618897279168_n.jpg
[2026-04-18T16:52:40.416Z] [✓] #882 00882_118460070_10207768612649413_1133019997796282735_n.jpg
[2026-04-18T16:52:40.423Z] [✓] #872 00872_128421792_10208067558922883_4062149506875736827_n.jpg
[2026-04-18T16:52:40.494Z] [✓] #884 00884_117347715_10207721145342760_8805704408429230183_n.jpg
[2026-04-18T16:52:40.540Z] [✓] #886 00886_117897643_10207721144462738_723520440942584475_n.jpg
[2026-04-18T16:52:40.544Z] [✓] #880 00880_119126293_10207808137557511_1049300469075384321_n.jpg
[2026-04-18T16:52:40.565Z] [✓] #879 00879_123247439_10207968720171976_3178414495765829513_n.jpg
[2026-04-18T16:52:40.571Z] [✓] #885 00885_117342485_10207721144822747_1792160047847170623_n.jpg
[2026-04-18T16:52:40.649Z] [✓] #889 00889_117110987_10207700484266246_2246453393941405671_n.jpg
[2026-04-18T16:52:40.689Z] [✓] #890 00890_116550128_10207700483986239_8283548933806650961_n.jpg
[2026-04-18T16:52:40.697Z] [✓] #888 00888_117775952_10207718148947852_1365278528049637000_n.jpg
[2026-04-18T16:52:40.729Z] [✓] #887 00887_118123379_10207721143942725_2605661560033206344_n.jpg
[2026-04-18T16:52:40.781Z] [✓] #883 00883_118506311_10207768611329380_6915952830374956186_n.jpg
[2026-04-18T16:52:40.797Z] [✓] #892 00892_116799240_10207669165923307_1951540648231100095_n.jpg
[2026-04-18T16:52:40.825Z] [✓] #891 00891_116799222_10207700483666231_6023537733160817037_n.jpg
[2026-04-18T16:52:40.889Z] [✓] #897 00897_93867869_10207229286566598_21675828064550912_n.jpg
[2026-04-18T16:52:40.915Z] [✓] #893 00893_116151964_10207661490211419_7110809281676605038_n.jpg
[2026-04-18T16:52:40.935Z] [✓] #896 00896_94618560_10207269965663550_2333884038940459008_n.jpg
[2026-04-18T16:52:40.955Z] [✓] #899 00899_90355482_10207115472601320_2428705045546532864_n.jpg
[2026-04-18T16:52:40.972Z] [✓] #895 00895_101198790_10207417041500354_2355182786056290304_n.jpg
[2026-04-18T16:52:40.998Z] [✓] #898 00898_93587113_10207211795289327_5051659650731081728_n.jpg
[2026-04-18T16:52:41.040Z] [✓] #900 00900_90214579_10207101355648405_8327977011834257408_n.jpg
[2026-04-18T16:52:41.078Z] [✓] #894 00894_106559454_10207570798944194_4117449482857880280_n.jpg
[2026-04-18T16:52:41.085Z] [✓] #902 00902_87853954_10207027493521898_6183776024518459392_n.jpg
[2026-04-18T16:52:41.110Z] [✓] #904 00904_86870645_10206966999649589_5384172909231079424_n.jpg
[2026-04-18T16:52:41.136Z] [✓] #903 00903_87178998_10206997118642545_8535191888032956416_n.jpg
[2026-04-18T16:52:41.194Z] [✓] #906 00906_83759082_10206907883051711_3663304750675263488_n.jpg
[2026-04-18T16:52:41.205Z] [✓] #901 00901_88228329_10207047003169627_5719402889164619776_n.jpg
[2026-04-18T16:52:41.234Z] [✓] #909 00909_81612526_10206769797919669_3003365953149861888_n.jpg
[2026-04-18T16:52:41.260Z] [✓] #905 00905_86173161_10206948697432045_4901250029169147904_n.jpg
[2026-04-18T16:52:41.274Z] [✓] #911 00911_80861809_10206769797239652_6723566337458700288_n.jpg
[2026-04-18T16:52:41.296Z] [✓] #907 00907_82618824_10206865117702604_912835456985464832_n.jpg
[2026-04-18T16:52:41.337Z] [✓] #912 00912_81402359_10206769796879643_4963775707797782528_n.jpg
[2026-04-18T16:52:41.366Z] [✓] #908 00908_82818037_10206827779329168_4855507180062769152_n.jpg
[2026-04-18T16:52:41.403Z] [✓] #910 00910_81645709_10206769797599661_529087267323510784_n.jpg
[2026-04-18T16:52:41.466Z] [✓] #917 00917_79470291_10206696621450303_5930977161463726080_n.jpg
[2026-04-18T16:52:41.515Z] [✓] #918 00918_79185156_10206696621130295_1258089757443883008_n.jpg
[2026-04-18T16:52:41.524Z] [✓] #914 00914_81633018_10206749680776753_8370746850218606592_n.jpg
[2026-04-18T16:52:41.531Z] [✓] #915 00915_73005308_10206699336438176_184669291486904320_n.jpg
[2026-04-18T16:52:41.543Z] [✓] #913 00913_80359336_10206757214765098_3806241906531237888_n.jpg
[2026-04-18T16:52:41.617Z] [✓] #920 00920_73265057_10206689432150575_1956528083464880128_n.jpg
[2026-04-18T16:52:41.636Z] [✓] #916 00916_79269984_10206696621690309_7243906165149532160_n.jpg
[2026-04-18T16:52:41.662Z] [✓] #923 00923_78315110_10206676173899127_1509824177278812160_n.jpg
[2026-04-18T16:52:41.684Z] [✓] #919 00919_78486465_10206689432470583_6282734643703709696_n.jpg
[2026-04-18T16:52:41.688Z] [✓] #921 00921_76710786_10206676174739148_7040211349657354240_n.jpg
[2026-04-18T16:52:41.700Z] [✓] #922 00922_79116025_10206676174379139_566562197010907136_n.jpg
[2026-04-18T16:52:41.786Z] [✓] #926 00926_78272822_10206664893537125_767080725273903104_n.jpg
[2026-04-18T16:52:41.819Z] [✓] #924 00924_79297191_10206676173619120_5174852605704142848_n.jpg
[2026-04-18T16:52:41.903Z] [✓] #929 00929_77373253_10206660048616005_1088963952601202688_n.jpg
[2026-04-18T16:52:41.904Z] [✓] #925 00925_78103112_10206664893977136_3480293591442522112_n.jpg
[2026-04-18T16:52:41.932Z] [✓] #927 00927_79175651_10206664892857108_5794001381559894016_n.jpg
[2026-04-18T16:52:41.941Z] [✓] #928 00928_77106446_10206663982954361_3842573034888101888_n.jpg
[2026-04-18T16:52:42.075Z] [✓] #930 00930_77382831_10206656725132920_5082584209831231488_n.jpg
[2026-04-18T16:52:42.192Z] [✓] #935 00935_77163996_10206648984099399_1575013096408219648_n.jpg
[2026-04-18T16:52:42.197Z] [✓] #931 00931_75521787_10206653745378428_2412815010876096512_n.jpg
[2026-04-18T16:52:42.258Z] [✓] #932 00932_77215749_10206653745018419_9051599557200183296_n.jpg
[2026-04-18T16:52:42.267Z] [✓] #936 00936_73404084_10206648983579386_7208672860498296832_n.jpg
[2026-04-18T16:52:42.280Z] [✓] #934 00934_78284873_10206653743818389_6961967069977903104_n.jpg
[2026-04-18T16:52:42.283Z] [✓] #937 00937_78411504_10206632745413442_5222743655718060032_n.jpg
[2026-04-18T16:52:42.363Z] [✓] #939 00939_74803364_10206555672406665_5595221885555048448_n.jpg
[2026-04-18T16:52:42.366Z] [✓] #941 00941_75362480_10206538896947289_9015019101696819200_n.jpg
[2026-04-18T16:52:42.441Z] [✓] #943 00943_73191313_10206508949718627_1195427339941445632_n.jpg
[2026-04-18T16:52:42.449Z] [✓] #933 00933_78698680_10206653744538407_9031224013304627200_n.jpg
[2026-04-18T16:52:42.467Z] [✓] #942 00942_73058856_10206527710747641_9199347883881529344_n.jpg
[2026-04-18T16:52:42.497Z] [✓] #938 00938_74627122_10206578002284898_4438801004804177920_n.jpg
[2026-04-18T16:52:42.574Z] [✓] #947 00947_72385660_10206450864226526_8340850802641862656_n.jpg
[2026-04-18T16:52:42.580Z] [✓] #945 00945_72189750_10206450864946544_6287229228194725888_n.jpg
[2026-04-18T16:52:42.612Z] [✓] #940 00940_75610630_10206538897187295_352916702503108608_n.jpg
[2026-04-18T16:52:42.617Z] [✓] #946 00946_72119345_10206450864586535_6747267384337235968_n.jpg
[2026-04-18T16:52:42.657Z] [✓] #950 00950_70506861_10206389721297991_8920264594069389312_n.jpg
[2026-04-18T16:52:42.704Z] [✓] #951 00951_70539612_10206389721017984_1632890194493440000_n.jpg
[2026-04-18T16:52:42.728Z] [✓] #952 00952_70954268_10206389720617974_6924268600127651840_n.jpg
[2026-04-18T16:52:42.759Z] [✓] #948 00948_73023374_10206450863786515_8954543977894248448_n.jpg
[2026-04-18T16:52:42.815Z] [✓] #954 00954_70383446_10206389719857955_1631354189634338816_n.jpg
[2026-04-18T16:52:42.818Z] [✓] #955 00955_70728260_10206382500557477_131344446418583552_n.jpg
[2026-04-18T16:52:42.823Z] [✓] #953 00953_70526751_10206389720137962_1544034747137654784_n.jpg
[2026-04-18T16:52:42.904Z] [✓] #957 00957_70858871_10206368400524985_8563129125580046336_n.jpg
[2026-04-18T16:52:43.015Z] [✓] #956 00956_69694522_10206368405525110_2795652465607835648_n.jpg
[2026-04-18T16:52:43.020Z] [✓] #944 00944_72273204_10206455290377177_9173675511438639104_n.jpg
[2026-04-18T16:52:43.080Z] [✓] #949 00949_71889616_10206450863306503_7782927472785358848_n.jpg
[2026-04-18T16:52:43.171Z] [✓] #958 00958_70411920_10206368400164976_8022189814398844928_n.jpg
[2026-04-18T16:52:43.189Z] [✓] #961 00961_70209036_10206368399324955_5951363584511442944_n.jpg
[2026-04-18T16:52:43.245Z] [✓] #960 00960_70089328_10206368399604962_7009020425275441152_n.jpg
[2026-04-18T16:52:43.262Z] [✓] #959 00959_70474916_10206368399764966_820299643563802624_n.jpg
[2026-04-18T16:52:43.364Z] [✓] #963 00963_70452680_10206368398724940_1085664777767747584_n.jpg
[2026-04-18T16:52:43.430Z] [✓] #962 00962_70046167_10206368398884944_4338475349068218368_n.jpg
[2026-04-18T16:52:43.438Z] [✓] #967 00967_70757902_10206368397564911_3930315561728212992_n.jpg
[2026-04-18T16:52:43.505Z] [✓] #964 00964_70312046_10206368398484934_3243290467051241472_n.jpg
[2026-04-18T16:52:43.514Z] [✓] #968 00968_70402839_10206365212405284_5373643071055462400_n.jpg
[2026-04-18T16:52:43.557Z] [✓] #965 00965_70584984_10206368397964921_486130619336622080_n.jpg
[2026-04-18T16:52:43.566Z] [✓] #969 00969_69941179_10206352825015607_8971505804473532416_n.jpg
[2026-04-18T16:52:43.578Z] [✓] #966 00966_70730167_10206368397804917_1779371858009784320_n.jpg
[2026-04-18T16:52:43.587Z] [✓] #970 00970_70400028_10206347788569699_2926354548127694848_n.jpg
[2026-04-18T16:52:43.694Z] [✓] #974 00974_69575457_10206347787329668_4032470753273184256_n.jpg
[2026-04-18T16:52:43.702Z] [✓] #973 00973_69838496_10206347787489672_4693014179114647552_n.jpg
[2026-04-18T16:52:43.709Z] [✓] #971 00971_69618583_10206347788289692_7054075774671781888_n.jpg
[2026-04-18T16:52:43.734Z] [✓] #976 00976_69497959_10206314881427041_8677442471891828736_n.jpg
[2026-04-18T16:52:43.807Z] [✓] #978 00978_69601446_10206314880867027_4875639152068001792_n.jpg
[2026-04-18T16:52:43.823Z] [✓] #979 00979_69517151_10206314880707023_3793563068584165376_n.jpg
[2026-04-18T16:52:43.842Z] [✓] #975 00975_69350506_10206314881627046_5008278402277310464_n.jpg
[2026-04-18T16:52:43.850Z] [✓] #977 00977_69557737_10206314880947029_4807115856553181184_n.jpg
[2026-04-18T16:52:43.869Z] [✓] #980 00980_69492232_10206297796199921_2368495191809064960_n.jpg
[2026-04-18T16:52:43.888Z] [✓] #982 00982_67766962_10206243719288032_5475894388263485440_n.jpg
[2026-04-18T16:52:43.942Z] [✓] #985 00985_66847992_10206177406710259_7290820320557006848_n.jpg
[2026-04-18T16:52:43.946Z] [✓] #984 00984_67744509_10206210657381505_3090653226341498880_n.jpg
[2026-04-18T16:52:43.949Z] [✓] #981 00981_68260566_10206256794134895_6668953599202033664_n.jpg
[2026-04-18T16:52:43.955Z] [✓] #972 00972_69804919_10206347787729678_5064113423801909248_n.jpg
[2026-04-18T16:52:43.971Z] [✓] #988 00988_66687230_10206177405750235_6031028433213980672_n.jpg
[2026-04-18T16:52:43.986Z] [✓] #987 00987_67445521_10206177406070243_4909368853093416960_n.jpg
[2026-04-18T16:52:44.014Z] [✓] #986 00986_66999919_10206177406430252_7428703974942834688_n.jpg
[2026-04-18T16:52:44.021Z] [✓] #989 00989_67088552_10206174109907841_8274000946644647936_n.jpg
[2026-04-18T16:52:44.083Z] [✓] #992 00992_66411850_10206130726583285_7190312472308350976_n.jpg
[2026-04-18T16:52:44.142Z] [✓] #990 00990_67255665_10206153605955255_4122451215772549120_n.jpg
[2026-04-18T16:52:44.147Z] [✓] #991 00991_66228587_10206130726863292_8280752725428273152_n.jpg
[2026-04-18T16:52:44.148Z] [✓] #983 00983_67760610_10206243719008025_4110069194425368576_n.jpg
[2026-04-18T16:52:44.242Z] [✓] #996 00996_64820102_10206062722083215_6613914516721762304_n.jpg
[2026-04-18T16:52:44.245Z] [✓] #994 00994_65797736_10206115258796600_7435997314742747136_n.jpg
[2026-04-18T16:52:44.272Z] [✓] #995 00995_64483538_10206062722443224_6681208837409603584_n.jpg
[2026-04-18T16:52:44.300Z] [✓] #997 00997_64833518_10206062721683205_6778799780094017536_n.jpg
[2026-04-18T16:52:44.301Z] [✓] #998 00998_64519371_10206062721363197_509700102776946688_n.jpg
[2026-04-18T16:52:44.304Z] [✓] #993 00993_66188772_10206130726183275_6862129322526769152_n.jpg
[2026-04-18T16:52:44.327Z] [✓] #999 00999_64668743_10206062721003188_6353003860604223488_n.jpg
[2026-04-18T16:52:44.398Z] [✓] #1003 01003_62445058_10206033525553320_7383726643627425792_n.jpg
[2026-04-18T16:52:44.404Z] [✓] #1000 01000_65083786_10206056690772436_505132503841898496_n.jpg
[2026-04-18T16:52:44.433Z] [✓] #1004 01004_63918586_10206033525193311_680411721214459904_n.jpg
[2026-04-18T16:52:44.438Z] [✓] #1001 01001_62482547_10206035590084932_8191572496940531712_n.jpg
[2026-04-18T16:52:44.512Z] [✓] #1006 01006_62170908_10206017021460728_866646335007227904_n.jpg
[2026-04-18T16:52:44.550Z] [✓] #1007 01007_61547043_10205998802125256_8495492749401784320_n.jpg
[2026-04-18T16:52:44.620Z] [✓] #1009 01009_61517564_10205998801325236_307708795868413952_n.jpg
[2026-04-18T16:52:44.629Z] [✓] #1005 01005_62324568_10206029676097086_7528251812101488640_n.jpg
[2026-04-18T16:52:44.667Z] [✓] #1008 01008_61825509_10205998801685245_6995271371672518656_n.jpg
[2026-04-18T16:52:44.688Z] [✓] #1012 01012_60605509_10205956570789499_1486682219178098688_n.jpg
[2026-04-18T16:52:44.750Z] [✓] #1014 01014_60060839_10205917965584393_4618553855817285632_n.jpg
[2026-04-18T16:52:44.760Z] [✓] #1010 01010_61603895_10205998801005228_4957534746654539776_n.jpg
[2026-04-18T16:52:44.822Z] [✓] #1016 01016_59625440_10205911378819728_3236470630215843840_n.jpg
[2026-04-18T16:52:44.858Z] [✓] #1013 01013_60583978_10205941474812109_6279789953996029952_n.jpg
[2026-04-18T16:52:44.890Z] [✓] #1002 01002_62396673_10206035589004905_3479291927759683584_n.jpg
[2026-04-18T16:52:44.932Z] [✓] #1018 01018_57649075_10205859647726483_3344269151089721344_n.jpg
[2026-04-18T16:52:44.946Z] [✓] #1017 01017_60254747_10205911378539721_7836982007027466240_n.jpg
[2026-04-18T16:52:44.952Z] [✓] #1015 01015_59905982_10205915527523443_28435505293033472_n.jpg
[2026-04-18T16:52:44.987Z] [✓] #1019 01019_57417776_10205847628306005_4711610953714630656_n.jpg
[2026-04-18T16:52:45.027Z] [✓] #1020 01020_57348107_10205847627905995_4141132369300029440_n.jpg
[2026-04-18T16:52:45.029Z] [✓] #1022 01022_58378902_10205847626505960_4225214321283563520_n.jpg
[2026-04-18T16:52:45.067Z] [✓] #1025 01025_57581507_10205847625465934_984571130339655680_n.jpg
[2026-04-18T16:52:45.112Z] [✓] #1026 01026_57277931_10205847625145926_5679568188480684032_n.jpg
[2026-04-18T16:52:45.115Z] [✓] #1024 01024_57583181_10205847625625938_4643191196976414720_n.jpg
[2026-04-18T16:52:45.116Z] [✓] #1021 01021_57821648_10205847626945971_4282974235481079808_n.jpg
[2026-04-18T16:52:45.143Z] [✓] #1029 01029_57387368_10205847622185852_7183258018589442048_n.jpg
[2026-04-18T16:52:45.180Z] [✓] #1027 01027_58003853_10205847624825918_7652638858177150976_n.jpg
[2026-04-18T16:52:45.213Z] [✓] #1030 01030_58381434_10205847619065774_1844636463052881920_n.jpg
[2026-04-18T16:52:45.230Z] [✓] #1011 01011_61150600_10205966238871195_7111914720562511872_n.jpg
[2026-04-18T16:52:45.294Z] [✓] #1032 01032_57534166_10205847618545761_166669302592700416_n.jpg
[2026-04-18T16:52:45.310Z] [✓] #1023 01023_57008993_10205847626225953_9011566854228934656_n.jpg
[2026-04-18T16:52:45.366Z] [✓] #1033 01033_57548427_10205847617145726_1509859434665345024_n.jpg
[2026-04-18T16:52:45.392Z] [✓] #1034 01034_57343555_10205847616745716_1827252866390163456_n.jpg
[2026-04-18T16:52:45.402Z] [✓] #1031 01031_57595667_10205847618745766_6255696033574027264_n.jpg
[2026-04-18T16:52:45.435Z] [✓] #1035 01035_57541828_10205847616345706_718214077733666816_n.jpg
[2026-04-18T16:52:45.497Z] [✓] #1037 01037_57434146_10205847615745691_4379353945848414208_n.jpg
[2026-04-18T16:52:45.500Z] [✓] #1036 01036_58442077_10205847616105700_2779835269287772160_n.jpg
[2026-04-18T16:52:45.520Z] [✓] #1028 01028_57548450_10205847624265904_2305267797128642560_n.jpg
[2026-04-18T16:52:45.579Z] [✓] #1041 01041_57484666_10205847614065649_8042231952868114432_n.jpg
[2026-04-18T16:52:45.618Z] [✓] #1038 01038_57441704_10205847615105675_4920415835396243456_n.jpg
[2026-04-18T16:52:45.620Z] [✓] #1040 01040_57586951_10205847614505660_5447151114203955200_n.jpg
[2026-04-18T16:52:45.621Z] [✓] #1042 01042_57418979_10205842008965525_6267397955439820800_n.jpg
[2026-04-18T16:52:45.668Z] [✓] #1043 01043_57308652_10205839418900775_1037843478022717440_n.jpg
[2026-04-18T16:52:45.686Z] [✓] #1046 01046_53730271_10205741648056565_8975922834740084736_n.jpg
[2026-04-18T16:52:45.720Z] [✓] #1039 01039_57503080_10205847614625663_1619256550956728320_n.jpg
[2026-04-18T16:52:45.758Z] [✓] #1044 01044_57319867_10205839418300760_5303118956435865600_n.jpg
[2026-04-18T16:52:45.805Z] [✓] #1048 01048_53749494_10205703140293895_8135751790541930496_n.jpg
[2026-04-18T16:52:45.837Z] [✓] #1047 01047_54041384_10205732692952693_1469163017512943616_n.jpg
[2026-04-18T16:52:45.839Z] [✓] #1050 01050_52596265_10205620154819310_1959854295117463552_n.jpg
[2026-04-18T16:52:45.946Z] [✓] #1053 01053_51723291_10205598072147257_9059475002507657216_n.jpg
[2026-04-18T16:52:46.012Z] [✓] #1045 01045_57272084_10205821169084541_7984995354665811968_n.jpg
[2026-04-18T16:52:46.016Z] [✓] #1052 01052_52144337_10205620153939288_605464773827493888_n.jpg
[2026-04-18T16:52:46.025Z] [✓] #1051 01051_52387427_10205620154379299_3244193144622809088_n.jpg
[2026-04-18T16:52:46.031Z] [✓] #1054 01054_51832436_10205598070427214_3289887971699851264_n.jpg
[2026-04-18T16:52:46.083Z] [✓] #1049 01049_52809969_10205658289932664_8553084515629662208_n.jpg
[2026-04-18T16:52:46.194Z] [✓] #1058 01058_51172585_10205559667587167_3714944486799835136_n.jpg
[2026-04-18T16:52:46.215Z] [✓] #1055 01055_51716690_10205573045561608_3178678692742168576_n.jpg
[2026-04-18T16:52:46.256Z] [✓] #1057 01057_51419486_10205573045081596_8626952073310633984_n.jpg
[2026-04-18T16:52:46.259Z] [✓] #1059 01059_51293351_10205559667187157_5335068251783168000_n.jpg
[2026-04-18T16:52:46.329Z] [✓] #1061 01061_51098591_10205559644666594_385696090474676224_n.jpg
[2026-04-18T16:52:46.370Z] [✓] #1063 01063_51446503_10205559643466564_1920047150943698944_n.jpg
[2026-04-18T16:52:46.372Z] [✓] #1062 01062_51351591_10205559644266584_2556272811257626624_n.jpg
[2026-04-18T16:52:46.472Z] [✓] #1056 01056_51565914_10205573045321602_9150154823121764352_n.jpg
[2026-04-18T16:52:46.491Z] [✓] #1064 01064_50902169_10205559641346511_7812222839120986112_n.jpg
[2026-04-18T16:52:46.514Z] [✓] #1060 01060_51489252_10205559644906600_1260240320583434240_n.jpg
[2026-04-18T16:52:46.516Z] [✓] #1065 01065_51051988_10205540880517502_4911150886564134912_n.jpg
[2026-04-18T16:52:46.582Z] [✓] #1066 01066_50640936_10205540880197494_5673395281094246400_n.jpg
[2026-04-18T16:52:46.611Z] [✓] #1069 01069_51231920_10205538114248347_4209876756846346240_n.jpg
[2026-04-18T16:52:46.652Z] [✓] #1071 01071_50439781_10205504382205067_4075129974774824960_n.jpg
[2026-04-18T16:52:46.664Z] [✓] #1072 01072_49373629_10205504380445023_295342799044214784_n.jpg
[2026-04-18T16:52:46.704Z] [✓] #1070 01070_50458338_10205535930153746_4616787537631903744_n.jpg
[2026-04-18T16:52:46.742Z] [✓] #1073 01073_50264376_10205489003940620_1320163618397880320_n.jpg
[2026-04-18T16:52:46.747Z] [✓] #1074 01074_49701108_10205482066647192_280740305374806016_n.jpg
[2026-04-18T16:52:46.788Z] [✓] #1068 01068_50781391_10205540879477476_142451871796166656_n.jpg
[2026-04-18T16:52:46.821Z] [✓] #1075 01075_49255428_10205478620601043_6891537225595486208_n.jpg
[2026-04-18T16:52:46.828Z] [✓] #1076 01076_49329796_10205468674872406_2228303142825492480_n.jpg
[2026-04-18T16:52:46.840Z] [✓] #1067 01067_50883671_10205540879877486_2197792468248821760_n.jpg
[2026-04-18T16:52:46.857Z] [✓] #1079 01079_49344373_10205447178695015_3909542999645749248_n.jpg
[2026-04-18T16:52:46.864Z] [✓] #1080 01080_48415952_10205432992820377_719368238525317120_n.jpg
[2026-04-18T16:52:46.870Z] [✓] #1081 01081_48971449_10205432992660373_6748916458505371648_n.jpg
[2026-04-18T16:52:46.872Z] [✓] #1077 01077_49834018_10205467832731353_1721355590099271680_n.jpg
[2026-04-18T16:52:46.903Z] [✓] #1085 01085_48266692_10205374823046169_2386579903228149760_n.jpg
[2026-04-18T16:52:46.925Z] [✓] #1078 01078_49175733_10205462029266270_7470237257882927104_n.jpg
[2026-04-18T16:52:46.985Z] [✓] #1084 01084_48360796_10205389998905556_601870092359172096_n.jpg
[2026-04-18T16:52:47.010Z] [✓] #1086 01086_47576769_10205368916138500_4101593639107428352_n.jpg
[2026-04-18T16:52:47.012Z] [✓] #1082 01082_48388600_10205407282497635_8572576863925305344_n.jpg
[2026-04-18T16:52:47.061Z] [✓] #1090 01090_46715761_10205327543744216_5349442193062887424_n.jpg
[2026-04-18T16:52:47.134Z] [✓] #1088 01088_47062153_10205334846886790_261737647775416320_n.jpg
[2026-04-18T16:52:47.138Z] [✓] #1083 01083_48363242_10205397490132832_7876895473116643328_n.jpg
[2026-04-18T16:52:47.143Z] [✓] #1089 01089_46898071_10205327544184227_5996272303724298240_n.jpg
[2026-04-18T16:52:47.146Z] [✓] #1087 01087_46995983_10205343598225568_1063632149590048768_n.jpg
[2026-04-18T16:52:47.151Z] [✓] #1091 01091_46734932_10205327543424208_2476996893318578176_n.jpg
[2026-04-18T16:52:47.192Z] [✓] #1092 01092_46954926_10205327542984197_7177186820323540992_n.jpg
[2026-04-18T16:52:47.197Z] [✓] #1093 01093_46822480_10205327542704190_8398435035497103360_n.jpg
[2026-04-18T16:52:47.202Z] [✓] #1095 01095_46499319_10205306547819331_4560929228794626048_n.jpg
[2026-04-18T16:52:47.229Z] [✓] #1099 01099_46148741_10205282399855647_7401332586452090880_n.jpg
[2026-04-18T16:52:47.257Z] [✓] #1098 01098_46310799_10205282400335659_4514216769346338816_n.jpg
[2026-04-18T16:52:47.310Z] [✓] #1096 01096_46345842_10205293377730087_1766564836763762688_n.jpg
[2026-04-18T16:52:47.447Z] [✓] #1097 01097_46410784_10205287108093350_2613576733072293888_n.jpg
[2026-04-18T16:52:47.495Z] [✓] #1094 01094_46714354_10205322318813596_2362889052601974784_n.jpg
[2026-04-18T16:52:47.511Z] [✓] #1100 01100_44974717_10205227019351169_8098611490346500096_n.jpg
[2026-04-18T16:52:47.547Z] [✓] #1101 01101_45105899_10205227018991160_6601362487684104192_n.jpg
[2026-04-18T16:52:47.621Z] [✓] #1103 01103_44905859_10205223075812583_6800614850998304768_n.jpg
[2026-04-18T16:52:47.622Z] [✓] #1106 01106_44440329_10205199696228108_5691725544383578112_n.jpg
[2026-04-18T16:52:47.624Z] [✓] #1102 01102_45085810_10205227018631151_1465856481105543168_n.jpg
[2026-04-18T16:52:47.626Z] [✓] #1105 01105_44613830_10205203677647641_7179693943058071552_n.jpg
[2026-04-18T16:52:47.648Z] [✓] #1109 01109_44029873_10205181330968988_8072809379826499584_n.jpg
[2026-04-18T16:52:47.672Z] [✓] #1107 01107_44267143_10205192964419817_1853668225225588736_n.jpg
[2026-04-18T16:52:47.706Z] [✓] #1104 01104_44830495_10205220111658481_4213872738583969792_n.jpg
[2026-04-18T16:52:47.729Z] [✓] #1111 01111_43419320_10205153239146710_3809901532200042496_n.jpg
[2026-04-18T16:52:47.733Z] [✓] #1108 01108_44372874_10205186944949334_4902488220995944448_n.jpg
[2026-04-18T16:52:47.763Z] [✓] #1110 01110_43514748_10205156460587244_3127135447352868864_n.jpg
[2026-04-18T16:52:47.783Z] [✓] #1112 01112_43358984_10205153238786701_1843845866947870720_n.jpg
[2026-04-18T16:52:47.817Z] [✓] #1116 01116_42301789_10205098308493478_3447495490298445824_n.jpg
[2026-04-18T16:52:47.838Z] [✓] #1115 01115_42409895_10205101889222994_3029291616994066432_n.jpg
[2026-04-18T16:52:47.846Z] [✓] #1117 01117_42344335_10205098308253472_6170769510631473152_n.jpg
[2026-04-18T16:52:47.932Z] [✓] #1114 01114_42789175_10205114530979030_7933648294792658944_n.jpg
[2026-04-18T16:52:47.950Z] [✓] #1119 01119_41501606_10205056614931165_4696915048801501184_n.jpg
[2026-04-18T16:52:47.954Z] [✓] #1118 01118_41647180_10205063746549451_3947823476219314176_n.jpg
[2026-04-18T16:52:47.968Z] [✓] #1113 01113_43095415_10205136422566306_483212012965330944_n.jpg
[2026-04-18T16:52:47.975Z] [✓] #1120 01120_41229772_10205045805260930_6305132266792157184_n.jpg
[2026-04-18T16:52:48.041Z] [✓] #1125 01125_38539022_10204939727209045_1908279653517230080_n.jpg
[2026-04-18T16:52:48.076Z] [✓] #1124 01124_38636690_10204940159619855_5776799603747717120_n.jpg
[2026-04-18T16:52:48.111Z] [✓] #1121 01121_39998609_10205002247332009_1418510986427498496_n.jpg
[2026-04-18T16:52:48.125Z] [✓] #1122 01122_39922680_10204991749509570_8093550670252081152_n.jpg
[2026-04-18T16:52:48.159Z] [✓] #1126 01126_38427941_10204927112053674_2558274841543180288_n.jpg
[2026-04-18T16:52:48.180Z] [✓] #1123 01123_39931659_10204991749109560_2823080083810418688_n.jpg
[2026-04-18T16:52:48.247Z] [✓] #1131 01131_35882135_10204781646617129_7265103155900186624_n.jpg
[2026-04-18T16:52:48.263Z] [✓] #1128 01128_38405426_10204927111573662_8863334098186272768_n.jpg
[2026-04-18T16:52:48.311Z] [✓] #1132 01132_35860397_10204781646217119_4011997670670336_n.jpg
[2026-04-18T16:52:48.314Z] [✓] #1133 01133_35972193_10204781645817109_1869354459402862592_n.jpg
[2026-04-18T16:52:48.323Z] [✓] #1129 01129_38404430_10204927109213603_2025918300948529152_n.jpg
[2026-04-18T16:52:48.349Z] [✓] #1127 01127_38227528_10204927111893670_9198421579694866432_n.jpg
[2026-04-18T16:52:48.350Z] [✓] #1134 01134_35883369_10204781645497101_7477149389270548480_n.jpg
[2026-04-18T16:52:48.353Z] [✓] #1130 01130_36251579_10204792901378491_7379662268830580736_n.jpg
[2026-04-18T16:52:48.466Z] [✓] #1137 01137_35349104_10204756158299937_7178287843779805184_n.jpg
[2026-04-18T16:52:48.471Z] [✓] #1136 01136_35482316_10204761646637142_5201979739404763136_n.jpg
[2026-04-18T16:52:48.536Z] [✓] #1138 01138_35329072_10204752293323315_7601975892104970240_n.jpg
[2026-04-18T16:52:48.584Z] [✓] #1139 01139_35283654_10204751586225638_6591722029861306368_n.jpg
[2026-04-18T16:52:48.589Z] [✓] #1135 01135_35525783_10204761686718144_8216157194685513728_n.jpg
[2026-04-18T16:52:48.664Z] [✓] #1144 01144_35229172_10204751281778027_8662730757204082688_n.jpg
[2026-04-18T16:52:48.743Z] [✓] #1145 01145_35242199_10204749297048410_1286816358440370176_n.jpg
[2026-04-18T16:52:48.849Z] [✓] #1146 01146_35145943_10204745980005486_4394113021140533248_n.jpg
[2026-04-18T16:52:48.889Z] [✓] #1142 01142_35408710_10204751584265589_6523428549456560128_n.jpg
[2026-04-18T16:52:48.936Z] [✓] #1143 01143_35268129_10204751282258039_3295352978281594880_n.jpg
[2026-04-18T16:52:48.963Z] [✓] #1147 01147_35102722_10204745765840132_3064906001208573952_n.jpg
[2026-04-18T16:52:48.973Z] [✓] #1141 01141_35242154_10204751584905605_3713090233454034944_n.jpg
[2026-04-18T16:52:49.005Z] [✓] #1140 01140_35348583_10204751585505620_8599877595909062656_n.jpg
[2026-04-18T16:52:49.052Z] [✓] #1152 01152_32402306_10204655753269874_7776582277080809472_n.jpg
[2026-04-18T16:52:49.054Z] [✓] #1151 01151_32843085_10204668701593574_9084638455685709824_n.jpg
[2026-04-18T16:52:49.068Z] [✓] #1150 01150_33665913_10204689686558185_1187919208827060224_n.jpg
[2026-04-18T16:52:49.094Z] [✓] #1149 01149_35058225_10204742467277670_4524972960888389632_n.jpg
[2026-04-18T16:52:49.097Z] [✓] #1154 01154_513750872_10213752375639748_5770059172480314826_n.jpg
[2026-04-18T16:52:49.169Z] [✓] #1155 01155_512680253_10213752221915905_1070277216211184266_n.jpg
[2026-04-18T16:52:49.171Z] [✓] #1157 01157_514066680_10213751647141536_5358385896472897229_n.jpg
[2026-04-18T16:52:49.174Z] [✓] #1153 01153_32399178_10204651567445231_5467490077863051264_n.jpg
[2026-04-18T16:52:49.175Z] [✓] #1156 01156_513968613_10213751920828378_2743747665869676416_n.jpg
[2026-04-18T16:52:49.195Z] [✓] #1148 01148_35062768_10204744946579651_3409379085770555392_n.jpg
[2026-04-18T16:52:49.216Z] [✓] #1158 01158_513903000_10213749563689451_7365677527850750677_n.jpg
[2026-04-18T16:52:49.266Z] [✓] #1163 01163_512680760_10213749019475846_1940425319515205939_n.jpg
[2026-04-18T16:52:49.302Z] [✓] #1162 01162_512744318_10213749016915782_6879716379780544499_n.jpg
[2026-04-18T16:52:49.307Z] [✓] #1159 01159_513923917_10213749093717702_7585626647499376573_n.jpg
[2026-04-18T16:52:49.308Z] [✓] #1164 01164_512651561_10213749022475921_1980968056074239931_n.jpg
[2026-04-18T16:52:49.310Z] [✓] #1160 01160_512661162_10213749019755853_442427111607279952_n.jpg
[2026-04-18T16:52:49.335Z] [✓] #1167 01167_512743575_10213749022795929_382111917917052681_n.jpg
[2026-04-18T16:52:49.358Z] [✓] #1166 01166_512661159_10213749018235815_983297954927083451_n.jpg
[2026-04-18T16:52:49.397Z] [✓] #1169 01169_503922915_10213748713228190_6955580246897982784_n.jpg
[2026-04-18T16:52:49.415Z] [✓] #1165 01165_514011803_10213749016995784_8078809451000319182_n.jpg
[2026-04-18T16:52:49.433Z] [✓] #1161 01161_512658379_10213749019155838_297357088203361920_n.jpg
[2026-04-18T16:52:49.441Z] [✓] #1170 01170_511274193_10213748459781854_1102457038728848269_n.jpg
[2026-04-18T16:52:49.444Z] [✓] #1168 01168_514367944_10213748929833605_4634344335681427412_n.jpg
[2026-04-18T16:52:49.474Z] [✓] #1171 01171_513033465_10213748010810630_6343431764185618990_n.jpg
[2026-04-18T16:52:49.528Z] [✓] #1173 01173_511327984_10213745114938235_8577653656007285975_n.jpg
[2026-04-18T16:52:49.535Z] [✓] #1172 01172_513958136_10213747967449546_1536975590520780414_n.jpg
[2026-04-18T16:52:49.651Z] [✓] #1174 01174_511308165_10213744303597952_2770971812423567402_n.jpg
[2026-04-18T16:52:49.668Z] [✓] #1176 01176_513928450_10213741882937437_7349153022959815949_n.jpg
[2026-04-18T16:52:49.705Z] [✓] #1179 01179_512665023_10213740329298597_6421155503835349995_n.jpg
[2026-04-18T16:52:49.709Z] [✓] #1180 01180_512580025_10213740125413500_8265929093783513777_n.jpg
[2026-04-18T16:52:49.761Z] [✓] #1175 01175_513872416_10213741882897436_7475123529425523793_n.jpg
[2026-04-18T16:52:49.769Z] [✓] #1181 01181_513087013_10213739102867937_5071287151200317566_n.jpg
[2026-04-18T16:52:49.775Z] [✓] #1178 01178_514022497_10213740583424950_6538598489012399271_n.jpg
[2026-04-18T16:52:49.816Z] [✓] #1185 01185_511252709_10213729758234327_5151107260509679575_n.jpg
[2026-04-18T16:52:49.817Z] [✓] #1184 01184_511086662_10213730828261077_5845241510167952515_n.jpg
[2026-04-18T16:52:49.824Z] [✓] #1183 01183_511152759_10213736257516805_5122382731601721778_n.jpg
[2026-04-18T16:52:49.827Z] [✓] #1177 01177_512660942_10213741759334347_2185909284619817725_n.jpg
[2026-04-18T16:52:49.852Z] [✓] #1188 01188_512833576_10213726519193353_3515882948363792689_n.jpg
[2026-04-18T16:52:49.855Z] [✓] #1187 01187_510967848_10213727542858944_7457668262791596428_n.jpg
[2026-04-18T16:52:49.864Z] [✓] #1189 01189_513229627_10213724640786394_1820315806367582632_n.jpg
[2026-04-18T16:52:49.878Z] [✓] #1186 01186_512676734_10213728559004347_145558199387273737_n.jpg
[2026-04-18T16:52:49.882Z] [✓] #1182 01182_513178182_10213738547494053_3977118012961114276_n.jpg
[2026-04-18T16:52:49.926Z] [✓] #1191 01191_511303785_10213712432321190_7398440172922301117_n.jpg
[2026-04-18T16:52:49.938Z] [✓] #1190 01190_511560608_10213716404540493_2087033722274939215_n.jpg
[2026-04-18T16:52:49.942Z] [✓] #1193 01193_510981533_10213709824736002_3542739092651321219_n.jpg
[2026-04-18T16:52:49.994Z] [✓] #1195 01195_511031433_10213708364739503_8147225467552727440_n.jpg
[2026-04-18T16:52:50.001Z] [✓] #1196 01196_512742628_10213707685322518_2369776681540270269_n.jpg
[2026-04-18T16:52:50.040Z] [✓] #1198 01198_511550003_10213706056401796_4811115313785874157_n.jpg
[2026-04-18T16:52:50.049Z] [✓] #1199 01199_511583055_10213705501347920_7769811829339606446_n.jpg
[2026-04-18T16:52:50.064Z] [✓] #1192 01192_512606355_10213712202195437_647618799242489818_n.jpg
[2026-04-18T16:52:50.081Z] [✓] #1200 01200_510498010_10213700798870361_3384342216247920145_n.jpg
[2026-04-18T16:52:50.091Z] [✓] #1194 01194_510678510_10213709703492971_3994973835694735981_n.jpg
[2026-04-18T16:52:50.096Z] [✓] #1202 01202_510661284_10213699769924638_2881011505140443046_n.jpg
[2026-04-18T16:52:50.097Z] [✓] #1197 01197_510224388_10213707625321018_3875932781117693964_n.jpg
[2026-04-18T16:52:50.149Z] [✓] #1206 01206_510533689_10213697867477078_6738324130092705713_n.jpg
[2026-04-18T16:52:50.154Z] [✓] #1205 01205_510438600_10213697868797111_1697690056089061323_n.jpg
[2026-04-18T16:52:50.158Z] [✓] #1201 01201_512700921_10213699875447276_6337051739677890567_n.jpg
[2026-04-18T16:52:50.168Z] [✓] #1204 01204_510843645_10213697936518804_4539265940167374791_n.jpg
[2026-04-18T16:52:50.200Z] [✓] #1203 01203_511157022_10213698725938539_7931875397034894080_n.jpg
[2026-04-18T16:52:50.203Z] [✓] #1208 01208_510782808_10213697412545705_8413444051973539702_n.jpg
[2026-04-18T16:52:50.219Z] [✓] #1209 01209_510561528_10213696762769461_3070917049258988879_n.jpg
[2026-04-18T16:52:50.260Z] [✓] #1210 01210_510473563_10213696312198197_2142254559711012287_n.jpg
[2026-04-18T16:52:50.290Z] [✓] #1212 01212_509429928_10213694813920741_5679208985085718543_n.jpg
[2026-04-18T16:52:50.291Z] [✓] #1211 01211_510472583_10213695482697460_4544291517298161622_n.jpg
[2026-04-18T16:52:50.320Z] [✓] #1213 01213_510457598_10213691665282027_2903716552185219545_n.jpg
[2026-04-18T16:52:50.321Z] [✓] #1214 01214_511893747_10213687514098250_5855511324035431864_n.jpg
[2026-04-18T16:52:50.344Z] [✓] #1216 01216_509744534_10213684852751718_1012933026748336566_n.jpg
[2026-04-18T16:52:50.373Z] [✓] #1217 01217_509425195_10213684815230780_3966336104981969822_n.jpg
[2026-04-18T16:52:50.380Z] [✓] #1207 01207_511177248_10213697807635582_2250329967944618716_n.jpg
[2026-04-18T16:52:50.420Z] [✓] #1219 01219_509730672_10213683134428761_6566362971997873549_n.jpg
[2026-04-18T16:52:50.427Z] [✓] #1220 01220_509656088_10213682823300983_1174969813236013732_n.jpg
[2026-04-18T16:52:50.435Z] [✓] #1218 01218_503636363_10213683956249306_971317836481926428_n.jpg
[2026-04-18T16:52:50.467Z] [✓] #1221 01221_509410264_10213680173074729_5950756254545264209_n.jpg
[2026-04-18T16:52:50.480Z] [✓] #1222 01222_510482112_10213679580859924_1255596477513725016_n.jpg
[2026-04-18T16:52:50.485Z] [✓] #1223 01223_510946271_10213678649396638_3699495208552163041_n.jpg
[2026-04-18T16:52:50.508Z] [✓] #1215 01215_511001511_10213684852791719_4054768295348233644_n.jpg
[2026-04-18T16:52:50.515Z] [✓] #1225 01225_508690061_10213667503798005_6289871799790978863_n.jpg
[2026-04-18T16:52:50.524Z] [✓] #1226 01226_502561702_10213660562704482_5521064640319672531_n.jpg
[2026-04-18T16:52:50.554Z] [✓] #1228 01228_509432343_10213656416320825_5942245129006317208_n.jpg
[2026-04-18T16:52:50.562Z] [✓] #1224 01224_509954356_10213674290167660_1964306264430933759_n.jpg
[2026-04-18T16:52:50.575Z] [✓] #1229 01229_502575006_10213656414680784_5331983784881896511_n.jpg
[2026-04-18T16:52:50.579Z] [✓] #1230 01230_509599640_10213656414800787_6914139545539797977_n.jpg
[2026-04-18T16:52:50.589Z] [✓] #1232 01232_508996291_10213640849971676_6581476674864663846_n.jpg
[2026-04-18T16:52:50.610Z] [✓] #1235 01235_507529394_10213620869432175_3420632493874591616_n.jpg
[2026-04-18T16:52:50.618Z] [✓] #1234 01234_508171887_10213625078817407_2055052909900721295_n.jpg
[2026-04-18T16:52:50.622Z] [✓] #1231 01231_508708390_10213646189105151_7709598891632080662_n.jpg
[2026-04-18T16:52:50.624Z] [✓] #1227 01227_509363356_10213658213125744_496779701507193737_n.jpg
[2026-04-18T16:52:50.627Z] [✓] #1233 01233_508616782_10213626148244142_7741421746502762112_n.jpg
[2026-04-18T16:52:50.636Z] [✓] #1236 01236_508499411_10213613009915692_2341844605145896998_n.jpg
[2026-04-18T16:52:50.644Z] [✓] #1239 01239_463122262_10212263351655079_1151661853614939971_n.jpg
[2026-04-18T16:52:50.647Z] [✓] #1238 01238_505848618_10213582970284720_8324240455640799156_n.jpg
[2026-04-18T16:52:50.652Z] [✓] #1237 01237_507970882_10213596465702097_4362906166093268027_n.jpg
[2026-04-18T16:52:50.730Z] [✓] #1240 01240_671720572_10215390629475070_4683010358187291477_n.jpg
[2026-04-18T16:52:50.730Z] 
✅ Hoàn thành! Success: 1216 | Failed: 25
[2026-04-18T16:52:50.730Z]    Xem chi tiết lỗi trong download_status.json
