[2026-04-18T09:21:33.532Z] 
════════════════════════════════════════════════════════════
[2026-04-18T09:21:33.533Z]   Facebook Photo Crawler
[2026-04-18T09:21:33.533Z]   Target: https://www.facebook.com/photo.php?fbid=10215390629435069&set=pb.1716781023.-2207520000&type=3&locale=vi_VN
[2026-04-18T09:21:33.534Z]   Output: fb_images_v2.json
[2026-04-18T09:21:33.534Z]   Log:    fb_crawl.log
[2026-04-18T09:21:33.534Z] ════════════════════════════════════════════════════════════
[2026-04-18T09:21:34.404Z] ⚠️  ĐĂNG NHẬP: Điền email/password trong cửa sổ trình duyệt.
[2026-04-18T09:21:34.404Z]    Script chờ tối đa 5 phút. Nhấn Enter khi xong.
[2026-04-18T09:23:05.060Z] [NAV] Chuyển đến https://www.facebook.com/photo.php?fbid=10215390629435069&set=pb.1716781023.-2207520000&type=3&locale=vi_VN ...
[2026-04-18T09:23:10.628Z] [VIEWER] Bắt đầu crawl từ ảnh đầu tiên...
[2026-04-18T09:23:14.148Z] [+] #1 | 671720572_10215390629475070_4683010358187291477_n.jpg
[2026-04-18T09:23:15.953Z] [+] #2 | 672005425_10215390628995058_9064684984611413528_n.jpg
[2026-04-18T09:23:17.758Z] [+] #3 | 672004942_10215390628475045_7856527642505012191_n.jpg
[2026-04-18T09:23:19.556Z] [+] #4 | 659079500_10215275029105133_1005904146930576769_n.jpg
[2026-04-18T09:23:21.347Z] [+] #5 | 658962084_10215275028785125_333575317265123665_n.jpg
[2026-04-18T09:23:23.164Z] [+] #6 | 657284416_10215265463626002_364002008090864155_n.jpg
[2026-04-18T09:23:24.972Z] [+] #7 | 654309737_10215235501076957_5610402859934833648_n.jpg
[2026-04-18T09:23:26.791Z] [+] #8 | 649818666_10215183865506100_6209792486630595601_n.jpg
[2026-04-18T09:23:28.629Z] [+] #9 | 646372354_10215150773718826_1169502362623003917_n.jpg
[2026-04-18T09:23:30.453Z] [+] #10 | 647044674_10215143605339621_4920552433937843586_n.jpg
[2026-04-18T09:23:32.244Z] [+] #11 | 645242734_10215126421670040_858479011150978044_n.jpg
[2026-04-18T09:23:34.055Z] [+] #12 | 644206820_10215126421230029_879963687845648665_n.jpg
[2026-04-18T09:23:35.865Z] [+] #13 | 643426503_10215125868496211_4834417880986585301_n.jpg
[2026-04-18T09:23:37.655Z] [+] #14 | 643765025_10215115609479742_4666800860471357986_n.jpg
[2026-04-18T09:23:39.426Z] [+] #15 | 645107965_10215115594559369_682766947103642040_n.jpg
[2026-04-18T09:23:41.222Z] [+] #16 | 643709764_10215115593919353_8565569088636735157_n.jpg
[2026-04-18T09:23:43.016Z] [+] #17 | 643444881_10215115593559344_1648376218427316425_n.jpg
[2026-04-18T09:23:44.810Z] [+] #18 | 643851387_10215115592479317_2298068440292054283_n.jpg
[2026-04-18T09:23:46.607Z] [+] #19 | 642400053_10215115591719298_2290144033117124261_n.jpg
[2026-04-18T09:23:48.421Z] [+] #20 | 643736341_10215115589719248_4259727757665638701_n.jpg
[2026-04-18T09:23:48.711Z] [VIEWER] Round 20 | Collected: 20
[2026-04-18T09:23:50.218Z] [+] #21 | 641422849_10215115589439241_5004015939810542179_n.jpg
[2026-04-18T09:23:52.015Z] [+] #22 | 643310756_10215115588759224_8200578189669300535_n.jpg
[2026-04-18T09:23:53.805Z] [+] #23 | 642760532_10215115587799200_6468098740557852811_n.jpg
[2026-04-18T09:23:55.577Z] [+] #24 | 643815811_10215115586959179_5737291845591680303_n.jpg
[2026-04-18T09:23:57.378Z] [+] #25 | 644185253_10215115586559169_8032862046532185490_n.jpg
[2026-04-18T09:23:59.177Z] [+] #26 | 642390787_10215115585959154_4030134146697698925_n.jpg
[2026-04-18T09:24:00.974Z] [+] #27 | 642417196_10215115585359139_5084625018364217003_n.jpg
[2026-04-18T09:24:02.759Z] [+] #28 | 640447326_10215088384119125_5143859035612135075_n.jpg
[2026-04-18T09:24:04.554Z] [+] #29 | 641235673_10215088383599112_2844049625161215307_n.jpg
[2026-04-18T09:24:06.355Z] [+] #30 | 641380118_10215088382959096_8718134741142075486_n.jpg
[2026-04-18T09:24:08.149Z] [+] #31 | 639861590_10215071180049034_3836036011525006049_n.jpg
[2026-04-18T09:24:09.945Z] [+] #32 | 637166713_10215071179689025_2256504636431891110_n.jpg
[2026-04-18T09:24:11.742Z] [+] #33 | 637468512_10215071179369017_5146478766394830387_n.jpg
[2026-04-18T09:24:13.555Z] [+] #34 | 634312587_10215039584659169_1434322224345213082_n.jpg
[2026-04-18T09:24:15.355Z] [+] #35 | 631356312_10215029335042935_5987757697334038868_n.jpg
[2026-04-18T09:24:17.140Z] [+] #36 | 631008159_10215011007784765_3076377877311254934_n.jpg
[2026-04-18T09:24:18.939Z] [+] #37 | 626716349_10214981662291146_539585716041912370_n.jpg
[2026-04-18T09:24:20.736Z] [+] #38 | 627038988_10214969827075273_3606855414956498646_n.jpg
[2026-04-18T09:24:22.534Z] [+] #39 | 627600421_10214969826755265_4028385835897305057_n.jpg
[2026-04-18T09:24:24.340Z] [+] #40 | 625902262_10214953056496019_566577580185099709_n.jpg
[2026-04-18T09:24:24.627Z] [VIEWER] Round 40 | Collected: 40
[2026-04-18T09:24:26.136Z] [+] #41 | 624515892_10214953056096009_3046049389256018347_n.jpg
[2026-04-18T09:24:27.924Z] [+] #42 | 623412457_10214953055655998_3462961039870680764_n.jpg
[2026-04-18T09:24:29.720Z] [+] #43 | 623425329_10214953055335990_825775552091457130_n.jpg
[2026-04-18T09:24:31.502Z] [+] #44 | 623654866_10214953054815977_7141291677214244145_n.jpg
[2026-04-18T09:24:33.298Z] [+] #45 | 623419463_10214953054495969_6889284596835370505_n.jpg
[2026-04-18T09:24:35.105Z] [+] #46 | 625255170_10214953054095959_8679293745932778326_n.jpg
[2026-04-18T09:24:36.898Z] [+] #47 | 623411452_10214953053735950_6452179880046595016_n.jpg
[2026-04-18T09:24:38.696Z] [+] #48 | 623402661_10214953053415942_693375129931785974_n.jpg
[2026-04-18T09:24:40.492Z] [+] #49 | 624551338_10214953052975931_3290084667346859699_n.jpg
[2026-04-18T09:24:42.291Z] [+] #50 | 624515892_10214953052575921_331119370700392883_n.jpg
[2026-04-18T09:24:44.086Z] [+] #51 | 623791344_10214953052175911_5391905625804477927_n.jpg
[2026-04-18T09:24:45.879Z] [+] #52 | 622757573_10214953051855903_4238128255544216746_n.jpg
[2026-04-18T09:24:47.670Z] [+] #53 | 623365626_10214953051455893_7916908609241386351_n.jpg
[2026-04-18T09:24:49.473Z] [+] #54 | 622748155_10214953050975881_7157052328223416440_n.jpg
[2026-04-18T09:24:51.267Z] [+] #55 | 622631019_10214953050255863_538195067412053421_n.jpg
[2026-04-18T09:24:53.055Z] [+] #56 | 623408721_10214953049615847_8644098875195899293_n.jpg
[2026-04-18T09:24:54.849Z] [+] #57 | 624338024_10214953049215837_6722411659480959456_n.jpg
[2026-04-18T09:24:56.648Z] [+] #58 | 623750577_10214953048735825_2760721890379042640_n.jpg
[2026-04-18T09:24:58.455Z] [+] #59 | 623363579_10214953048415817_4057015805206370594_n.jpg
[2026-04-18T09:25:00.249Z] [+] #60 | 623220736_10214953048095809_3839394272006626179_n.jpg
[2026-04-18T09:25:00.526Z] [VIEWER] Round 60 | Collected: 60
[2026-04-18T09:25:02.034Z] [+] #61 | 624478025_10214951166808778_4453843046074944968_n.jpg
[2026-04-18T09:25:03.840Z] [+] #62 | 623415958_10214930583134199_5005355315372642507_n.jpg
[2026-04-18T09:25:05.640Z] [+] #63 | 621815080_10214918592154432_5627313964729440470_n.jpg
[2026-04-18T09:25:07.438Z] [+] #64 | 619199263_10214918591594418_5210215225142597410_n.jpg
[2026-04-18T09:25:09.233Z] [+] #65 | 619290020_10214918591114406_5089945480987836625_n.jpg
[2026-04-18T09:25:11.049Z] [+] #66 | 619249087_10214911736023033_3684816870093100962_n.jpg
[2026-04-18T09:25:12.853Z] [+] #67 | 619001235_10214906029080363_5473553315175844510_n.jpg
[2026-04-18T09:25:14.648Z] [+] #68 | 615260583_10214846226985348_1728838529845048546_n.jpg
[2026-04-18T09:25:16.451Z] [+] #69 | 615119454_10214846226465335_1724687832922133419_n.jpg
[2026-04-18T09:25:18.256Z] [+] #70 | 615203237_10214845320762693_1704139491655408078_n.jpg
[2026-04-18T09:25:20.050Z] [+] #71 | 615228580_10214845320362683_1157120804174676073_n.jpg
[2026-04-18T09:25:21.848Z] [+] #72 | 614721060_10214845319882671_5530680583468788480_n.jpg
[2026-04-18T09:25:23.658Z] [+] #73 | 614934886_10214845012194979_773500972526990122_n.jpg
[2026-04-18T09:25:25.454Z] [+] #74 | 612182048_10214829192159488_3527261473827588329_n.jpg
[2026-04-18T09:25:27.245Z] [+] #75 | 612029019_10214829191639475_5754996090785355927_n.jpg
[2026-04-18T09:25:29.039Z] [+] #76 | 611675115_10214824410279944_826206467513795422_n.jpg
[2026-04-18T09:25:30.834Z] [+] #77 | 612006484_10214824409799932_3414410489587311782_n.jpg
[2026-04-18T09:25:32.649Z] [+] #78 | 611644097_10214817862556255_511849431606654756_n.jpg
[2026-04-18T09:25:34.440Z] [+] #79 | 607719233_10214782914922586_2257594684388759294_n.jpg
[2026-04-18T09:25:36.235Z] [+] #80 | 608745761_10214782343908311_2307886855212377194_n.jpg
[2026-04-18T09:25:36.524Z] [VIEWER] Round 80 | Collected: 80
[2026-04-18T09:25:38.033Z] [+] #81 | 607638646_10214782343548302_3960627874908607137_n.jpg
[2026-04-18T09:25:39.834Z] [+] #82 | 606333287_10214772067011395_2714830979536922919_n.jpg
[2026-04-18T09:25:41.629Z] [+] #83 | 608992431_10214772066411380_8132724603635365774_n.jpg
[2026-04-18T09:25:43.432Z] [+] #84 | 603842296_10214766494872095_5969242483380911102_n.jpg
[2026-04-18T09:25:45.221Z] [+] #85 | 606860189_10214766494232079_7253179719626841742_n.jpg
[2026-04-18T09:25:47.005Z] [+] #86 | 605084926_10214742981004263_2408628155359637592_n.jpg
[2026-04-18T09:25:48.801Z] [+] #87 | 605113391_10214729368823967_4893467397891705120_n.jpg
[2026-04-18T09:25:50.604Z] [+] #88 | 605122007_10214729368303954_8333815662862189483_n.jpg
[2026-04-18T09:25:52.412Z] [+] #89 | 600292917_10214721659391236_7068538364443870476_n.jpg
[2026-04-18T09:25:54.214Z] [+] #90 | 599965068_10214716892832075_3607727010301734795_n.jpg
[2026-04-18T09:25:56.007Z] [+] #91 | 599017381_10214703196809683_4617721012122107800_n.jpg
[2026-04-18T09:25:57.812Z] [+] #92 | 600122604_10214703196369672_2050788117669438796_n.jpg
[2026-04-18T09:25:59.624Z] [+] #93 | 597647398_10214667580079287_5351669359578547870_n.jpg
[2026-04-18T09:26:01.426Z] [+] #94 | 597154562_10214665724552900_6901264604151512171_n.jpg
[2026-04-18T09:26:03.220Z] [+] #95 | 598111950_10214661829055515_632316204573141620_n.jpg
[2026-04-18T09:26:05.014Z] [+] #96 | 595862096_10214661828535502_1694558121605963157_n.jpg
[2026-04-18T09:26:06.824Z] [+] #97 | 596817520_10214649297902244_7737618056137308845_n.jpg
[2026-04-18T09:26:08.619Z] [+] #98 | 594225925_10214638324947927_6726958042795663867_n.jpg
[2026-04-18T09:26:10.411Z] [+] #99 | 597341308_10214638324547917_7609845289257523585_n.jpg
[2026-04-18T09:26:12.208Z] [+] #100 | 594066035_10214631711302590_983277028922217781_n.jpg
[2026-04-18T09:26:12.480Z] [VIEWER] Round 100 | Collected: 100
[2026-04-18T09:26:13.989Z] [+] #101 | 593234964_10214615511617608_3539066102970282589_n.jpg
[2026-04-18T09:26:15.779Z] [+] #102 | 593458202_10214615511377602_4632151823993132009_n.jpg
[2026-04-18T09:26:17.572Z] [+] #103 | 593329149_10214610082641887_6668618766904926621_n.jpg
[2026-04-18T09:26:19.372Z] [+] #104 | 589828969_10214575860066344_8239546642060226970_n.jpg
[2026-04-18T09:26:21.162Z] [+] #105 | 587131130_10214559091447139_4633000841629706348_n.jpg
[2026-04-18T09:26:22.957Z] [+] #106 | 587030525_10214559091167132_2448907820524706469_n.jpg
[2026-04-18T09:26:24.753Z] [+] #107 | 588236594_10214553464626472_3407792228045175840_n.jpg
[2026-04-18T09:26:26.551Z] [+] #108 | 586988127_10214553463306439_3654486138637077606_n.jpg
[2026-04-18T09:26:28.355Z] [+] #109 | 587002489_10214549434045710_1748964430326858737_n.jpg
[2026-04-18T09:26:30.161Z] [+] #110 | 585799541_10214549433565698_3010735772448935362_n.jpg
[2026-04-18T09:26:31.959Z] [+] #111 | 585904522_10214543920387872_5981324023533723445_n.jpg
[2026-04-18T09:26:33.750Z] [+] #112 | 586347019_10214542566194018_7487957711410128892_n.jpg
[2026-04-18T09:26:35.549Z] [+] #113 | 584795893_10214539581159394_4998848224900548058_n.jpg
[2026-04-18T09:26:37.326Z] [+] #114 | 584962502_10214539580999390_9155770707605017546_n.jpg
[2026-04-18T09:26:39.112Z] [+] #115 | 584608410_10214531950648636_5187537329213244894_n.jpg
[2026-04-18T09:26:40.908Z] [+] #116 | 585354866_10214531947968569_4157033904075205182_n.jpg
[2026-04-18T09:26:42.706Z] [+] #117 | 582892686_10214521157058803_4834515384750029900_n.jpg
[2026-04-18T09:26:44.498Z] [+] #118 | 584580110_10214515414035231_4270173763022628244_n.jpg
[2026-04-18T09:26:46.294Z] [+] #119 | 583329111_10214515413595220_2637650534352782925_n.jpg
[2026-04-18T09:26:48.075Z] [+] #120 | 581972682_10214515413395215_5072856811225418051_n.jpg
[2026-04-18T09:26:48.365Z] [VIEWER] Round 120 | Collected: 120
[2026-04-18T09:26:49.870Z] [+] #121 | 582010862_10214498997464827_4034515251741188997_n.jpg
[2026-04-18T09:26:51.656Z] [+] #122 | 580569777_10214498795419776_8357304111898963171_n.jpg
[2026-04-18T09:26:53.436Z] [+] #123 | 580575929_10214481393704744_4581377384157883409_n.jpg
[2026-04-18T09:26:55.220Z] [+] #124 | 576999523_10214481372744220_4822873229463966753_n.jpg
[2026-04-18T09:26:57.014Z] [+] #125 | 578003755_10214464146873584_2294482835573663775_n.jpg
[2026-04-18T09:26:58.817Z] [+] #126 | 572269799_10214443793684767_918964818754742934_n.jpg
[2026-04-18T09:27:00.604Z] [+] #127 | 570560691_10214426973344269_4750239367019105320_n.jpg
[2026-04-18T09:27:02.377Z] [+] #128 | 573066074_10214426973184265_224060563223718378_n.jpg
[2026-04-18T09:27:04.167Z] [+] #129 | 571306648_10214426973024261_7658284366836010187_n.jpg
[2026-04-18T09:27:05.962Z] [+] #130 | 571412038_10214426421730479_8359123962354764407_n.jpg
[2026-04-18T09:27:07.755Z] [+] #131 | 571752123_10214426421490473_6833829732781791057_n.jpg
[2026-04-18T09:27:09.550Z] [+] #132 | 573879226_10214419975089317_6281970570235693788_n.jpg
[2026-04-18T09:27:11.352Z] [+] #133 | 571359697_10214419974729308_7091513200236315917_n.jpg
[2026-04-18T09:27:13.129Z] [+] #134 | 569443135_10214419974449301_208722106255299901_n.jpg
[2026-04-18T09:27:14.914Z] [+] #135 | 571157991_10214408683687039_5941964595958507598_n.jpg
[2026-04-18T09:27:16.694Z] [+] #136 | 571254265_10214408683367031_4992803643213443830_n.jpg
[2026-04-18T09:27:18.490Z] [+] #137 | 565827449_10214396933993304_3812063990491116406_n.jpg
[2026-04-18T09:27:20.267Z] [+] #138 | 559066843_10214396934673321_814013732836382257_n.jpg
[2026-04-18T09:27:22.050Z] [+] #139 | 571162161_10214396934593319_3246793697415122688_n.jpg
[2026-04-18T09:27:23.835Z] [+] #140 | 571137176_10214396934473316_7803685045358256898_n.jpg
[2026-04-18T09:27:24.123Z] [VIEWER] Round 140 | Collected: 140
[2026-04-18T09:27:25.630Z] [+] #141 | 560784857_10214337212820312_1919683500004685454_n.jpg
[2026-04-18T09:27:27.406Z] [+] #142 | 560621713_10214337212420302_2573122105170362758_n.jpg
[2026-04-18T09:27:29.178Z] [+] #143 | 565117715_10214337164939115_7410619396320272150_n.jpg
[2026-04-18T09:27:30.995Z] [+] #144 | 561743655_10214327043966097_2710214910491818907_n.jpg
[2026-04-18T09:27:32.786Z] [+] #145 | 558875608_10214310809160237_4777475318416892537_n.jpg
[2026-04-18T09:27:34.580Z] [+] #146 | 558079437_10214310809040234_6143308569762117356_n.jpg
[2026-04-18T09:27:36.392Z] [+] #147 | 557222042_10214263104487650_7787461720176584633_n.jpg
[2026-04-18T09:27:38.191Z] [+] #148 | 555626117_10214263104967662_7072277585817038204_n.jpg
[2026-04-18T09:27:39.966Z] [+] #149 | 555594701_10214240843611142_2527142946172572136_n.jpg
[2026-04-18T09:27:41.759Z] [+] #150 | 555538892_10214240842811122_3034363956807319486_n.jpg
[2026-04-18T09:27:43.566Z] [+] #151 | 555970347_10214240842491114_7001959495489236237_n.jpg
[2026-04-18T09:27:45.360Z] [+] #152 | 554081555_10214235995409940_872086562317146530_n.jpg
[2026-04-18T09:27:47.139Z] [+] #153 | 553670986_10214234581494593_8998815393305923907_n.jpg
[2026-04-18T09:27:48.933Z] [+] #154 | 550994549_10214226090802331_4708910568978258097_n.jpg
[2026-04-18T09:27:50.729Z] [+] #155 | 550952725_10214226090562325_4219934708731655112_n.jpg
[2026-04-18T09:27:52.535Z] [+] #156 | 550216935_10214221136118467_1024662320515078416_n.jpg
[2026-04-18T09:27:54.340Z] [+] #157 | 550170405_10214221135758458_7775392021866188663_n.jpg
[2026-04-18T09:27:56.144Z] [+] #158 | 549013102_10214198724638194_2149526484950200842_n.jpg
[2026-04-18T09:27:57.940Z] [+] #159 | 550094927_10214198724478190_2271323076859886320_n.jpg
[2026-04-18T09:27:59.737Z] [+] #160 | 549207380_10214198724278185_7358824863533536959_n.jpg
[2026-04-18T09:28:00.026Z] [VIEWER] Round 160 | Collected: 160
[2026-04-18T09:28:01.540Z] [+] #161 | 548473240_10214198723558167_3007189880204204697_n.jpg
[2026-04-18T09:28:03.402Z] [+] #162 | 547957262_10214198723638169_7424928237752516501_n.jpg
[2026-04-18T09:28:05.208Z] [+] #163 | 548925888_10214198723598168_6643402888771169565_n.jpg
[2026-04-18T09:28:07.010Z] [+] #164 | 549952218_10214198721558117_3097352461834576461_n.jpg
[2026-04-18T09:28:08.807Z] [+] #165 | 549150581_10214198701397613_3735756587108137778_n.jpg
[2026-04-18T09:28:10.601Z] [+] #166 | 549423888_10214198700117581_7522435063100070818_n.jpg
[2026-04-18T09:28:12.376Z] [+] #167 | 549768052_10214193842276138_1837960795141172401_n.jpg
[2026-04-18T09:28:14.182Z] [+] #168 | 548210355_10214176904332700_2651269120930039093_n.jpg
[2026-04-18T09:28:16.020Z] [+] #169 | 546168116_10214167638501060_4561343868659455500_n.jpg
[2026-04-18T09:28:17.811Z] [+] #170 | 546222604_10214166755478985_4639757054817865174_n.jpg
[2026-04-18T09:28:19.633Z] [+] #171 | 545334997_10214153193899954_8405644779646049245_n.jpg
[2026-04-18T09:28:21.440Z] [+] #172 | 544986105_10214151158369067_1071122130884251475_n.jpg
[2026-04-18T09:28:23.241Z] [+] #173 | 544914457_10214151158769077_4527601789240123559_n.jpg
[2026-04-18T09:28:25.051Z] [+] #174 | 545343286_10214147528838331_4881084312801726475_n.jpg
[2026-04-18T09:28:26.849Z] [+] #175 | 544904712_10214147527398295_4692330383437908834_n.jpg
[2026-04-18T09:28:28.652Z] [+] #176 | 544570536_10214130694337479_100950034869701272_n.jpg
[2026-04-18T09:28:30.454Z] [+] #177 | 539797020_10214121369264358_1698814400660889208_n.jpg
[2026-04-18T09:28:32.239Z] [+] #178 | 540500013_10214109383964733_7164982993176468678_n.jpg
[2026-04-18T09:28:34.057Z] [+] #179 | 541695445_10214098672456952_3881409583911533590_n.jpg
[2026-04-18T09:28:35.859Z] [+] #180 | 536277659_10214088240876169_2417653409942194898_n.jpg
[2026-04-18T09:28:36.149Z] [VIEWER] Round 180 | Collected: 180
[2026-04-18T09:28:37.659Z] [+] #181 | 539568783_10214078767359337_3871096235082479308_n.jpg
[2026-04-18T09:28:39.470Z] [+] #182 | 538450926_10214078767959352_3576253216930107208_n.jpg
[2026-04-18T09:28:41.277Z] [+] #183 | 536279917_10214078766319311_2268261287252935924_n.jpg
[2026-04-18T09:28:43.075Z] [+] #184 | 536272665_10214052882632235_579277014381426025_n.jpg
[2026-04-18T09:28:44.888Z] [+] #185 | 536273438_10214051798445131_2338413850047808328_n.jpg
[2026-04-18T09:28:46.696Z] [+] #186 | 536284594_10214047528738391_32123503211589394_n.jpg
[2026-04-18T09:28:48.492Z] [+] #187 | 532798469_10214016429080919_7862917562352062645_n.jpg
[2026-04-18T09:28:50.287Z] [+] #188 | 533427315_10214016428840913_7551577535479302448_n.jpg
[2026-04-18T09:28:52.060Z] [+] #189 | 532343764_10214015209970442_3669992652553280134_n.jpg
[2026-04-18T09:28:53.863Z] [+] #190 | 530693703_10214010984064797_7158533229259035636_n.jpg
[2026-04-18T09:28:55.679Z] [+] #191 | 531361469_10214007257971647_478267055814584018_n.jpg
[2026-04-18T09:28:57.474Z] [+] #192 | 504381248_10214006037701141_660137812541419414_n.jpg
[2026-04-18T09:28:59.270Z] [+] #193 | 530958220_10214006037501136_9031287988320063786_n.jpg
[2026-04-18T09:29:01.086Z] [+] #194 | 530616100_10213992496762626_5208640821664170355_n.jpg
[2026-04-18T09:29:02.880Z] [+] #195 | 527824417_10213975889147446_7182817294723502921_n.jpg
[2026-04-18T09:29:04.677Z] [+] #196 | 526778216_10213960384879849_7660970832345926930_n.jpg
[2026-04-18T09:29:06.465Z] [+] #197 | 527978022_10213960384559841_2169940394073406420_n.jpg
[2026-04-18T09:29:08.261Z] [+] #198 | 528070615_10213960384479839_8822560489442630543_n.jpg
[2026-04-18T09:29:10.057Z] [+] #199 | 524709562_10213935130168497_2668488349468203510_n.jpg
[2026-04-18T09:29:11.860Z] [+] #200 | 525351220_10213935129728486_7438150533403524664_n.jpg
[2026-04-18T09:29:12.147Z] [VIEWER] Round 200 | Collected: 200
[2026-04-18T09:29:13.661Z] [+] #201 | 525100218_10213935128768462_5120860718684881738_n.jpg
[2026-04-18T09:29:15.453Z] [+] #202 | 525562155_10213934788759962_3222415508332260745_n.jpg
[2026-04-18T09:29:17.239Z] [+] #203 | 524623178_10213934788199948_4639821647240963761_n.jpg
[2026-04-18T09:29:19.031Z] [+] #204 | 525887471_10213934787799938_7069769669242459484_n.jpg
[2026-04-18T09:29:20.831Z] [+] #205 | 524444247_10213929401185276_6828799455648710322_n.jpg
[2026-04-18T09:29:22.628Z] [+] #206 | 524114315_10213929400665263_3742621403420793523_n.jpg
[2026-04-18T09:29:24.447Z] [+] #207 | 515268452_10213922958784220_1074940817990937228_n.jpg
[2026-04-18T09:29:26.244Z] [+] #208 | 522943846_10213919598500215_8439599907629002784_n.jpg
[2026-04-18T09:29:28.050Z] [+] #209 | 523833080_10213919598260209_774264198713868008_n.jpg
[2026-04-18T09:29:29.860Z] [+] #210 | 523360327_10213917511608044_8118582909657329244_n.jpg
[2026-04-18T09:29:31.664Z] [+] #211 | 523727860_10213912266436918_1696838160800974006_n.jpg
[2026-04-18T09:29:33.476Z] [+] #212 | 520226924_10213897327103444_7800261876140191266_n.jpg
[2026-04-18T09:29:35.250Z] [+] #213 | 521207640_10213897148458978_8568422565359734471_n.jpg
[2026-04-18T09:29:37.043Z] [+] #214 | 520538062_10213893081997319_4541713475611722163_n.jpg
[2026-04-18T09:29:38.846Z] [+] #215 | 520044013_10213893081357303_1301699050064988061_n.jpg
[2026-04-18T09:29:40.656Z] [+] #216 | 520550756_10213893081157298_6459727240106655476_n.jpg
[2026-04-18T09:29:42.449Z] [+] #217 | 523475602_10213893080837290_1980051274092624730_n.jpg
[2026-04-18T09:29:44.234Z] [+] #218 | 518236224_10213893080677286_3989969168222007188_n.jpg
[2026-04-18T09:29:46.045Z] [+] #219 | 518787331_10213881857236707_7480926151204851577_n.jpg
[2026-04-18T09:29:47.817Z] [+] #220 | 504381892_10213865478707254_6492681536416201995_n.jpg
[2026-04-18T09:29:48.104Z] [VIEWER] Round 220 | Collected: 220
[2026-04-18T09:29:49.613Z] [+] #221 | 517407897_10213864729608527_5656003382943698020_n.jpg
[2026-04-18T09:29:51.410Z] [+] #222 | 504429359_10213864729368521_6902007492695793288_n.jpg
[2026-04-18T09:29:53.210Z] [+] #223 | 517888254_10213864729128515_7383768461547654751_n.jpg
[2026-04-18T09:29:55.013Z] [+] #224 | 518198407_10213854416870715_5667014855660155916_n.jpg
[2026-04-18T09:29:56.811Z] [+] #225 | 504380914_10213854416310701_6794661648273194627_n.jpg
[2026-04-18T09:29:58.607Z] [+] #226 | 518271397_10213845010715567_5655617234716364388_n.jpg
[2026-04-18T09:30:00.432Z] [+] #227 | 518297260_10213843564239406_2860729213935997789_n.jpg
[2026-04-18T09:30:02.219Z] [+] #228 | 504377967_10213843068027001_1795780370507947537_n.jpg
[2026-04-18T09:30:04.023Z] [+] #229 | 518272582_10213821219720807_4413172433436333001_n.jpg
[2026-04-18T09:30:05.818Z] [+] #230 | 518063299_10213821219600804_4493002415931744297_n.jpg
[2026-04-18T09:30:07.609Z] [+] #231 | 514824469_10213801529228557_4500483483689760442_n.jpg
[2026-04-18T09:30:09.406Z] [+] #232 | 515014156_10213801528948550_1968321276884501962_n.jpg
[2026-04-18T09:30:11.209Z] [+] #233 | 514336595_10213801528428537_1990752987508593093_n.jpg
[2026-04-18T09:30:13.005Z] [+] #234 | 514350261_10213789221240865_970901580496948196_n.jpg
[2026-04-18T09:30:14.807Z] [+] #235 | 514443677_10213789220840855_5496716124740239220_n.jpg
[2026-04-18T09:30:16.610Z] [+] #236 | 514335793_10213788657026760_436390182072931690_n.jpg
[2026-04-18T09:30:18.412Z] [+] #237 | 506797937_10213788656666751_6707168673678266083_n.jpg
[2026-04-18T09:30:20.230Z] [+] #238 | 514343756_10213778464731959_8426535406439695726_n.jpg
[2026-04-18T09:30:22.035Z] [+] #239 | 524101469_10213918659996753_1539993121671946315_n.jpg
[2026-04-18T09:30:23.806Z] [+] #240 | 522647689_10213908216575674_5897748070639493547_n.jpg
[2026-04-18T09:30:24.095Z] [VIEWER] Round 240 | Collected: 240
[2026-04-18T09:30:25.606Z] [+] #241 | 522410647_10213908206895432_6060318512661056293_n.jpg
[2026-04-18T09:30:27.405Z] [+] #242 | 523912199_10213898026480928_61970283568890459_n.jpg
[2026-04-18T09:30:29.203Z] [+] #243 | 518411427_10213898034281123_5776431953387395150_n.jpg
[2026-04-18T09:30:31.007Z] [+] #244 | 518947163_10213898041681308_38987959841352647_n.jpg
[2026-04-18T09:30:32.808Z] [+] #245 | 518347088_10213860216895712_2186878605409471682_n.jpg
[2026-04-18T09:30:34.606Z] [+] #246 | 518271236_10213860220615805_1757115504496130898_n.jpg
[2026-04-18T09:30:36.408Z] [+] #247 | 517441664_10213838668557017_1355045069609138973_n.jpg
[2026-04-18T09:30:38.201Z] [+] #248 | 516952606_10213826341288843_7905218414089824147_n.jpg
[2026-04-18T09:30:39.988Z] [+] #249 | 516602900_10213826362969385_8498960662730327686_n.jpg
[2026-04-18T09:30:41.787Z] [+] #250 | 516920756_10213816494682684_2097593036624392506_n.jpg
[2026-04-18T09:30:43.581Z] [+] #251 | 516466361_10213816490762586_1992632637811094736_n.jpg
[2026-04-18T09:30:45.412Z] [+] #252 | 516512483_10213816074672184_5997716373044304692_n.jpg
[2026-04-18T09:30:47.215Z] [+] #253 | 515012300_10213805563049400_4234621282163488321_n.jpg
[2026-04-18T09:30:49.011Z] [+] #254 | 514416760_10213805552329132_6689354687882788186_n.jpg
[2026-04-18T09:30:50.819Z] [+] #255 | 515542393_10213800828451038_3102614025988819684_n.jpg
[2026-04-18T09:30:52.619Z] [+] #256 | 515995637_10213800824330935_8905178335149285774_n.jpg
[2026-04-18T09:30:54.411Z] [+] #257 | 515706556_10213800821490864_1981656405261094884_n.jpg
[2026-04-18T09:30:56.183Z] [+] #258 | 515513498_10213799791065104_8350239952493035641_n.jpg
[2026-04-18T09:30:57.979Z] [+] #259 | 515492019_10213799808625543_8798710913950966642_n.jpg
[2026-04-18T09:30:59.785Z] [+] #260 | 513873149_10213779520758359_9089880683385801539_n.jpg
[2026-04-18T09:31:00.070Z] [VIEWER] Round 260 | Collected: 260
[2026-04-18T09:31:01.576Z] [+] #261 | 501050929_10213453911898341_359863794639479107_n.jpg
[2026-04-18T09:31:03.359Z] [+] #262 | 513641861_10213772908633060_5675073393405189803_n.jpg
[2026-04-18T09:31:05.176Z] [+] #263 | 514365202_10213772918873316_8501486151829429441_n.jpg
[2026-04-18T09:31:06.992Z] [+] #264 | 513075302_10213770475772240_4879504605072579417_n.jpg
[2026-04-18T09:31:08.795Z] [+] #265 | 513319231_10213770435291228_8092414082161404549_n.jpg
[2026-04-18T09:31:10.591Z] [+] #266 | 514107568_10213770439851342_8894818360897089545_n.jpg
[2026-04-18T09:31:12.371Z] [+] #267 | 513424698_10213770394610211_8431909763120687819_n.jpg
[2026-04-18T09:31:14.167Z] [+] #268 | 513486706_10213770399650337_6849760519757609427_n.jpg
[2026-04-18T09:31:15.981Z] [+] #269 | 514537759_10213770322568410_1648761182493550280_n.jpg
[2026-04-18T09:31:17.784Z] [+] #270 | 503954515_10213770153604186_3907128499575520237_n.jpg
[2026-04-18T09:31:19.602Z] [+] #271 | 514091586_10213770120203351_1589128716237013077_n.jpg
[2026-04-18T09:31:21.404Z] [+] #272 | 514321242_10213770017160775_2326631259517623433_n.jpg
[2026-04-18T09:31:23.207Z] [+] #273 | 513971955_10213770016560760_4519237356073209244_n.jpg
[2026-04-18T09:31:25.009Z] [+] #274 | 514313870_10213770017080773_6689010083519276575_n.jpg
[2026-04-18T09:31:26.817Z] [+] #275 | 514254643_10213770015640737_6548426119395691083_n.jpg
[2026-04-18T09:31:28.616Z] [+] #276 | 512952062_10213770005960495_1450119245704289489_n.jpg
[2026-04-18T09:31:30.413Z] [+] #277 | 514255588_10213770002520409_4384765194151698471_n.jpg
[2026-04-18T09:31:32.216Z] [+] #278 | 513969229_10213770005680488_343587790010523694_n.jpg
[2026-04-18T09:31:34.015Z] [+] #279 | 513385962_10213769695312729_8970816417294646370_n.jpg
[2026-04-18T09:31:35.814Z] [+] #280 | 513110998_10213769694592711_8867141329879774819_n.jpg
[2026-04-18T09:31:36.116Z] [VIEWER] Round 280 | Collected: 280
[2026-04-18T09:31:37.628Z] [+] #281 | 513104093_10213769696792766_4215955449141606717_n.jpg
[2026-04-18T09:31:39.425Z] [+] #282 | 513825568_10213769693912694_7396828772929209476_n.jpg
[2026-04-18T09:31:41.225Z] [+] #283 | 513443814_10213769693552685_2868789803415394001_n.jpg
[2026-04-18T09:31:43.030Z] [+] #284 | 514294840_10213769695152725_3015769855013032187_n.jpg
[2026-04-18T09:31:44.828Z] [+] #285 | 513997371_10213769220700864_1067629211011300736_n.jpg
[2026-04-18T09:31:46.625Z] [+] #286 | 494657076_10213295691502930_1953377222176038345_n.jpg
[2026-04-18T09:31:48.433Z] [+] #287 | 513840513_10213769220460858_4980850069586730599_n.jpg
[2026-04-18T09:31:50.230Z] [+] #288 | 513826594_10213769220900869_2685120458961258505_n.jpg
[2026-04-18T09:31:52.035Z] [+] #289 | 513741864_10213769220300854_6628799474554711163_n.jpg
[2026-04-18T09:31:53.852Z] [+] #290 | 514326850_10213769019335830_2576474033421646652_n.jpg
[2026-04-18T09:31:55.660Z] [+] #291 | 514094341_10213768917213277_2324579889771503492_n.jpg
[2026-04-18T09:31:57.456Z] [+] #292 | 514234475_10213768914013197_1430447697521035544_n.jpg
[2026-04-18T09:31:59.270Z] [+] #293 | 513891453_10213768854131700_7536838553411299865_n.jpg
[2026-04-18T09:32:01.067Z] [+] #294 | 514095658_10213768616605762_8181262419588322586_n.jpg
[2026-04-18T09:32:02.871Z] [+] #295 | 493272673_10213240055112055_2101683424103948925_n.jpg
[2026-04-18T09:32:04.668Z] [+] #296 | 493047052_10213240054552041_3214501892135381828_n.jpg
[2026-04-18T09:32:06.474Z] [+] #297 | 513863190_10213768616445758_5343531044491793311_n.jpg
[2026-04-18T09:32:08.282Z] [+] #298 | 514399944_10213768594205202_3643768744688023958_n.jpg
[2026-04-18T09:32:10.081Z] [+] #299 | 491162854_10213218633656532_6306454760331804405_n.jpg
[2026-04-18T09:32:11.893Z] [+] #300 | 513040044_10213768007310530_2098684561117639198_n.jpg
[2026-04-18T09:32:12.181Z] [VIEWER] Round 300 | Collected: 300
[2026-04-18T09:32:13.691Z] [+] #301 | 513627995_10213768003710440_2339288635782737256_n.jpg
[2026-04-18T09:32:15.487Z] [+] #302 | 514133643_10213768003510435_2994402446149511162_n.jpg
[2026-04-18T09:32:17.284Z] [+] #303 | 514241381_10213767967869544_5706928359857753060_n.jpg
[2026-04-18T09:32:19.062Z] [+] #304 | 514488177_10213767968469559_6623947495102437958_n.jpg
[2026-04-18T09:32:20.868Z] [+] #305 | 513825391_10213767968029548_3069833352845722656_n.jpg
[2026-04-18T09:32:22.678Z] [+] #306 | 513022278_10213766185264980_5062175419063324605_n.jpg
[2026-04-18T09:32:24.483Z] [+] #307 | 513301763_10213765500687866_6287984013292136308_n.jpg
[2026-04-18T09:32:26.300Z] [+] #308 | 511277344_10213765036236255_3826886932074000654_n.jpg
[2026-04-18T09:32:28.097Z] [+] #309 | 513753483_10213763772404660_1106648746544927597_n.jpg
[2026-04-18T09:32:29.894Z] [+] #310 | 514091316_10213763710043101_1163771680018464196_n.jpg
[2026-04-18T09:32:31.691Z] [+] #311 | 514123846_10213763709603090_4597905356369207258_n.jpg
[2026-04-18T09:32:33.489Z] [+] #312 | 481245414_10213055866547456_7761600668282494205_n.jpg
[2026-04-18T09:32:35.261Z] [+] #313 | 513791526_10213763672882172_6283657832525538555_n.jpg
[2026-04-18T09:32:37.074Z] [+] #314 | 514032411_10213763304392960_3948362419531872783_n.jpg
[2026-04-18T09:32:38.869Z] [+] #315 | 513946602_10213763229031076_7785323243219579074_n.jpg
[2026-04-18T09:32:40.672Z] [+] #316 | 513830003_10213763226111003_3348660705664020026_n.jpg
[2026-04-18T09:32:42.450Z] [+] #317 | 512739843_10213763225991000_5777831905244184452_n.jpg
[2026-04-18T09:32:44.230Z] [+] #318 | 514079693_10213763229191080_4312980549291007145_n.jpg
[2026-04-18T09:32:46.030Z] [+] #319 | 513917254_10213763190510113_7304209157270498503_n.jpg
[2026-04-18T09:32:47.807Z] [+] #320 | 513933940_10213763088787570_8345469153870511941_n.jpg
[2026-04-18T09:32:48.068Z] [VIEWER] Round 320 | Collected: 320
[2026-04-18T09:32:49.571Z] [+] #321 | 512652956_10213763091907648_2104016273564612207_n.jpg
[2026-04-18T09:32:51.348Z] [+] #322 | 514069717_10213763091107628_4141604190374702359_n.jpg
[2026-04-18T09:32:53.149Z] [+] #323 | 513924642_10213763089947599_1774089811646681007_n.jpg
[2026-04-18T09:32:54.948Z] [+] #324 | 512749100_10213762754099203_4935851673315624905_n.jpg
[2026-04-18T09:32:56.738Z] [+] #325 | 513689715_10213762572014651_7624936722195796622_n.jpg
[2026-04-18T09:32:58.536Z] [+] #326 | 513489828_10213762575654742_4005308041643499862_n.jpg
[2026-04-18T09:33:00.336Z] [+] #327 | 514069805_10213762574894723_5226757234971121083_n.jpg
[2026-04-18T09:33:02.140Z] [+] #328 | 513292171_10213762575214731_4791533319411010148_n.jpg
[2026-04-18T09:33:03.947Z] [+] #329 | 514518210_10213762540253857_2175893593936838267_n.jpg
[2026-04-18T09:33:05.762Z] [+] #330 | 514106820_10213762543653942_5623211879117909513_n.jpg
[2026-04-18T09:33:07.565Z] [+] #331 | 513859318_10213762161404386_385674236899289415_n.jpg
[2026-04-18T09:33:09.362Z] [+] #332 | 514191707_10213762161364385_603687705041635899_n.jpg
[2026-04-18T09:33:11.187Z] [+] #333 | 514364986_10213761269982101_8032305371427006196_n.jpg
[2026-04-18T09:33:12.982Z] [+] #334 | 513874015_10213761049496589_4126949271796946706_n.jpg
[2026-04-18T09:33:14.779Z] [+] #335 | 514517399_10213761051456638_3421557337125077189_n.jpg
[2026-04-18T09:33:16.584Z] [+] #336 | 512832694_10213761047336535_5185951820775522552_n.jpg
[2026-04-18T09:33:18.391Z] [+] #337 | 514096843_10213761050456613_7991183599649017828_n.jpg
[2026-04-18T09:33:20.185Z] [+] #338 | 513075147_10213761051416637_8815778934649006781_n.jpg
[2026-04-18T09:33:21.994Z] [+] #339 | 476151883_10212790707118636_2557458160177677871_n.jpg
[2026-04-18T09:33:23.770Z] [+] #340 | 511984862_10213760675047228_7863715069204360224_n.jpg
[2026-04-18T09:33:24.059Z] [VIEWER] Round 340 | Collected: 340
[2026-04-18T09:33:25.569Z] [+] #341 | 513349332_10213760675327235_3998586408499544955_n.jpg
[2026-04-18T09:33:27.384Z] [+] #342 | 474584539_10212772030611735_6305064498905960797_n.jpg
[2026-04-18T09:33:29.177Z] [+] #343 | 513175408_10213760533843698_8853194663819922690_n.jpg
[2026-04-18T09:33:30.976Z] [+] #344 | 511984862_10213760529963601_4790496237913485018_n.jpg
[2026-04-18T09:33:32.755Z] [+] #345 | 513217753_10213760530323610_6936240462153242677_n.jpg
[2026-04-18T09:33:34.554Z] [+] #346 | 513267531_10213760528803572_1932193037313042848_n.jpg
[2026-04-18T09:33:36.351Z] [+] #347 | 514184156_10213760508483064_8134823984762082048_n.jpg
[2026-04-18T09:33:38.144Z] [+] #348 | 513459216_10213760507123030_8534625141611263712_n.jpg
[2026-04-18T09:33:39.943Z] [+] #349 | 514366616_10213760309598092_8153121165501856828_n.jpg
[2026-04-18T09:33:41.754Z] [+] #350 | 472887305_10212751634781852_6969702461516990362_n.jpg
[2026-04-18T09:33:43.558Z] [+] #351 | 511544684_10213759954189207_3341602111813484993_n.jpg
[2026-04-18T09:33:45.358Z] [+] #352 | 510651190_10213759958749321_2481431145867719869_n.jpg
[2026-04-18T09:33:47.181Z] [+] #353 | 506406404_10213759902467914_4431460536257245053_n.jpg
[2026-04-18T09:33:48.970Z] [+] #354 | 513095620_10213759389175082_1857053679164045662_n.jpg
[2026-04-18T09:33:50.762Z] [+] #355 | 512794412_10213759390015103_5979187148606625082_n.jpg
[2026-04-18T09:33:52.559Z] [+] #356 | 513489385_10213759349174082_5575826534599518814_n.jpg
[2026-04-18T09:33:54.358Z] [+] #357 | 513889275_10213759347534041_5971570384324067943_n.jpg
[2026-04-18T09:33:56.132Z] [+] #358 | 472255064_10212707521719053_6814766514253014796_n.jpg
[2026-04-18T09:33:57.932Z] [+] #359 | 471307461_10212707521559049_8811651487403471053_n.jpg
[2026-04-18T09:33:59.734Z] [+] #360 | 513484990_10213758944923976_405449527766806932_n.jpg
[2026-04-18T09:34:00.025Z] [VIEWER] Round 360 | Collected: 360
[2026-04-18T09:34:01.537Z] [+] #361 | 513864592_10213758196105256_8598182113450709484_n.jpg
[2026-04-18T09:34:03.337Z] [+] #362 | 514034089_10213758196705271_6907966845637772695_n.jpg
[2026-04-18T09:34:05.146Z] [+] #363 | 513871673_10213758179984853_7786646994630386558_n.jpg
[2026-04-18T09:34:06.949Z] [+] #364 | 513240733_10213758180024854_3489550064280716530_n.jpg
[2026-04-18T09:34:08.752Z] [+] #365 | 513809634_10213757693652695_890253833765866398_n.jpg
[2026-04-18T09:34:10.540Z] [+] #366 | 512699904_10213757694572718_6117091306638059878_n.jpg
[2026-04-18T09:34:12.315Z] [+] #367 | 513360043_10213757695492741_2159950313110802624_n.jpg
[2026-04-18T09:34:14.126Z] [+] #368 | 512655712_10213757550649120_2162190205391961175_n.jpg
[2026-04-18T09:34:15.922Z] [+] #369 | 513483286_10213757549209084_8012010823575946526_n.jpg
[2026-04-18T09:34:17.702Z] [+] #370 | 513599668_10213757501967903_378171323804825078_n.jpg
[2026-04-18T09:34:19.508Z] [+] #371 | 513878144_10213757298482816_553737370731314057_n.jpg
[2026-04-18T09:34:21.307Z] [+] #372 | 512696297_10213757202240410_1148819734956440717_n.jpg
[2026-04-18T09:34:23.107Z] [+] #373 | 513933720_10213757024155958_1235881315033981482_n.jpg
[2026-04-18T09:34:24.907Z] [+] #374 | 513935222_10213757024355963_6352704497115979412_n.jpg
[2026-04-18T09:34:26.706Z] [+] #375 | 513663113_10213757024235960_3459812327770693475_n.jpg
[2026-04-18T09:34:28.484Z] [+] #376 | 513087957_10213757000715372_6318691437587196053_n.jpg
[2026-04-18T09:34:30.280Z] [+] #377 | 513495703_10213756991515142_8744426183723910773_n.jpg
[2026-04-18T09:34:32.080Z] [+] #378 | 513481458_10213756987515042_4263520209106500993_n.jpg
[2026-04-18T09:34:33.880Z] [+] #379 | 512701860_10213756986835025_7783334809901701944_n.jpg
[2026-04-18T09:34:35.682Z] [+] #380 | 513043287_10213756862511917_3200995264282018750_n.jpg
[2026-04-18T09:34:35.976Z] [VIEWER] Round 380 | Collected: 380
[2026-04-18T09:34:37.489Z] [+] #381 | 514098253_10213756863471941_6848469092476010739_n.jpg
[2026-04-18T09:34:39.289Z] [+] #382 | 513048575_10213756230856126_4685099101769379420_n.jpg
[2026-04-18T09:34:41.067Z] [+] #383 | 514332864_10213756156974279_552170479460486816_n.jpg
[2026-04-18T09:34:42.876Z] [+] #384 | 512992444_10213756158414315_3978427630473913773_n.jpg
[2026-04-18T09:34:44.680Z] [+] #385 | 512741027_10213756157254286_1342373212816896297_n.jpg
[2026-04-18T09:34:46.486Z] [+] #386 | 513827138_10213754590935129_57745237726109854_n.jpg
[2026-04-18T09:34:48.291Z] [+] #387 | 512738592_10213754460651872_3236713754958916677_n.jpg
[2026-04-18T09:34:50.089Z] [+] #388 | 513057444_10213753244661473_775962398643406428_n.jpg
[2026-04-18T09:34:51.886Z] [+] #389 | 513497214_10213752999135335_6068324713684688522_n.jpg
[2026-04-18T09:34:53.687Z] [+] #390 | 511312693_10213752998575321_8906392866279729593_n.jpg
[2026-04-18T09:34:55.491Z] [+] #391 | 513827674_10213734605515506_1267061980758585562_n.jpg
[2026-04-18T09:34:57.295Z] [+] #392 | 511023667_10213707638241341_2564333880496474785_n.jpg
[2026-04-18T09:34:59.087Z] [+] #393 | 511534482_10213707638121338_4204716424701431935_n.jpg
[2026-04-18T09:35:00.872Z] [+] #394 | 509993633_10213707638201340_4281981798072204306_n.jpg
[2026-04-18T09:35:02.648Z] [+] #395 | 508998088_10213628510423195_274334610163297563_n.jpg
[2026-04-18T09:35:04.454Z] [+] #396 | 508010523_10213619447396625_7800672485560022722_n.jpg
[2026-04-18T09:35:06.262Z] [+] #397 | 508155046_10213617103098019_5175043806347870450_n.jpg
[2026-04-18T09:35:08.063Z] [+] #398 | 508126306_10213617099657933_7929799638395667954_n.jpg
[2026-04-18T09:35:09.868Z] [+] #399 | 504618094_10213543483017563_7797509061614418778_n.jpg
[2026-04-18T09:35:11.672Z] [+] #400 | 504736844_10213505112778331_1816256950719536832_n.jpg
[2026-04-18T09:35:11.959Z] [VIEWER] Round 400 | Collected: 400
[2026-04-18T09:35:13.470Z] [+] #401 | 504058233_10213486070142277_456419591142106335_n.jpg
[2026-04-18T09:35:15.269Z] [+] #402 | 503928258_10213486070862295_2630083240447630535_n.jpg
[2026-04-18T09:35:17.042Z] [+] #403 | 503492961_10213486068262230_3779830373053356336_n.jpg
[2026-04-18T09:35:18.843Z] [+] #404 | 502490733_10213469718093486_4119843505584426308_n.jpg
[2026-04-18T09:35:20.650Z] [+] #405 | 501598496_10213469718013484_3879997535985365585_n.jpg
[2026-04-18T09:35:22.450Z] [+] #406 | 503419545_10213469715013409_2358471378309498416_n.jpg
[2026-04-18T09:35:24.248Z] [+] #407 | 502551539_10213469718653500_4710997160761277336_n.jpg
[2026-04-18T09:35:26.055Z] [+] #408 | 503244387_10213469714293391_8654401197284113593_n.jpg
[2026-04-18T09:35:27.856Z] [+] #409 | 503276098_10213469719213514_1708877427648628330_n.jpg
[2026-04-18T09:35:29.663Z] [+] #410 | 503289585_10213469715173413_2591179283819282957_n.jpg
[2026-04-18T09:35:31.467Z] [+] #411 | 502496921_10213467255951934_6432007048473175799_n.jpg
[2026-04-18T09:35:33.249Z] [+] #412 | 502719471_10213467255991935_158861554590596875_n.jpg
[2026-04-18T09:35:35.042Z] [+] #413 | 502585337_10213467255671927_8051349004700658668_n.jpg
[2026-04-18T09:35:36.854Z] [+] #414 | 502471711_10213453584930167_4946338869013379046_n.jpg
[2026-04-18T09:35:38.659Z] [+] #415 | 502584233_10213450364009646_8797130498914435268_n.jpg
[2026-04-18T09:35:40.464Z] [+] #416 | 500742574_10213433255061933_3883563029624137575_n.jpg
[2026-04-18T09:35:42.272Z] [+] #417 | 500740508_10213433250581821_7114760936913164714_n.jpg
[2026-04-18T09:35:44.071Z] [+] #418 | 498696791_10213383662102140_6271524103932174535_n.jpg
[2026-04-18T09:35:45.874Z] [+] #419 | 499403349_10213383661382122_4364975222843355603_n.jpg
[2026-04-18T09:35:47.652Z] [+] #420 | 499529428_10213383660382097_2586243333333778332_n.jpg
[2026-04-18T09:35:47.915Z] [VIEWER] Round 420 | Collected: 420
[2026-04-18T09:35:49.428Z] [+] #421 | 499204565_10213377398545555_7297696076887328134_n.jpg
[2026-04-18T09:35:51.236Z] [+] #422 | 496776817_10213351373694950_9087677863012654544_n.jpg
[2026-04-18T09:35:53.047Z] [+] #423 | 496942991_10213350375670000_1119748871443154107_n.jpg
[2026-04-18T09:35:54.857Z] [+] #424 | 497500379_10213346125043737_549017393963741260_n.jpg
[2026-04-18T09:35:56.660Z] [+] #425 | 496928564_10213344192395422_7947024294624264171_n.jpg
[2026-04-18T09:35:58.464Z] [+] #426 | 495956135_10213334684717736_7761047009866725006_n.jpg
[2026-04-18T09:36:00.277Z] [+] #427 | 496395786_10213330851221901_1700592597020003868_n.jpg
[2026-04-18T09:36:02.079Z] [+] #428 | 495949573_10213329428186326_2891455958003421276_n.jpg
[2026-04-18T09:36:03.869Z] [+] #429 | 495743367_10213329428506334_6588624516383750948_n.jpg
[2026-04-18T09:36:05.681Z] [+] #430 | 497538242_10213328836411532_4797261975697790408_n.jpg
[2026-04-18T09:36:07.480Z] [+] #431 | 496624005_10213328835011497_3420108561995454612_n.jpg
[2026-04-18T09:36:09.295Z] [+] #432 | 495514422_10213320257797072_9037552920598435975_n.jpg
[2026-04-18T09:36:11.076Z] [+] #433 | 493730449_10213273119498644_8410091277402472305_n.jpg
[2026-04-18T09:36:12.898Z] [+] #434 | 494686154_10213273058577121_4789224322175873898_n.jpg
[2026-04-18T09:36:14.706Z] [+] #435 | 494414379_10213272852731975_2131071120116337371_n.jpg
[2026-04-18T09:36:16.512Z] [+] #436 | 494371061_10213271010605923_881414657636740476_n.jpg
[2026-04-18T09:36:18.331Z] [+] #437 | 494724292_10213270955964557_7348376879209089873_n.jpg
[2026-04-18T09:36:20.146Z] [+] #438 | 494381701_10213270490752927_4883103290117971268_n.jpg
[2026-04-18T09:36:21.942Z] [+] #439 | 493600374_10213270397830604_2316838045999158618_n.jpg
[2026-04-18T09:36:23.743Z] [+] #440 | 494527566_10213270396830579_7854256043567320890_n.jpg
[2026-04-18T09:36:24.030Z] [VIEWER] Round 440 | Collected: 440
[2026-04-18T09:36:25.541Z] [+] #441 | 494525203_10213270399550647_5151621659139155684_n.jpg
[2026-04-18T09:36:27.344Z] [+] #442 | 494367618_10213260360579679_5946213032261416621_n.jpg
[2026-04-18T09:36:29.143Z] [+] #443 | 494175878_10213260350259421_6145999157382414603_n.jpg
[2026-04-18T09:36:30.935Z] [+] #444 | 494181573_10213260347059341_2313748761884305851_n.jpg
[2026-04-18T09:36:32.727Z] [+] #445 | 493943406_10213259537559104_6296285255866498346_n.jpg
[2026-04-18T09:36:34.552Z] [+] #446 | 493855445_10213256674127520_2512572469277265944_n.jpg
[2026-04-18T09:36:36.357Z] [+] #447 | 493940027_10213252592185474_6267999463462092990_n.jpg
[2026-04-18T09:36:38.155Z] [+] #448 | 494006992_10213252592345478_2567654926182541892_n.jpg
[2026-04-18T09:36:39.931Z] [+] #449 | 493939991_10213252592665486_3577968188310155489_n.jpg
[2026-04-18T09:36:41.730Z] [+] #450 | 493850084_10213252592425480_5561600269284646840_n.jpg
[2026-04-18T09:36:43.534Z] [+] #451 | 493926427_10213250457572110_6437511019099349571_n.jpg
[2026-04-18T09:36:45.333Z] [+] #452 | 494090632_10213250458812141_5637390050403741661_n.jpg
[2026-04-18T09:36:47.130Z] [+] #453 | 493862522_10213250458012121_7977265136268369766_n.jpg
[2026-04-18T09:36:48.917Z] [+] #454 | 493950208_10213250428971395_1942845070123527922_n.jpg
[2026-04-18T09:36:50.722Z] [+] #455 | 492899456_10213249577630112_6426226350666415585_n.jpg
[2026-04-18T09:36:52.546Z] [+] #456 | 494147540_10213243824966299_8887553751562759337_n.jpg
[2026-04-18T09:36:54.345Z] [+] #457 | 493266862_10213237940339187_3367038705449320835_n.jpg
[2026-04-18T09:36:56.117Z] [+] #458 | 493465529_10213237189760423_2478304091719314219_n.jpg
[2026-04-18T09:36:57.918Z] [+] #459 | 494178303_10213237190640445_4361978847167569466_n.jpg
[2026-04-18T09:36:59.717Z] [+] #460 | 494013663_10213236917153608_3603399151184512239_n.jpg
[2026-04-18T09:37:00.015Z] [VIEWER] Round 460 | Collected: 460
[2026-04-18T09:37:01.528Z] [+] #461 | 492537366_10213236920793699_2141952876637147368_n.jpg
[2026-04-18T09:37:03.329Z] [+] #462 | 493965991_10213236921353713_5000145313487511157_n.jpg
[2026-04-18T09:37:05.118Z] [+] #463 | 493503885_10213236921393714_8938051486659669880_n.jpg
[2026-04-18T09:37:06.925Z] [+] #464 | 492498867_10213236906393339_1824518317182908474_n.jpg
[2026-04-18T09:37:08.742Z] [+] #465 | 493904075_10213236532623995_3025430259980067487_n.jpg
[2026-04-18T09:37:10.539Z] [+] #466 | 493698936_10213236175615070_3710120428984305737_n.jpg
[2026-04-18T09:37:12.314Z] [+] #467 | 492486158_10213236175415065_167576528352966093_n.jpg
[2026-04-18T09:37:14.129Z] [+] #468 | 492452269_10213236065412315_584131401069096275_n.jpg
[2026-04-18T09:37:15.937Z] [+] #469 | 493714952_10213235967529868_5461329071169251149_n.jpg
[2026-04-18T09:37:17.727Z] [+] #470 | 492551585_10213233176380091_3014589645113468655_n.jpg
[2026-04-18T09:37:19.528Z] [+] #471 | 491957670_10213233176020082_564001046791080158_n.jpg
[2026-04-18T09:37:21.339Z] [+] #472 | 491291731_10213233129138910_6385715678802939219_n.jpg
[2026-04-18T09:37:23.144Z] [+] #473 | 492521801_10213233129218912_4671171443717609571_n.jpg
[2026-04-18T09:37:24.951Z] [+] #474 | 492499672_10213233034016532_9143765610126065238_n.jpg
[2026-04-18T09:37:26.748Z] [+] #475 | 492330731_10213232818531145_75937037271237229_n.jpg
[2026-04-18T09:37:28.532Z] [+] #476 | 492504068_10213232596365591_729708742892485999_n.jpg
[2026-04-18T09:37:30.316Z] [+] #477 | 492469773_10213232596445593_7362064833713351595_n.jpg
[2026-04-18T09:37:32.124Z] [+] #478 | 492391520_10213232596325590_3333405585073630203_n.jpg
[2026-04-18T09:37:33.932Z] [+] #479 | 492394750_10213232601165711_6135164286773285086_n.jpg
[2026-04-18T09:37:35.713Z] [+] #480 | 492362826_10213231728743901_3227057679381263638_n.jpg
[2026-04-18T09:37:36.000Z] [VIEWER] Round 480 | Collected: 480
[2026-04-18T09:37:37.514Z] [+] #481 | 492992797_10213231729063909_5385864707878106491_n.jpg
[2026-04-18T09:37:39.324Z] [+] #482 | 492551242_10213230565434819_6053890048551814655_n.jpg
[2026-04-18T09:37:41.132Z] [+] #483 | 493747882_10213229739334167_3053814281442303150_n.jpg
[2026-04-18T09:37:42.941Z] [+] #484 | 493003240_10213226574015036_3620391995995385836_n.jpg
[2026-04-18T09:37:44.742Z] [+] #485 | 492500458_10213225129458923_3177690049372510190_n.jpg
[2026-04-18T09:37:46.552Z] [+] #486 | 493332236_10213225129538925_643223441247420123_n.jpg
[2026-04-18T09:37:48.370Z] [+] #487 | 492218781_10213221490727957_5815007643084463173_n.jpg
[2026-04-18T09:37:50.173Z] [+] #488 | 492385962_10213221425766333_1816840449723289220_n.jpg
[2026-04-18T09:37:51.969Z] [+] #489 | 492157660_10213221422206244_2140446213561489209_n.jpg
[2026-04-18T09:37:53.770Z] [+] #490 | 492179242_10213221425086316_6826951563100565308_n.jpg
[2026-04-18T09:37:55.571Z] [+] #491 | 492191567_10213221284322797_7384615155988504682_n.jpg
[2026-04-18T09:37:57.372Z] [+] #492 | 492047342_10213221287122867_2658584914968826280_n.jpg
[2026-04-18T09:37:59.171Z] [+] #493 | 492135430_10213221282082741_7371638359652965455_n.jpg
[2026-04-18T09:38:00.961Z] [+] #494 | 492125783_10213221286402849_9169497537591572654_n.jpg
[2026-04-18T09:38:02.756Z] [+] #495 | 492094775_10213221286082841_649784666861249629_n.jpg
[2026-04-18T09:38:04.531Z] [+] #496 | 492484372_10213221284842810_9161846069760883079_n.jpg
[2026-04-18T09:38:06.305Z] [+] #497 | 492494411_10213221284562803_2878976434785601044_n.jpg
[2026-04-18T09:38:08.091Z] [+] #498 | 492340289_10213221284042790_6275764425583686126_n.jpg
[2026-04-18T09:38:09.898Z] [+] #499 | 491918826_10213218836941614_869313017927056018_n.jpg
[2026-04-18T09:38:11.703Z] [+] #500 | 493320108_10213217701233222_8716993181654473412_n.jpg
[2026-04-18T09:38:11.990Z] [VIEWER] Round 500 | Collected: 500
[2026-04-18T09:38:13.505Z] [+] #501 | 493309302_10213217703073268_8252646782725581493_n.jpg
[2026-04-18T09:38:15.305Z] [+] #502 | 493321028_10213217706713359_7761385507029250252_n.jpg
[2026-04-18T09:38:17.119Z] [+] #503 | 492740451_10213217566869863_8673613775531800327_n.jpg
[2026-04-18T09:38:18.914Z] [+] #504 | 492370930_10213216898773161_1225532278803742814_n.jpg
[2026-04-18T09:38:20.712Z] [+] #505 | 492473874_10213216160754711_6259693442229556553_n.jpg
[2026-04-18T09:38:22.526Z] [+] #506 | 492534974_10213216162674759_5260962692756894671_n.jpg
[2026-04-18T09:38:24.328Z] [+] #507 | 491971645_10213216162314750_4857823441314900262_n.jpg
[2026-04-18T09:38:26.137Z] [+] #508 | 491843757_10213214536754112_4585750031343202673_n.jpg
[2026-04-18T09:38:27.939Z] [+] #509 | 492007751_10213214537114121_5817586056024583013_n.jpg
[2026-04-18T09:38:29.739Z] [+] #510 | 492005225_10213214536594108_3887677879694131259_n.jpg
[2026-04-18T09:38:31.556Z] [+] #511 | 492474512_10213214436071595_4936715765587176545_n.jpg
[2026-04-18T09:38:33.355Z] [+] #512 | 492210022_10213214436111596_7852567694976057531_n.jpg
[2026-04-18T09:38:35.148Z] [+] #513 | 492065658_10213214434671560_6202452831685348250_n.jpg
[2026-04-18T09:38:36.949Z] [+] #514 | 492138619_10213214436031594_8405395190986922061_n.jpg
[2026-04-18T09:38:38.728Z] [+] #515 | 492046233_10213214322708761_6538300916448226175_n.jpg
[2026-04-18T09:38:40.535Z] [+] #516 | 491644280_10213214317988643_3519244634610496156_n.jpg
[2026-04-18T09:38:42.352Z] [+] #517 | 491736917_10213186609575950_3404623717253975912_n.jpg
[2026-04-18T09:38:44.169Z] [+] #518 | 492220071_10213185889277943_1889583249217117042_n.jpg
[2026-04-18T09:38:45.971Z] [+] #519 | 491350294_10213185862117264_6752546105993644901_n.jpg
[2026-04-18T09:38:47.779Z] [+] #520 | 491777042_10213185861477248_8608873520516277120_n.jpg
[2026-04-18T09:38:48.083Z] [VIEWER] Round 520 | Collected: 520
[2026-04-18T09:38:49.589Z] [+] #521 | 491398819_10213185751874508_620103455331126645_n.jpg
[2026-04-18T09:38:51.364Z] [+] #522 | 491813478_10213183534179067_5323935069067686008_n.jpg
[2026-04-18T09:38:53.160Z] [+] #523 | 490878281_10213183385335346_1712734242377798165_n.jpg
[2026-04-18T09:38:54.964Z] [+] #524 | 490750366_10213183388215418_4162423335648320533_n.jpg
[2026-04-18T09:38:56.764Z] [+] #525 | 491834347_10213183388015413_8099706398781035647_n.jpg
[2026-04-18T09:38:58.584Z] [+] #526 | 490955653_10213183386495375_5364658064909056210_n.jpg
[2026-04-18T09:39:00.398Z] [+] #527 | 491804767_10213183388735431_5130479094757692731_n.jpg
[2026-04-18T09:39:02.210Z] [+] #528 | 490733922_10213179503678307_951540159557610925_n.jpg
[2026-04-18T09:39:04.000Z] [+] #529 | 491953240_10213179496038116_5486812215714455853_n.jpg
[2026-04-18T09:39:05.803Z] [+] #530 | 490897661_10213178425971365_5998164549942058082_n.jpg
[2026-04-18T09:39:07.577Z] [+] #531 | 492002692_10213178389370450_2931136595930646994_n.jpg
[2026-04-18T09:39:09.396Z] [+] #532 | 491909904_10213177156139620_1681957163423860962_n.jpg
[2026-04-18T09:39:11.205Z] [+] #533 | 491901784_10213177142699284_3136176638820978581_n.jpg
[2026-04-18T09:39:13.009Z] [+] #534 | 490503884_10213177142419277_1408501249657533923_n.jpg
[2026-04-18T09:39:14.820Z] [+] #535 | 490563728_10213173362804789_4678791930585760829_n.jpg
[2026-04-18T09:39:16.634Z] [+] #536 | 491925595_10213173214401079_6112588589492817996_n.jpg
[2026-04-18T09:39:18.459Z] [+] #537 | 490978047_10213172441341753_7675186145318382709_n.jpg
[2026-04-18T09:39:20.277Z] [+] #538 | 490810806_10213172389420455_122569037953783134_n.jpg
[2026-04-18T09:39:22.092Z] [+] #539 | 491587762_10213171525518858_2663957237538419231_n.jpg
[2026-04-18T09:39:23.908Z] [+] #540 | 490654378_10213167452417033_7482788703715939072_n.jpg
[2026-04-18T09:39:24.205Z] [VIEWER] Round 540 | Collected: 540
[2026-04-18T09:39:25.718Z] [+] #541 | 490494657_10213167354374582_7891768357446407080_n.jpg
[2026-04-18T09:39:27.535Z] [+] #542 | 490704708_10213166163984823_4951396239816759719_n.jpg
[2026-04-18T09:39:29.352Z] [+] #543 | 490782227_10213164327098902_4841813255039030209_n.jpg
[2026-04-18T09:39:31.145Z] [+] #544 | 490385939_10213158305628369_8692964377834050894_n.jpg
[2026-04-18T09:39:32.922Z] [+] #545 | 490536982_10213158303028304_3791199835378839116_n.jpg
[2026-04-18T09:39:34.741Z] [+] #546 | 490985011_10213157816776148_5571208639238764915_n.jpg
[2026-04-18T09:39:36.560Z] [+] #547 | 490246449_10213156801790774_6607358669532240393_n.jpg
[2026-04-18T09:39:38.372Z] [+] #548 | 490726992_10213154770259987_8591685500231595103_n.jpg
[2026-04-18T09:39:40.170Z] [+] #549 | 490343057_10213154770940004_878323665570594913_n.jpg
[2026-04-18T09:39:41.945Z] [+] #550 | 489956013_10213151511498520_1594254761832107495_n.jpg
[2026-04-18T09:39:43.750Z] [+] #551 | 490465554_10213151336614148_7927945136496034384_n.jpg
[2026-04-18T09:39:45.553Z] [+] #552 | 489958285_10213151332814053_5310084028893070704_n.jpg
[2026-04-18T09:39:47.372Z] [+] #553 | 490823763_10213151275612623_3477913644337589520_n.jpg
[2026-04-18T09:39:49.172Z] [+] #554 | 490257006_10213150512193538_1464691785821166456_n.jpg
[2026-04-18T09:39:50.972Z] [+] #555 | 490716371_10213150506953407_6211087912799357314_n.jpg
[2026-04-18T09:39:52.779Z] [+] #556 | 490381409_10213150313428569_4380144475169438006_n.jpg
[2026-04-18T09:39:54.602Z] [+] #557 | 490324352_10213147328953959_4052500709804059633_n.jpg
[2026-04-18T09:39:56.400Z] [+] #558 | 490134830_10213146163244817_1618057492706589359_n.jpg
[2026-04-18T09:39:58.211Z] [+] #559 | 490569661_10213146164444847_2324500240558657789_n.jpg
[2026-04-18T09:40:00.012Z] [+] #560 | 489869536_10213146162324794_3861606900522606414_n.jpg
[2026-04-18T09:40:00.302Z] [VIEWER] Round 560 | Collected: 560
[2026-04-18T09:40:01.814Z] [+] #561 | 490350020_10213146164764855_7574849689493837663_n.jpg
[2026-04-18T09:40:03.618Z] [+] #562 | 489820214_10213145315063613_4614695966582344170_n.jpg
[2026-04-18T09:40:05.424Z] [+] #563 | 490179698_10213145018656203_4202625261819563970_n.jpg
[2026-04-18T09:40:07.247Z] [+] #564 | 490337578_10213145018456198_7181388096574447797_n.jpg
[2026-04-18T09:40:09.048Z] [+] #565 | 490334250_10213144926413897_8872202304153183614_n.jpg
[2026-04-18T09:40:10.846Z] [+] #566 | 490216961_10213144927413922_6148058832519196332_n.jpg
[2026-04-18T09:40:12.645Z] [+] #567 | 490589193_10213144926493899_3542065002565160854_n.jpg
[2026-04-18T09:40:14.444Z] [+] #568 | 490417011_10213144930493999_3683441323561650262_n.jpg
[2026-04-18T09:40:16.237Z] [+] #569 | 490328403_10213144931254018_3318311485080173871_n.jpg
[2026-04-18T09:40:18.015Z] [+] #570 | 490376833_10213144927493924_5971166460341251296_n.jpg
[2026-04-18T09:40:19.814Z] [+] #571 | 490665887_10213144931414022_5118175472484589993_n.jpg
[2026-04-18T09:40:21.626Z] [+] #572 | 490653696_10213144926373896_4392209746052639196_n.jpg
[2026-04-18T09:40:23.428Z] [+] #573 | 490778742_10213144929773981_6983517529421011224_n.jpg
[2026-04-18T09:40:25.235Z] [+] #574 | 490472706_10213144928573951_1861124878843092297_n.jpg
[2026-04-18T09:40:27.046Z] [+] #575 | 490645605_10213144929493974_882701002355029174_n.jpg
[2026-04-18T09:40:28.856Z] [+] #576 | 490181774_10213144930333995_9163434687011157755_n.jpg
[2026-04-18T09:40:30.662Z] [+] #577 | 490442739_10213144930253993_184648928624954794_n.jpg
[2026-04-18T09:40:32.452Z] [+] #578 | 490404725_10213144926453898_5133619039339334318_n.jpg
[2026-04-18T09:40:34.264Z] [+] #579 | 490296832_10213144930173991_8717134420177308967_n.jpg
[2026-04-18T09:40:36.066Z] [+] #580 | 490683141_10213144930854008_6597628888087517735_n.jpg
[2026-04-18T09:40:36.353Z] [VIEWER] Round 580 | Collected: 580
[2026-04-18T09:40:37.869Z] [+] #581 | 490678047_10213144929213967_1458648167428766436_n.jpg
[2026-04-18T09:40:39.669Z] [+] #582 | 490547519_10213144929373971_3854554931894416680_n.jpg
[2026-04-18T09:40:41.477Z] [+] #583 | 490296832_10213144926693904_2010763445819272595_n.jpg
[2026-04-18T09:40:43.278Z] [+] #584 | 490194504_10213144929853983_7849794141845732200_n.jpg
[2026-04-18T09:40:45.083Z] [+] #585 | 490039452_10213143670422498_8350821022777207314_n.jpg
[2026-04-18T09:40:46.881Z] [+] #586 | 490040302_10213141440286746_8851709961717047943_n.jpg
[2026-04-18T09:40:48.657Z] [+] #587 | 490128607_10213139931169019_3485397543128003564_n.jpg
[2026-04-18T09:40:50.461Z] [+] #588 | 489726348_10213138972625056_7253406422900070304_n.jpg
[2026-04-18T09:40:52.242Z] [+] #589 | 489560860_10213138170084993_982418990741806719_n.jpg
[2026-04-18T09:40:54.048Z] [+] #590 | 489908416_10213138053122069_5650736571369861478_n.jpg
[2026-04-18T09:40:55.864Z] [+] #591 | 489673548_10213136516123645_5314788225839506719_n.jpg
[2026-04-18T09:40:57.666Z] [+] #592 | 490141824_10213133824496356_8538640777613898486_n.jpg
[2026-04-18T09:40:59.466Z] [+] #593 | 489746679_10213133822376303_6254255098131958760_n.jpg
[2026-04-18T09:41:01.272Z] [+] #594 | 489885627_10213133807175923_6636024461803109420_n.jpg
[2026-04-18T09:41:03.044Z] [+] #595 | 489437300_10213133717293676_8310079210605369541_n.jpg
[2026-04-18T09:41:04.820Z] [+] #596 | 489647128_10213133631771538_6285844788287393166_n.jpg
[2026-04-18T09:41:06.619Z] [+] #597 | 489785075_10213132644946868_7046538068701357127_n.jpg
[2026-04-18T09:41:08.424Z] [+] #598 | 490020201_10213132643866841_3113281110755880233_n.jpg
[2026-04-18T09:41:10.223Z] [+] #599 | 489444591_10213132644906867_7990794029981743494_n.jpg
[2026-04-18T09:41:12.027Z] [+] #600 | 490175204_10213132645026870_5962517881255125956_n.jpg
[2026-04-18T09:41:12.313Z] [VIEWER] Round 600 | Collected: 600
[2026-04-18T09:41:13.828Z] [+] #601 | 489399451_10213132587785439_6670932987747017301_n.jpg
[2026-04-18T09:41:15.629Z] [+] #602 | 489456539_10213132587945443_8830544103523008355_n.jpg
[2026-04-18T09:41:17.427Z] [+] #603 | 489070240_10213132587905442_4986625771783304485_n.jpg
[2026-04-18T09:41:19.238Z] [+] #604 | 489415734_10213132522703812_3604655779340274254_n.jpg
[2026-04-18T09:41:21.019Z] [+] #605 | 490077422_10213132426141398_6554310510493099296_n.jpg
[2026-04-18T09:41:22.832Z] [+] #606 | 489578727_10213131891008020_7847389177791948814_n.jpg
[2026-04-18T09:41:24.641Z] [+] #607 | 489823137_10213130607415931_3731781143476393774_n.jpg
[2026-04-18T09:41:26.445Z] [+] #608 | 489024777_10213127072927571_7985789052080172676_n.jpg
[2026-04-18T09:41:28.243Z] [+] #609 | 489751346_10213127076527661_9191651453966839292_n.jpg
[2026-04-18T09:41:30.040Z] [+] #610 | 490103489_10213126810561012_638689218213760162_n.jpg
[2026-04-18T09:41:31.854Z] [+] #611 | 489357039_10213126810641014_1899786321302926050_n.jpg
[2026-04-18T09:41:33.657Z] [+] #612 | 490241188_10213126810401008_7569803864100753884_n.jpg
[2026-04-18T09:41:35.463Z] [+] #613 | 489329781_10213125772535062_174368277545103339_n.jpg
[2026-04-18T09:41:37.288Z] [+] #614 | 489772495_10213125146199404_3323981055659682702_n.jpg
[2026-04-18T09:41:39.098Z] [+] #615 | 489539060_10213123790285507_1118050199143811262_n.jpg
[2026-04-18T09:41:40.911Z] [+] #616 | 489537843_10213116095173134_8872219987376230244_n.jpg
[2026-04-18T09:41:42.718Z] [+] #617 | 489450765_10213113465467393_6240937551233312677_n.jpg
[2026-04-18T09:41:44.533Z] [+] #618 | 489413001_10213110670677525_7242918903891549068_n.jpg
[2026-04-18T09:41:46.325Z] [+] #619 | 488580737_10213110416151162_6286104331462496771_n.jpg
[2026-04-18T09:41:48.114Z] [+] #620 | 488420178_10213110413511096_2281654081541953912_n.jpg
[2026-04-18T09:41:48.409Z] [VIEWER] Round 620 | Collected: 620
[2026-04-18T09:41:49.924Z] [+] #621 | 488646668_10213110238586723_1248955230368177473_n.jpg
[2026-04-18T09:41:51.736Z] [+] #622 | 487925756_10213110208345967_4123258143796582845_n.jpg
[2026-04-18T09:41:53.542Z] [+] #623 | 488910791_10213105855277143_1099330777289867831_n.jpg
[2026-04-18T09:41:55.328Z] [+] #624 | 488954398_10213099914448626_1426194538394931143_n.jpg
[2026-04-18T09:41:57.139Z] [+] #625 | 488267618_10213099874087617_364387501060513955_n.jpg
[2026-04-18T09:41:58.939Z] [+] #626 | 488550260_10213099874167619_2943516047187087278_n.jpg
[2026-04-18T09:42:00.741Z] [+] #627 | 488643869_10213099164949889_7471306301119721181_n.jpg
[2026-04-18T09:42:02.547Z] [+] #628 | 488644274_10213099167829961_4246534473486338779_n.jpg
[2026-04-18T09:42:04.346Z] [+] #629 | 488477054_10213099090708033_3226344404688300713_n.jpg
[2026-04-18T09:42:06.145Z] [+] #630 | 488883550_10213099090508028_9193431317214741687_n.jpg
[2026-04-18T09:42:07.952Z] [+] #631 | 488398276_10213094394630634_1859704652228548849_n.jpg
[2026-04-18T09:42:09.755Z] [+] #632 | 487855859_10213094166424929_5331527786223844916_n.jpg
[2026-04-18T09:42:11.530Z] [+] #633 | 487549041_10213092840431780_5928462448481774722_n.jpg
[2026-04-18T09:42:13.332Z] [+] #634 | 488643217_10213092075572659_4774500113642196613_n.jpg
[2026-04-18T09:42:15.152Z] [+] #635 | 487921103_10213087171690065_5564128732678915898_n.jpg
[2026-04-18T09:42:16.958Z] [+] #636 | 487891506_10213086727078950_7268522505859570524_n.jpg
[2026-04-18T09:42:18.775Z] [+] #637 | 487997120_10213086600435784_3141137782381655351_n.jpg
[2026-04-18T09:42:20.583Z] [+] #638 | 488219704_10213084288697992_1356695269926634601_n.jpg
[2026-04-18T09:42:22.390Z] [+] #639 | 488446522_10213082729219006_8335149824702717434_n.jpg
[2026-04-18T09:42:24.197Z] [+] #640 | 487146843_10213074158284738_8392662556199099947_n.jpg
[2026-04-18T09:42:24.488Z] [VIEWER] Round 640 | Collected: 640
[2026-04-18T09:42:26.002Z] [+] #641 | 487942821_10213066899343269_506038807089649326_n.jpg
[2026-04-18T09:42:27.805Z] [+] #642 | 488068392_10213066825421421_2513546739136009899_n.jpg
[2026-04-18T09:42:29.615Z] [+] #643 | 487745270_10213066820341294_2653913156255406403_n.jpg
[2026-04-18T09:42:31.429Z] [+] #644 | 487727695_10213066737419221_7249302779432130805_n.jpg
[2026-04-18T09:42:33.208Z] [+] #645 | 487311600_10213061695493176_6383260236658553220_n.jpg
[2026-04-18T09:42:35.011Z] [+] #646 | 487506100_10213060219096267_2960619815474523735_n.jpg
[2026-04-18T09:42:36.809Z] [+] #647 | 486836550_10213060217736233_3840140213422134215_n.jpg
[2026-04-18T09:42:38.618Z] [+] #648 | 487202255_10213060164334898_1825876287064576061_n.jpg
[2026-04-18T09:42:40.427Z] [+] #649 | 486650553_10213047202690865_6949934961560599715_n.jpg
[2026-04-18T09:42:42.232Z] [+] #650 | 486297336_10213047200970822_546203039141956217_n.jpg
[2026-04-18T09:42:44.041Z] [+] #651 | 486463067_10213044171375084_4825068459296271841_n.jpg
[2026-04-18T09:42:45.857Z] [+] #652 | 486603641_10213044022811370_7905730529603880741_n.jpg
[2026-04-18T09:42:47.664Z] [+] #653 | 486286539_10213030281827854_8548329675215165330_n.jpg
[2026-04-18T09:42:49.465Z] [+] #654 | 486158812_10213028599705802_1961285688824833833_n.jpg
[2026-04-18T09:42:51.268Z] [+] #655 | 485806520_10213028601265841_1824200558609366547_n.jpg
[2026-04-18T09:42:53.080Z] [+] #656 | 485152059_10213023802745881_1061623435559911592_n.jpg
[2026-04-18T09:42:54.906Z] [+] #657 | 485843348_10213023665982462_238250233410755948_n.jpg
[2026-04-18T09:42:56.713Z] [+] #658 | 485786996_10213023319333796_6402288056859602349_n.jpg
[2026-04-18T09:42:58.514Z] [+] #659 | 486149600_10213023316173717_2722138329038569849_n.jpg
[2026-04-18T09:43:00.308Z] [+] #660 | 485382550_10213023318733781_8712639168925212716_n.jpg
[2026-04-18T09:43:00.568Z] [VIEWER] Round 660 | Collected: 660
[2026-04-18T09:43:02.083Z] [+] #661 | 485831931_10213023318653779_6521058502575824500_n.jpg
[2026-04-18T09:43:03.885Z] [+] #662 | 485992224_10213023319373797_9173287538375404212_n.jpg
[2026-04-18T09:43:05.688Z] [+] #663 | 486502748_10213023319253794_6025873832898781728_n.jpg
[2026-04-18T09:43:07.490Z] [+] #664 | 486023821_10213023319053789_1443990351189587854_n.jpg
[2026-04-18T09:43:09.287Z] [+] #665 | 486063482_10213023319013788_2460015936509819545_n.jpg
[2026-04-18T09:43:11.066Z] [+] #666 | 486108241_10213023315693705_872556580700496583_n.jpg
[2026-04-18T09:43:12.866Z] [+] #667 | 485770934_10213023315733706_2414547845252359729_n.jpg
[2026-04-18T09:43:14.668Z] [+] #668 | 486064434_10213023316493725_2179467254841092656_n.jpg
[2026-04-18T09:43:16.461Z] [+] #669 | 486499909_10213023318493775_2664331122164157176_n.jpg
[2026-04-18T09:43:18.255Z] [+] #670 | 485768476_10213021750774583_3149506997811639761_n.jpg
[2026-04-18T09:43:20.056Z] [+] #671 | 485808334_10213021749054540_4789790031590819331_n.jpg
[2026-04-18T09:43:21.858Z] [+] #672 | 486365870_10213021750934587_8198620562469389302_n.jpg
[2026-04-18T09:43:23.672Z] [+] #673 | 486146487_10213021750414574_1141225205953685655_n.jpg
[2026-04-18T09:43:25.476Z] [+] #674 | 485412228_10213019220991340_6140456170692401798_n.jpg
[2026-04-18T09:43:27.279Z] [+] #675 | 486501578_10213019222351374_3615980423043596537_n.jpg
[2026-04-18T09:43:29.091Z] [+] #676 | 485875612_10213017284222922_786746681152100001_n.jpg
[2026-04-18T09:43:30.918Z] [+] #677 | 485383847_10213016560164821_7304294658105279095_n.jpg
[2026-04-18T09:43:32.725Z] [+] #678 | 485777001_10213011702483382_6718475781993578049_n.jpg
[2026-04-18T09:43:34.534Z] [+] #679 | 484846518_10213010704098423_2496704870691124317_n.jpg
[2026-04-18T09:43:36.341Z] [+] #680 | 484855397_10213010533574160_1129571456179335650_n.jpg
[2026-04-18T09:43:36.645Z] [VIEWER] Round 680 | Collected: 680
[2026-04-18T09:43:38.159Z] [+] #681 | 484964355_10213010149244552_3117124184341848050_n.jpg
[2026-04-18T09:43:39.961Z] [+] #682 | 485650517_10213009746834492_4526466716433121532_n.jpg
[2026-04-18T09:43:41.769Z] [+] #683 | 485698251_10213009747274503_1309413273052747906_n.jpg
[2026-04-18T09:43:43.578Z] [+] #684 | 485178567_10213004152494637_2523611560104958184_n.jpg
[2026-04-18T09:43:45.384Z] [+] #685 | 484544488_10212997175160208_6392691307571361407_n.jpg
[2026-04-18T09:43:47.184Z] [+] #686 | 484560538_10212997175040205_8630212905260741429_n.jpg
[2026-04-18T09:43:48.986Z] [+] #687 | 485161566_10212997170960103_2975100006644313095_n.jpg
[2026-04-18T09:43:50.802Z] [+] #688 | 484567944_10212993641551870_6664755850969433383_n.jpg
[2026-04-18T09:43:52.601Z] [+] #689 | 484565524_10212992431201612_3585299927727712314_n.jpg
[2026-04-18T09:43:54.409Z] [+] #690 | 484629906_10212989963659925_2226377935393062555_n.jpg
[2026-04-18T09:43:56.213Z] [+] #691 | 485029722_10212989964619949_322004294475715687_n.jpg
[2026-04-18T09:43:58.025Z] [+] #692 | 484483454_10212987665362469_6141332399104803913_n.jpg
[2026-04-18T09:43:59.847Z] [+] #693 | 484857727_10212987603600925_6383637508884120961_n.jpg
[2026-04-18T09:44:01.651Z] [+] #694 | 484825900_10212986603895933_827786642329321527_n.jpg
[2026-04-18T09:44:03.457Z] [+] #695 | 484869133_10212983474377697_7457745970903466284_n.jpg
[2026-04-18T09:44:05.264Z] [+] #696 | 485143901_10212980958554803_3452581239447776238_n.jpg
[2026-04-18T09:44:07.076Z] [+] #697 | 484311269_10212980895153218_2080854238777392618_n.jpg
[2026-04-18T09:44:08.882Z] [+] #698 | 483521335_10212979024026441_8290028325369766049_n.jpg
[2026-04-18T09:44:10.686Z] [+] #699 | 484487301_10212979023626431_3194336515436898119_n.jpg
[2026-04-18T09:44:12.489Z] [+] #700 | 483098263_10212979021466377_5340091753586128991_n.jpg
[2026-04-18T09:44:12.798Z] [VIEWER] Round 700 | Collected: 700
[2026-04-18T09:44:14.313Z] [+] #701 | 483066078_10212978856902263_1020044134345620143_n.jpg
[2026-04-18T09:44:16.133Z] [+] #702 | 484497586_10212974006821014_5514213814191786667_n.jpg
[2026-04-18T09:44:17.925Z] [+] #703 | 484165270_10212973814896216_3316129016646784841_n.jpg
[2026-04-18T09:44:19.742Z] [+] #704 | 482023803_10212945500068363_8334097973328222770_n.jpg
[2026-04-18T09:44:21.542Z] [+] #705 | 482007493_10212917119358863_91629881595636882_n.jpg
[2026-04-18T09:44:23.345Z] [+] #706 | 482050428_10212917116358788_841215621711680305_n.jpg
[2026-04-18T09:44:25.147Z] [+] #707 | 481265567_10212917118838850_1834161390082663770_n.jpg
[2026-04-18T09:44:26.949Z] [+] #708 | 480969816_10212903859787382_4839384764614257663_n.jpg
[2026-04-18T09:44:28.748Z] [+] #709 | 481202040_10212899722363949_1606383652385556071_n.jpg
[2026-04-18T09:44:30.558Z] [+] #710 | 480756116_10212899720803910_6347548891589802696_n.jpg
[2026-04-18T09:44:32.361Z] [+] #711 | 481229285_10212862497153342_1474614971140746771_n.jpg
[2026-04-18T09:44:34.167Z] [+] #712 | 480687288_10212858678217871_1893172911565359003_n.jpg
[2026-04-18T09:44:35.970Z] [+] #713 | 480572033_10212853037476856_1865146547018261366_n.jpg
[2026-04-18T09:44:37.779Z] [+] #714 | 481074927_10212853039076896_1477154752149525778_n.jpg
[2026-04-18T09:44:39.582Z] [+] #715 | 480310281_10212853037316852_3398300275038790131_n.jpg
[2026-04-18T09:44:41.397Z] [+] #716 | 481220807_10212853031676711_4559180347009210875_n.jpg
[2026-04-18T09:44:43.180Z] [+] #717 | 480312733_10212844782750493_9053770571003298917_n.jpg
[2026-04-18T09:44:44.990Z] [+] #718 | 480440529_10212840138274384_760515378004534897_n.jpg
[2026-04-18T09:44:46.794Z] [+] #719 | 480542882_10212828953594774_3974822542712180611_n.jpg
[2026-04-18T09:44:48.599Z] [+] #720 | 480516015_10212828818231390_4188018919483700552_n.jpg
[2026-04-18T09:44:48.897Z] [VIEWER] Round 720 | Collected: 720
[2026-04-18T09:44:50.412Z] [+] #721 | 480195676_10212828819551423_4499307102959820567_n.jpg
[2026-04-18T09:44:52.213Z] [+] #722 | 480318959_10212828818471396_6325592954752213671_n.jpg
[2026-04-18T09:44:54.018Z] [+] #723 | 480596329_10212828817231365_7130398909700823204_n.jpg
[2026-04-18T09:44:55.825Z] [+] #724 | 479544697_10212824937294369_8350637671436875650_n.jpg
[2026-04-18T09:44:57.632Z] [+] #725 | 480095552_10212824937134365_1536105122162523675_n.jpg
[2026-04-18T09:44:59.444Z] [+] #726 | 480023287_10212824936054338_464886557858046384_n.jpg
[2026-04-18T09:45:01.272Z] [+] #727 | 480174525_10212819965170069_3011944047955730357_n.jpg
[2026-04-18T09:45:03.074Z] [+] #728 | 479711685_10212819963970039_4891319620102238924_n.jpg
[2026-04-18T09:45:04.879Z] [+] #729 | 480226919_10212819966530103_6687971201731947010_n.jpg
[2026-04-18T09:45:06.680Z] [+] #730 | 479512730_10212819965370074_5257390421206651959_n.jpg
[2026-04-18T09:45:08.481Z] [+] #731 | 480129319_10212819965010065_3859576365288566574_n.jpg
[2026-04-18T09:45:10.282Z] [+] #732 | 480187797_10212819966650106_4768337835998983513_n.jpg
[2026-04-18T09:45:12.091Z] [+] #733 | 479241875_10212819964090042_196678061382649333_n.jpg
[2026-04-18T09:45:13.901Z] [+] #734 | 478612964_10212819965210070_9156764916585824595_n.jpg
[2026-04-18T09:45:15.707Z] [+] #735 | 480238883_10212819965330073_4564222275172145543_n.jpg
[2026-04-18T09:45:17.514Z] [+] #736 | 478963172_10212819964530053_4763554754721952107_n.jpg
[2026-04-18T09:45:19.318Z] [+] #737 | 480143026_10212819965250071_1312982802205265402_n.jpg
[2026-04-18T09:45:21.096Z] [+] #738 | 480238212_10212819964330048_5689051601954336157_n.jpg
[2026-04-18T09:45:22.899Z] [+] #739 | 480176200_10212819966010090_7883957188238554733_n.jpg
[2026-04-18T09:45:24.701Z] [+] #740 | 480149552_10212819965730083_6334752458873849325_n.jpg
[2026-04-18T09:45:24.988Z] [VIEWER] Round 740 | Collected: 740
[2026-04-18T09:45:26.502Z] [+] #741 | 480177469_10212819963930038_8246097240226604412_n.jpg
[2026-04-18T09:45:28.306Z] [+] #742 | 478234502_10212819964930063_6764116401998268862_n.jpg
[2026-04-18T09:45:30.108Z] [+] #743 | 479912561_10212819964850061_294878039833567928_n.jpg
[2026-04-18T09:45:31.912Z] [+] #744 | 479265120_10212819963570029_1960472801976030377_n.jpg
[2026-04-18T09:45:33.689Z] [+] #745 | 479395562_10212819965130068_5704560344246623212_n.jpg
[2026-04-18T09:45:35.497Z] [+] #746 | 480210800_10212819964410050_3961101644222552617_n.jpg
[2026-04-18T09:45:37.308Z] [+] #747 | 480201094_10212819963690032_3982071798641153605_n.jpg
[2026-04-18T09:45:39.114Z] [+] #748 | 479470731_10212819964690057_2140569826870071696_n.jpg
[2026-04-18T09:45:40.924Z] [+] #749 | 477786260_10212819966370099_5010743406567609588_n.jpg
[2026-04-18T09:45:42.724Z] [+] #750 | 477782046_10212819965490077_6545702785183235979_n.jpg
[2026-04-18T09:45:44.534Z] [+] #751 | 480201697_10212819966890112_1440691526307460349_n.jpg
[2026-04-18T09:45:46.336Z] [+] #752 | 480256600_10212819966130093_9082299903507039143_n.jpg
[2026-04-18T09:45:48.127Z] [+] #753 | 479184982_10212819694963314_5512012430805263014_n.jpg
[2026-04-18T09:45:49.903Z] [+] #754 | 479710522_10212819690883212_928349182671755080_n.jpg
[2026-04-18T09:45:51.707Z] [+] #755 | 480214682_10212819694243296_2743369068920105551_n.jpg
[2026-04-18T09:45:53.516Z] [+] #756 | 477442428_10212813998980918_6363887751052885262_n.jpg
[2026-04-18T09:45:55.322Z] [+] #757 | 477111788_10212813995980843_4120272367706673598_n.jpg
[2026-04-18T09:45:57.149Z] [+] #758 | 479381828_10212812066132598_8963677629600188957_n.jpg
[2026-04-18T09:45:58.950Z] [+] #759 | 477739855_10212810218006396_3196259831695435306_n.jpg
[2026-04-18T09:46:00.758Z] [+] #760 | 476744454_10212810215166325_5437939772796703418_n.jpg
[2026-04-18T09:46:01.056Z] [VIEWER] Round 760 | Collected: 760
[2026-04-18T09:46:02.572Z] [+] #761 | 476610458_10212807900948471_4375636801323056830_n.jpg
[2026-04-18T09:46:04.389Z] [+] #762 | 476610056_10212807835626838_2917527033309174268_n.jpg
[2026-04-18T09:46:06.194Z] [+] #763 | 476995054_10212807833546786_1953356307863649438_n.jpg
[2026-04-18T09:46:08.001Z] [+] #764 | 476640751_10212807833466784_3852613611952836828_n.jpg
[2026-04-18T09:46:09.811Z] [+] #765 | 477113784_10212807800705965_6699522539840950083_n.jpg
[2026-04-18T09:46:11.625Z] [+] #766 | 476640058_10212807723784042_4119595393011942294_n.jpg
[2026-04-18T09:46:13.428Z] [+] #767 | 477558273_10212807726464109_2153963833309763777_n.jpg
[2026-04-18T09:46:15.235Z] [+] #768 | 476631801_10212807726864119_8287507930162725638_n.jpg
[2026-04-18T09:46:17.048Z] [+] #769 | 476975116_10212806897803393_4884245428761478860_n.jpg
[2026-04-18T09:46:18.853Z] [+] #770 | 477823007_10212806900283455_5519704846000491452_n.jpg
[2026-04-18T09:46:20.655Z] [+] #771 | 476955731_10212806896443359_7442951551224093520_n.jpg
[2026-04-18T09:46:22.458Z] [+] #772 | 473052915_10212734708238699_732039434907481716_n.jpg
[2026-04-18T09:46:24.251Z] [+] #773 | 472572599_10212731969930243_6711129824824952211_n.jpg
[2026-04-18T09:46:26.061Z] [+] #774 | 473027124_10212730905783640_6665154558492658778_n.jpg
[2026-04-18T09:46:27.869Z] [+] #775 | 472746814_10212730694538359_7911603106865211529_n.jpg
[2026-04-18T09:46:29.666Z] [+] #776 | 242570145_10209036564467416_4475788088867910473_n.jpg
[2026-04-18T09:46:31.461Z] [+] #777 | 472920327_10212730697658437_3381418863544548410_n.jpg
[2026-04-18T09:46:33.272Z] [+] #778 | 472931525_10212729182300554_1540784833243393715_n.jpg
[2026-04-18T09:46:35.070Z] [+] #779 | 473008487_10212729182020547_8900470832771390037_n.jpg
[2026-04-18T09:46:36.874Z] [+] #780 | 473014747_10212729177980446_1180475400164941564_n.jpg
[2026-04-18T09:46:37.159Z] [VIEWER] Round 780 | Collected: 780
[2026-04-18T09:46:38.665Z] [+] #781 | 472902565_10212728938694464_4395961940182199618_n.jpg
[2026-04-18T09:46:40.445Z] [+] #782 | 472788331_10212725669172728_2012595640392236621_n.jpg
[2026-04-18T09:46:42.246Z] [+] #783 | 472873177_10212725654332357_3077400888873628303_n.jpg
[2026-04-18T09:46:44.056Z] [+] #784 | 473035209_10212725643292081_4740704357741463158_n.jpg
[2026-04-18T09:46:45.863Z] [+] #785 | 472439821_10212721706993676_18047233415227303_n.jpg
[2026-04-18T09:46:47.690Z] [+] #786 | 472632269_10212718448752222_2877016302198794880_n.jpg
[2026-04-18T09:46:49.490Z] [+] #787 | 225961727_10208925526451535_408162502244963648_n.jpg
[2026-04-18T09:46:51.295Z] [+] #788 | 472106228_10212716302378564_5735424019992712741_n.jpg
[2026-04-18T09:46:53.080Z] [+] #789 | 472398750_10212716304778624_472094210613008408_n.jpg
[2026-04-18T09:46:54.879Z] [+] #790 | 471792564_10212699272992840_5407206202756441419_n.jpg
[2026-04-18T09:46:56.684Z] [+] #791 | 471337289_10212696784170621_4618911708823964521_n.jpg
[2026-04-18T09:46:58.494Z] [+] #792 | 470233320_10212666018361495_1392701661332277919_n.jpg
[2026-04-18T09:47:00.314Z] [+] #793 | 206521407_10208810577817891_7160354094640507838_n.jpg
[2026-04-18T09:47:02.133Z] [+] #794 | 202194682_10208788470665226_7056076914076579923_n.jpg
[2026-04-18T09:47:03.950Z] [+] #795 | 200291479_10208767486940646_5019454912209000991_n.jpg
[2026-04-18T09:47:05.767Z] [+] #796 | 186528667_10208711647224688_584289363165174081_n.jpg
[2026-04-18T09:47:07.576Z] [+] #797 | 183998334_10208671655944931_3520526395074800248_n.jpg
[2026-04-18T09:47:09.384Z] [+] #798 | 183442705_10208657023739135_5546135095163018170_n.jpg
[2026-04-18T09:47:11.194Z] [+] #799 | 177442310_10208620731751858_5431805876938990284_n.jpg
[2026-04-18T09:47:13.007Z] [+] #800 | 177308585_10208610204328679_4607633588045821718_n.jpg
[2026-04-18T09:47:13.288Z] [VIEWER] Round 800 | Collected: 800
[2026-04-18T09:47:14.805Z] [+] #801 | 178090762_10208606099026049_6774609517358930931_n.jpg
[2026-04-18T09:47:16.597Z] [+] #802 | 176854867_10208603279555564_7159299787774997603_n.jpg
[2026-04-18T09:47:18.375Z] [+] #803 | 176229418_10208603279155554_2320290860553794339_n.jpg
[2026-04-18T09:47:20.202Z] [+] #804 | 173429921_10208585022259143_4787017927103683645_n.jpg
[2026-04-18T09:47:22.033Z] [+] #805 | 173948353_10208579873770434_7303249708216697237_n.jpg
[2026-04-18T09:47:23.835Z] [+] #806 | 172383238_10208567991993397_6269423854742737368_n.jpg
[2026-04-18T09:47:25.642Z] [+] #807 | 171093300_10208567991793392_1582355960260848548_n.jpg
[2026-04-18T09:47:27.448Z] [+] #808 | 170245244_10208567991593387_3762097048259310335_n.jpg
[2026-04-18T09:47:29.243Z] [+] #809 | 170332309_10208567991273379_4229495599026490673_n.jpg
[2026-04-18T09:47:31.027Z] [+] #810 | 170637345_10208567991073374_7769886427710007707_n.jpg
[2026-04-18T09:47:32.829Z] [+] #811 | 170209503_10208567990833368_3616894146197914261_n.jpg
[2026-04-18T09:47:34.629Z] [+] #812 | 171790738_10208567990633363_997350128339176246_n.jpg
[2026-04-18T09:47:36.431Z] [+] #813 | 172204951_10208567990433358_1481827749028177542_n.jpg
[2026-04-18T09:47:38.231Z] [+] #814 | 171317903_10208561207583791_1647597237160101264_n.jpg
[2026-04-18T09:47:40.042Z] [+] #815 | 172717020_10208561207183781_3370154069023520441_n.jpg
[2026-04-18T09:47:41.851Z] [+] #816 | 169144565_10208556750232360_629800116028553305_n.jpg
[2026-04-18T09:47:43.670Z] [+] #817 | 169070977_10208543073970462_4422143636683207603_n.jpg
[2026-04-18T09:47:45.497Z] [+] #818 | 167598144_10208540067055291_6050647164277421397_n.jpg
[2026-04-18T09:47:47.322Z] [+] #819 | 168450330_10208535461020143_7783512381638581185_n.jpg
[2026-04-18T09:47:49.124Z] [+] #820 | 164070762_10208502361112666_8426751925288952011_n.jpg
[2026-04-18T09:47:49.390Z] [VIEWER] Round 820 | Collected: 820
[2026-04-18T09:47:50.906Z] [+] #821 | 163612914_10208502360792658_6830495044738216540_n.jpg
[2026-04-18T09:47:52.720Z] [+] #822 | 163025519_10208502360552652_1499092100793797981_n.jpg
[2026-04-18T09:47:54.530Z] [+] #823 | 162499025_10208492170217900_368449556444745103_n.jpg
[2026-04-18T09:47:56.341Z] [+] #824 | 149438138_10208368734612087_4040764490282884331_n.jpg
[2026-04-18T09:47:58.144Z] [+] #825 | 148937353_10208351875230613_1626314229214896725_n.jpg
[2026-04-18T09:47:59.955Z] [+] #826 | 147568363_10208351465020358_3919010386800508174_n.jpg
[2026-04-18T09:48:01.737Z] [+] #827 | 146998955_10208340230019490_8735484363643543490_n.jpg
[2026-04-18T09:48:03.520Z] [+] #828 | 148516361_10208340229779484_2528282573238420356_n.jpg
[2026-04-18T09:48:05.329Z] [+] #829 | 145806727_10208335869350476_6112028215826046283_n.jpg
[2026-04-18T09:48:07.142Z] [+] #830 | 144964475_10208326659360232_4700293242304731319_n.jpg
[2026-04-18T09:48:08.946Z] [+] #831 | 144731449_10208307904371369_2746891192138708507_n.jpg
[2026-04-18T09:48:10.748Z] [+] #832 | 143012354_10208307904091362_683463659565057703_n.jpg
[2026-04-18T09:48:12.557Z] [+] #833 | 145239904_10208307903891357_3850160124148810919_n.jpg
[2026-04-18T09:48:14.359Z] [+] #834 | 144310173_10208307903651351_7630363318961988608_n.jpg
[2026-04-18T09:48:16.172Z] [+] #835 | 143576339_10208305603913859_1720070161235635911_n.jpg
[2026-04-18T09:48:17.985Z] [+] #836 | 143462411_10208290082485833_3276747419563366997_n.jpg
[2026-04-18T09:48:19.791Z] [+] #837 | 139236155_10208243654325158_740546288124303623_n.jpg
[2026-04-18T09:48:21.576Z] [+] #838 | 139592294_10208243571963099_2448562696262866421_n.jpg
[2026-04-18T09:48:23.404Z] [+] #839 | 135817276_10208204656910247_5173489326819999162_n.jpg
[2026-04-18T09:48:25.212Z] [+] #840 | 135244041_10208201232464638_6611586335567061257_n.jpg
[2026-04-18T09:48:25.504Z] [VIEWER] Round 840 | Collected: 840
[2026-04-18T09:48:27.021Z] [+] #841 | 135517448_10208198127027004_3069428278140486845_n.jpg
[2026-04-18T09:48:28.828Z] [+] #842 | 136351929_10208195932852151_6513558847226904336_n.jpg
[2026-04-18T09:48:30.635Z] [+] #843 | 134860473_10208192173478169_1501531883045133364_n.jpg
[2026-04-18T09:48:32.443Z] [+] #844 | 135351728_10208189716216739_840933427786738961_n.jpg
[2026-04-18T09:48:34.253Z] [+] #845 | 135504949_10208186357572775_4012312878272445668_n.jpg
[2026-04-18T09:48:36.065Z] [+] #846 | 135325825_10208183586583502_7522271102206081508_n.jpg
[2026-04-18T09:48:37.887Z] [+] #847 | 133872705_10208175539702335_6471693501015255624_n.jpg
[2026-04-18T09:48:39.696Z] [+] #848 | 134173945_10208167454540211_3092704948150752548_n.jpg
[2026-04-18T09:48:41.511Z] [+] #849 | 132523962_10208158836524766_564774307400076966_n.jpg
[2026-04-18T09:48:43.337Z] [+] #850 | 132875193_10208152052635173_429014172321815853_n.jpg
[2026-04-18T09:48:45.140Z] [+] #851 | 131317785_10208118986648544_6897114751695884308_n.jpg
[2026-04-18T09:48:46.927Z] [+] #852 | 131021641_10208118986568542_4697771226695699498_n.jpg
[2026-04-18T09:48:48.702Z] [+] #853 | 130868610_10208118986368537_5067184658831888817_n.jpg
[2026-04-18T09:48:50.506Z] [+] #854 | 131300116_10208118986088530_3549319486951064613_n.jpg
[2026-04-18T09:48:52.310Z] [+] #855 | 130778413_10208118985808523_6951862324241014385_n.jpg
[2026-04-18T09:48:54.111Z] [+] #856 | 131129761_10208118985728521_8981247093186091580_n.jpg
[2026-04-18T09:48:55.894Z] [+] #857 | 131424898_10208118467275560_2016051185039205001_n.jpg
[2026-04-18T09:48:57.694Z] [+] #858 | 130301463_10208107452400195_2229918709376694852_n.jpg
[2026-04-18T09:48:59.500Z] [+] #859 | 130277173_10208107452160189_8563425508729444924_n.jpg
[2026-04-18T09:49:01.307Z] [+] #860 | 130916251_10208107451840181_7907020816364396705_n.jpg
[2026-04-18T09:49:01.592Z] [VIEWER] Round 860 | Collected: 860
[2026-04-18T09:49:03.109Z] [+] #861 | 131134744_10208107451560174_3690573922810472098_n.jpg
[2026-04-18T09:49:04.910Z] [+] #862 | 130916248_10208107451160164_5600546935919406137_n.jpg
[2026-04-18T09:49:06.718Z] [+] #863 | 131268226_10208107450960159_7943527886862856122_n.jpg
[2026-04-18T09:49:08.523Z] [+] #864 | 130767002_10208107450640151_3126491096923548714_n.jpg
[2026-04-18T09:49:10.317Z] [+] #865 | 130739620_10208107450440146_7783918534628110064_n.jpg
[2026-04-18T09:49:12.095Z] [+] #866 | 130290388_10208104196518800_6471336214176696472_n.jpg
[2026-04-18T09:49:13.912Z] [+] #867 | 129547688_10208075388358614_174727929214745949_n.jpg
[2026-04-18T09:49:15.717Z] [+] #868 | 128834255_10208075388118608_1112959351060364154_n.jpg
[2026-04-18T09:49:17.519Z] [+] #869 | 128208326_10208075387758599_2994833426446094967_n.jpg
[2026-04-18T09:49:19.320Z] [+] #870 | 128582349_10208075387478592_2450288518941879754_n.jpg
[2026-04-18T09:49:21.124Z] [+] #871 | 128422963_10208075387278587_4132658499048920512_n.jpg
[2026-04-18T09:49:22.929Z] [+] #872 | 128516215_10208075387038581_4843558565922409106_n.jpg
[2026-04-18T09:49:24.754Z] [+] #873 | 128421792_10208067558922883_4062149506875736827_n.jpg
[2026-04-18T09:49:26.558Z] [+] #874 | 128402772_10208066970428171_3123477193471248908_n.jpg
[2026-04-18T09:49:28.377Z] [+] #875 | 127625275_10208063495701305_7191274639988702471_n.jpg
[2026-04-18T09:49:30.187Z] [+] #876 | 126495838_10208052800913942_7553690888666971512_n.jpg
[2026-04-18T09:49:31.982Z] [+] #877 | 126834509_10208049361427957_7478786224976929471_n.jpg
[2026-04-18T09:49:33.791Z] [+] #878 | 125499964_10208024627249618_5086097847819831540_n.jpg
[2026-04-18T09:49:35.607Z] [+] #879 | 124016373_10208001006699119_1825117508539329712_n.jpg
[2026-04-18T09:49:37.414Z] [+] #880 | 123247439_10207968720171976_3178414495765829513_n.jpg
[2026-04-18T09:49:37.717Z] [VIEWER] Round 880 | Collected: 880
[2026-04-18T09:49:39.230Z] [+] #881 | 119126293_10207808137557511_1049300469075384321_n.jpg
[2026-04-18T09:49:41.037Z] [+] #882 | 118119790_10207768614089449_4205138618897279168_n.jpg
[2026-04-18T09:49:42.838Z] [+] #883 | 118460070_10207768612649413_1133019997796282735_n.jpg
[2026-04-18T09:49:44.639Z] [+] #884 | 118506311_10207768611329380_6915952830374956186_n.jpg
[2026-04-18T09:49:46.432Z] [+] #885 | 117347715_10207721145342760_8805704408429230183_n.jpg
[2026-04-18T09:49:48.228Z] [+] #886 | 117342485_10207721144822747_1792160047847170623_n.jpg
[2026-04-18T09:49:50.037Z] [+] #887 | 117897643_10207721144462738_723520440942584475_n.jpg
[2026-04-18T09:49:51.850Z] [+] #888 | 118123379_10207721143942725_2605661560033206344_n.jpg
[2026-04-18T09:49:53.669Z] [+] #889 | 117775952_10207718148947852_1365278528049637000_n.jpg
[2026-04-18T09:49:55.462Z] [+] #890 | 117110987_10207700484266246_2246453393941405671_n.jpg
[2026-04-18T09:49:57.265Z] [+] #891 | 116550128_10207700483986239_8283548933806650961_n.jpg
[2026-04-18T09:49:59.066Z] [+] #892 | 116799222_10207700483666231_6023537733160817037_n.jpg
[2026-04-18T09:50:00.878Z] [+] #893 | 116799240_10207669165923307_1951540648231100095_n.jpg
[2026-04-18T09:50:02.667Z] [+] #894 | 116151964_10207661490211419_7110809281676605038_n.jpg
[2026-04-18T09:50:04.477Z] [+] #895 | 106559454_10207570798944194_4117449482857880280_n.jpg
[2026-04-18T09:50:06.301Z] [+] #896 | 101198790_10207417041500354_2355182786056290304_n.jpg
[2026-04-18T09:50:08.111Z] [+] #897 | 94618560_10207269965663550_2333884038940459008_n.jpg
[2026-04-18T09:50:09.933Z] [+] #898 | 93867869_10207229286566598_21675828064550912_n.jpg
[2026-04-18T09:50:11.742Z] [+] #899 | 93587113_10207211795289327_5051659650731081728_n.jpg
[2026-04-18T09:50:13.560Z] [+] #900 | 90355482_10207115472601320_2428705045546532864_n.jpg
[2026-04-18T09:50:13.855Z] [VIEWER] Round 900 | Collected: 900
[2026-04-18T09:50:15.365Z] [+] #901 | 90214579_10207101355648405_8327977011834257408_n.jpg
[2026-04-18T09:50:17.146Z] [+] #902 | 88228329_10207047003169627_5719402889164619776_n.jpg
[2026-04-18T09:50:18.963Z] [+] #903 | 87853954_10207027493521898_6183776024518459392_n.jpg
[2026-04-18T09:50:20.794Z] [+] #904 | 87178998_10206997118642545_8535191888032956416_n.jpg
[2026-04-18T09:50:22.619Z] [+] #905 | 86870645_10206966999649589_5384172909231079424_n.jpg
[2026-04-18T09:50:24.439Z] [+] #906 | 86173161_10206948697432045_4901250029169147904_n.jpg
[2026-04-18T09:50:26.246Z] [+] #907 | 83759082_10206907883051711_3663304750675263488_n.jpg
[2026-04-18T09:50:28.053Z] [+] #908 | 82618824_10206865117702604_912835456985464832_n.jpg
[2026-04-18T09:50:29.876Z] [+] #909 | 82818037_10206827779329168_4855507180062769152_n.jpg
[2026-04-18T09:50:31.683Z] [+] #910 | 81612526_10206769797919669_3003365953149861888_n.jpg
[2026-04-18T09:50:33.485Z] [+] #911 | 81645709_10206769797599661_529087267323510784_n.jpg
[2026-04-18T09:50:35.278Z] [+] #912 | 80861809_10206769797239652_6723566337458700288_n.jpg
[2026-04-18T09:50:37.059Z] [+] #913 | 81402359_10206769796879643_4963775707797782528_n.jpg
[2026-04-18T09:50:38.867Z] [+] #914 | 80359336_10206757214765098_3806241906531237888_n.jpg
[2026-04-18T09:50:40.689Z] [+] #915 | 81633018_10206749680776753_8370746850218606592_n.jpg
[2026-04-18T09:50:42.497Z] [+] #916 | 73005308_10206699336438176_184669291486904320_n.jpg
[2026-04-18T09:50:44.302Z] [+] #917 | 79269984_10206696621690309_7243906165149532160_n.jpg
[2026-04-18T09:50:46.116Z] [+] #918 | 79470291_10206696621450303_5930977161463726080_n.jpg
[2026-04-18T09:50:47.919Z] [+] #919 | 79185156_10206696621130295_1258089757443883008_n.jpg
[2026-04-18T09:50:49.721Z] [+] #920 | 78486465_10206689432470583_6282734643703709696_n.jpg
[2026-04-18T09:50:50.013Z] [VIEWER] Round 920 | Collected: 920
[2026-04-18T09:50:51.529Z] [+] #921 | 73265057_10206689432150575_1956528083464880128_n.jpg
[2026-04-18T09:50:53.333Z] [+] #922 | 76710786_10206676174739148_7040211349657354240_n.jpg
[2026-04-18T09:50:55.138Z] [+] #923 | 79116025_10206676174379139_566562197010907136_n.jpg
[2026-04-18T09:50:56.922Z] [+] #924 | 78315110_10206676173899127_1509824177278812160_n.jpg
[2026-04-18T09:50:58.725Z] [+] #925 | 79297191_10206676173619120_5174852605704142848_n.jpg
[2026-04-18T09:51:00.536Z] [+] #926 | 78103112_10206664893977136_3480293591442522112_n.jpg
[2026-04-18T09:51:02.335Z] [+] #927 | 78272822_10206664893537125_767080725273903104_n.jpg
[2026-04-18T09:51:04.149Z] [+] #928 | 79175651_10206664892857108_5794001381559894016_n.jpg
[2026-04-18T09:51:05.963Z] [+] #929 | 77106446_10206663982954361_3842573034888101888_n.jpg
[2026-04-18T09:51:07.784Z] [+] #930 | 77373253_10206660048616005_1088963952601202688_n.jpg
[2026-04-18T09:51:09.599Z] [+] #931 | 77382831_10206656725132920_5082584209831231488_n.jpg
[2026-04-18T09:51:11.394Z] [+] #932 | 75521787_10206653745378428_2412815010876096512_n.jpg
[2026-04-18T09:51:13.207Z] [+] #933 | 77215749_10206653745018419_9051599557200183296_n.jpg
[2026-04-18T09:51:15.018Z] [+] #934 | 78698680_10206653744538407_9031224013304627200_n.jpg
[2026-04-18T09:51:16.829Z] [+] #935 | 78284873_10206653743818389_6961967069977903104_n.jpg
[2026-04-18T09:51:18.624Z] [+] #936 | 77163996_10206648984099399_1575013096408219648_n.jpg
[2026-04-18T09:51:20.436Z] [+] #937 | 73404084_10206648983579386_7208672860498296832_n.jpg
[2026-04-18T09:51:22.259Z] [+] #938 | 78411504_10206632745413442_5222743655718060032_n.jpg
[2026-04-18T09:51:24.087Z] [+] #939 | 74627122_10206578002284898_4438801004804177920_n.jpg
[2026-04-18T09:51:25.903Z] [+] #940 | 74803364_10206555672406665_5595221885555048448_n.jpg
[2026-04-18T09:51:26.198Z] [VIEWER] Round 940 | Collected: 940
[2026-04-18T09:51:27.714Z] [+] #941 | 75610630_10206538897187295_352916702503108608_n.jpg
[2026-04-18T09:51:29.517Z] [+] #942 | 75362480_10206538896947289_9015019101696819200_n.jpg
[2026-04-18T09:51:31.326Z] [+] #943 | 73058856_10206527710747641_9199347883881529344_n.jpg
[2026-04-18T09:51:33.147Z] [+] #944 | 73191313_10206508949718627_1195427339941445632_n.jpg
[2026-04-18T09:51:34.955Z] [+] #945 | 72273204_10206455290377177_9173675511438639104_n.jpg
[2026-04-18T09:51:36.758Z] [+] #946 | 72189750_10206450864946544_6287229228194725888_n.jpg
[2026-04-18T09:51:38.564Z] [+] #947 | 72119345_10206450864586535_6747267384337235968_n.jpg
[2026-04-18T09:51:40.378Z] [+] #948 | 72385660_10206450864226526_8340850802641862656_n.jpg
[2026-04-18T09:51:42.181Z] [+] #949 | 73023374_10206450863786515_8954543977894248448_n.jpg
[2026-04-18T09:51:43.983Z] [+] #950 | 71889616_10206450863306503_7782927472785358848_n.jpg
[2026-04-18T09:51:45.793Z] [+] #951 | 70506861_10206389721297991_8920264594069389312_n.jpg
[2026-04-18T09:51:47.574Z] [+] #952 | 70539612_10206389721017984_1632890194493440000_n.jpg
[2026-04-18T09:51:49.378Z] [+] #953 | 70954268_10206389720617974_6924268600127651840_n.jpg
[2026-04-18T09:51:51.183Z] [+] #954 | 70526751_10206389720137962_1544034747137654784_n.jpg
[2026-04-18T09:51:52.997Z] [+] #955 | 70383446_10206389719857955_1631354189634338816_n.jpg
[2026-04-18T09:51:54.808Z] [+] #956 | 70728260_10206382500557477_131344446418583552_n.jpg
[2026-04-18T09:51:56.609Z] [+] #957 | 69694522_10206368405525110_2795652465607835648_n.jpg
[2026-04-18T09:51:58.413Z] [+] #958 | 70858871_10206368400524985_8563129125580046336_n.jpg
[2026-04-18T09:52:00.215Z] [+] #959 | 70411920_10206368400164976_8022189814398844928_n.jpg
[2026-04-18T09:52:01.994Z] [+] #960 | 70474916_10206368399764966_820299643563802624_n.jpg
[2026-04-18T09:52:02.258Z] [VIEWER] Round 960 | Collected: 960
[2026-04-18T09:52:03.774Z] [+] #961 | 70089328_10206368399604962_7009020425275441152_n.jpg
[2026-04-18T09:52:05.585Z] [+] #962 | 70209036_10206368399324955_5951363584511442944_n.jpg
[2026-04-18T09:52:07.380Z] [+] #963 | 70046167_10206368398884944_4338475349068218368_n.jpg
[2026-04-18T09:52:09.193Z] [+] #964 | 70452680_10206368398724940_1085664777767747584_n.jpg
[2026-04-18T09:52:10.996Z] [+] #965 | 70312046_10206368398484934_3243290467051241472_n.jpg
[2026-04-18T09:52:12.813Z] [+] #966 | 70584984_10206368397964921_486130619336622080_n.jpg
[2026-04-18T09:52:14.618Z] [+] #967 | 70730167_10206368397804917_1779371858009784320_n.jpg
[2026-04-18T09:52:16.411Z] [+] #968 | 70757902_10206368397564911_3930315561728212992_n.jpg
[2026-04-18T09:52:18.190Z] [+] #969 | 70402839_10206365212405284_5373643071055462400_n.jpg
[2026-04-18T09:52:20.003Z] [+] #970 | 69941179_10206352825015607_8971505804473532416_n.jpg
[2026-04-18T09:52:21.806Z] [+] #971 | 70400028_10206347788569699_2926354548127694848_n.jpg
[2026-04-18T09:52:23.609Z] [+] #972 | 69618583_10206347788289692_7054075774671781888_n.jpg
[2026-04-18T09:52:25.413Z] [+] #973 | 69804919_10206347787729678_5064113423801909248_n.jpg
[2026-04-18T09:52:27.225Z] [+] #974 | 69838496_10206347787489672_4693014179114647552_n.jpg
[2026-04-18T09:52:29.027Z] [+] #975 | 69575457_10206347787329668_4032470753273184256_n.jpg
[2026-04-18T09:52:30.832Z] [+] #976 | 69350506_10206314881627046_5008278402277310464_n.jpg
[2026-04-18T09:52:32.635Z] [+] #977 | 69497959_10206314881427041_8677442471891828736_n.jpg
[2026-04-18T09:52:34.437Z] [+] #978 | 69557737_10206314880947029_4807115856553181184_n.jpg
[2026-04-18T09:52:36.243Z] [+] #979 | 69601446_10206314880867027_4875639152068001792_n.jpg
[2026-04-18T09:52:38.047Z] [+] #980 | 69517151_10206314880707023_3793563068584165376_n.jpg
[2026-04-18T09:52:38.339Z] [VIEWER] Round 980 | Collected: 980
[2026-04-18T09:52:39.857Z] [+] #981 | 69492232_10206297796199921_2368495191809064960_n.jpg
[2026-04-18T09:52:41.677Z] [+] #982 | 68260566_10206256794134895_6668953599202033664_n.jpg
[2026-04-18T09:52:43.485Z] [+] #983 | 67766962_10206243719288032_5475894388263485440_n.jpg
[2026-04-18T09:52:45.290Z] [+] #984 | 67760610_10206243719008025_4110069194425368576_n.jpg
[2026-04-18T09:52:47.091Z] [+] #985 | 67744509_10206210657381505_3090653226341498880_n.jpg
[2026-04-18T09:52:48.871Z] [+] #986 | 66847992_10206177406710259_7290820320557006848_n.jpg
[2026-04-18T09:52:50.675Z] [+] #987 | 66999919_10206177406430252_7428703974942834688_n.jpg
[2026-04-18T09:52:52.487Z] [+] #988 | 67445521_10206177406070243_4909368853093416960_n.jpg
[2026-04-18T09:52:54.298Z] [+] #989 | 66687230_10206177405750235_6031028433213980672_n.jpg
[2026-04-18T09:52:56.107Z] [+] #990 | 67088552_10206174109907841_8274000946644647936_n.jpg
[2026-04-18T09:52:57.930Z] [+] #991 | 67255665_10206153605955255_4122451215772549120_n.jpg
[2026-04-18T09:52:59.735Z] [+] #992 | 66228587_10206130726863292_8280752725428273152_n.jpg
[2026-04-18T09:53:01.539Z] [+] #993 | 66411850_10206130726583285_7190312472308350976_n.jpg
[2026-04-18T09:53:03.343Z] [+] #994 | 66188772_10206130726183275_6862129322526769152_n.jpg
[2026-04-18T09:53:05.149Z] [+] #995 | 65797736_10206115258796600_7435997314742747136_n.jpg
[2026-04-18T09:53:06.947Z] [+] #996 | 64483538_10206062722443224_6681208837409603584_n.jpg
[2026-04-18T09:53:08.737Z] [+] #997 | 64820102_10206062722083215_6613914516721762304_n.jpg
[2026-04-18T09:53:10.543Z] [+] #998 | 64833518_10206062721683205_6778799780094017536_n.jpg
[2026-04-18T09:53:12.349Z] [+] #999 | 64519371_10206062721363197_509700102776946688_n.jpg
[2026-04-18T09:53:14.154Z] [+] #1000 | 64668743_10206062721003188_6353003860604223488_n.jpg
[2026-04-18T09:53:14.444Z] [VIEWER] Round 1000 | Collected: 1000
[2026-04-18T09:53:15.961Z] [+] #1001 | 65083786_10206056690772436_505132503841898496_n.jpg
[2026-04-18T09:53:17.768Z] [+] #1002 | 62482547_10206035590084932_8191572496940531712_n.jpg
[2026-04-18T09:53:19.574Z] [+] #1003 | 62396673_10206035589004905_3479291927759683584_n.jpg
[2026-04-18T09:53:21.373Z] [+] #1004 | 62445058_10206033525553320_7383726643627425792_n.jpg
[2026-04-18T09:53:23.174Z] [+] #1005 | 63918586_10206033525193311_680411721214459904_n.jpg
[2026-04-18T09:53:24.961Z] [+] #1006 | 62324568_10206029676097086_7528251812101488640_n.jpg
[2026-04-18T09:53:26.781Z] [+] #1007 | 62170908_10206017021460728_866646335007227904_n.jpg
[2026-04-18T09:53:28.588Z] [+] #1008 | 61547043_10205998802125256_8495492749401784320_n.jpg
[2026-04-18T09:53:30.396Z] [+] #1009 | 61825509_10205998801685245_6995271371672518656_n.jpg
[2026-04-18T09:53:32.191Z] [+] #1010 | 61517564_10205998801325236_307708795868413952_n.jpg
[2026-04-18T09:53:33.978Z] [+] #1011 | 61603895_10205998801005228_4957534746654539776_n.jpg
[2026-04-18T09:53:35.789Z] [+] #1012 | 61150600_10205966238871195_7111914720562511872_n.jpg
[2026-04-18T09:53:37.622Z] [+] #1013 | 60605509_10205956570789499_1486682219178098688_n.jpg
[2026-04-18T09:53:39.423Z] [+] #1014 | 60583978_10205941474812109_6279789953996029952_n.jpg
[2026-04-18T09:53:41.247Z] [+] #1015 | 60060839_10205917965584393_4618553855817285632_n.jpg
[2026-04-18T09:53:43.064Z] [+] #1016 | 59905982_10205915527523443_28435505293033472_n.jpg
[2026-04-18T09:53:44.869Z] [+] #1017 | 59625440_10205911378819728_3236470630215843840_n.jpg
[2026-04-18T09:53:46.676Z] [+] #1018 | 60254747_10205911378539721_7836982007027466240_n.jpg
[2026-04-18T09:53:48.469Z] [+] #1019 | 57649075_10205859647726483_3344269151089721344_n.jpg
[2026-04-18T09:53:50.282Z] [+] #1020 | 57417776_10205847628306005_4711610953714630656_n.jpg
[2026-04-18T09:53:50.574Z] [VIEWER] Round 1020 | Collected: 1020
[2026-04-18T09:53:52.094Z] [+] #1021 | 57348107_10205847627905995_4141132369300029440_n.jpg
[2026-04-18T09:53:53.893Z] [+] #1022 | 57821648_10205847626945971_4282974235481079808_n.jpg
[2026-04-18T09:53:55.683Z] [+] #1023 | 58378902_10205847626505960_4225214321283563520_n.jpg
[2026-04-18T09:53:57.486Z] [+] #1024 | 57008993_10205847626225953_9011566854228934656_n.jpg
[2026-04-18T09:53:59.286Z] [+] #1025 | 57583181_10205847625625938_4643191196976414720_n.jpg
[2026-04-18T09:54:01.091Z] [+] #1026 | 57581507_10205847625465934_984571130339655680_n.jpg
[2026-04-18T09:54:02.898Z] [+] #1027 | 57277931_10205847625145926_5679568188480684032_n.jpg
[2026-04-18T09:54:04.700Z] [+] #1028 | 58003853_10205847624825918_7652638858177150976_n.jpg
[2026-04-18T09:54:06.504Z] [+] #1029 | 57548450_10205847624265904_2305267797128642560_n.jpg
[2026-04-18T09:54:08.313Z] [+] #1030 | 57387368_10205847622185852_7183258018589442048_n.jpg
[2026-04-18T09:54:10.116Z] [+] #1031 | 58381434_10205847619065774_1844636463052881920_n.jpg
[2026-04-18T09:54:11.922Z] [+] #1032 | 57595667_10205847618745766_6255696033574027264_n.jpg
[2026-04-18T09:54:13.718Z] [+] #1033 | 57534166_10205847618545761_166669302592700416_n.jpg
[2026-04-18T09:54:15.498Z] [+] #1034 | 57548427_10205847617145726_1509859434665345024_n.jpg
[2026-04-18T09:54:17.298Z] [+] #1035 | 57343555_10205847616745716_1827252866390163456_n.jpg
[2026-04-18T09:54:19.104Z] [+] #1036 | 57541828_10205847616345706_718214077733666816_n.jpg
[2026-04-18T09:54:20.918Z] [+] #1037 | 58442077_10205847616105700_2779835269287772160_n.jpg
[2026-04-18T09:54:22.722Z] [+] #1038 | 57434146_10205847615745691_4379353945848414208_n.jpg
[2026-04-18T09:54:24.530Z] [+] #1039 | 57441704_10205847615105675_4920415835396243456_n.jpg
[2026-04-18T09:54:26.335Z] [+] #1040 | 57503080_10205847614625663_1619256550956728320_n.jpg
[2026-04-18T09:54:26.624Z] [VIEWER] Round 1040 | Collected: 1040
[2026-04-18T09:54:28.142Z] [+] #1041 | 57586951_10205847614505660_5447151114203955200_n.jpg
[2026-04-18T09:54:29.939Z] [+] #1042 | 57484666_10205847614065649_8042231952868114432_n.jpg
[2026-04-18T09:54:31.729Z] [+] #1043 | 57418979_10205842008965525_6267397955439820800_n.jpg
[2026-04-18T09:54:33.540Z] [+] #1044 | 57308652_10205839418900775_1037843478022717440_n.jpg
[2026-04-18T09:54:35.351Z] [+] #1045 | 57319867_10205839418300760_5303118956435865600_n.jpg
[2026-04-18T09:54:37.158Z] [+] #1046 | 57272084_10205821169084541_7984995354665811968_n.jpg
[2026-04-18T09:54:38.971Z] [+] #1047 | 53730271_10205741648056565_8975922834740084736_n.jpg
[2026-04-18T09:54:40.777Z] [+] #1048 | 54041384_10205732692952693_1469163017512943616_n.jpg
[2026-04-18T09:54:42.586Z] [+] #1049 | 53749494_10205703140293895_8135751790541930496_n.jpg
[2026-04-18T09:54:44.396Z] [+] #1050 | 52809969_10205658289932664_8553084515629662208_n.jpg
[2026-04-18T09:54:46.202Z] [+] #1051 | 52596265_10205620154819310_1959854295117463552_n.jpg
[2026-04-18T09:54:48.010Z] [+] #1052 | 52387427_10205620154379299_3244193144622809088_n.jpg
[2026-04-18T09:54:49.820Z] [+] #1053 | 52144337_10205620153939288_605464773827493888_n.jpg
[2026-04-18T09:54:51.622Z] [+] #1054 | 51723291_10205598072147257_9059475002507657216_n.jpg
[2026-04-18T09:54:53.427Z] [+] #1055 | 51832436_10205598070427214_3289887971699851264_n.jpg
[2026-04-18T09:54:55.234Z] [+] #1056 | 51716690_10205573045561608_3178678692742168576_n.jpg
[2026-04-18T09:54:57.041Z] [+] #1057 | 51565914_10205573045321602_9150154823121764352_n.jpg
[2026-04-18T09:54:58.846Z] [+] #1058 | 51419486_10205573045081596_8626952073310633984_n.jpg
[2026-04-18T09:55:00.660Z] [+] #1059 | 51172585_10205559667587167_3714944486799835136_n.jpg
[2026-04-18T09:55:02.452Z] [+] #1060 | 51293351_10205559667187157_5335068251783168000_n.jpg
[2026-04-18T09:55:02.715Z] [VIEWER] Round 1060 | Collected: 1060
[2026-04-18T09:55:04.232Z] [+] #1061 | 51489252_10205559644906600_1260240320583434240_n.jpg
[2026-04-18T09:55:06.034Z] [+] #1062 | 51098591_10205559644666594_385696090474676224_n.jpg
[2026-04-18T09:55:07.837Z] [+] #1063 | 51351591_10205559644266584_2556272811257626624_n.jpg
[2026-04-18T09:55:09.644Z] [+] #1064 | 51446503_10205559643466564_1920047150943698944_n.jpg
[2026-04-18T09:55:11.468Z] [+] #1065 | 50902169_10205559641346511_7812222839120986112_n.jpg
[2026-04-18T09:55:13.283Z] [+] #1066 | 51051988_10205540880517502_4911150886564134912_n.jpg
[2026-04-18T09:55:15.086Z] [+] #1067 | 50640936_10205540880197494_5673395281094246400_n.jpg
[2026-04-18T09:55:16.887Z] [+] #1068 | 50883671_10205540879877486_2197792468248821760_n.jpg
[2026-04-18T09:55:18.675Z] [+] #1069 | 50781391_10205540879477476_142451871796166656_n.jpg
[2026-04-18T09:55:20.475Z] [+] #1070 | 51231920_10205538114248347_4209876756846346240_n.jpg
[2026-04-18T09:55:22.267Z] [+] #1071 | 50458338_10205535930153746_4616787537631903744_n.jpg
[2026-04-18T09:55:24.074Z] [+] #1072 | 50439781_10205504382205067_4075129974774824960_n.jpg
[2026-04-18T09:55:25.890Z] [+] #1073 | 49373629_10205504380445023_295342799044214784_n.jpg
[2026-04-18T09:55:27.697Z] [+] #1074 | 50264376_10205489003940620_1320163618397880320_n.jpg
[2026-04-18T09:55:29.506Z] [+] #1075 | 49701108_10205482066647192_280740305374806016_n.jpg
[2026-04-18T09:55:31.337Z] [+] #1076 | 49255428_10205478620601043_6891537225595486208_n.jpg
[2026-04-18T09:55:33.153Z] [+] #1077 | 49329796_10205468674872406_2228303142825492480_n.jpg
[2026-04-18T09:55:34.959Z] [+] #1078 | 49834018_10205467832731353_1721355590099271680_n.jpg
[2026-04-18T09:55:36.750Z] [+] #1079 | 49175733_10205462029266270_7470237257882927104_n.jpg
[2026-04-18T09:55:38.560Z] [+] #1080 | 49344373_10205447178695015_3909542999645749248_n.jpg
[2026-04-18T09:55:38.849Z] [VIEWER] Round 1080 | Collected: 1080
[2026-04-18T09:55:40.365Z] [+] #1081 | 48415952_10205432992820377_719368238525317120_n.jpg
[2026-04-18T09:55:42.168Z] [+] #1082 | 48971449_10205432992660373_6748916458505371648_n.jpg
[2026-04-18T09:55:43.983Z] [+] #1083 | 48388600_10205407282497635_8572576863925305344_n.jpg
[2026-04-18T09:55:45.786Z] [+] #1084 | 48363242_10205397490132832_7876895473116643328_n.jpg
[2026-04-18T09:55:47.563Z] [+] #1085 | 48360796_10205389998905556_601870092359172096_n.jpg
[2026-04-18T09:55:49.351Z] [+] #1086 | 48266692_10205374823046169_2386579903228149760_n.jpg
[2026-04-18T09:55:51.144Z] [+] #1087 | 47576769_10205368916138500_4101593639107428352_n.jpg
[2026-04-18T09:55:52.937Z] [+] #1088 | 46995983_10205343598225568_1063632149590048768_n.jpg
[2026-04-18T09:55:54.729Z] [+] #1089 | 47062153_10205334846886790_261737647775416320_n.jpg
[2026-04-18T09:55:56.541Z] [+] #1090 | 46898071_10205327544184227_5996272303724298240_n.jpg
[2026-04-18T09:55:58.344Z] [+] #1091 | 46715761_10205327543744216_5349442193062887424_n.jpg
[2026-04-18T09:56:00.146Z] [+] #1092 | 46734932_10205327543424208_2476996893318578176_n.jpg
[2026-04-18T09:56:01.947Z] [+] #1093 | 46954926_10205327542984197_7177186820323540992_n.jpg
[2026-04-18T09:56:03.741Z] [+] #1094 | 46822480_10205327542704190_8398435035497103360_n.jpg
[2026-04-18T09:56:05.550Z] [+] #1095 | 46714354_10205322318813596_2362889052601974784_n.jpg
[2026-04-18T09:56:07.329Z] [+] #1096 | 46499319_10205306547819331_4560929228794626048_n.jpg
[2026-04-18T09:56:09.132Z] [+] #1097 | 46345842_10205293377730087_1766564836763762688_n.jpg
[2026-04-18T09:56:10.939Z] [+] #1098 | 46410784_10205287108093350_2613576733072293888_n.jpg
[2026-04-18T09:56:12.732Z] [+] #1099 | 46310799_10205282400335659_4514216769346338816_n.jpg
[2026-04-18T09:56:14.546Z] [+] #1100 | 46148741_10205282399855647_7401332586452090880_n.jpg
[2026-04-18T09:56:14.849Z] [VIEWER] Round 1100 | Collected: 1100
[2026-04-18T09:56:16.368Z] [+] #1101 | 44974717_10205227019351169_8098611490346500096_n.jpg
[2026-04-18T09:56:18.167Z] [+] #1102 | 45105899_10205227018991160_6601362487684104192_n.jpg
[2026-04-18T09:56:19.976Z] [+] #1103 | 45085810_10205227018631151_1465856481105543168_n.jpg
[2026-04-18T09:56:21.788Z] [+] #1104 | 44905859_10205223075812583_6800614850998304768_n.jpg
[2026-04-18T09:56:23.571Z] [+] #1105 | 44830495_10205220111658481_4213872738583969792_n.jpg
[2026-04-18T09:56:25.368Z] [+] #1106 | 44613830_10205203677647641_7179693943058071552_n.jpg
[2026-04-18T09:56:27.154Z] [+] #1107 | 44440329_10205199696228108_5691725544383578112_n.jpg
[2026-04-18T09:56:28.932Z] [+] #1108 | 44267143_10205192964419817_1853668225225588736_n.jpg
[2026-04-18T09:56:30.716Z] [+] #1109 | 44372874_10205186944949334_4902488220995944448_n.jpg
[2026-04-18T09:56:32.499Z] [+] #1110 | 44029873_10205181330968988_8072809379826499584_n.jpg
[2026-04-18T09:56:34.285Z] [+] #1111 | 43514748_10205156460587244_3127135447352868864_n.jpg
[2026-04-18T09:56:36.073Z] [+] #1112 | 43419320_10205153239146710_3809901532200042496_n.jpg
[2026-04-18T09:56:37.852Z] [+] #1113 | 43358984_10205153238786701_1843845866947870720_n.jpg
[2026-04-18T09:56:39.642Z] [+] #1114 | 43095415_10205136422566306_483212012965330944_n.jpg
[2026-04-18T09:56:41.420Z] [+] #1115 | 42789175_10205114530979030_7933648294792658944_n.jpg
[2026-04-18T09:56:43.199Z] [+] #1116 | 42409895_10205101889222994_3029291616994066432_n.jpg
[2026-04-18T09:56:44.979Z] [+] #1117 | 42301789_10205098308493478_3447495490298445824_n.jpg
[2026-04-18T09:56:46.760Z] [+] #1118 | 42344335_10205098308253472_6170769510631473152_n.jpg
[2026-04-18T09:56:48.544Z] [+] #1119 | 41647180_10205063746549451_3947823476219314176_n.jpg
[2026-04-18T09:56:50.320Z] [+] #1120 | 41501606_10205056614931165_4696915048801501184_n.jpg
[2026-04-18T09:56:50.598Z] [VIEWER] Round 1120 | Collected: 1120
[2026-04-18T09:56:52.107Z] [+] #1121 | 41229772_10205045805260930_6305132266792157184_n.jpg
[2026-04-18T09:56:53.890Z] [+] #1122 | 39998609_10205002247332009_1418510986427498496_n.jpg
[2026-04-18T09:56:55.673Z] [+] #1123 | 39922680_10204991749509570_8093550670252081152_n.jpg
[2026-04-18T09:56:57.468Z] [+] #1124 | 39931659_10204991749109560_2823080083810418688_n.jpg
[2026-04-18T09:56:59.254Z] [+] #1125 | 38636690_10204940159619855_5776799603747717120_n.jpg
[2026-04-18T09:57:01.030Z] [+] #1126 | 38539022_10204939727209045_1908279653517230080_n.jpg
[2026-04-18T09:57:02.821Z] [+] #1127 | 38427941_10204927112053674_2558274841543180288_n.jpg
[2026-04-18T09:57:04.610Z] [+] #1128 | 38227528_10204927111893670_9198421579694866432_n.jpg
[2026-04-18T09:57:06.388Z] [+] #1129 | 38405426_10204927111573662_8863334098186272768_n.jpg
[2026-04-18T09:57:08.166Z] [+] #1130 | 38404430_10204927109213603_2025918300948529152_n.jpg
[2026-04-18T09:57:09.948Z] [+] #1131 | 36251579_10204792901378491_7379662268830580736_n.jpg
[2026-04-18T09:57:11.734Z] [+] #1132 | 35882135_10204781646617129_7265103155900186624_n.jpg
[2026-04-18T09:57:13.520Z] [+] #1133 | 35860397_10204781646217119_4011997670670336_n.jpg
[2026-04-18T09:57:15.306Z] [+] #1134 | 35972193_10204781645817109_1869354459402862592_n.jpg
[2026-04-18T09:57:17.089Z] [+] #1135 | 35883369_10204781645497101_7477149389270548480_n.jpg
[2026-04-18T09:57:18.877Z] [+] #1136 | 35525783_10204761686718144_8216157194685513728_n.jpg
[2026-04-18T09:57:20.659Z] [+] #1137 | 35482316_10204761646637142_5201979739404763136_n.jpg
[2026-04-18T09:57:22.444Z] [+] #1138 | 35349104_10204756158299937_7178287843779805184_n.jpg
[2026-04-18T09:57:24.220Z] [+] #1139 | 35329072_10204752293323315_7601975892104970240_n.jpg
[2026-04-18T09:57:26.008Z] [+] #1140 | 35283654_10204751586225638_6591722029861306368_n.jpg
[2026-04-18T09:57:26.274Z] [VIEWER] Round 1140 | Collected: 1140
[2026-04-18T09:57:27.783Z] [+] #1141 | 35348583_10204751585505620_8599877595909062656_n.jpg
[2026-04-18T09:57:29.557Z] [+] #1142 | 35242154_10204751584905605_3713090233454034944_n.jpg
[2026-04-18T09:57:31.333Z] [+] #1143 | 35408710_10204751584265589_6523428549456560128_n.jpg
[2026-04-18T09:57:33.117Z] [+] #1144 | 35268129_10204751282258039_3295352978281594880_n.jpg
[2026-04-18T09:57:34.902Z] [+] #1145 | 35229172_10204751281778027_8662730757204082688_n.jpg
[2026-04-18T09:57:36.682Z] [+] #1146 | 35242199_10204749297048410_1286816358440370176_n.jpg
[2026-04-18T09:57:38.471Z] [+] #1147 | 35145943_10204745980005486_4394113021140533248_n.jpg
[2026-04-18T09:57:40.256Z] [+] #1148 | 35102722_10204745765840132_3064906001208573952_n.jpg
[2026-04-18T09:57:42.040Z] [+] #1149 | 35062768_10204744946579651_3409379085770555392_n.jpg
[2026-04-18T09:57:43.821Z] [+] #1150 | 35058225_10204742467277670_4524972960888389632_n.jpg
[2026-04-18T09:57:45.607Z] [+] #1151 | 33665913_10204689686558185_1187919208827060224_n.jpg
[2026-04-18T09:57:47.384Z] [+] #1152 | 32843085_10204668701593574_9084638455685709824_n.jpg
[2026-04-18T09:57:49.170Z] [+] #1153 | 32402306_10204655753269874_7776582277080809472_n.jpg
[2026-04-18T09:57:50.949Z] [+] #1154 | 32399178_10204651567445231_5467490077863051264_n.jpg
[2026-04-18T09:57:52.739Z] [+] #1155 | 513750872_10213752375639748_5770059172480314826_n.jpg
[2026-04-18T09:57:54.521Z] [+] #1156 | 512680253_10213752221915905_1070277216211184266_n.jpg
[2026-04-18T09:57:56.303Z] [+] #1157 | 513968613_10213751920828378_2743747665869676416_n.jpg
[2026-04-18T09:57:58.087Z] [+] #1158 | 514066680_10213751647141536_5358385896472897229_n.jpg
[2026-04-18T09:57:59.873Z] [+] #1159 | 513903000_10213749563689451_7365677527850750677_n.jpg
[2026-04-18T09:58:01.657Z] [+] #1160 | 513923917_10213749093717702_7585626647499376573_n.jpg
[2026-04-18T09:58:01.933Z] [VIEWER] Round 1160 | Collected: 1160
[2026-04-18T09:58:03.441Z] [+] #1161 | 512661162_10213749019755853_442427111607279952_n.jpg
[2026-04-18T09:58:05.218Z] [+] #1162 | 512658379_10213749019155838_297357088203361920_n.jpg
[2026-04-18T09:58:07.005Z] [+] #1163 | 512744318_10213749016915782_6879716379780544499_n.jpg
[2026-04-18T09:58:08.789Z] [+] #1164 | 512680760_10213749019475846_1940425319515205939_n.jpg
[2026-04-18T09:58:10.569Z] [+] #1165 | 512651561_10213749022475921_1980968056074239931_n.jpg
[2026-04-18T09:58:12.355Z] [+] #1166 | 514011803_10213749016995784_8078809451000319182_n.jpg
[2026-04-18T09:58:14.132Z] [+] #1167 | 512661159_10213749018235815_983297954927083451_n.jpg
[2026-04-18T09:58:15.914Z] [+] #1168 | 512743575_10213749022795929_382111917917052681_n.jpg
[2026-04-18T09:58:17.701Z] [+] #1169 | 514367944_10213748929833605_4634344335681427412_n.jpg
[2026-04-18T09:58:19.481Z] [+] #1170 | 503922915_10213748713228190_6955580246897982784_n.jpg
[2026-04-18T09:58:21.266Z] [+] #1171 | 511274193_10213748459781854_1102457038728848269_n.jpg
[2026-04-18T09:58:23.053Z] [+] #1172 | 513033465_10213748010810630_6343431764185618990_n.jpg
[2026-04-18T09:58:24.839Z] [+] #1173 | 513958136_10213747967449546_1536975590520780414_n.jpg
[2026-04-18T09:58:26.619Z] [+] #1174 | 511327984_10213745114938235_8577653656007285975_n.jpg
[2026-04-18T09:58:28.399Z] [+] #1175 | 511308165_10213744303597952_2770971812423567402_n.jpg
[2026-04-18T09:58:30.182Z] [+] #1176 | 513872416_10213741882897436_7475123529425523793_n.jpg
[2026-04-18T09:58:31.961Z] [+] #1177 | 513928450_10213741882937437_7349153022959815949_n.jpg
[2026-04-18T09:58:33.752Z] [+] #1178 | 512660942_10213741759334347_2185909284619817725_n.jpg
[2026-04-18T09:58:35.538Z] [+] #1179 | 514022497_10213740583424950_6538598489012399271_n.jpg
[2026-04-18T09:58:37.327Z] [+] #1180 | 512665023_10213740329298597_6421155503835349995_n.jpg
[2026-04-18T09:58:37.600Z] [VIEWER] Round 1180 | Collected: 1180
[2026-04-18T09:58:39.110Z] [+] #1181 | 512580025_10213740125413500_8265929093783513777_n.jpg
[2026-04-18T09:58:40.887Z] [+] #1182 | 513087013_10213739102867937_5071287151200317566_n.jpg
[2026-04-18T09:58:42.666Z] [+] #1183 | 513178182_10213738547494053_3977118012961114276_n.jpg
[2026-04-18T09:58:44.451Z] [+] #1184 | 511152759_10213736257516805_5122382731601721778_n.jpg
[2026-04-18T09:58:46.237Z] [+] #1185 | 511086662_10213730828261077_5845241510167952515_n.jpg
[2026-04-18T09:58:48.015Z] [+] #1186 | 511252709_10213729758234327_5151107260509679575_n.jpg
[2026-04-18T09:58:49.799Z] [+] #1187 | 512676734_10213728559004347_145558199387273737_n.jpg
[2026-04-18T09:58:51.574Z] [+] #1188 | 510967848_10213727542858944_7457668262791596428_n.jpg
[2026-04-18T09:58:53.354Z] [+] #1189 | 512833576_10213726519193353_3515882948363792689_n.jpg
[2026-04-18T09:58:55.140Z] [+] #1190 | 513229627_10213724640786394_1820315806367582632_n.jpg
[2026-04-18T09:58:56.917Z] [+] #1191 | 511560608_10213716404540493_2087033722274939215_n.jpg
[2026-04-18T09:58:58.706Z] [+] #1192 | 511303785_10213712432321190_7398440172922301117_n.jpg
[2026-04-18T09:59:00.483Z] [+] #1193 | 512606355_10213712202195437_647618799242489818_n.jpg
[2026-04-18T09:59:02.269Z] [+] #1194 | 510981533_10213709824736002_3542739092651321219_n.jpg
[2026-04-18T09:59:04.099Z] [+] #1195 | 510678510_10213709703492971_3994973835694735981_n.jpg
[2026-04-18T09:59:05.886Z] [+] #1196 | 511031433_10213708364739503_8147225467552727440_n.jpg
[2026-04-18T09:59:07.674Z] [+] #1197 | 512742628_10213707685322518_2369776681540270269_n.jpg
[2026-04-18T09:59:09.452Z] [+] #1198 | 510224388_10213707625321018_3875932781117693964_n.jpg
[2026-04-18T09:59:11.239Z] [+] #1199 | 511550003_10213706056401796_4811115313785874157_n.jpg
[2026-04-18T09:59:13.019Z] [+] #1200 | 511583055_10213705501347920_7769811829339606446_n.jpg
[2026-04-18T09:59:13.298Z] [VIEWER] Round 1200 | Collected: 1200
[2026-04-18T09:59:14.805Z] [+] #1201 | 510498010_10213700798870361_3384342216247920145_n.jpg
[2026-04-18T09:59:16.589Z] [+] #1202 | 512700921_10213699875447276_6337051739677890567_n.jpg
[2026-04-18T09:59:18.368Z] [+] #1203 | 510661284_10213699769924638_2881011505140443046_n.jpg
[2026-04-18T09:59:20.148Z] [+] #1204 | 511157022_10213698725938539_7931875397034894080_n.jpg
[2026-04-18T09:59:21.932Z] [+] #1205 | 510843645_10213697936518804_4539265940167374791_n.jpg
[2026-04-18T09:59:23.717Z] [+] #1206 | 510438600_10213697868797111_1697690056089061323_n.jpg
[2026-04-18T09:59:25.490Z] [+] #1207 | 510533689_10213697867477078_6738324130092705713_n.jpg
[2026-04-18T09:59:27.271Z] [+] #1208 | 511177248_10213697807635582_2250329967944618716_n.jpg
[2026-04-18T09:59:29.060Z] [+] #1209 | 510782808_10213697412545705_8413444051973539702_n.jpg
[2026-04-18T09:59:30.850Z] [+] #1210 | 510561528_10213696762769461_3070917049258988879_n.jpg
[2026-04-18T09:59:32.637Z] [+] #1211 | 510473563_10213696312198197_2142254559711012287_n.jpg
[2026-04-18T09:59:34.420Z] [+] #1212 | 510472583_10213695482697460_4544291517298161622_n.jpg
[2026-04-18T09:59:36.214Z] [+] #1213 | 509429928_10213694813920741_5679208985085718543_n.jpg
[2026-04-18T09:59:38.005Z] [+] #1214 | 510457598_10213691665282027_2903716552185219545_n.jpg
[2026-04-18T09:59:39.790Z] [+] #1215 | 511893747_10213687514098250_5855511324035431864_n.jpg
[2026-04-18T09:59:41.567Z] [+] #1216 | 511001511_10213684852791719_4054768295348233644_n.jpg
[2026-04-18T09:59:43.355Z] [+] #1217 | 509744534_10213684852751718_1012933026748336566_n.jpg
[2026-04-18T09:59:45.144Z] [+] #1218 | 509425195_10213684815230780_3966336104981969822_n.jpg
[2026-04-18T09:59:46.921Z] [+] #1219 | 503636363_10213683956249306_971317836481926428_n.jpg
[2026-04-18T09:59:48.707Z] [+] #1220 | 509730672_10213683134428761_6566362971997873549_n.jpg
[2026-04-18T09:59:48.986Z] [VIEWER] Round 1220 | Collected: 1220
[2026-04-18T09:59:50.494Z] [+] #1221 | 509656088_10213682823300983_1174969813236013732_n.jpg
[2026-04-18T09:59:52.274Z] [+] #1222 | 509410264_10213680173074729_5950756254545264209_n.jpg
[2026-04-18T09:59:54.051Z] [+] #1223 | 510482112_10213679580859924_1255596477513725016_n.jpg
[2026-04-18T09:59:55.835Z] [+] #1224 | 510946271_10213678649396638_3699495208552163041_n.jpg
[2026-04-18T09:59:57.612Z] [+] #1225 | 509954356_10213674290167660_1964306264430933759_n.jpg
[2026-04-18T09:59:59.388Z] [+] #1226 | 508690061_10213667503798005_6289871799790978863_n.jpg
[2026-04-18T10:00:01.167Z] [+] #1227 | 502561702_10213660562704482_5521064640319672531_n.jpg
[2026-04-18T10:00:02.955Z] [+] #1228 | 509363356_10213658213125744_496779701507193737_n.jpg
[2026-04-18T10:00:04.738Z] [+] #1229 | 509432343_10213656416320825_5942245129006317208_n.jpg
[2026-04-18T10:00:06.529Z] [+] #1230 | 502575006_10213656414680784_5331983784881896511_n.jpg
[2026-04-18T10:00:08.315Z] [+] #1231 | 509599640_10213656414800787_6914139545539797977_n.jpg
[2026-04-18T10:00:10.103Z] [+] #1232 | 508708390_10213646189105151_7709598891632080662_n.jpg
[2026-04-18T10:00:11.887Z] [+] #1233 | 508996291_10213640849971676_6581476674864663846_n.jpg
[2026-04-18T10:00:13.668Z] [+] #1234 | 508616782_10213626148244142_7741421746502762112_n.jpg
[2026-04-18T10:00:15.449Z] [+] #1235 | 508171887_10213625078817407_2055052909900721295_n.jpg
[2026-04-18T10:00:17.235Z] [+] #1236 | 507529394_10213620869432175_3420632493874591616_n.jpg
[2026-04-18T10:00:19.039Z] [+] #1237 | 508499411_10213613009915692_2341844605145896998_n.jpg
[2026-04-18T10:00:20.817Z] [+] #1238 | 507970882_10213596465702097_4362906166093268027_n.jpg
[2026-04-18T10:00:22.591Z] [+] #1239 | 505848618_10213582970284720_8324240455640799156_n.jpg
[2026-04-18T10:00:24.369Z] [+] #1240 | 463122262_10212263351655079_1151661853614939971_n.jpg
[2026-04-18T10:00:24.649Z] [VIEWER] Round 1240 | Collected: 1240
[2026-04-18T10:00:26.159Z] [+] #1241 | 671720572_10215390629475070_4683010358187291477_n.jpg
[2026-04-18T10:00:27.928Z] [SKIP-SEEN] round=1242 url=https://www.facebook.com/photo/?fbid=10215390628955057&set=pb.1716781023.-2207520000&locale=vi_VN
[2026-04-18T10:00:29.697Z] [SKIP-SEEN] round=1243 url=https://www.facebook.com/photo/?fbid=10215390628435044&set=pb.1716781023.-2207520000&locale=vi_VN
[2026-04-18T10:00:31.464Z] [SKIP-SEEN] round=1244 url=https://www.facebook.com/photo/?fbid=10215275029065132&set=pb.1716781023.-2207520000&locale=vi_VN
[2026-04-18T10:00:33.230Z] [SKIP-SEEN] round=1245 url=https://www.facebook.com/photo/?fbid=10215275028745124&set=pb.1716781023.-2207520000&locale=vi_VN
[2026-04-18T10:00:35.000Z] [SKIP-SEEN] round=1246 url=https://www.facebook.com/photo/?fbid=10215265463586001&set=pb.1716781023.-2207520000&locale=vi_VN
[2026-04-18T10:00:36.770Z] [SKIP-SEEN] round=1247 url=https://www.facebook.com/photo/?fbid=10215235501036956&set=pb.1716781023.-2207520000&locale=vi_VN
[2026-04-18T10:00:38.547Z] [SKIP-SEEN] round=1248 url=https://www.facebook.com/photo/?fbid=10215183865466099&set=pb.1716781023.-2207520000&locale=vi_VN
[2026-04-18T10:00:40.327Z] [SKIP-SEEN] round=1249 url=https://www.facebook.com/photo/?fbid=10215150773678825&set=pb.1716781023.-2207520000&locale=vi_VN
[2026-04-18T10:00:42.099Z] [SKIP-SEEN] round=1250 url=https://www.facebook.com/photo/?fbid=10215143605259619&set=pb.1716781023.-2207520000&locale=vi_VN
[2026-04-18T10:00:43.865Z] [SKIP-SEEN] round=1251 url=https://www.facebook.com/photo/?fbid=10215126421630039&set=pb.1716781023.-2207520000&locale=vi_VN
[2026-04-18T10:00:45.633Z] [SKIP-SEEN] round=1252 url=https://www.facebook.com/photo/?fbid=10215126421150027&set=pb.1716781023.-2207520000&locale=vi_VN
[2026-04-18T10:00:47.413Z] [SKIP-SEEN] round=1253 url=https://www.facebook.com/photo/?fbid=10215125868456210&set=pb.1716781023.-2207520000&locale=vi_VN
[2026-04-18T10:00:49.181Z] [SKIP-SEEN] round=1254 url=https://www.facebook.com/photo/?fbid=10215115609439741&set=pb.1716781023.-2207520000&locale=vi_VN
[2026-04-18T10:00:50.950Z] [SKIP-SEEN] round=1255 url=https://www.facebook.com/photo/?fbid=10215115594479367&set=pb.1716781023.-2207520000&locale=vi_VN
[2026-04-18T10:00:52.725Z] [SKIP-SEEN] round=1256 url=https://www.facebook.com/photo/?fbid=10215115593799350&set=pb.1716781023.-2207520000&locale=vi_VN
[2026-04-18T10:00:54.493Z] [SKIP-SEEN] round=1257 url=https://www.facebook.com/photo/?fbid=10215115593399340&set=pb.1716781023.-2207520000&locale=vi_VN
[2026-04-18T10:00:56.262Z] [SKIP-SEEN] round=1258 url=https://www.facebook.com/photo/?fbid=10215115592399315&set=pb.1716781023.-2207520000&locale=vi_VN
[2026-04-18T10:00:58.047Z] [SKIP-SEEN] round=1259 url=https://www.facebook.com/photo/?fbid=10215115591519293&set=pb.1716781023.-2207520000&locale=vi_VN
[2026-04-18T10:00:59.824Z] [SKIP-SEEN] round=1260 url=https://www.facebook.com/photo/?fbid=10215115589639246&set=pb.1716781023.-2207520000&locale=vi_VN
[2026-04-18T10:01:00.100Z] [VIEWER] Round 1260 | Collected: 1241
[2026-04-18T10:01:01.601Z] [SKIP-SEEN] round=1261 url=https://www.facebook.com/photo/?fbid=10215115589399240&set=pb.1716781023.-2207520000&locale=vi_VN
[2026-04-18T10:01:03.370Z] [SKIP-SEEN] round=1262 url=https://www.facebook.com/photo/?fbid=10215115588719223&set=pb.1716781023.-2207520000&locale=vi_VN
[2026-04-18T10:01:05.138Z] [SKIP-SEEN] round=1263 url=https://www.facebook.com/photo/?fbid=10215115587719198&set=pb.1716781023.-2207520000&locale=vi_VN
[2026-04-18T10:01:06.908Z] [SKIP-SEEN] round=1264 url=https://www.facebook.com/photo/?fbid=10215115586879177&set=pb.1716781023.-2207520000&locale=vi_VN
[2026-04-18T10:01:08.685Z] [SKIP-SEEN] round=1265 url=https://www.facebook.com/photo/?fbid=10215115586479167&set=pb.1716781023.-2207520000&locale=vi_VN
[2026-04-18T10:01:10.465Z] [SKIP-SEEN] round=1266 url=https://www.facebook.com/photo/?fbid=10215115585919153&set=pb.1716781023.-2207520000&locale=vi_VN
[2026-04-18T10:01:12.239Z] [SKIP-SEEN] round=1267 url=https://www.facebook.com/photo/?fbid=10215115585319138&set=pb.1716781023.-2207520000&locale=vi_VN
[2026-04-18T10:01:14.018Z] [SKIP-SEEN] round=1268 url=https://www.facebook.com/photo/?fbid=10215088384079124&set=pb.1716781023.-2207520000&locale=vi_VN
[2026-04-18T10:01:15.802Z] [SKIP-SEEN] round=1269 url=https://www.facebook.com/photo/?fbid=10215088383519110&set=pb.1716781023.-2207520000&locale=vi_VN
[2026-04-18T10:01:17.583Z] [SKIP-SEEN] round=1270 url=https://www.facebook.com/photo/?fbid=10215088382919095&set=pb.1716781023.-2207520000&locale=vi_VN
[2026-04-18T10:01:19.364Z] [SKIP-SEEN] round=1271 url=https://www.facebook.com/photo/?fbid=10215071180009033&set=pb.1716781023.-2207520000&locale=vi_VN
[2026-04-18T10:01:21.130Z] [SKIP-SEEN] round=1272 url=https://www.facebook.com/photo/?fbid=10215071179649024&set=pb.1716781023.-2207520000&locale=vi_VN
[2026-04-18T10:01:22.898Z] [SKIP-SEEN] round=1273 url=https://www.facebook.com/photo/?fbid=10215071179329016&set=pb.1716781023.-2207520000&locale=vi_VN
[2026-04-18T10:01:24.673Z] [SKIP-SEEN] round=1274 url=https://www.facebook.com/photo/?fbid=10215039584619168&set=pb.1716781023.-2207520000&locale=vi_VN
[2026-04-18T10:01:26.455Z] [SKIP-SEEN] round=1275 url=https://www.facebook.com/photo/?fbid=10215029335002934&set=pb.1716781023.-2207520000&locale=vi_VN
[2026-04-18T10:01:28.229Z] [SKIP-SEEN] round=1276 url=https://www.facebook.com/photo/?fbid=10215011007744764&set=pb.1716781023.-2207520000&locale=vi_VN
[2026-04-18T10:01:29.998Z] [SKIP-SEEN] round=1277 url=https://www.facebook.com/photo/?fbid=10214981662251145&set=pb.1716781023.-2207520000&locale=vi_VN
[2026-04-18T10:01:31.775Z] [SKIP-SEEN] round=1278 url=https://www.facebook.com/photo/?fbid=10214969827035272&set=pb.1716781023.-2207520000&locale=vi_VN
[2026-04-18T10:01:33.552Z] [SKIP-SEEN] round=1279 url=https://www.facebook.com/photo/?fbid=10214969826715264&set=pb.1716781023.-2207520000&locale=vi_VN
[2026-04-18T10:01:35.330Z] [SKIP-SEEN] round=1280 url=https://www.facebook.com/photo/?fbid=10214953056456018&set=pb.1716781023.-2207520000&locale=vi_VN
[2026-04-18T10:01:35.604Z] [VIEWER] Round 1280 | Collected: 1241
[2026-04-18T10:01:37.105Z] [SKIP-SEEN] round=1281 url=https://www.facebook.com/photo/?fbid=10214953056056008&set=pb.1716781023.-2207520000&locale=vi_VN
[2026-04-18T10:01:38.884Z] [SKIP-SEEN] round=1282 url=https://www.facebook.com/photo/?fbid=10214953055615997&set=pb.1716781023.-2207520000&locale=vi_VN
[2026-04-18T10:01:40.667Z] [SKIP-SEEN] round=1283 url=https://www.facebook.com/photo/?fbid=10214953055295989&set=pb.1716781023.-2207520000&locale=vi_VN
[2026-04-18T10:01:42.447Z] [SKIP-SEEN] round=1284 url=https://www.facebook.com/photo/?fbid=10214953054775976&set=pb.1716781023.-2207520000&locale=vi_VN
[2026-04-18T10:01:44.226Z] [SKIP-SEEN] round=1285 url=https://www.facebook.com/photo/?fbid=10214953054455968&set=pb.1716781023.-2207520000&locale=vi_VN
[2026-04-18T10:01:45.991Z] [SKIP-SEEN] round=1286 url=https://www.facebook.com/photo/?fbid=10214953054055958&set=pb.1716781023.-2207520000&locale=vi_VN
[2026-04-18T10:01:47.759Z] [SKIP-SEEN] round=1287 url=https://www.facebook.com/photo/?fbid=10214953053695949&set=pb.1716781023.-2207520000&locale=vi_VN
[2026-04-18T10:01:49.525Z] [SKIP-SEEN] round=1288 url=https://www.facebook.com/photo/?fbid=10214953053335940&set=pb.1716781023.-2207520000&locale=vi_VN
[2026-04-18T10:01:51.301Z] [SKIP-SEEN] round=1289 url=https://www.facebook.com/photo/?fbid=10214953052935930&set=pb.1716781023.-2207520000&locale=vi_VN
[2026-04-18T10:01:53.084Z] [SKIP-SEEN] round=1290 url=https://www.facebook.com/photo/?fbid=10214953052535920&set=pb.1716781023.-2207520000&locale=vi_VN
[2026-04-18T10:01:54.866Z] [SKIP-SEEN] round=1291 url=https://www.facebook.com/photo/?fbid=10214953052135910&set=pb.1716781023.-2207520000&locale=vi_VN
[2026-04-18T10:01:56.647Z] [SKIP-SEEN] round=1292 url=https://www.facebook.com/photo/?fbid=10214953051815902&set=pb.1716781023.-2207520000&locale=vi_VN
[2026-04-18T10:01:58.422Z] [SKIP-SEEN] round=1293 url=https://www.facebook.com/photo/?fbid=10214953051415892&set=pb.1716781023.-2207520000&locale=vi_VN
[2026-04-18T10:02:00.191Z] [SKIP-SEEN] round=1294 url=https://www.facebook.com/photo/?fbid=10214953050895879&set=pb.1716781023.-2207520000&locale=vi_VN
[2026-04-18T10:02:01.964Z] [SKIP-SEEN] round=1295 url=https://www.facebook.com/photo/?fbid=10214953050215862&set=pb.1716781023.-2207520000&locale=vi_VN
[2026-04-18T10:02:03.737Z] [SKIP-SEEN] round=1296 url=https://www.facebook.com/photo/?fbid=10214953049575846&set=pb.1716781023.-2207520000&locale=vi_VN
[2026-04-18T10:02:05.516Z] [SKIP-SEEN] round=1297 url=https://www.facebook.com/photo/?fbid=10214953049175836&set=pb.1716781023.-2207520000&locale=vi_VN
[2026-04-18T10:02:07.300Z] [SKIP-SEEN] round=1298 url=https://www.facebook.com/photo/?fbid=10214953048695824&set=pb.1716781023.-2207520000&locale=vi_VN
[2026-04-18T10:02:09.081Z] [SKIP-SEEN] round=1299 url=https://www.facebook.com/photo/?fbid=10214953048375816&set=pb.1716781023.-2207520000&locale=vi_VN
[2026-04-18T10:02:10.853Z] [SKIP-SEEN] round=1300 url=https://www.facebook.com/photo/?fbid=10214953048055808&set=pb.1716781023.-2207520000&locale=vi_VN
[2026-04-18T10:02:11.123Z] [VIEWER] Round 1300 | Collected: 1241
[2026-04-18T10:02:12.625Z] [SKIP-SEEN] round=1301 url=https://www.facebook.com/photo/?fbid=10214951166768777&set=pb.1716781023.-2207520000&locale=vi_VN
[2026-04-18T10:02:14.398Z] [SKIP-SEEN] round=1302 url=https://www.facebook.com/photo/?fbid=10214930583054197&set=pb.1716781023.-2207520000&locale=vi_VN
[2026-04-18T10:02:16.167Z] [SKIP-SEEN] round=1303 url=https://www.facebook.com/photo/?fbid=10214918592074430&set=pb.1716781023.-2207520000&locale=vi_VN
[2026-04-18T10:02:17.950Z] [SKIP-SEEN] round=1304 url=https://www.facebook.com/photo/?fbid=10214918591554417&set=pb.1716781023.-2207520000&locale=vi_VN
[2026-04-18T10:02:19.721Z] [SKIP-SEEN] round=1305 url=https://www.facebook.com/photo/?fbid=10214918591074405&set=pb.1716781023.-2207520000&locale=vi_VN
[2026-04-18T10:02:21.492Z] [SKIP-SEEN] round=1306 url=https://www.facebook.com/photo/?fbid=10214911735983032&set=pb.1716781023.-2207520000&locale=vi_VN
[2026-04-18T10:02:23.262Z] [SKIP-SEEN] round=1307 url=https://www.facebook.com/photo/?fbid=10214906029040362&set=pb.1716781023.-2207520000&locale=vi_VN
[2026-04-18T10:02:25.035Z] [SKIP-SEEN] round=1308 url=https://www.facebook.com/photo/?fbid=10214846226945347&set=pb.1716781023.-2207520000&locale=vi_VN
[2026-04-18T10:02:26.806Z] [SKIP-SEEN] round=1309 url=https://www.facebook.com/photo/?fbid=10214846226425334&set=pb.1716781023.-2207520000&locale=vi_VN
[2026-04-18T10:02:28.581Z] [SKIP-SEEN] round=1310 url=https://www.facebook.com/photo/?fbid=10214845320722692&set=pb.1716781023.-2207520000&locale=vi_VN
[2026-04-18T10:02:30.362Z] [SKIP-SEEN] round=1311 url=https://www.facebook.com/photo/?fbid=10214845320322682&set=pb.1716781023.-2207520000&locale=vi_VN
[2026-04-18T10:02:32.139Z] [SKIP-SEEN] round=1312 url=https://www.facebook.com/photo/?fbid=10214845319842670&set=pb.1716781023.-2207520000&locale=vi_VN
[2026-04-18T10:02:33.911Z] [SKIP-SEEN] round=1313 url=https://www.facebook.com/photo/?fbid=10214845012154978&set=pb.1716781023.-2207520000&locale=vi_VN
[2026-04-18T10:02:35.699Z] [SKIP-SEEN] round=1314 url=https://www.facebook.com/photo/?fbid=10214829192119487&set=pb.1716781023.-2207520000&locale=vi_VN
[2026-04-18T10:02:37.465Z] [SKIP-SEEN] round=1315 url=https://www.facebook.com/photo/?fbid=10214829191559473&set=pb.1716781023.-2207520000&locale=vi_VN
[2026-04-18T10:02:39.247Z] [SKIP-SEEN] round=1316 url=https://www.facebook.com/photo/?fbid=10214824410239943&set=pb.1716781023.-2207520000&locale=vi_VN
[2026-04-18T10:02:41.015Z] [SKIP-SEEN] round=1317 url=https://www.facebook.com/photo/?fbid=10214824409719930&set=pb.1716781023.-2207520000&locale=vi_VN
[2026-04-18T10:02:42.801Z] [SKIP-SEEN] round=1318 url=https://www.facebook.com/photo/?fbid=10214817862516254&set=pb.1716781023.-2207520000&locale=vi_VN
[2026-04-18T10:02:44.584Z] [SKIP-SEEN] round=1319 url=https://www.facebook.com/photo/?fbid=10214782914882585&set=pb.1716781023.-2207520000&locale=vi_VN
[2026-04-18T10:02:46.358Z] [SKIP-SEEN] round=1320 url=https://www.facebook.com/photo/?fbid=10214782343868310&set=pb.1716781023.-2207520000&locale=vi_VN
[2026-04-18T10:02:46.637Z] [VIEWER] Round 1320 | Collected: 1241
[2026-04-18T10:02:48.138Z] [SKIP-SEEN] round=1321 url=https://www.facebook.com/photo/?fbid=10214782343508301&set=pb.1716781023.-2207520000&locale=vi_VN
[2026-04-18T10:02:49.916Z] [SKIP-SEEN] round=1322 url=https://www.facebook.com/photo/?fbid=10214772066971394&set=pb.1716781023.-2207520000&locale=vi_VN
[2026-04-18T10:02:51.691Z] [SKIP-SEEN] round=1323 url=https://www.facebook.com/photo/?fbid=10214772066371379&set=pb.1716781023.-2207520000&locale=vi_VN
[2026-04-18T10:02:53.459Z] [SKIP-SEEN] round=1324 url=https://www.facebook.com/photo/?fbid=10214766494832094&set=pb.1716781023.-2207520000&locale=vi_VN
[2026-04-18T10:02:55.228Z] [SKIP-SEEN] round=1325 url=https://www.facebook.com/photo/?fbid=10214766494192078&set=pb.1716781023.-2207520000&locale=vi_VN
[2026-04-18T10:02:57.007Z] [SKIP-SEEN] round=1326 url=https://www.facebook.com/photo/?fbid=10214742980924261&set=pb.1716781023.-2207520000&locale=vi_VN
[2026-04-18T10:02:58.774Z] [SKIP-SEEN] round=1327 url=https://www.facebook.com/photo/?fbid=10214729368783966&set=pb.1716781023.-2207520000&locale=vi_VN
[2026-04-18T10:03:00.543Z] [SKIP-SEEN] round=1328 url=https://www.facebook.com/photo/?fbid=10214729368263953&set=pb.1716781023.-2207520000&locale=vi_VN
[2026-04-18T10:03:02.312Z] [SKIP-SEEN] round=1329 url=https://www.facebook.com/photo/?fbid=10214721659351235&set=pb.1716781023.-2207520000&locale=vi_VN
[2026-04-18T10:03:04.085Z] [SKIP-SEEN] round=1330 url=https://www.facebook.com/photo/?fbid=10214716892752073&set=pb.1716781023.-2207520000&locale=vi_VN
[2026-04-18T10:03:05.852Z] [SKIP-SEEN] round=1331 url=https://www.facebook.com/photo/?fbid=10214703196729681&set=pb.1716781023.-2207520000&locale=vi_VN
[2026-04-18T10:03:07.628Z] [SKIP-SEEN] round=1332 url=https://www.facebook.com/photo/?fbid=10214703196329671&set=pb.1716781023.-2207520000&locale=vi_VN
[2026-04-18T10:03:09.410Z] [SKIP-SEEN] round=1333 url=https://www.facebook.com/photo/?fbid=10214667580039286&set=pb.1716781023.-2207520000&locale=vi_VN
[2026-04-18T10:03:11.184Z] [SKIP-SEEN] round=1334 url=https://www.facebook.com/photo/?fbid=10214665724512899&set=pb.1716781023.-2207520000&locale=vi_VN
[2026-04-18T10:03:12.963Z] [SKIP-SEEN] round=1335 url=https://www.facebook.com/photo/?fbid=10214661829015514&set=pb.1716781023.-2207520000&locale=vi_VN
[2026-04-18T10:03:14.739Z] [SKIP-SEEN] round=1336 url=https://www.facebook.com/photo/?fbid=10214661828495501&set=pb.1716781023.-2207520000&locale=vi_VN
[2026-04-18T10:03:16.514Z] [SKIP-SEEN] round=1337 url=https://www.facebook.com/photo/?fbid=10214649297862243&set=pb.1716781023.-2207520000&locale=vi_VN
[2026-04-18T10:03:18.290Z] [SKIP-SEEN] round=1338 url=https://www.facebook.com/photo/?fbid=10214638321867850&set=pb.1716781023.-2207520000&locale=vi_VN
[2026-04-18T10:03:20.059Z] [SKIP-SEEN] round=1339 url=https://www.facebook.com/photo/?fbid=10214638321467840&set=pb.1716781023.-2207520000&locale=vi_VN
[2026-04-18T10:03:21.842Z] [SKIP-SEEN] round=1340 url=https://www.facebook.com/photo/?fbid=10214631711262589&set=pb.1716781023.-2207520000&locale=vi_VN
[2026-04-18T10:03:22.108Z] [VIEWER] Round 1340 | Collected: 1241
[2026-04-18T10:03:23.613Z] [SKIP-SEEN] round=1341 url=https://www.facebook.com/photo/?fbid=10214615510977592&set=pb.1716781023.-2207520000&locale=vi_VN
[2026-04-18T10:03:23.877Z] [VIEWER] Không collect được ảnh mới trong 100 round liên tiếp (từ round 1241). Dừng.
[2026-04-18T10:03:24.033Z] ✅ Done! 1241 ảnh đã lưu vào fb_images_v2.json
