[2026-04-17T14:02:46.470Z] [LOAD] 6057 ảnh từ fb_images_v2.json
[2026-04-17T14:02:46.473Z] [MKDIR] Tạo folder photo/
[2026-04-17T14:02:46.473Z] [RESUME] Đã tải trước đó: 0/6057
[2026-04-17T14:02:46.474Z] [START] Bắt đầu tải với concurrency=5...
[2026-04-17T14:02:46.938Z] [✓] #1 00001_672681938_1500626091424484_5222694944713450005_n.jpg
[2026-04-17T14:02:46.987Z] [✓] #0 00000_672677315_1500626341424459_8280433191639789303_n.jpg
[2026-04-17T14:02:47.046Z] [✓] #3 00003_671019836_1499133688240391_8953172452514544324_n.jpg
[2026-04-17T14:02:47.054Z] [✓] #2 00002_672687003_1500626088091151_7177842899520226467_n.jpg
[2026-04-17T14:02:47.082Z] [✓] #5 00005_672670516_1499054761581617_5589414586773001617_n.jpg
[2026-04-17T14:02:47.129Z] [✓] #4 00004_670870635_1499131611573932_1913816962509896562_n.jpg
[2026-04-17T14:02:47.160Z] [✓] #7 00007_672001714_1499053488248411_8343836990359681504_n.jpg
[2026-04-17T14:02:47.212Z] [✓] #9 00009_668783872_1497604441726649_6551250718590402953_n.jpg
[2026-04-17T14:02:47.259Z] [WARN] #12 attempt 1/3 failed: HTTP 403
[2026-04-17T14:02:47.417Z] [✓] #6 00006_671832881_1499054318248328_9145922667504509988_n.jpg
[2026-04-17T14:02:47.491Z] [✓] #13 00013_669678734_1496062178547542_1645293096963854230_n.jpg
[2026-04-17T14:02:47.580Z] [✓] #11 00011_669016003_1497604231726670_7951659883759758895_n.jpg
[2026-04-17T14:02:47.596Z] [✓] #8 00008_672159968_1499053291581764_8546401038298121841_n.jpg
[2026-04-17T14:02:47.618Z] [✓] #10 00010_668605861_1497604375059989_7462255084324196974_n.jpg
[2026-04-17T14:02:47.727Z] [✓] #16 00016_668758179_1494487438705016_152207823908382595_n.jpg
[2026-04-17T14:02:47.731Z] [✓] #17 00017_660520718_1492978012189292_8905466298874065593_n.jpg
[2026-04-17T14:02:47.772Z] [WARN] #19 attempt 1/3 failed: HTTP 403
[2026-04-17T14:02:47.946Z] [✓] #14 00014_668788361_1494487692038324_7254658756898792433_n.jpg
[2026-04-17T14:02:48.018Z] [✓] #20 00020_666591661_1492977855522641_7454263834891303038_n.jpg
[2026-04-17T14:02:48.066Z] [✓] #15 00015_668748599_1494487462038347_571792107138187995_n.jpg
[2026-04-17T14:02:48.105Z] [✓] #18 00018_662249414_1492977962189297_3966124725638254477_n.jpg
[2026-04-17T14:02:48.130Z] [✓] #21 00021_661463188_1492253795595047_6855068408250584339_n.jpg
[2026-04-17T14:02:48.187Z] [WARN] #24 attempt 1/3 failed: HTTP 403
[2026-04-17T14:02:48.244Z] [✓] #23 00023_660307540_1492252205595206_5353446607678616823_n.jpg
[2026-04-17T14:02:48.404Z] [✓] #25 00025_658952365_1491256939028066_368121896195139981_n.jpg
[2026-04-17T14:02:48.442Z] [✓] #22 00022_661031179_1492252248928535_982808350259222930_n.jpg
[2026-04-17T14:02:48.530Z] [✓] #26 00026_661474882_1491256835694743_6963733148049749392_n.jpg
[2026-04-17T14:02:48.605Z] [✓] #27 00027_660493589_1491256782361415_5185742389668267456_n.jpg
[2026-04-17T14:02:48.716Z] [✓] #29 00029_660829999_1491256649028095_5766081348209219921_n.jpg
[2026-04-17T14:02:48.956Z] [✓] #28 00028_659801553_1491256695694757_126478422509077136_n.jpg
[2026-04-17T14:02:49.078Z] [✓] #31 00031_662441116_1489686289185131_4788455447471191121_n.jpg
[2026-04-17T14:02:49.079Z] [✓] #30 00030_660404590_1490561649097595_8974032423829350915_n.jpg
[2026-04-17T14:02:49.203Z] [✓] #32 00032_661458375_1489678055852621_1446980597774555142_n.jpg
[2026-04-17T14:02:49.303Z] [✓] #33 00033_658877363_1489678042519289_6549497811700503531_n.jpg
[2026-04-17T14:02:49.318Z] [WARN] #12 attempt 2/3 failed: HTTP 403
[2026-04-17T14:02:49.347Z] [✓] #34 00034_660024018_1489677965852630_6629839625200285288_n.jpg
[2026-04-17T14:02:49.413Z] [✓] #36 00036_661394220_1488870582600035_2778052199227128084_n.jpg
[2026-04-17T14:02:49.430Z] [✓] #35 00035_659823673_1489677949185965_7087609567501393029_n.jpg
[2026-04-17T14:02:49.492Z] [✓] #37 00037_658173612_1488854175935009_6909828587995126905_n.jpg
[2026-04-17T14:02:49.517Z] [✓] #38 00038_658978419_1488854182601675_5059555615528225552_n.jpg
[2026-04-17T14:02:49.749Z] [✓] #39 00039_658079715_1486572196163207_5363250472902478610_n.jpg
[2026-04-17T14:02:49.777Z] [✓] #40 00040_656352964_1484761859677574_3138268190966452607_n.jpg
[2026-04-17T14:02:49.832Z] [WARN] #19 attempt 2/3 failed: HTTP 403
[2026-04-17T14:02:49.835Z] [✓] #41 00041_656721330_1484761673010926_6659839342688086142_n.jpg
[2026-04-17T14:02:49.862Z] [✓] #42 00042_656835817_1484761096344317_1822739745538882726_n.jpg
[2026-04-17T14:02:49.934Z] [✓] #43 00043_657255862_1483043029849457_9747391806984702_n.jpg
[2026-04-17T14:02:50.095Z] [✓] #45 00045_655014707_1481396680014092_6341253659035411985_n.jpg
[2026-04-17T14:02:50.185Z] [✓] #46 00046_655891148_1481396616680765_218595751912456188_n.jpg
[2026-04-17T14:02:50.228Z] [WARN] #24 attempt 2/3 failed: HTTP 403
[2026-04-17T14:02:50.304Z] [✓] #47 00047_654805804_1481396563347437_5317396729011743893_n.jpg
[2026-04-17T14:02:50.345Z] [✓] #44 00044_656556621_1482272843259809_2436146561754122349_n.jpg
[2026-04-17T14:02:50.451Z] [✓] #49 00049_652698827_1477909830362777_5032877765028567734_n.jpg
[2026-04-17T14:02:50.680Z] [✓] #48 00048_652668836_1478045787015848_9003951947235993712_n.jpg
[2026-04-17T14:02:50.688Z] [✓] #50 00050_655008461_1477909783696115_1822142729171096129_n.jpg
[2026-04-17T14:02:50.815Z] [✓] #51 00051_652932864_1477909737029453_3521411519102660915_n.jpg
[2026-04-17T14:02:50.820Z] [✓] #52 00052_651890774_1477296520424108_6389094168374433583_n.jpg
[2026-04-17T14:02:50.941Z] [✓] #54 00054_651153665_1475639570589803_5827274048078364530_n.jpg
[2026-04-17T14:02:50.990Z] [✓] #53 00053_653700908_1475639587256468_3321254449654983731_n.jpg
[2026-04-17T14:02:51.029Z] [✓] #55 00055_651153665_1475639570589803_5827274048078364530_n.jpg
[2026-04-17T14:02:51.055Z] [✓] #56 00056_651202899_1475638927256534_2742887384726196026_n.jpg
[2026-04-17T14:02:51.097Z] [✓] #57 00057_653351013_1475638930589867_5385814727120422999_n.jpg
[2026-04-17T14:02:51.125Z] [✓] #58 00058_650125485_1474159330737827_4545393484221555873_n.jpg
[2026-04-17T14:02:51.177Z] [✓] #59 00059_650801973_1474158890737871_4896642690107533998_n.jpg
[2026-04-17T14:02:51.199Z] [✓] #60 00060_650053069_1474157337404693_6914960887233360040_n.jpg
[2026-04-17T14:02:51.259Z] [✓] #61 00061_650400300_1474157397404687_1737758372332838953_n.jpg
[2026-04-17T14:02:51.289Z] [✓] #62 00062_649631369_1474157387404688_4567928929326348762_n.jpg
[2026-04-17T14:02:51.336Z] [✓] #63 00063_651195856_1474157350738025_7250822211336066332_n.jpg
[2026-04-17T14:02:51.362Z] [✓] #64 00064_650493789_1474157347404692_5400812912784971926_n.jpg
[2026-04-17T14:02:51.408Z] [✓] #65 00065_651367835_1474157064071387_2991447211161852376_n.jpg
[2026-04-17T14:02:51.520Z] [✓] #67 00067_649194895_1471232531030507_183805422966558691_n.jpg
[2026-04-17T14:02:51.626Z] [✓] #68 00068_649521766_1471232357697191_2082434023183400695_n.jpg
[2026-04-17T14:02:51.751Z] [✓] #69 00069_649207793_1471232294363864_5395071225351872592_n.jpg
[2026-04-17T14:02:51.874Z] [✓] #70 00070_649335397_1471232327697194_5869182405478606822_n.jpg
[2026-04-17T14:02:51.910Z] [✓] #66 00066_649521766_1471232577697169_7200258701026458685_n.jpg
[2026-04-17T14:02:51.968Z] [✓] #71 00071_649086838_1471232217697205_7205325163861242858_n.jpg
[2026-04-17T14:02:52.007Z] [✓] #72 00072_649070489_1471232191030541_3683274375437119277_n.jpg
[2026-04-17T14:02:52.081Z] [✓] #73 00073_649075191_1471232164363877_7920475936196586107_n.jpg
[2026-04-17T14:02:52.095Z] [✓] #74 00074_649274136_1471232001030560_3229927230103532088_n.jpg
[2026-04-17T14:02:52.190Z] [✓] #76 00076_648848982_1471231871030573_7496175678597542134_n.jpg
[2026-04-17T14:02:52.296Z] [✓] #77 00077_649486382_1471231844363909_1004283436436624410_n.jpg
[2026-04-17T14:02:52.386Z] [✓] #78 00078_650122631_1471231787697248_5260938095767449678_n.jpg
[2026-04-17T14:02:52.473Z] [✓] #79 00079_648186095_1470435387776888_6236931175425061375_n.jpg
[2026-04-17T14:02:52.584Z] [✓] #75 00075_650127371_1471231967697230_3572873838040559859_n.jpg
[2026-04-17T14:02:52.604Z] [✓] #80 00080_643867763_1465840431569717_6334923085783620625_n.jpg
[2026-04-17T14:02:52.722Z] [✓] #82 00082_643804646_1465840381569722_3307897936472818676_n.jpg
[2026-04-17T14:02:52.760Z] [✓] #81 00081_643864853_1465840388236388_7434029243214702143_n.jpg
[2026-04-17T14:02:52.872Z] [✓] #84 00084_645120656_1465666408253786_2931011107626684302_n.jpg
[2026-04-17T14:02:52.885Z] [✓] #83 00083_643913092_1465840368236390_3654493152929785920_n.jpg
[2026-04-17T14:02:52.999Z] [✓] #85 00085_641687063_1462412118579215_121562031012190913_n.jpg
[2026-04-17T14:02:53.114Z] [✓] #87 00087_643735728_1462412011912559_828906108475604178_n.jpg
[2026-04-17T14:02:53.239Z] [✓] #88 00088_642442053_1462411948579232_8152087469889374352_n.jpg
[2026-04-17T14:02:53.327Z] [✓] #89 00089_636010127_1455722395914854_4877413202151482381_n.jpg
[2026-04-17T14:02:53.365Z] [WARN] #12 attempt 3/3 failed: HTTP 403
[2026-04-17T14:02:53.366Z] [✗] #12 FAILED: HTTP 403
[2026-04-17T14:02:53.407Z] [✓] #86 00086_643426579_1462412061912554_2706389924524244863_n.jpg
[2026-04-17T14:02:53.465Z] [✓] #91 00091_638275075_1455722245914869_8997560358910775631_n.jpg
[2026-04-17T14:02:53.475Z] [✓] #90 00090_635467768_1455722369248190_3119517314652541217_n.jpg
[2026-04-17T14:02:53.570Z] [✓] #93 00093_634780846_1454850409335386_1619654117433576365_n.jpg
[2026-04-17T14:02:53.611Z] [✓] #94 00094_636682482_1453209439499483_2715067784261373897_n.jpg
[2026-04-17T14:02:53.648Z] [✓] #95 00095_633436979_1452212852932475_3143252808736498482_n.jpg
[2026-04-17T14:02:53.734Z] [✓] #96 00096_634099207_1451401063013654_799070694093903280_n.jpg
[2026-04-17T14:02:53.852Z] [✓] #92 00092_636254736_1455722225914871_3065060843511968700_n.jpg
[2026-04-17T14:02:53.860Z] [✓] #98 00098_634089875_1451399153013845_310862952392772003_n.jpg
[2026-04-17T14:02:53.873Z] [WARN] #19 attempt 3/3 failed: HTTP 403
[2026-04-17T14:02:53.873Z] [✗] #19 FAILED: HTTP 403
[2026-04-17T14:02:53.944Z] [WARN] #101 attempt 1/3 failed: HTTP 403
[2026-04-17T14:02:53.986Z] [✓] #100 00100_631228276_1450789263074834_6181905299778644090_n.jpg
[2026-04-17T14:02:53.993Z] [✓] #99 00099_634073329_1451399099680517_3097485861075825308_n.jpg
[2026-04-17T14:02:54.115Z] [✓] #102 00102_630075199_1448982043255556_8319314017922514485_n.jpg
[2026-04-17T14:02:54.262Z] [✓] #103 00103_630630558_1448981376588956_6906710677795023373_n.jpg
[2026-04-17T14:02:54.273Z] [✓] #104 00104_631570542_1448981239922303_6347751904545054630_n.jpg
[2026-04-17T14:02:54.282Z] [WARN] #24 attempt 3/3 failed: HTTP 403
[2026-04-17T14:02:54.282Z] [✗] #24 FAILED: HTTP 403
[2026-04-17T14:02:54.350Z] [✓] #97 00097_634089875_1451401006346993_7958458384415950949_n.jpg
[2026-04-17T14:02:54.388Z] [✓] #107 00107_630267731_1448981086588985_4035163919732978110_n.jpg
[2026-04-17T14:02:54.407Z] [✓] #105 00105_630948584_1448981209922306_230268306258663976_n.jpg
[2026-04-17T14:02:54.441Z] [✓] #106 00106_629520682_1448981106588983_9210589422093299899_n.jpg
[2026-04-17T14:02:54.625Z] [✓] #110 00110_627657930_1446081093545651_7084778537365362600_n.jpg
[2026-04-17T14:02:54.627Z] [✓] #111 00111_626870404_1444532247033869_1118663469956602319_n.jpg
[2026-04-17T14:02:54.672Z] [✓] #109 00109_631177726_1447040833449677_8928414273430933083_n.jpg
[2026-04-17T14:02:54.679Z] [✓] #112 00112_626389273_1444532197033874_8665088249669123387_n.jpg
[2026-04-17T14:02:54.752Z] [✓] #114 00114_627164241_1444532080367219_4163783630361173330_n.jpg
[2026-04-17T14:02:54.830Z] [✓] #116 00116_627500167_1444531963700564_6317322333407811238_n.jpg
[2026-04-17T14:02:54.849Z] [✓] #113 00113_627428099_1444532147033879_7138426190523283803_n.jpg
[2026-04-17T14:02:54.930Z] [✓] #115 00115_627413942_1444532010367226_6362628786878075753_n.jpg
[2026-04-17T14:02:54.974Z] [✓] #118 00118_627401065_1444531857033908_3144842120139457504_n.jpg
[2026-04-17T14:02:55.021Z] [✓] #117 00117_627805109_1444531917033902_8493276566020836799_n.jpg
[2026-04-17T14:02:55.102Z] [✓] #119 00119_627413771_1444394443714316_488047422378212494_n.jpg
[2026-04-17T14:02:55.147Z] [✓] #120 00120_628391118_1444393720381055_816397072632574220_n.jpg
[2026-04-17T14:02:55.148Z] [✓] #121 00121_626604577_1442777197209374_1796852741088376096_n.jpg
[2026-04-17T14:02:55.324Z] [✓] #123 00123_627708839_1442776783876082_158967433684441437_n.jpg
[2026-04-17T14:02:55.329Z] [✓] #122 00122_626885522_1442776827209411_8523019482782639696_n.jpg
[2026-04-17T14:02:55.334Z] [✓] #108 00108_630407922_1448980989922328_5407524217759824793_n.jpg
[2026-04-17T14:02:55.393Z] [✓] #124 00124_623328498_1440494870770940_1251282956306337746_n.jpg
[2026-04-17T14:02:55.492Z] [✓] #125 00125_625255409_1440494797437614_4873238832607877645_n.jpg
[2026-04-17T14:02:55.519Z] [✓] #126 00126_624043692_1440494750770952_5939751263777196146_n.jpg
[2026-04-17T14:02:55.556Z] [✓] #127 00127_623262155_1440494707437623_4859672686606902870_n.jpg
[2026-04-17T14:02:55.639Z] [✓] #131 00131_624291746_1439680417519052_3075138191852243797_n.jpg
[2026-04-17T14:02:55.673Z] [✓] #129 00129_624847356_1439680477519046_787380298129062566_n.jpg
[2026-04-17T14:02:55.876Z] [✓] #130 00130_624684687_1439680460852381_5554748891628532547_n.jpg
[2026-04-17T14:02:55.886Z] [✓] #128 00128_623247192_1440494644104296_8158075933062736384_n.jpg
[2026-04-17T14:02:55.890Z] [✓] #133 00133_623403462_1438760807611013_670316070978716414_n.jpg
[2026-04-17T14:02:55.904Z] [✓] #132 00132_625190542_1439680390852388_4446463366807605018_n.jpg
[2026-04-17T14:02:55.995Z] [✓] #137 00137_619330249_1436263934527367_2396019421541134079_n.jpg
[2026-04-17T14:02:56.054Z] [✓] #136 00136_623359053_1438760607611033_1816264946074751751_n.jpg
[2026-04-17T14:02:56.059Z] [WARN] #101 attempt 2/3 failed: HTTP 403
[2026-04-17T14:02:56.100Z] [✓] #138 00138_622428602_1436263887860705_618948622673081518_n.jpg
[2026-04-17T14:02:56.170Z] [✓] #135 00135_622130683_1438760670944360_2866779949611213549_n.jpg
[2026-04-17T14:02:56.182Z] [✓] #134 00134_622897468_1438760740944353_2944099742731318399_n.jpg
[2026-04-17T14:02:56.306Z] [✓] #141 00141_618355011_1435310391289388_6666752794124206430_n.jpg
[2026-04-17T14:02:56.321Z] [✓] #139 00139_622457021_1436263817860712_9179481604425475853_n.jpg
[2026-04-17T14:02:56.351Z] [✓] #140 00140_618888006_1435311004622660_7952197785984764871_n.jpg
[2026-04-17T14:02:56.474Z] [✓] #142 00142_621214502_1435310371289390_3218067326346446629_n.jpg
[2026-04-17T14:02:56.519Z] [✓] #145 00145_619211261_1434550911365336_8039870629202589606_n.jpg
[2026-04-17T14:02:56.548Z] [✓] #143 00143_619197199_1434551108031983_7640622676255680743_n.jpg
[2026-04-17T14:02:56.625Z] [✓] #147 00147_621855490_1433679014785859_7860750580563937069_n.jpg
[2026-04-17T14:02:56.628Z] [✓] #144 00144_619185759_1434551014698659_2502782322807610038_n.jpg
[2026-04-17T14:02:56.759Z] [✓] #148 00148_618069762_1433679004785860_9178008685569187073_n.jpg
[2026-04-17T14:02:56.775Z] [✓] #146 00146_618211682_1433679074785853_5361651643142701352_n.jpg
[2026-04-17T14:02:56.859Z] [✓] #150 00150_616561229_1432049588282135_3210513356942579313_n.jpg
[2026-04-17T14:02:56.949Z] [✓] #152 00152_618363330_1432049564948804_8741543777388378449_n.jpg
[2026-04-17T14:02:56.953Z] [✓] #149 00149_616940480_1432049711615456_526744971833015941_n.jpg
[2026-04-17T14:02:57.047Z] [✓] #151 00151_616831521_1432049581615469_7616021054496362290_n.jpg
[2026-04-17T14:02:57.167Z] [✓] #155 00155_615784789_1430499131770514_3137974399960800608_n.jpg
[2026-04-17T14:02:57.169Z] [✓] #156 00156_616567814_1430499125103848_8476762872047959315_n.jpg
[2026-04-17T14:02:57.181Z] [✓] #153 00153_616826818_1431985564955204_2780565937360881263_n.jpg
[2026-04-17T14:02:57.299Z] [✓] #154 00154_616006280_1430501511770276_1323854321912338939_n.jpg
[2026-04-17T14:02:57.334Z] [✓] #158 00158_615849393_1428983015255459_6788287970453253088_n.jpg
[2026-04-17T14:02:57.368Z] [✓] #157 00157_615810073_1428983051922122_4158076807966695784_n.jpg
[2026-04-17T14:02:57.422Z] [✓] #159 00159_616827956_1428983011922126_7081302991150348699_n.jpg
[2026-04-17T14:02:57.524Z] [✓] #160 00160_616042674_1428982998588794_7861684227950898766_n.jpg
[2026-04-17T14:02:57.534Z] [✓] #162 00162_616016978_1428263108660783_2826369798772912838_n.jpg
[2026-04-17T14:02:57.644Z] [✓] #161 00161_615440721_1428263165327444_4043109361837000332_n.jpg
[2026-04-17T14:02:57.686Z] [✓] #164 00164_615441296_1428263018660792_3391605493095593628_n.jpg
[2026-04-17T14:02:57.747Z] [✓] #166 00166_615424516_1428262868660807_3865990940950976607_n.jpg
[2026-04-17T14:02:57.773Z] [✓] #163 00163_618196093_1428263061994121_7080161399545199627_n.jpg
[2026-04-17T14:02:57.965Z] [✓] #167 00167_618117688_1428262825327478_45999529886948704_n.jpg
[2026-04-17T14:02:58.006Z] [✓] #165 00165_616381398_1428262941994133_957295131623222018_n.jpg
[2026-04-17T14:02:58.052Z] [✓] #170 00170_617386898_1427427135411047_4445019217246243529_n.jpg
[2026-04-17T14:02:58.061Z] [✓] #168 00168_616024374_1428262768660817_7160682869348289943_n.jpg
[2026-04-17T14:02:58.099Z] [✓] #169 00169_615816393_1427427155411045_5824452240022448445_n.jpg
[2026-04-17T14:02:58.226Z] [✓] #172 00172_615802338_1426639392156488_250111277265516527_n.jpg
[2026-04-17T14:02:58.270Z] [✓] #174 00174_615873268_1425959818891112_3803415711587464882_n.jpg
[2026-04-17T14:02:58.272Z] [✓] #171 00171_616668809_1427427132077714_8116691709864225847_n.jpg
[2026-04-17T14:02:58.334Z] [✓] #173 00173_615469061_1425959822224445_5414280310605176678_n.jpg
[2026-04-17T14:02:58.372Z] [✓] #175 00175_615409529_1425959825557778_4627918898282220167_n.jpg
[2026-04-17T14:02:58.409Z] [✓] #177 00177_615091049_1425844272236000_5100795435503996927_n.jpg
[2026-04-17T14:02:58.461Z] [✓] #179 00179_615796114_1425844275569333_7937312249329697999_n.jpg
[2026-04-17T14:02:58.506Z] [✓] #180 00180_615346711_1425844252236002_4250435949585804846_n.jpg
[2026-04-17T14:02:58.568Z] [✓] #178 00178_614440072_1425844278902666_895760423984849879_n.jpg
[2026-04-17T14:02:58.591Z] [✓] #181 00181_615689403_1425844255569335_3070684657081022262_n.jpg
[2026-04-17T14:02:58.635Z] [✓] #176 00176_615288575_1425844285569332_3878152601367848446_n.jpg
[2026-04-17T14:02:58.674Z] [✓] #182 00182_615046107_1425844215569339_307169232465583416_n.jpg
[2026-04-17T14:02:58.768Z] [✓] #185 00185_615925467_1425324182288009_3361521784869959003_n.jpg
[2026-04-17T14:02:58.774Z] [✓] #183 00183_615023799_1425324588954635_8888212908246820886_n.jpg
[2026-04-17T14:02:58.867Z] [✓] #187 00187_615055064_1424562169030877_3165206736718467130_n.jpg
[2026-04-17T14:02:58.910Z] [✓] #184 00184_614132209_1425324218954672_6992544730248268761_n.jpg
[2026-04-17T14:02:58.917Z] [✓] #186 00186_615761286_1425324185621342_5477569134651701125_n.jpg
[2026-04-17T14:02:58.933Z] [✓] #188 00188_613914939_1423903105763450_720469207754779695_n.jpg
[2026-04-17T14:02:58.970Z] [✓] #189 00189_614461545_1423899085763852_1606320470336138564_n.jpg
[2026-04-17T14:02:59.121Z] [✓] #190 00190_613921219_1423899089097185_4838894969040633289_n.jpg
[2026-04-17T14:02:59.172Z] [✓] #193 00193_613067305_1423073342513093_6183124758979082159_n.jpg
[2026-04-17T14:02:59.176Z] [✓] #191 00191_612611730_1423073455846415_6055997228538286421_n.jpg
[2026-04-17T14:02:59.308Z] [✓] #192 00192_613697740_1423073402513087_6171540612137273410_n.jpg
[2026-04-17T14:02:59.331Z] [✓] #194 00194_613479413_1423073289179765_9081970338124589084_n.jpg
[2026-04-17T14:02:59.424Z] [✓] #197 00197_613548292_1423073095846451_8169742801382355942_n.jpg
[2026-04-17T14:02:59.493Z] [✓] #196 00196_614082432_1423073142513113_1387733677680549560_n.jpg
[2026-04-17T14:02:59.496Z] [✓] #195 00195_612479910_1423073202513107_4329942817330680221_n.jpg
[2026-04-17T14:02:59.563Z] [✓] #198 00198_614523865_1423073052513122_4121569473686569185_n.jpg
[2026-04-17T14:02:59.679Z] [✓] #201 00201_612230256_1422329432587484_215801358893322350_n.jpg
[2026-04-17T14:02:59.729Z] [✓] #199 00199_612357514_1423072995846461_7868606492077705253_n.jpg
[2026-04-17T14:02:59.752Z] [✓] #202 00202_611604864_1420851776068583_2930009045642811852_n.jpg
[2026-04-17T14:02:59.823Z] [✓] #205 00205_611242930_1419335212886906_2009393896448786281_n.jpg
[2026-04-17T14:02:59.825Z] [✓] #203 00203_612275671_1420851759401918_6368712044395166673_n.jpg
[2026-04-17T14:02:59.831Z] [✓] #204 00204_608915654_1419335252886902_2732809759056288391_n.jpg
[2026-04-17T14:02:59.833Z] [✓] #200 00200_613332571_1422329529254141_6052124767708786476_n.jpg
[2026-04-17T14:02:59.907Z] [✓] #209 00209_605807626_1417007236453037_2994017661081449935_n.jpg
[2026-04-17T14:02:59.945Z] [✓] #207 00207_607118492_1417922326361528_3552036358831805993_n.jpg
[2026-04-17T14:02:59.999Z] [✓] #210 00210_606071507_1416434823176945_4447945668707560161_n.jpg
[2026-04-17T14:03:00.006Z] [✓] #211 00211_607733202_1416434753176952_1626465919573970028_n.jpg
[2026-04-17T14:03:00.046Z] [✓] #208 00208_610951232_1417922306361530_4912575539091418156_n.jpg
[2026-04-17T14:03:00.055Z] [✓] #212 00212_607643979_1416434633176964_5122039716049476794_n.jpg
[2026-04-17T14:03:00.154Z] [✓] #206 00206_607448127_1417922393028188_5078745121684124590_n.jpg
[2026-04-17T14:03:00.216Z] [✓] #213 00213_607932892_1416434406510320_1203730090452997439_n.jpg
[2026-04-17T14:03:00.270Z] [✓] #215 00215_607557688_1415705619916532_5558178903704719485_n.jpg
[2026-04-17T14:03:00.299Z] [WARN] #101 attempt 3/3 failed: HTTP 403
[2026-04-17T14:03:00.299Z] [✗] #101 FAILED: HTTP 403
[2026-04-17T14:03:00.307Z] [✓] #214 00214_608054826_1415705676583193_3241957080295525931_n.jpg
[2026-04-17T14:03:00.325Z] [✓] #216 00216_606423436_1415705556583205_1475715154372448731_n.jpg
[2026-04-17T14:03:00.411Z] [✓] #217 00217_606405351_1415426973277730_8698847487043795839_n.jpg
[2026-04-17T14:03:00.442Z] [✓] #218 00218_608195331_1415426919944402_8133566198209856806_n.jpg
[2026-04-17T14:03:00.482Z] [✓] #219 00219_606482370_1415426873277740_1115126306245477942_n.jpg
[2026-04-17T14:03:00.490Z] [✓] #220 00220_606408074_1415426823277745_669604746760077540_n.jpg
[2026-04-17T14:03:00.546Z] [✓] #222 00222_605208412_1413470046806756_3998603799979682268_n.jpg
[2026-04-17T14:03:00.560Z] [✓] #223 00223_605134396_1411452870341807_6256521310796617809_n.jpg
[2026-04-17T14:03:00.695Z] [✓] #226 00226_606410357_1411452717008489_6445483767905393181_n.jpg
[2026-04-17T14:03:00.702Z] [✓] #221 00221_605259021_1413470630140031_3549308494385651563_n.jpg
[2026-04-17T14:03:00.800Z] [✓] #227 00227_602339566_1410639100423184_8079073158761912758_n.jpg
[2026-04-17T14:03:00.848Z] [✓] #229 00229_603850271_1410639090423185_6663035871887025706_n.jpg
[2026-04-17T14:03:00.957Z] [✓] #228 00228_602351639_1410639097089851_1578416110815983803_n.jpg
[2026-04-17T14:03:00.996Z] [✓] #230 00230_603796960_1410639093756518_1092156939887019420_n.jpg
[2026-04-17T14:03:01.006Z] [✓] #231 00231_604648514_1410639050423189_2789293428263355618_n.jpg
[2026-04-17T14:03:01.010Z] [✓] #225 00225_605111671_1411452767008484_2533489047192886493_n.jpg
[2026-04-17T14:03:01.036Z] [✓] #224 00224_605108553_1411452823675145_2159280797134806282_n.jpg
[2026-04-17T14:03:01.146Z] [✓] #232 00232_605248718_1410639067089854_4844389708263466809_n.jpg
[2026-04-17T14:03:01.191Z] [✓] #233 00233_600396638_1409298357223925_7492278792074739059_n.jpg
[2026-04-17T14:03:01.217Z] [✓] #235 00235_605042979_1409289297224831_2402819200023887605_n.jpg
[2026-04-17T14:03:01.272Z] [✓] #234 00234_603947738_1409289487224812_4350819418561754368_n.jpg
[2026-04-17T14:03:01.295Z] [✓] #236 00236_603880449_1409289293891498_6430541526132361427_n.jpg
[2026-04-17T14:03:01.308Z] [✓] #238 00238_603951024_1409174123903015_6122744792060733769_n.jpg
[2026-04-17T14:03:01.327Z] [✓] #240 00240_600087929_1407743777379383_1988190244687657515_n.jpg
[2026-04-17T14:03:01.341Z] [✓] #237 00237_601368270_1409289287224832_2589659788240464889_n.jpg
[2026-04-17T14:03:01.356Z] [✓] #241 00241_602899465_1407743770712717_1941338674733490098_n.jpg
[2026-04-17T14:03:01.521Z] [✓] #239 00239_601343473_1407746987379062_5325178124924790000_n.jpg
[2026-04-17T14:03:01.526Z] [✓] #242 00242_600435853_1407083667445394_3703416563893107155_n.jpg
[2026-04-17T14:03:01.536Z] [✓] #245 00245_600874562_1406242710862823_97512284211039640_n.jpg
[2026-04-17T14:03:01.604Z] [✓] #243 00243_600706316_1407083640778730_6886438701002390165_n.jpg
[2026-04-17T14:03:01.630Z] [✓] #244 00244_600288157_1407083637445397_3272004380764771815_n.jpg
[2026-04-17T14:03:01.642Z] [✓] #246 00246_598953411_1405485457605215_2905129087525248918_n.jpg
[2026-04-17T14:03:01.655Z] [✓] #247 00247_600243742_1404833567670404_6940513600013871077_n.jpg
[2026-04-17T14:03:01.729Z] [✓] #248 00248_598838692_1404833177670443_7546363923988499146_n.jpg
[2026-04-17T14:03:01.748Z] [✓] #252 00252_595220751_1401859624634465_938987533980211954_n.jpg
[2026-04-17T14:03:01.827Z] [✓] #249 00249_599467619_1401860004634427_9044841653343798260_n.jpg
[2026-04-17T14:03:01.883Z] [✓] #250 00250_599226065_1401859651301129_6681194630797992203_n.jpg
[2026-04-17T14:03:01.890Z] [✓] #251 00251_598991459_1401859621301132_108627424790865529_n.jpg
[2026-04-17T14:03:01.922Z] [✓] #253 00253_595368303_1401859604634467_8525867998352734136_n.jpg
[2026-04-17T14:03:01.928Z] [✓] #254 00254_597695383_1401859577967803_3395630996359831143_n.jpg
[2026-04-17T14:03:02.009Z] [✓] #255 00255_596802120_1401859551301139_3948655264139566036_n.jpg
[2026-04-17T14:03:02.059Z] [✓] #259 00259_595077072_1399701808183580_4172881859161769426_n.jpg
[2026-04-17T14:03:02.066Z] [✓] #257 00257_595164914_1399701841516910_776253133993068702_n.jpg
[2026-04-17T14:03:02.215Z] [✓] #262 00262_595118964_1398114311675663_7725812336721387931_n.jpg
[2026-04-17T14:03:02.272Z] [✓] #260 00260_595259628_1399701781516916_1552113301017489900_n.jpg
[2026-04-17T14:03:02.296Z] [✓] #258 00258_595166775_1399701814850246_5503470410351341352_n.jpg
[2026-04-17T14:03:02.307Z] [✓] #263 00263_595134610_1398114298342331_7470156910542328613_n.jpg
[2026-04-17T14:03:02.326Z] [✓] #261 00261_595097261_1399701751516919_2124086291621792990_n.jpg
[2026-04-17T14:03:02.414Z] [✓] #265 00265_595250449_1398114255009002_2638869454883945207_n.jpg
[2026-04-17T14:03:02.496Z] [✓] #268 00268_594073536_1396027371884357_702984157034178548_n.jpg
[2026-04-17T14:03:02.527Z] [✓] #256 00256_595240304_1399701938183567_2637373835349432547_n.jpg
[2026-04-17T14:03:02.559Z] [✓] #266 00266_594077770_1398114235009004_4058588763088903353_n.jpg
[2026-04-17T14:03:02.610Z] [✓] #264 00264_595151176_1398114301675664_4501068522732856715_n.jpg
[2026-04-17T14:03:02.655Z] [✓] #270 00270_593424232_1395082401978854_1721331472052963007_n.jpg
[2026-04-17T14:03:02.751Z] [✓] #271 00271_592057883_1395082165312211_5812112687604588862_n.jpg
[2026-04-17T14:03:02.772Z] [✓] #267 00267_594075370_1396028558550905_1771373256526856642_n.jpg
[2026-04-17T14:03:02.862Z] [✓] #274 00274_594012370_1395082018645559_4329480456742639172_n.jpg
[2026-04-17T14:03:03.001Z] [✓] #273 00273_594522369_1395082051978889_7030206551441445463_n.jpg
[2026-04-17T14:03:03.004Z] [✓] #275 00275_594071401_1395081938645567_2327972901529307007_n.jpg
[2026-04-17T14:03:03.031Z] [✓] #277 00277_593396355_1395081565312271_6087846512174770482_n.jpg
[2026-04-17T14:03:03.032Z] [✓] #272 00272_561132594_1395082128645548_4622695888007587126_n.jpg
[2026-04-17T14:03:03.060Z] [✓] #269 00269_594063653_1395988535221574_5295630825081692303_n.jpg
[2026-04-17T14:03:03.133Z] [✓] #276 00276_594194909_1395081605312267_2675565724772186480_n.jpg
[2026-04-17T14:03:03.273Z] [✓] #279 00279_591949979_1393464325473995_5249017994371678314_n.jpg
[2026-04-17T14:03:03.427Z] [✓] #282 00282_590734300_1392038888949872_3350604910239013666_n.jpg
[2026-04-17T14:03:03.435Z] [✓] #280 00280_590801070_1392749218878839_1869995872685755481_n.jpg
[2026-04-17T14:03:03.478Z] [✓] #283 00283_591248841_1392038822283212_6464660996634603820_n.jpg
[2026-04-17T14:03:03.480Z] [✓] #281 00281_591236761_1392749172212177_5279979408752872234_n.jpg
[2026-04-17T14:03:03.492Z] [✓] #278 00278_591256685_1393464382140656_7954698539389422554_n.jpg
[2026-04-17T14:03:03.578Z] [✓] #284 00284_589100913_1389956865824741_1864117376916720743_n.jpg
[2026-04-17T14:03:03.705Z] [✓] #289 00289_585879598_1386724532814641_9111683755528252813_n.jpg
[2026-04-17T14:03:03.709Z] [✓] #286 00286_589113037_1389950515825376_5043770022099960366_n.jpg
[2026-04-17T14:03:03.829Z] [✓] #291 00291_586449957_1386724412814653_3649135926393656424_n.jpg
[2026-04-17T14:03:03.835Z] [✓] #290 00290_586526168_1386724419481319_3129364128384878273_n.jpg
[2026-04-17T14:03:03.863Z] [✓] #288 00288_588468639_1388364205984007_3614187601002618785_n.jpg
[2026-04-17T14:03:03.995Z] [✓] #287 00287_590405547_1389950495825378_5056102961993151073_n.jpg
[2026-04-17T14:03:04.002Z] [✓] #293 00293_586065866_1386724389481322_9127350691759579068_n.jpg
[2026-04-17T14:03:04.089Z] [✓] #292 00292_586419404_1386724416147986_4945686353946206492_n.jpg
[2026-04-17T14:03:04.145Z] [✓] #285 00285_589156976_1389950519158709_5674781666768288918_n.jpg
[2026-04-17T14:03:04.156Z] [✓] #297 00297_586014682_1385845249569236_1473479541943251630_n.jpg
[2026-04-17T14:03:04.160Z] [✓] #294 00294_586219563_1386724349481326_1094903935511178182_n.jpg
[2026-04-17T14:03:04.163Z] [✓] #296 00296_586291269_1386724312814663_8657842094462453700_n.jpg
[2026-04-17T14:03:04.165Z] [✓] #295 00295_586303976_1386724332814661_2598968171982340350_n.jpg
[2026-04-17T14:03:04.256Z] [✓] #299 00299_583329107_1382116983275396_2569018188091969376_n.jpg
[2026-04-17T14:03:04.288Z] [✓] #302 00302_583916588_1381368236683604_1133602747190191394_n.jpg
[2026-04-17T14:03:04.291Z] [✓] #301 00301_582265548_1381377613349333_6927840165369268169_n.jpg
[2026-04-17T14:03:04.333Z] [✓] #304 00304_581934241_1380609120092849_4865694597894514052_n.jpg
[2026-04-17T14:03:04.418Z] [✓] #298 00298_581972684_1382117013275393_4625216872197508490_n.jpg
[2026-04-17T14:03:04.420Z] [✓] #300 00300_584691764_1382116956608732_4014302886352994977_n.jpg
[2026-04-17T14:03:04.431Z] [✓] #303 00303_582540991_1380768723410222_3975751748325095231_n.jpg
[2026-04-17T14:03:04.523Z] [✓] #305 00305_581931784_1380609733426121_2347098349436416898_n.jpg
[2026-04-17T14:03:04.561Z] [✓] #309 00309_583204759_1380609343426160_6693470104912482974_n.jpg
[2026-04-17T14:03:04.639Z] [✓] #306 00306_581313167_1380609493426145_561521050217241156_n.jpg
[2026-04-17T14:03:04.681Z] [✓] #310 00310_580789799_1380609293426165_226138608577132343_n.jpg
[2026-04-17T14:03:04.783Z] [✓] #308 00308_581949828_1380609396759488_8870994887834575239_n.jpg
[2026-04-17T14:03:04.795Z] [✓] #312 00312_579891135_1378884400265321_6357676749482087468_n.jpg
[2026-04-17T14:03:04.899Z] [✓] #314 00314_579310672_1378883970265364_3847199604948053716_n.jpg
[2026-04-17T14:03:04.920Z] [✓] #307 00307_581076895_1380609450092816_7240548853460390319_n.jpg
[2026-04-17T14:03:05.121Z] [✓] #311 00311_581830811_1380609186759509_8576642050354715253_n.jpg
[2026-04-17T14:03:05.147Z] [✓] #316 00316_578795821_1377886227031805_1941958003810475701_n.jpg
[2026-04-17T14:03:05.372Z] [✓] #313 00313_581631093_1378884216932006_590727618235358438_n.jpg
[2026-04-17T14:03:05.436Z] [✓] #319 00319_578007613_1376173500536411_1405340255801811497_n.jpg
[2026-04-17T14:03:05.455Z] [✓] #317 00317_580125822_1377871213699973_7644503216648001325_n.jpg
[2026-04-17T14:03:05.542Z] [✓] #318 00318_580526794_1377871217033306_3500702891262445066_n.jpg
[2026-04-17T14:03:05.544Z] [✓] #320 00320_577735918_1376173497203078_6446086012555155505_n.jpg
[2026-04-17T14:03:05.673Z] [✓] #321 00321_578069368_1375296933957401_4919071556859280684_n.jpg
[2026-04-17T14:03:05.728Z] [✓] #315 00315_580043187_1377887027031725_2176084525496758431_n.jpg
[2026-04-17T14:03:05.842Z] [✓] #324 00324_576844034_1375296800624081_621726821185350030_n.jpg
[2026-04-17T14:03:05.860Z] [✓] #322 00322_575171394_1375296883957406_2143691690841011315_n.jpg
[2026-04-17T14:03:05.863Z] [✓] #323 00323_575129419_1375296840624077_7237644042832806773_n.jpg
[2026-04-17T14:03:05.931Z] [✓] #325 00325_576740846_1375296757290752_929821538992120314_n.jpg
[2026-04-17T14:03:06.032Z] [✓] #328 00328_574349915_1374516994035395_6086906167425369126_n.jpg
[2026-04-17T14:03:06.050Z] [WARN] #331 attempt 1/3 failed: HTTP 403
[2026-04-17T14:03:06.149Z] [✓] #330 00330_577454479_1374516904035404_2293241678237561871_n.jpg
[2026-04-17T14:03:06.154Z] [✓] #327 00327_577062142_1374517057368722_553809821112782888_n.jpg
[2026-04-17T14:03:06.213Z] [✓] #329 00329_575113106_1374516930702068_6715144270868469780_n.jpg
[2026-04-17T14:03:06.294Z] [✓] #326 00326_576750566_1375296683957426_5710559835310082148_n.jpg
[2026-04-17T14:03:06.328Z] [✓] #332 00332_575135789_1374516777368750_9204758747749792578_n.jpg
[2026-04-17T14:03:06.329Z] [✓] #333 00333_577060822_1374516720702089_624679737192919922_n.jpg
[2026-04-17T14:03:06.390Z] [✓] #336 00336_577651440_1372888164198278_3796197926144408206_n.jpg
[2026-04-17T14:03:06.399Z] [✓] #334 00334_574930615_1373129847507443_7000534375160039608_n.jpg
[2026-04-17T14:03:06.431Z] [✓] #337 00337_576616184_1372887570865004_8766839730182145323_n.jpg
[2026-04-17T14:03:06.456Z] [✓] #338 00338_574398912_1372887347531693_3292484290803035990_n.jpg
[2026-04-17T14:03:06.545Z] [✓] #340 00340_576819246_1372886130865148_7192714963440789816_n.jpg
[2026-04-17T14:03:06.555Z] [✓] #339 00339_577108097_1372886627531765_2868770998265123940_n.jpg
[2026-04-17T14:03:06.559Z] [WARN] #342 attempt 1/3 failed: HTTP 403
[2026-04-17T14:03:06.630Z] [✓] #341 00341_574104059_1372064850947276_8006419688123057130_n.jpg
[2026-04-17T14:03:06.727Z] [✓] #343 00343_574277372_1372058297614598_4129316786431309892_n.jpg
[2026-04-17T14:03:06.768Z] [✓] #344 00344_576073424_1372058214281273_6232255570539838081_n.jpg
[2026-04-17T14:03:06.799Z] [✓] #335 00335_577597334_1372888634198231_6115748890747094424_n.jpg
[2026-04-17T14:03:06.828Z] [✓] #345 00345_574493423_1372058204281274_3027009174629269433_n.jpg
[2026-04-17T14:03:06.888Z] [✓] #346 00346_572385123_1370194294467665_8677273290958704326_n.jpg
[2026-04-17T14:03:06.905Z] [WARN] #349 attempt 1/3 failed: HTTP 403
[2026-04-17T14:03:06.974Z] [✓] #347 00347_571246959_1369394051214356_7806638388020500028_n.jpg
[2026-04-17T14:03:06.979Z] [✓] #348 00348_571337322_1369393991214362_4239488873972239007_n.jpg
[2026-04-17T14:03:07.081Z] [✓] #351 00351_572064690_1369132744573820_8182918878904229265_n.jpg
[2026-04-17T14:03:07.097Z] [✓] #350 00350_574888030_1369393894547705_311287226931957340_n.jpg
[2026-04-17T14:03:07.178Z] [✓] #353 00353_572470129_1369132737907154_6747325252422450371_n.jpg
[2026-04-17T14:03:07.208Z] [✓] #352 00352_572796197_1369132734573821_558113957111938147_n.jpg
[2026-04-17T14:03:07.297Z] [✓] #355 00355_571239149_1366922378128190_2801718685245788769_n.jpg
[2026-04-17T14:03:07.366Z] [✓] #356 00356_571272138_1365297051624056_5600880673106409172_n.jpg
[2026-04-17T14:03:07.446Z] [✓] #354 00354_571099742_1366922428128185_334703391498358087_n.jpg
[2026-04-17T14:03:07.451Z] [✓] #357 00357_571568419_1365296598290768_8031561592595794439_n.jpg
[2026-04-17T14:03:07.580Z] [✓] #358 00358_572434533_1365287504958344_4371418579071010891_n.jpg
[2026-04-17T14:03:07.593Z] [✓] #359 00359_572969386_1365287501625011_3986741124672256366_n.jpg
[2026-04-17T14:03:07.601Z] [WARN] #361 attempt 1/3 failed: HTTP 403
[2026-04-17T14:03:07.629Z] [✓] #360 00360_570588818_1365287428291685_1630291411438621602_n.jpg
[2026-04-17T14:03:07.708Z] [✓] #362 00362_572179552_1365287398291688_2069823814413955794_n.jpg
[2026-04-17T14:03:07.826Z] [✓] #363 00363_568519131_1362607715226323_5404439707470071803_n.jpg
[2026-04-17T14:03:07.936Z] [✓] #364 00364_571019223_1362607618559666_1132580162478821437_n.jpg
[2026-04-17T14:03:08.043Z] [✓] #365 00365_550189135_1362607528559675_3856274493455262613_n.jpg
[2026-04-17T14:03:08.056Z] [WARN] #331 attempt 2/3 failed: HTTP 403
[2026-04-17T14:03:08.126Z] [✓] #366 00366_567703112_1362607271893034_3431109976576683928_n.jpg
[2026-04-17T14:03:08.241Z] [✓] #367 00367_569075681_1362606985226396_381616881105900816_n.jpg
[2026-04-17T14:03:08.308Z] [✓] #368 00368_568038074_1361760095311085_705987565958052082_n.jpg
[2026-04-17T14:03:08.372Z] [✓] #369 00369_568920763_1360981485388946_8312373792083941546_n.jpg
[2026-04-17T14:03:08.486Z] [✓] #370 00370_555115551_1360981555388939_2217910516739411347_n.jpg
[2026-04-17T14:03:08.570Z] [WARN] #342 attempt 2/3 failed: HTTP 403
[2026-04-17T14:03:08.585Z] [✓] #371 00371_565267704_1360981558722272_6058968762338484081_n.jpg
[2026-04-17T14:03:08.653Z] [✓] #372 00372_569411580_1360981468722281_5622226867502829133_n.jpg
[2026-04-17T14:03:08.722Z] [✓] #373 00373_566381660_1360101355476959_1080818166712443653_n.jpg
[2026-04-17T14:03:08.761Z] [✓] #374 00374_565705875_1359273485559746_1118949615403377153_n.jpg
[2026-04-17T14:03:08.806Z] [✓] #375 00375_565118129_1359273358893092_7096389983241917288_n.jpg
[2026-04-17T14:03:08.885Z] [✓] #376 00376_566213423_1359273095559785_4576715338256767274_n.jpg
[2026-04-17T14:03:08.922Z] [WARN] #349 attempt 2/3 failed: HTTP 403
[2026-04-17T14:03:08.939Z] [✓] #377 00377_561857692_1355930649227363_7084123284494371322_n.jpg
[2026-04-17T14:03:08.978Z] [✓] #378 00378_565135334_1355929389227489_6068392729653513120_n.jpg
[2026-04-17T14:03:09.003Z] [✓] #379 00379_561325583_1355929382560823_8259953959582250619_n.jpg
[2026-04-17T14:03:09.056Z] [✓] #380 00380_561441515_1355926752561086_2443488460939845504_n.jpg
[2026-04-17T14:03:09.120Z] [✓] #381 00381_562371453_1355926732561088_2540073157603756266_n.jpg
[2026-04-17T14:03:09.186Z] [✓] #382 00382_565175323_1355926712561090_8969212565767977011_n.jpg
[2026-04-17T14:03:09.221Z] [✓] #383 00383_565075664_1355926699227758_5031394538853061966_n.jpg
[2026-04-17T14:03:09.282Z] [✓] #384 00384_561430935_1355926672561094_8208033158040643251_n.jpg
[2026-04-17T14:03:09.332Z] [✓] #385 00385_565833579_1355926612561100_8018623504864873460_n.jpg
[2026-04-17T14:03:09.375Z] [✓] #386 00386_565607342_1355926599227768_343744698554677121_n.jpg
[2026-04-17T14:03:09.455Z] [✓] #387 00387_560003242_1354396032714158_8748237514834728299_n.jpg
[2026-04-17T14:03:09.527Z] [✓] #388 00388_559411207_1354395969380831_2446389663917705224_n.jpg
[2026-04-17T14:03:09.584Z] [✓] #389 00389_564008983_1354395952714166_7817477290849877863_n.jpg
[2026-04-17T14:03:09.606Z] [WARN] #361 attempt 2/3 failed: HTTP 403
[2026-04-17T14:03:09.657Z] [✓] #390 00390_561797435_1354395922714169_5463720855396246224_n.jpg
[2026-04-17T14:03:09.701Z] [✓] #391 00391_560281533_1354395872714174_8613653346629144008_n.jpg
[2026-04-17T14:03:09.745Z] [✓] #392 00392_561892125_1353461482807613_95132158730630736_n.jpg
[2026-04-17T14:03:09.779Z] [✓] #393 00393_558971256_1353461439474284_8564989735158197747_n.jpg
[2026-04-17T14:03:09.816Z] [✓] #394 00394_558976265_1353461402807621_2859944785053415675_n.jpg
[2026-04-17T14:03:09.870Z] [✓] #395 00395_558891860_1352665202887241_4619624829031452565_n.jpg
[2026-04-17T14:03:09.931Z] [✓] #396 00396_559041903_1352665142887247_5832843781337273693_n.jpg
[2026-04-17T14:03:10.011Z] [✓] #397 00397_558918688_1352338182919943_2258554225471777079_n.jpg
[2026-04-17T14:03:10.143Z] [✓] #398 00398_560279821_1352338136253281_8494470743861214755_n.jpg
[2026-04-17T14:03:10.215Z] [✓] #399 00399_560039896_1352338086253286_3447800595559037023_n.jpg
[2026-04-17T14:03:10.281Z] [✓] #400 00400_561532842_1351752152978546_3467354788185286621_n.jpg
[2026-04-17T14:03:10.374Z] [✓] #401 00401_560014411_1351752129645215_4595551906037261794_n.jpg
[2026-04-17T14:03:10.426Z] [✓] #402 00402_558954612_1351752099645218_695852792953662347_n.jpg
[2026-04-17T14:03:10.473Z] [✓] #403 00403_558886642_1351752056311889_2543074058963148924_n.jpg
[2026-04-17T14:03:10.520Z] [✓] #404 00404_558172451_1351474143006347_3710577744161381126_n.jpg
[2026-04-17T14:03:10.567Z] [✓] #405 00405_558346815_1351474116339683_740621343525420392_n.jpg
[2026-04-17T14:03:10.611Z] [✓] #406 00406_559041950_1351474073006354_1698047912080419679_n.jpg
[2026-04-17T14:03:10.658Z] [✓] #407 00407_558978478_1351474053006356_9030389850830351113_n.jpg
[2026-04-17T14:03:10.693Z] [✓] #408 00408_559473727_1349603569860071_7724000082924773584_n.jpg
[2026-04-17T14:03:10.832Z] [✓] #409 00409_560071513_1349603306526764_6075686948640295418_n.jpg
[2026-04-17T14:03:10.885Z] [✓] #410 00410_515436239_1348666456620449_1358511010439500136_n.jpg
[2026-04-17T14:03:10.954Z] [✓] #411 00411_557605184_1348665996620495_6212886007436807218_n.jpg
[2026-04-17T14:03:11.010Z] [✓] #412 00412_557797915_1348665989953829_7391029254946320683_n.jpg
[2026-04-17T14:03:11.069Z] [✓] #413 00413_557633869_1348665933287168_57596672499013033_n.jpg
[2026-04-17T14:03:11.127Z] [✓] #414 00414_556648281_1346945973459164_7647229909181890655_n.jpg
[2026-04-17T14:03:11.205Z] [✓] #415 00415_557633841_1346940883459673_779840261829115370_n.jpg
[2026-04-17T14:03:11.267Z] [✓] #416 00416_558917291_1346939420126486_6256977660292495352_n.jpg
[2026-04-17T14:03:11.319Z] [✓] #417 00417_557632157_1346937956793299_7165420177382000930_n.jpg
[2026-04-17T14:03:11.370Z] [✓] #418 00418_557632157_1346937956793299_7165420177382000930_n.jpg
[2026-04-17T14:03:11.428Z] [✓] #419 00419_556599397_1346004846886610_3085145230011229525_n.jpg
[2026-04-17T14:03:11.469Z] [✓] #420 00420_559113505_1345136973640064_3247257120805426290_n.jpg
[2026-04-17T14:03:11.525Z] [✓] #421 00421_559412166_1345132986973796_3625153219231604524_n.jpg
[2026-04-17T14:03:11.571Z] [✓] #422 00422_557638083_1345132933640468_976725153959931697_n.jpg
[2026-04-17T14:03:11.646Z] [✓] #423 00423_557436529_1344231140397314_2729742739933539937_n.jpg
[2026-04-17T14:03:11.704Z] [✓] #424 00424_556849864_1344231113730650_3825995489030601423_n.jpg
[2026-04-17T14:03:11.764Z] [✓] #425 00425_558871547_1343387203815041_3934475923819663071_n.jpg
[2026-04-17T14:03:11.819Z] [✓] #426 00426_557060093_1343387207148374_8171675477096645017_n.jpg
[2026-04-17T14:03:11.884Z] [✓] #427 00427_556580530_1340844570735971_1625828037023389013_n.jpg
[2026-04-17T14:03:11.940Z] [✓] #428 00428_555252597_1340844540735974_234859962384750719_n.jpg
[2026-04-17T14:03:12.001Z] [✓] #429 00429_555613484_1340844474069314_1705189031225717114_n.jpg
[2026-04-17T14:03:12.073Z] [✓] #430 00430_555383536_1340844434069318_1347437190786152748_n.jpg
[2026-04-17T14:03:12.075Z] [WARN] #331 attempt 3/3 failed: HTTP 403
[2026-04-17T14:03:12.076Z] [✗] #331 FAILED: HTTP 403
[2026-04-17T14:03:12.172Z] [✓] #432 00432_554842157_1337403091080119_978784960710453910_n.jpg
[2026-04-17T14:03:12.176Z] [✓] #431 00431_554863854_1337403534413408_1261618712025358907_n.jpg
[2026-04-17T14:03:12.295Z] [✓] #433 00433_554789756_1337403094413452_8421561012500311136_n.jpg
[2026-04-17T14:03:12.313Z] [✓] #434 00434_553025183_1336504221170006_4008843142340861456_n.jpg
[2026-04-17T14:03:12.372Z] [✓] #436 00436_549186674_1336504131170015_4802680058294226624_n.jpg
[2026-04-17T14:03:12.472Z] [✓] #437 00437_549806413_1333865851433843_405416792110726703_n.jpg
[2026-04-17T14:03:12.540Z] [✓] #438 00438_549304681_1333865644767197_4817338797809129527_n.jpg
[2026-04-17T14:03:12.580Z] [WARN] #342 attempt 3/3 failed: HTTP 403
[2026-04-17T14:03:12.581Z] [✗] #342 FAILED: HTTP 403
[2026-04-17T14:03:12.605Z] [✓] #435 00435_550218811_1336504171170011_6431885429465610241_n.jpg
[2026-04-17T14:03:12.685Z] [✓] #440 00440_549782064_1333865481433880_4982898160189387175_n.jpg
[2026-04-17T14:03:12.714Z] [✓] #439 00439_531846821_1333865641433864_8215163046638934871_n.jpg
[2026-04-17T14:03:12.814Z] [✓] #443 00443_549806175_1333865444767217_6823548624257605869_n.jpg
[2026-04-17T14:03:12.916Z] [✓] #442 00442_549848580_1333865474767214_7781825839697980985_n.jpg
[2026-04-17T14:03:12.938Z] [WARN] #349 attempt 3/3 failed: HTTP 403
[2026-04-17T14:03:12.939Z] [✗] #349 FAILED: HTTP 403
[2026-04-17T14:03:12.944Z] [✓] #444 00444_549385846_1333865401433888_3273980784846952258_n.jpg
[2026-04-17T14:03:13.048Z] [✓] #447 00447_551371310_1332962588190836_8591620268643824597_n.jpg
[2026-04-17T14:03:13.060Z] [✓] #445 00445_550497851_1333865368100558_8083374748154703405_n.jpg
[2026-04-17T14:03:13.073Z] [✓] #441 00441_549782064_1333865481433880_4982898160189387175_n.jpg
[2026-04-17T14:03:13.113Z] [✓] #446 00446_549653649_1332962918190803_5559007671227490773_n.jpg
[2026-04-17T14:03:13.142Z] [✓] #448 00448_550906484_1332962411524187_1503897039465742058_n.jpg
[2026-04-17T14:03:13.185Z] [✓] #450 00450_547400447_1331432335010528_6101977718864608663_n.jpg
[2026-04-17T14:03:13.206Z] [✓] #449 00449_548276330_1331432368343858_7181657112308765051_n.jpg
[2026-04-17T14:03:13.220Z] [✓] #451 00451_548264714_1329731358513959_8579705939872216168_n.jpg
[2026-04-17T14:03:13.271Z] [✓] #452 00452_548193656_1329729091847519_330777070189358882_n.jpg
[2026-04-17T14:03:13.353Z] [✓] #453 00453_548319604_1329728671847561_5058654727583402785_n.jpg
[2026-04-17T14:03:13.361Z] [✓] #454 00454_548198677_1329728635180898_9071767606298663220_n.jpg
[2026-04-17T14:03:13.441Z] [✓] #455 00455_547870007_1329728608514234_8538261900019222571_n.jpg
[2026-04-17T14:03:13.460Z] [✓] #456 00456_547820387_1329728598514235_1649308103012406498_n.jpg
[2026-04-17T14:03:13.485Z] [✓] #457 00457_547125752_1329728575180904_2908966307405769176_n.jpg
[2026-04-17T14:03:13.492Z] [✓] #458 00458_545611732_1325447545609007_5396304090327636506_n.jpg
[2026-04-17T14:03:13.565Z] [✓] #459 00459_545448199_1325447568942338_1938256014525419431_n.jpg
[2026-04-17T14:03:13.591Z] [✓] #462 00462_545580127_1325447495609012_6761556934074682891_n.jpg
[2026-04-17T14:03:13.638Z] [WARN] #361 attempt 3/3 failed: HTTP 403
[2026-04-17T14:03:13.639Z] [✗] #361 FAILED: HTTP 403
[2026-04-17T14:03:13.692Z] [✓] #464 00464_536277692_1325447468942348_8672303099236786876_n.jpg
[2026-04-17T14:03:13.741Z] [✓] #463 00463_546457730_1325447315609030_315921212532778500_n.jpg
[2026-04-17T14:03:13.876Z] [✓] #467 00467_545414008_1325489632271465_6246160800724750134_n.jpg
[2026-04-17T14:03:13.888Z] [✓] #466 00466_546054386_1325489638938131_784555105490447443_n.jpg
[2026-04-17T14:03:13.910Z] [✓] #465 00465_546583549_1325447575609004_6699788476556509659_n.jpg
[2026-04-17T14:03:13.958Z] [✓] #461 00461_545987729_1325447445609017_6086860426279383616_n.jpg
[2026-04-17T14:03:13.964Z] [✓] #468 00468_547244834_1325489618938133_4591290726389538334_n.jpg
[2026-04-17T14:03:14.078Z] [✓] #469 00469_545424090_1325489622271466_1523228361866007113_n.jpg
[2026-04-17T14:03:14.193Z] [✓] #473 00473_545578479_1324739885679773_44992402368405895_n.jpg
[2026-04-17T14:03:14.197Z] [✓] #470 00470_545947927_1325489608938134_5471389092761686586_n.jpg
[2026-04-17T14:03:14.198Z] [✓] #472 00472_544634358_1324739929013102_1012598367029080831_n.jpg
[2026-04-17T14:03:14.201Z] [✓] #460 00460_545564319_1325447515609010_6524586002397859817_n.jpg
[2026-04-17T14:03:14.202Z] [✓] #471 00471_545797030_1324740422346386_3345344481572494058_n.jpg
[2026-04-17T14:03:14.294Z] [✓] #477 00477_542003540_1320908542729574_7991061456490867683_n.jpg
[2026-04-17T14:03:14.310Z] [✓] #476 00476_544844564_1323233452497083_4742043573474929983_n.jpg
[2026-04-17T14:03:14.356Z] [✓] #475 00475_545542871_1323233482497080_3892584117807908632_n.jpg
[2026-04-17T14:03:14.445Z] [✓] #478 00478_543061515_1320908479396247_8831889667946424744_n.jpg
[2026-04-17T14:03:14.486Z] [✓] #481 00481_540967939_1317985946355167_6889760995984451636_n.jpg
[2026-04-17T14:03:14.546Z] [✓] #482 00482_540490226_1317206109766484_8212203113028569933_n.jpg
[2026-04-17T14:03:14.619Z] [✓] #474 00474_544918505_1324739655679796_4995058556477267823_n.jpg
[2026-04-17T14:03:14.628Z] [✓] #479 00479_541341193_1320908449396250_2503100669071718434_n.jpg
[2026-04-17T14:03:14.650Z] [✓] #483 00483_540274651_1316485889838506_7060335531978260026_n.jpg
[2026-04-17T14:03:14.721Z] [✓] #480 00480_539353199_1317985973021831_4853654882850665914_n.jpg
[2026-04-17T14:03:14.755Z] [✓] #484 00484_540900580_1316485859838509_1007906188098173593_n.jpg
[2026-04-17T14:03:14.845Z] [✓] #487 00487_540006962_1315708859916209_1156508461670334639_n.jpg
[2026-04-17T14:03:14.954Z] [✓] #490 00490_539941685_1315707806582981_8382571125770960419_n.jpg
[2026-04-17T14:03:14.974Z] [✓] #486 00486_540697868_1315708903249538_5640177676584788198_n.jpg
[2026-04-17T14:03:15.003Z] [✓] #485 00485_539593178_1315708946582867_9202843980779053377_n.jpg
[2026-04-17T14:03:15.113Z] [✓] #489 00489_540493501_1315707853249643_2633596889587733109_n.jpg
[2026-04-17T14:03:15.143Z] [✓] #488 00488_539185754_1315707916582970_6516428888112814516_n.jpg
[2026-04-17T14:03:15.172Z] [✓] #493 00493_536268524_1314976859989409_6687017708849440598_n.jpg
[2026-04-17T14:03:15.227Z] [✓] #491 00491_541270932_1315707723249656_5923894351948085649_n.jpg
[2026-04-17T14:03:15.257Z] [✓] #495 00495_540509984_1314976833322745_3932565831208314751_n.jpg
[2026-04-17T14:03:15.350Z] [✓] #492 00492_539518927_1315707686582993_4887334300114531267_n.jpg
[2026-04-17T14:03:15.455Z] [✓] #499 00499_538988189_1314976596656102_5815119032910496993_n.jpg
[2026-04-17T14:03:15.498Z] [✓] #494 00494_536284057_1314976836656078_6287688072327626907_n.jpg
[2026-04-17T14:03:15.511Z] [✓] #496 00496_536273437_1314976666656095_1882117960275057758_n.jpg
[2026-04-17T14:03:15.528Z] [✓] #497 00497_540376958_1314976636656098_7076147536840575799_n.jpg
[2026-04-17T14:03:15.557Z] [✓] #498 00498_540129544_1314976643322764_5783853284310543562_n.jpg
[2026-04-17T14:03:15.682Z] [✓] #502 00502_538903523_1314976396656122_1304637440582663413_n.jpg
[2026-04-17T14:03:15.714Z] [✓] #503 00503_536271509_1314976389989456_1874479473660872024_n.jpg
[2026-04-17T14:03:15.812Z] [✓] #505 00505_540521549_1314976366656125_1914681017277029523_n.jpg
[2026-04-17T14:03:15.883Z] [✓] #506 00506_540686115_1314976336656128_678804746970979574_n.jpg
[2026-04-17T14:03:15.894Z] [✓] #500 00500_540579899_1314976559989439_4525208042326051705_n.jpg
[2026-04-17T14:03:16.045Z] [✓] #501 00501_538941478_1314976399989455_209115398922183052_n.jpg
[2026-04-17T14:03:16.061Z] [✓] #507 00507_539039296_1314976299989465_6370310213453647048_n.jpg
[2026-04-17T14:03:16.063Z] [✓] #504 00504_535887510_1314976383322790_5637451842106264291_n.jpg
[2026-04-17T14:03:16.076Z] [✓] #508 00508_539258136_1314976256656136_1706170820161563837_n.jpg
[2026-04-17T14:03:16.089Z] [✓] #509 00509_536272760_1314976236656138_8719997808089059778_n.jpg
[2026-04-17T14:03:16.178Z] [WARN] #511 attempt 1/3 failed: HTTP 403
[2026-04-17T14:03:16.182Z] [✓] #514 00514_537694885_1313384570148638_6024815104815099021_n.jpg
[2026-04-17T14:03:16.186Z] [✓] #512 00512_538547542_1313384606815301_667828864786427487_n.jpg
[2026-04-17T14:03:16.228Z] [✓] #513 00513_536284602_1313384586815303_9108665674514406268_n.jpg
[2026-04-17T14:03:16.274Z] [✓] #515 00515_536275006_1312618740225221_7122360047788373293_n.jpg
[2026-04-17T14:03:16.355Z] [✓] #517 00517_536275571_1312618600225235_5318839067675058541_n.jpg
[2026-04-17T14:03:16.390Z] [✓] #510 00510_515439121_1314976233322805_1536813097181879952_n.jpg
[2026-04-17T14:03:16.454Z] [✓] #516 00516_538327297_1312618690225226_6610738020383332652_n.jpg
[2026-04-17T14:03:16.477Z] [✓] #518 00518_536272816_1312618546891907_6973134183137713662_n.jpg
[2026-04-17T14:03:16.555Z] [✓] #520 00520_537306695_1311899330297162_3682633528996775590_n.jpg
[2026-04-17T14:03:16.581Z] [✓] #519 00519_536924115_1312343136919448_1213076803711859619_n.jpg
[2026-04-17T14:03:16.584Z] [✓] #522 00522_537667647_1311897010297394_5086604457934379608_n.jpg
[2026-04-17T14:03:16.769Z] [✓] #524 00524_536276017_1311623046991457_7336503177092123700_n.jpg
[2026-04-17T14:03:16.770Z] [✓] #523 00523_537340016_1311896893630739_7294113325062828236_n.jpg
[2026-04-17T14:03:16.784Z] [✓] #525 00525_537279367_1311026040384491_3045406192116703902_n.jpg
[2026-04-17T14:03:16.810Z] [✓] #521 00521_538103037_1311897320297363_5571512807292205471_n.jpg
[2026-04-17T14:03:16.829Z] [✓] #527 00527_538265257_1311026003717828_6848569929008975100_n.jpg
[2026-04-17T14:03:16.854Z] [✓] #526 00526_537328757_1311026027051159_1911677228710824240_n.jpg
[2026-04-17T14:03:16.974Z] [✓] #530 00530_536270905_1310129430474152_5175787027040170487_n.jpg
[2026-04-17T14:03:17.021Z] [✓] #531 00531_536282824_1310129407140821_5119220070223682904_n.jpg
[2026-04-17T14:03:17.051Z] [✓] #529 00529_536275995_1310129473807481_4022350272002560717_n.jpg
[2026-04-17T14:03:17.159Z] [✓] #528 00528_515929426_1310129533807475_4321786390543755099_n.jpg
[2026-04-17T14:03:17.192Z] [✓] #533 00533_535995417_1308581677295594_5307722937211400781_n.jpg
[2026-04-17T14:03:17.239Z] [✓] #532 00532_535735115_1308582410628854_3323344451325581371_n.jpg
[2026-04-17T14:03:17.343Z] [✓] #537 00537_532991001_1305414500945645_4662287787963224523_n.jpg
[2026-04-17T14:03:17.415Z] [✓] #536 00536_532836819_1306506004169828_1446680263416162553_n.jpg
[2026-04-17T14:03:17.433Z] [✓] #534 00534_532464476_1306506014169827_7088543200118213240_n.jpg
[2026-04-17T14:03:17.436Z] [✓] #535 00535_533577142_1306505977503164_2767671200060708642_n.jpg
[2026-04-17T14:03:17.486Z] [✓] #538 00538_531764602_1305414294278999_4658290354293599760_n.jpg
[2026-04-17T14:03:17.514Z] [✓] #542 00542_531433812_1303886607765101_5483051104567561758_n.jpg
[2026-04-17T14:03:17.615Z] [✓] #540 00540_533245293_1304607431026352_6871280734937270317_n.jpg
[2026-04-17T14:03:17.621Z] [✓] #543 00543_531392765_1303884334431995_117569872257255840_n.jpg
[2026-04-17T14:03:17.660Z] [✓] #539 00539_532413058_1305414267612335_1124676175334905470_n.jpg
[2026-04-17T14:03:17.731Z] [✓] #541 00541_533256787_1304607391026356_5475256860318527976_n.jpg
[2026-04-17T14:03:17.742Z] [✓] #545 00545_530872541_1303884304431998_7799796769318633752_n.jpg
[2026-04-17T14:03:17.768Z] [✓] #544 00544_528851957_1303884307765331_2820646448030317556_n.jpg
[2026-04-17T14:03:17.813Z] [✓] #546 00546_530231848_1302240647929697_5500829598254378462_n.jpg
[2026-04-17T14:03:17.834Z] [✓] #547 00547_529954527_1302240587929703_284807071687615571_n.jpg
[2026-04-17T14:03:17.959Z] [✓] #551 00551_530297154_1300767204743708_5562963445716018103_n.jpg
[2026-04-17T14:03:17.960Z] [✓] #549 00549_530134695_1300767754743653_3905963240005165093_n.jpg
[2026-04-17T14:03:18.043Z] [✓] #550 00550_529333616_1300767248077037_3689174651908131192_n.jpg
[2026-04-17T14:03:18.162Z] [✓] #552 00552_528780328_1298478801639215_4570802430155168941_n.jpg
[2026-04-17T14:03:18.215Z] [✓] #554 00554_527707736_1297591331727962_3565262416764444253_n.jpg
[2026-04-17T14:03:18.220Z] [✓] #548 00548_530840516_1302240544596374_8431773846437785433_n.jpg
[2026-04-17T14:03:18.221Z] [WARN] #511 attempt 2/3 failed: HTTP 403
[2026-04-17T14:03:18.279Z] [✓] #557 00557_528168193_1295880595232369_885826698401874216_n.jpg
[2026-04-17T14:03:18.295Z] [✓] #553 00553_528145922_1297594801727615_6464639411450757802_n.jpg
[2026-04-17T14:03:18.312Z] [✓] #555 00555_528256256_1297591048394657_3446859976245637832_n.jpg
[2026-04-17T14:03:18.445Z] [✓] #558 00558_527763482_1295176441969451_6526851651029524532_n.jpg
[2026-04-17T14:03:18.491Z] [✓] #560 00560_527682239_1295175338636228_9013769018857790098_n.jpg
[2026-04-17T14:03:18.495Z] [✓] #559 00559_515492899_1295176031969492_9033362182097557058_n.jpg
[2026-04-17T14:03:18.606Z] [✓] #556 00556_527939819_1297589285061500_306327433102340339_n.jpg
[2026-04-17T14:03:18.639Z] [✓] #562 00562_526018840_1294420375378391_2309572449581097096_n.jpg
[2026-04-17T14:03:18.646Z] [✓] #561 00561_525714293_1294420395378389_391317175808850760_n.jpg
[2026-04-17T14:03:18.728Z] [✓] #565 00565_526620973_1293558142131281_800450707491820407_n.jpg
[2026-04-17T14:03:18.745Z] [✓] #564 00564_526782649_1294420348711727_3699044425614495977_n.jpg
[2026-04-17T14:03:18.749Z] [✓] #563 00563_526601323_1294420368711725_7919898766910660978_n.jpg
[2026-04-17T14:03:18.836Z] [✓] #568 00568_526001603_1293558098797952_5542003585695043544_n.jpg
[2026-04-17T14:03:18.906Z] [✓] #566 00566_525982075_1293558145464614_8205979168598238811_n.jpg
[2026-04-17T14:03:18.934Z] [✓] #569 00569_525654647_1293366022150493_4907090897791948106_n.jpg
[2026-04-17T14:03:19.038Z] [✓] #571 00571_525789578_1292062672280828_3069379527464587449_n.jpg
[2026-04-17T14:03:19.043Z] [✓] #567 00567_526455804_1293558125464616_7196548996080857017_n.jpg
[2026-04-17T14:03:19.071Z] [✓] #570 00570_525792591_1293362685484160_2366435073463200643_n.jpg
[2026-04-17T14:03:19.083Z] [✓] #574 00574_515491609_1291258165694612_4121189862809021524_n.jpg
[2026-04-17T14:03:19.109Z] [✓] #575 00575_524990105_1291258125694616_8240532774084637152_n.jpg
[2026-04-17T14:03:19.122Z] [✓] #572 00572_525015623_1292062642280831_6961528612406154485_n.jpg
[2026-04-17T14:03:19.126Z] [✓] #576 00576_524917650_1291258069027955_8343069680652450175_n.jpg
[2026-04-17T14:03:19.132Z] [✓] #573 00573_525450381_1292062578947504_2637458664143713736_n.jpg
[2026-04-17T14:03:19.139Z] [✓] #577 00577_525115747_1291258032361292_7231771967745512581_n.jpg
[2026-04-17T14:03:19.154Z] [✓] #578 00578_524633039_1291257989027963_2161642625271531489_n.jpg
[2026-04-17T14:03:19.222Z] [✓] #579 00579_517690009_1291258375694591_5080740298231556804_n.jpg
[2026-04-17T14:03:19.248Z] [✓] #581 00581_524638619_1291258222361273_3510264295637346104_n.jpg
[2026-04-17T14:03:19.287Z] [✓] #582 00582_523404521_1289056932581402_1710462722613210257_n.jpg
[2026-04-17T14:03:19.381Z] [✓] #583 00583_519208423_1289056259248136_3277954329529107380_n.jpg
[2026-04-17T14:03:19.389Z] [✓] #584 00584_522215939_1289055939248168_4474341104339704481_n.jpg
[2026-04-17T14:03:19.403Z] [✓] #585 00585_522182125_1289055892581506_8246467337384281349_n.jpg
[2026-04-17T14:03:19.431Z] [✓] #580 00580_524627384_1291258292361266_1196867590393611740_n.jpg
[2026-04-17T14:03:19.507Z] [✓] #589 00589_518405707_1286845189469243_8942105113695079090_n.jpg
[2026-04-17T14:03:19.533Z] [✓] #586 00586_518344559_1287505906069838_7613292634513619574_n.jpg
[2026-04-17T14:03:19.653Z] [✓] #587 00587_522631920_1287505909403171_7616430838592744664_n.jpg
[2026-04-17T14:03:19.756Z] [✓] #590 00590_520037625_1286112796209149_7027009411084637112_n.jpg
[2026-04-17T14:03:19.777Z] [✓] #592 00592_520291465_1286112786209150_9107102828693923182_n.jpg
[2026-04-17T14:03:19.780Z] [✓] #591 00591_522442414_1286112789542483_5185834345895198411_n.jpg
[2026-04-17T14:03:19.795Z] [✓] #588 00588_522190591_1287505932736502_7739561854985306565_n.jpg
[2026-04-17T14:03:19.894Z] [✓] #595 00595_518378302_1285286339625128_375685532352070841_n.jpg
[2026-04-17T14:03:19.916Z] [✓] #593 00593_518378152_1285287019625060_4444311031720808983_n.jpg
[2026-04-17T14:03:19.954Z] [✓] #596 00596_517987541_1283189413168154_2051921782279040218_n.jpg
[2026-04-17T14:03:20.038Z] [✓] #597 00597_518311697_1280933120060450_556732106864739571_n.jpg
[2026-04-17T14:03:20.045Z] [✓] #598 00598_518317829_1280933106727118_6662314939746255327_n.jpg
[2026-04-17T14:03:20.050Z] [✓] #594 00594_518399922_1285286826291746_7398993746620305286_n.jpg
[2026-04-17T14:03:20.154Z] [✓] #602 00602_518302050_1278564500297312_5869291143601813787_n.jpg
[2026-04-17T14:03:20.174Z] [✓] #601 00601_517034344_1278564620297300_5372149228971191144_n.jpg
[2026-04-17T14:03:20.181Z] [✓] #599 00599_520234547_1280933096727119_4800352346470158569_n.jpg
[2026-04-17T14:03:20.266Z] [✓] #603 00603_518307893_1277880580365704_2204515818050997793_n.jpg
[2026-04-17T14:03:20.323Z] [✓] #600 00600_518281169_1278564753630620_3014901959955270317_n.jpg
[2026-04-17T14:03:20.374Z] [✓] #606 00606_518278019_1277004870453275_183549437418830929_n.jpg
[2026-04-17T14:03:20.393Z] [✓] #605 00605_518276080_1277880577032371_1039688721434875796_n.jpg
[2026-04-17T14:03:20.492Z] [✓] #609 00609_514414428_1272944417525987_2067110404683624103_n.jpg
[2026-04-17T14:03:20.500Z] [✓] #607 00607_516528927_1275594410594321_6409427471856005027_n.jpg
[2026-04-17T14:03:20.516Z] [✓] #604 00604_517915295_1277880583699037_1918452045643954400_n.jpg
[2026-04-17T14:03:20.561Z] [✓] #610 00610_515832408_1272944420859320_8964032474010128865_n.jpg
[2026-04-17T14:03:20.598Z] [✓] #611 00611_514406167_1272944390859323_8725007818608078404_n.jpg
[2026-04-17T14:03:20.615Z] [✓] #612 00612_514263262_1272944280859334_7134422717743334821_n.jpg
[2026-04-17T14:03:20.643Z] [✓] #608 00608_515744024_1275594260594336_701914272353866294_n.jpg
[2026-04-17T14:03:20.697Z] [✓] #614 00614_513991528_1272944274192668_3552672874393192662_n.jpg
[2026-04-17T14:03:20.718Z] [✓] #613 00613_514066660_1272944277526001_821166402521037100_n.jpg
[2026-04-17T14:03:20.726Z] [✓] #616 00616_515262026_1272944240859338_6516689525084563547_n.jpg
[2026-04-17T14:03:20.730Z] [✓] #615 00615_515409261_1272944270859335_6237279762193614878_n.jpg
[2026-04-17T14:03:20.791Z] [✓] #617 00617_515013694_1272944197526009_6251606081357568679_n.jpg
[2026-04-17T14:03:20.832Z] [✓] #619 00619_515104997_1272290574258038_6507946203637373425_n.jpg
[2026-04-17T14:03:20.959Z] [✓] #620 00620_514229943_1272290564258039_1041926681676487714_n.jpg
[2026-04-17T14:03:20.977Z] [✓] #621 00621_513999406_1270685791085183_7904520908237816557_n.jpg
[2026-04-17T14:03:20.993Z] [✓] #622 00622_504380169_1270685767751852_5813934684257224723_n.jpg
[2026-04-17T14:03:21.044Z] [✓] #625 00625_514329130_1269949631158799_966553037526311139_n.jpg
[2026-04-17T14:03:21.054Z] [✓] #618 00618_514264435_1272290877591341_2918023732343628109_n.jpg
[2026-04-17T14:03:21.220Z] [✓] #623 00623_504379095_1270685727751856_6264346389503231107_n.jpg
[2026-04-17T14:03:21.224Z] [✓] #626 00626_513921683_1268200234667072_2596319052359461261_n.jpg
[2026-04-17T14:03:21.230Z] [✓] #624 00624_506760317_1270685677751861_5286011661434353164_n.jpg
[2026-04-17T14:03:21.244Z] [✓] #627 00627_511055046_1268200254667070_3826324838278146558_n.jpg
[2026-04-17T14:03:21.347Z] [✓] #629 00629_511973697_1268200181333744_7137779345610502169_n.jpg
[2026-04-17T14:03:21.350Z] [✓] #631 00631_513910027_1268283044658791_5041386298657810814_n.jpg
[2026-04-17T14:03:21.419Z] [✓] #630 00630_511201445_1268200211333741_8370794992839499796_n.jpg
[2026-04-17T14:03:21.442Z] [✓] #633 00633_513532410_1268282947992134_4162864894678936980_n.jpg
[2026-04-17T14:03:21.445Z] [✓] #632 00632_513479927_1268283001325462_421613572805764967_n.jpg
[2026-04-17T14:03:21.553Z] [✓] #634 00634_513522513_1266012151552547_4200487199427228312_n.jpg
[2026-04-17T14:03:21.564Z] [✓] #628 00628_513694272_1268200231333739_7125958402641735465_n.jpg
[2026-04-17T14:03:21.575Z] [✓] #636 00636_510408357_1266012051552557_3891006463032475576_n.jpg
[2026-04-17T14:03:21.716Z] [✓] #639 00639_511138118_1265346438285785_7023101671903730118_n.jpg
[2026-04-17T14:03:21.722Z] [✓] #638 00638_511277377_1265346404952455_4657443076894306410_n.jpg
[2026-04-17T14:03:21.789Z] [✓] #637 00637_511999473_1266012028219226_2472588418150431153_n.jpg
[2026-04-17T14:03:21.833Z] [✓] #635 00635_504381328_1266012118219217_6180181186133610663_n.jpg
[2026-04-17T14:03:21.912Z] [✓] #642 00642_509436660_1265346541619108_5792052642574553461_n.jpg
[2026-04-17T14:03:21.919Z] [✓] #641 00641_513014909_1265346521619110_4002992420466506009_n.jpg
[2026-04-17T14:03:21.937Z] [✓] #640 00640_511026510_1265346531619109_6936407151583324179_n.jpg
[2026-04-17T14:03:21.948Z] [✓] #643 00643_511141071_1265346448285784_4675950765841934406_n.jpg
[2026-04-17T14:03:22.006Z] [✓] #646 00646_509440578_1262989551854807_244828694920008039_n.jpg
[2026-04-17T14:03:22.096Z] [✓] #647 00647_507979999_1260822748738154_2591468754344085721_n.jpg
[2026-04-17T14:03:22.113Z] [✓] #644 00644_511097399_1265346504952445_4341153592082641737_n.jpg
[2026-04-17T14:03:22.132Z] [✓] #645 00645_511143721_1265346534952442_4356879892260128013_n.jpg
[2026-04-17T14:03:22.221Z] [✓] #648 00648_508744160_1260822742071488_3092054469321160145_n.jpg
[2026-04-17T14:03:22.270Z] [WARN] #511 attempt 3/3 failed: HTTP 403
[2026-04-17T14:03:22.271Z] [✗] #511 FAILED: HTTP 403
[2026-04-17T14:03:22.282Z] [✓] #651 00651_506493444_1260822688738160_2056885827827990909_n.jpg
[2026-04-17T14:03:22.359Z] [✓] #649 00649_506490029_1260822732071489_3563066619135550293_n.jpg
[2026-04-17T14:03:22.385Z] [✓] #650 00650_508465548_1260822718738157_7490039764214400713_n.jpg
[2026-04-17T14:03:22.450Z] [✓] #652 00652_508855169_1260155588804870_453465236149722137_n.jpg
[2026-04-17T14:03:22.588Z] [✓] #653 00653_506481867_1260153002138462_4530309547023982334_n.jpg
[2026-04-17T14:03:22.609Z] [✓] #657 00657_506451862_1257909552362807_5132840845907371481_n.jpg
[2026-04-17T14:03:22.631Z] [✓] #655 00655_506969354_1257909572362805_401115576062100496_n.jpg
[2026-04-17T14:03:22.643Z] [✓] #654 00654_507725667_1257909599029469_4484387676967390262_n.jpg
[2026-04-17T14:03:22.695Z] [✓] #656 00656_506470296_1257909549029474_2919949517724280107_n.jpg
[2026-04-17T14:03:22.772Z] [✓] #659 00659_506485165_1257909495696146_6938516672709706232_n.jpg
[2026-04-17T14:03:22.779Z] [✓] #660 00660_506455529_1257909469029482_8317285646153963568_n.jpg
[2026-04-17T14:03:22.855Z] [✓] #658 00658_506467469_1257909515696144_8464472639634780422_n.jpg
[2026-04-17T14:03:22.871Z] [✓] #664 00664_505730515_1255729089247520_3110918353980347706_n.jpg
[2026-04-17T14:03:23.004Z] [✓] #666 00666_506441210_1255729022580860_9214276992725939445_n.jpg
[2026-04-17T14:03:23.024Z] [✓] #663 00663_505986692_1256456872508075_331705927522257358_n.jpg
[2026-04-17T14:03:23.025Z] [✓] #665 00665_505136011_1255729049247524_6782564089067454048_n.jpg
[2026-04-17T14:03:23.143Z] [✓] #667 00667_503565485_1255728959247533_7564159086040738946_n.jpg
[2026-04-17T14:03:23.157Z] [✓] #668 00668_495602442_1255014952652267_8486925095588533259_n.jpg
[2026-04-17T14:03:23.285Z] [✓] #661 00661_505748671_1256456932508069_6720959689209459598_n.jpg
[2026-04-17T14:03:23.305Z] [✓] #670 00670_504426792_1253668206120275_5793387334664612687_n.jpg
[2026-04-17T14:03:23.328Z] [✓] #669 00669_502860094_1255014929318936_3970541591445569880_n.jpg
[2026-04-17T14:03:23.366Z] [✓] #671 00671_503588880_1252781406208955_1699242210517138720_n.jpg
[2026-04-17T14:03:23.435Z] [✓] #674 00674_503850880_1249899616497134_6636986307998599758_n.jpg
[2026-04-17T14:03:23.452Z] [✓] #672 00672_505104153_1252678552885907_300688339196792391_n.jpg
[2026-04-17T14:03:23.552Z] [✓] #675 00675_502836109_1248391573314605_5925566003281161991_n.jpg
[2026-04-17T14:03:23.554Z] [✓] #673 00673_505032762_1252678549552574_6172968914529595198_n.jpg
[2026-04-17T14:03:23.564Z] [✓] #677 00677_503043750_1248391523314610_5914672705381634688_n.jpg
[2026-04-17T14:03:23.578Z] [✓] #676 00676_502409154_1248391536647942_3177117211368766647_n.jpg
[2026-04-17T14:03:23.689Z] [✓] #681 00681_502674335_1247698306717265_421948515380251928_n.jpg
[2026-04-17T14:03:23.714Z] [✓] #678 00678_503184849_1248391533314609_5313945924114346953_n.jpg
[2026-04-17T14:03:23.815Z] [✓] #682 00682_502257616_1247698303383932_4318253473862622201_n.jpg
[2026-04-17T14:03:23.831Z] [✓] #679 00679_500949291_1248167293337033_4945551708211942836_n.jpg
[2026-04-17T14:03:23.868Z] [✓] #680 00680_501886376_1247698366717259_1717650611721293472_n.jpg
[2026-04-17T14:03:23.881Z] [✓] #683 00683_502080549_1247698266717269_5625637961999898574_n.jpg
[2026-04-17T14:03:24.002Z] [✓] #687 00687_500204319_1243953747091721_4234367681527623938_n.jpg
[2026-04-17T14:03:24.011Z] [✓] #662 00662_504795393_1256456885841407_7402423314848205190_n.jpg
[2026-04-17T14:03:24.037Z] [✓] #684 00684_502254172_1245501420270287_1760747645324607622_n.jpg
[2026-04-17T14:03:24.043Z] [✓] #685 00685_499338583_1244666077020488_1629396196213407566_n.jpg
[2026-04-17T14:03:24.099Z] [✓] #686 00686_501513005_1243953937091702_2467080493569034702_n.jpg
[2026-04-17T14:03:24.231Z] [✓] #691 00691_499947608_1238991550921274_7144266116025927364_n.jpg
[2026-04-17T14:03:24.248Z] [✓] #690 00690_500087048_1238992244254538_2231046257998300072_n.jpg
[2026-04-17T14:03:24.288Z] [✓] #689 00689_500198384_1240348120785617_8892682065196193795_n.jpg
[2026-04-17T14:03:24.319Z] [✓] #693 00693_499862378_1238991254254637_3594507598691854466_n.jpg
[2026-04-17T14:03:24.406Z] [✓] #692 00692_500086071_1238991284254634_227226753666063115_n.jpg
[2026-04-17T14:03:24.417Z] [✓] #694 00694_497892078_1237496551070774_7251687454339799289_n.jpg
[2026-04-17T14:03:24.452Z] [✓] #688 00688_500136539_1242612260559203_3058945746448317688_n.jpg
[2026-04-17T14:03:24.525Z] [✓] #695 00695_497901447_1237496541070775_6545283726569166887_n.jpg
[2026-04-17T14:03:24.530Z] [✓] #696 00696_497578167_1237496544404108_7910717649322302349_n.jpg
[2026-04-17T14:03:24.539Z] [✓] #699 00699_497403732_1236125554541207_8972333543413474460_n.jpg
[2026-04-17T14:03:24.621Z] [✓] #698 00698_499040605_1237496494404113_4660982950716573072_n.jpg
[2026-04-17T14:03:24.640Z] [✓] #697 00697_497777751_1237496511070778_6013542689996091567_n.jpg
[2026-04-17T14:03:24.755Z] [✓] #702 00702_496864100_1232652244888538_2599002042559424354_n.jpg
[2026-04-17T14:03:24.772Z] [✓] #700 00700_496843799_1232652484888514_4769263189245324795_n.jpg
[2026-04-17T14:03:24.774Z] [WARN] #705 attempt 1/3 failed: HTTP 403
[2026-04-17T14:03:24.796Z] [✓] #701 00701_496760325_1232652271555202_4162339624294121109_n.jpg
[2026-04-17T14:03:24.841Z] [✓] #703 00703_495967647_1232652231555206_8487162386612207483_n.jpg
[2026-04-17T14:03:24.956Z] [✓] #707 00707_494681029_1229009628586133_7322713350053837618_n.jpg
[2026-04-17T14:03:24.957Z] [✓] #704 00704_495289762_1232652191555210_453231751374143207_n.jpg
[2026-04-17T14:03:24.964Z] [✓] #706 00706_494682118_1229009675252795_278809566457988780_n.jpg
[2026-04-17T14:03:25.126Z] [✓] #709 00709_494647747_1228200742000355_9182192730351404074_n.jpg
[2026-04-17T14:03:25.130Z] [✓] #711 00711_495201135_1226890008798095_2193403031447200527_n.jpg
[2026-04-17T14:03:25.141Z] [✓] #708 00708_494681456_1229009578586138_313599666192165395_n.jpg
[2026-04-17T14:03:25.259Z] [✓] #713 00713_493327522_1226889922131437_8146293896579848778_n.jpg
[2026-04-17T14:03:25.265Z] [✓] #714 00714_495197986_1226094965544266_3037636788954739272_n.jpg
[2026-04-17T14:03:25.274Z] [✓] #710 00710_494646372_1227540172066412_6778297847100865117_n.jpg
[2026-04-17T14:03:25.381Z] [✓] #712 00712_490473744_1226889968798099_1992839992600814512_n.jpg
[2026-04-17T14:03:25.427Z] [✓] #716 00716_494693234_1226094105544352_8053826082619212667_n.jpg
[2026-04-17T14:03:25.431Z] [✓] #717 00717_494439030_1224583312362098_92624900360770329_n.jpg
[2026-04-17T14:03:25.476Z] [✓] #715 00715_494643855_1226094442210985_2447100134011430366_n.jpg
[2026-04-17T14:03:25.488Z] [✓] #718 00718_493828620_1224583215695441_5858679432918025701_n.jpg
[2026-04-17T14:03:25.593Z] [✓] #721 00721_494520015_1224583129028783_1527236541205493567_n.jpg
[2026-04-17T14:03:25.611Z] [✓] #719 00719_493758908_1224583169028779_7368913430686842297_n.jpg
[2026-04-17T14:03:25.656Z] [✓] #722 00722_493256630_1224583119028784_2064165519062515995_n.jpg
[2026-04-17T14:03:25.712Z] [✓] #724 00724_494480285_1224583075695455_6541742796154940252_n.jpg
[2026-04-17T14:03:25.739Z] [✓] #723 00723_493274442_1224583122362117_4703555562204298015_n.jpg
[2026-04-17T14:03:25.781Z] [✓] #720 00720_494411435_1224583159028780_2382890156449217552_n.jpg
[2026-04-17T14:03:25.853Z] [✓] #725 00725_494183555_1224583065695456_9116361683534799806_n.jpg
[2026-04-17T14:03:25.882Z] [WARN] #729 attempt 1/3 failed: HTTP 403
[2026-04-17T14:03:25.964Z] [✓] #726 00726_493096969_1222651705888592_3625830360443222361_n.jpg
[2026-04-17T14:03:25.977Z] [WARN] #730 attempt 1/3 failed: HTTP 403
[2026-04-17T14:03:25.984Z] [✓] #728 00728_492949779_1222651462555283_390202275448999432_n.jpg
[2026-04-17T14:03:26.020Z] [✓] #727 00727_492483065_1222651529221943_3502938672517199416_n.jpg
[2026-04-17T14:03:26.126Z] [✓] #731 00731_493081309_1221863312634098_4664862785081353188_n.jpg
[2026-04-17T14:03:26.132Z] [✓] #732 00732_493261627_1221126442707785_2348988649112553344_n.jpg
[2026-04-17T14:03:26.197Z] [✓] #734 00734_492271925_1220345279452568_6204328281035708183_n.jpg
[2026-04-17T14:03:26.249Z] [✓] #733 00733_492487025_1220345282785901_8907568255569982406_n.jpg
[2026-04-17T14:03:26.322Z] [✓] #735 00735_492906839_1219557916197971_4640913857760654362_n.jpg
[2026-04-17T14:03:26.323Z] [✓] #736 00736_492093252_1219557896197973_25197873359141731_n.jpg
[2026-04-17T14:03:26.383Z] [✓] #737 00737_492060538_1218815356272227_211780884882844917_n.jpg
[2026-04-17T14:03:26.386Z] [✓] #738 00738_492618731_1218814532938976_6581840487821199369_n.jpg
[2026-04-17T14:03:26.480Z] [✓] #740 00740_492068137_1218072769679819_5472757311417114345_n.jpg
[2026-04-17T14:03:26.483Z] [✓] #739 00739_493274351_1218812499605846_1331299193361432534_n.jpg
[2026-04-17T14:03:26.582Z] [✓] #741 00741_493137192_1218072766346486_5844907802794246453_n.jpg
[2026-04-17T14:03:26.615Z] [✓] #742 00742_492088591_1218072726346490_562115687430722658_n.jpg
[2026-04-17T14:03:26.651Z] [✓] #743 00743_490093850_1217368033083626_2407377953946753360_n.jpg
[2026-04-17T14:03:26.800Z] [WARN] #705 attempt 2/3 failed: HTTP 403
[2026-04-17T14:03:26.807Z] [✓] #745 00745_491910742_1217367956416967_2362679966785136995_n.jpg
[2026-04-17T14:03:26.814Z] [✓] #744 00744_490514637_1217368013083628_2515894816686582222_n.jpg
[2026-04-17T14:03:26.919Z] [✓] #746 00746_491751396_1216613129825783_4756876911357725500_n.jpg
[2026-04-17T14:03:26.927Z] [✓] #747 00747_491998342_1216612766492486_6806813534798262568_n.jpg
[2026-04-17T14:03:27.016Z] [✓] #748 00748_491982150_1216612606492502_7403293602053986845_n.jpg
[2026-04-17T14:03:27.018Z] [✓] #749 00749_491829487_1215855699901526_4952848908897147210_n.jpg
[2026-04-17T14:03:27.093Z] [✓] #751 00751_492065657_1215853899901706_3635214274146028598_n.jpg
[2026-04-17T14:03:27.147Z] [✓] #750 00750_492347458_1215853909901705_3335702389663114437_n.jpg
[2026-04-17T14:03:27.163Z] [✓] #752 00752_490927979_1215853873235042_9100633390841479987_n.jpg
[2026-04-17T14:03:27.206Z] [✓] #753 00753_491774482_1215183436635419_578972620640479622_n.jpg
[2026-04-17T14:03:27.236Z] [✓] #754 00754_491941458_1215182819968814_3053489113071702995_n.jpg
[2026-04-17T14:03:27.290Z] [✓] #756 00756_490977445_1215180356635727_6657941087368639834_n.jpg
[2026-04-17T14:03:27.319Z] [✓] #755 00755_491831934_1215182729968823_651665582171764446_n.jpg
[2026-04-17T14:03:27.372Z] [✓] #757 00757_491938882_1214359803384449_6372769821658767487_n.jpg
[2026-04-17T14:03:27.431Z] [✓] #758 00758_491837857_1214358300051266_2139021292423638971_n.jpg
[2026-04-17T14:03:27.439Z] [✓] #759 00759_490545840_1214358296717933_2108183955193147622_n.jpg
[2026-04-17T14:03:27.524Z] [✓] #760 00760_490319213_1212815356872227_6965481553626935555_n.jpg
[2026-04-17T14:03:27.526Z] [✓] #761 00761_490294728_1212815353538894_2032246360433544970_n.jpg
[2026-04-17T14:03:27.584Z] [✓] #763 00763_490324206_1211210047032758_4109143612293964362_n.jpg
[2026-04-17T14:03:27.634Z] [✓] #762 00762_489843577_1211210063699423_3544138777363675372_n.jpg
[2026-04-17T14:03:27.709Z] [✓] #764 00764_489990237_1211210027032760_1796247137933755572_n.jpg
[2026-04-17T14:03:27.741Z] [✓] #765 00765_489860842_1210439873776442_3143630841645423492_n.jpg
[2026-04-17T14:03:27.817Z] [✓] #767 00767_490091709_1210439810443115_1482977812400531924_n.jpg
[2026-04-17T14:03:27.848Z] [✓] #766 00766_490052731_1210439823776447_301980183300216274_n.jpg
[2026-04-17T14:03:27.900Z] [WARN] #729 attempt 2/3 failed: HTTP 403
[2026-04-17T14:03:27.975Z] [✓] #768 00768_489931950_1209693580517738_8657442645317516181_n.jpg
[2026-04-17T14:03:27.983Z] [WARN] #730 attempt 2/3 failed: HTTP 403
[2026-04-17T14:03:28.025Z] [✓] #769 00769_489956553_1209691853851244_906687071692388923_n.jpg
[2026-04-17T14:03:28.144Z] [✓] #771 00771_490011140_1209679357185827_1988045472104008654_n.jpg
[2026-04-17T14:03:28.159Z] [✓] #770 00770_490158582_1209680987185664_6113799377901790525_n.jpg
[2026-04-17T14:03:28.232Z] [✓] #772 00772_489872087_1208904000596696_5934446205692909595_n.jpg
[2026-04-17T14:03:28.332Z] [✓] #773 00773_489628857_1208904003930029_1901683205985950678_n.jpg
[2026-04-17T14:03:28.344Z] [✓] #774 00774_489805155_1208739053946524_360345650395304544_n.jpg
[2026-04-17T14:03:28.413Z] [✓] #776 00776_487955184_1207353984085031_6391440023949930744_n.jpg
[2026-04-17T14:03:28.438Z] [✓] #777 00777_489342577_1206399570847139_6930699247749325605_n.jpg
[2026-04-17T14:03:28.468Z] [✓] #778 00778_488735328_1206399540847142_6424366346225626624_n.jpg
[2026-04-17T14:03:28.492Z] [✓] #779 00779_489287863_1205781687575594_4523848198822778364_n.jpg
[2026-04-17T14:03:28.527Z] [✓] #780 00780_488504281_1205781640908932_4824593447136345262_n.jpg
[2026-04-17T14:03:28.594Z] [✓] #781 00781_486683588_1205611227592640_8141320709917779259_n.jpg
[2026-04-17T14:03:28.641Z] [✓] #775 00775_489954929_1208110797342683_7208518345945806320_n.jpg
[2026-04-17T14:03:28.680Z] [✓] #782 00782_488982005_1204801017673661_3820416673422923736_n.jpg
[2026-04-17T14:03:28.705Z] [✓] #783 00783_488700735_1204338081053288_392958147744356854_n.jpg
[2026-04-17T14:03:28.772Z] [✓] #784 00784_487488095_1203365717817191_3905850229394956465_n.jpg
[2026-04-17T14:03:28.812Z] [✓] #785 00785_487317472_1201631107990652_4130963415141134660_n.jpg
[2026-04-17T14:03:28.868Z] [✓] #786 00786_487367959_1201631081323988_5554476856362625191_n.jpg
[2026-04-17T14:03:28.892Z] [✓] #787 00787_487493262_1201631077990655_3802641045749870176_n.jpg
[2026-04-17T14:03:28.979Z] [✓] #788 00788_486698682_1200796574740772_3779128078183949313_n.jpg
[2026-04-17T14:03:28.984Z] [✓] #789 00789_486850496_1200796531407443_3133834433649757547_n.jpg
[2026-04-17T14:03:29.077Z] [✓] #791 00791_486359734_1200796474740782_6874166718445671718_n.jpg
[2026-04-17T14:03:29.088Z] [✓] #790 00790_486150529_1200796494740780_3530664001341216608_n.jpg
[2026-04-17T14:03:29.143Z] [✓] #792 00792_487088225_1200796414740788_5733783744224426823_n.jpg
[2026-04-17T14:03:29.220Z] [✓] #794 00794_486617105_1197116745108755_2754819383590280507_n.jpg
[2026-04-17T14:03:29.229Z] [✓] #793 00793_486573905_1197939601693136_7402751587462015309_n.jpg
[2026-04-17T14:03:29.293Z] [✓] #796 00796_486037792_1196392118514551_6269933255799445990_n.jpg
[2026-04-17T14:03:29.302Z] [✓] #795 00795_485706947_1197116735108756_6632409972120050013_n.jpg
[2026-04-17T14:03:29.380Z] [✓] #797 00797_486139339_1194173362069760_5107833191728672745_n.jpg
[2026-04-17T14:03:29.411Z] [✓] #798 00798_485014441_1194173355403094_3588148415244786538_n.jpg
[2026-04-17T14:03:29.492Z] [✓] #800 00800_485108156_1194173128736450_2702360788082619371_n.jpg
[2026-04-17T14:03:29.503Z] [✓] #799 00799_485528122_1194173132069783_8223942797747443433_n.jpg
[2026-04-17T14:03:29.564Z] [✓] #802 00802_486020204_1194173032069793_4851742407653178539_n.jpg
[2026-04-17T14:03:29.633Z] [✓] #803 00803_485360093_1194173015403128_4188144102393286224_n.jpg
[2026-04-17T14:03:29.684Z] [✓] #804 00804_485148575_1194173012069795_3594694492161958737_n.jpg
[2026-04-17T14:03:29.769Z] [✓] #805 00805_485166330_1194173002069796_8258143627352063746_n.jpg
[2026-04-17T14:03:29.787Z] [✓] #801 00801_485139814_1194173068736456_1330244344411925793_n.jpg
[2026-04-17T14:03:29.857Z] [✓] #806 00806_485685221_1194172982069798_5074678131592397437_n.jpg
[2026-04-17T14:03:29.910Z] [✓] #807 00807_480965212_1194172938736469_2732399042646175067_n.jpg
[2026-04-17T14:03:29.928Z] [✓] #808 00808_484957861_1194172942069802_1096356697468518175_n.jpg
[2026-04-17T14:03:29.960Z] [✓] #809 00809_485702926_1194172932069803_1742455848422117505_n.jpg
[2026-04-17T14:03:30.031Z] [✓] #811 00811_485146790_1194172928736470_6498296391651729780_n.jpg
[2026-04-17T14:03:30.068Z] [✓] #810 00810_485743064_1194172925403137_3119311371755245864_n.jpg
[2026-04-17T14:03:30.086Z] [✓] #812 00812_480672843_1194172865403143_4422787189207456264_n.jpg
[2026-04-17T14:03:30.153Z] [✓] #814 00814_484961315_1194172798736483_3165798690887767073_n.jpg
[2026-04-17T14:03:30.170Z] [✓] #813 00813_485146292_1194172868736476_3634596661433075365_n.jpg
[2026-04-17T14:03:30.281Z] [✓] #816 00816_484932528_1193418862145210_3922647419378819306_n.jpg
[2026-04-17T14:03:30.297Z] [✓] #815 00815_485147259_1193418882145208_2774331210562431949_n.jpg
[2026-04-17T14:03:30.339Z] [✓] #818 00818_485000988_1192766902210406_2597515238528296827_n.jpg
[2026-04-17T14:03:30.355Z] [✓] #817 00817_485009105_1193418858811877_2772541703453216022_n.jpg
[2026-04-17T14:03:30.364Z] [✓] #819 00819_484801743_1192766865543743_1901923277665181122_n.jpg
[2026-04-17T14:03:30.385Z] [✓] #820 00820_484962110_1192766815543748_1636098470574664575_n.jpg
[2026-04-17T14:03:30.424Z] [✓] #821 00821_485064557_1191175695702860_6537440179946872143_n.jpg
[2026-04-17T14:03:30.481Z] [✓] #822 00822_484241537_1191175682369528_6071503698870118577_n.jpg
[2026-04-17T14:03:30.551Z] [✓] #823 00823_484274419_1191175665702863_6863472806150465405_n.jpg
[2026-04-17T14:03:30.555Z] [✓] #824 00824_484285030_1191175659036197_4170426794431149841_n.jpg
[2026-04-17T14:03:30.628Z] [✓] #826 00826_484500645_1190431309110632_2660778730957436689_n.jpg
[2026-04-17T14:03:30.631Z] [✓] #825 00825_484137113_1190431315777298_5796872286811011292_n.jpg
[2026-04-17T14:03:30.710Z] [✓] #827 00827_485096901_1190431299110633_5923922557278185376_n.jpg
[2026-04-17T14:03:30.724Z] [✓] #828 00828_484366674_1190431279110635_8327453487783201626_n.jpg
[2026-04-17T14:03:30.734Z] [✓] #829 00829_484852666_1189713972515699_6234219040720530778_n.jpg
[2026-04-17T14:03:30.776Z] [✓] #830 00830_484160610_1189713935849036_1390330266842785802_n.jpg
[2026-04-17T14:03:30.823Z] [WARN] #705 attempt 3/3 failed: HTTP 403
[2026-04-17T14:03:30.825Z] [✗] #705 FAILED: HTTP 403
[2026-04-17T14:03:30.831Z] [✓] #831 00831_482090296_1187430612744035_9035801796459898594_n.jpg
[2026-04-17T14:03:30.884Z] [✓] #833 00833_480306471_1184539426366487_3707831567851911594_n.jpg
[2026-04-17T14:03:30.898Z] [✓] #832 00832_483853531_1187430616077368_6445221042806888799_n.jpg
[2026-04-17T14:03:31.061Z] [✓] #836 00836_482061595_1186026019551161_6452403437383491315_n.jpg
[2026-04-17T14:03:31.076Z] [✓] #835 00835_482081249_1186528052834291_2999042461091811275_n.jpg
[2026-04-17T14:03:31.148Z] [✓] #837 00837_482057626_1185319639621799_3748024105848168373_n.jpg
[2026-04-17T14:03:31.180Z] [✓] #838 00838_481985140_1185319616288468_2423171224075663009_n.jpg
[2026-04-17T14:03:31.249Z] [✓] #840 00840_480306471_1184539426366487_3707831567851911594_n.jpg
[2026-04-17T14:03:31.300Z] [✓] #839 00839_481974344_1185319546288475_602483094995304613_n.jpg
[2026-04-17T14:03:31.303Z] [✓] #834 00834_482268258_1186728069480956_7651642919724171401_n.jpg
[2026-04-17T14:03:31.367Z] [✓] #842 00842_482020832_1183272239826539_8455459281069646690_n.jpg
[2026-04-17T14:03:31.383Z] [✓] #843 00843_481957595_1183272303159866_418391973513281307_n.jpg
[2026-04-17T14:03:31.422Z] [✓] #844 00844_481655895_1183272163159880_8981274351647432758_n.jpg
[2026-04-17T14:03:31.449Z] [✓] #845 00845_481956166_1183272109826552_868925155048546572_n.jpg
[2026-04-17T14:03:31.658Z] [✓] #841 00841_481772365_1183272206493209_8217631491756139014_n.jpg
[2026-04-17T14:03:31.781Z] [✓] #847 00847_488214557_1203568387796924_2357018525140275250_n.jpg
[2026-04-17T14:03:31.930Z] [✓] #846 00846_488614326_1203566731130423_1354971042554377410_n.jpg
[2026-04-17T14:03:31.932Z] [WARN] #729 attempt 3/3 failed: HTTP 403
[2026-04-17T14:03:31.933Z] [✗] #729 FAILED: HTTP 403
[2026-04-17T14:03:32.052Z] [WARN] #730 attempt 3/3 failed: HTTP 403
[2026-04-17T14:03:32.053Z] [✗] #730 FAILED: HTTP 403
[2026-04-17T14:03:32.072Z] [✓] #851 00851_487454549_1202432467910516_4676424342312064584_n.jpg
[2026-04-17T14:03:32.219Z] [✓] #852 00852_487200329_1201704577983305_712623697640786260_n.jpg
[2026-04-17T14:03:32.243Z] [✓] #853 00853_488178440_1201703091316787_6625808134622189506_n.jpg
[2026-04-17T14:03:32.341Z] [✓] #849 00849_488884695_1203569181130178_6817016978969013435_n.jpg
[2026-04-17T14:03:32.402Z] [✓] #856 00856_487023128_1200830761404020_1944990112510513698_n.jpg
[2026-04-17T14:03:32.457Z] [✓] #855 00855_487981567_1201703974650032_3733972076787321602_n.jpg
[2026-04-17T14:03:32.460Z] [✓] #850 00850_487872084_1203569914463438_2264889002581604664_n.jpg
[2026-04-17T14:03:32.463Z] [✓] #857 00857_487409189_1200830808070682_4764374192784483703_n.jpg
[2026-04-17T14:03:32.583Z] [✓] #854 00854_488258744_1201704721316624_1729162289431395427_n.jpg
[2026-04-17T14:03:32.615Z] [✓] #858 00858_480969269_1199371268216636_6228397234387860551_n.jpg
[2026-04-17T14:03:32.633Z] [✓] #860 00860_485802787_1195585428595220_5204920514385544816_n.jpg
[2026-04-17T14:03:32.662Z] [✓] #859 00859_486169718_1197110758442687_5122803248405833044_n.jpg
[2026-04-17T14:03:32.789Z] [✓] #848 00848_487851105_1203565891130507_6140080096671278499_n.jpg
[2026-04-17T14:03:32.810Z] [✓] #864 00864_485104984_1193436632143433_8488610243069800559_n.jpg
[2026-04-17T14:03:32.814Z] [✓] #862 00862_486471519_1195585198595243_7124325495548977862_n.jpg
[2026-04-17T14:03:32.831Z] [✓] #863 00863_485075863_1193435642143532_5643312180765875697_n.jpg
[2026-04-17T14:03:32.846Z] [✓] #861 00861_486554933_1195584368595326_593778260233380143_n.jpg
[2026-04-17T14:03:32.918Z] [✓] #865 00865_485018435_1193430502144046_7906773448772456296_n.jpg
[2026-04-17T14:03:32.982Z] [✓] #867 00867_485011557_1192686208885142_6930317482519161027_n.jpg
[2026-04-17T14:03:33.031Z] [✓] #868 00868_484869530_1192683352218761_4539060803668117547_n.jpg
[2026-04-17T14:03:33.044Z] [✓] #866 00866_485164363_1192685462218550_7997157111470670366_n.jpg
[2026-04-17T14:03:33.144Z] [✓] #869 00869_485611842_1192686322218464_8335292981444295615_n.jpg
[2026-04-17T14:03:33.162Z] [✓] #872 00872_484427178_1191867042300392_7095676973968933064_n.jpg
[2026-04-17T14:03:33.165Z] [✓] #870 00870_484991292_1191865855633844_6795088314980089328_n.jpg
[2026-04-17T14:03:33.245Z] [✓] #875 00875_480436629_1189703902516706_1391724972690269828_n.jpg
[2026-04-17T14:03:33.341Z] [✓] #871 00871_484991292_1191865855633844_6795088314980089328_n.jpg
[2026-04-17T14:03:33.363Z] [✓] #873 00873_484848603_1191865318967231_9213513947699027280_n.jpg
[2026-04-17T14:03:33.385Z] [✓] #877 00877_484245533_1187373692749727_406749570102214919_n.jpg
[2026-04-17T14:03:33.538Z] [✓] #874 00874_484566485_1191117589042004_9041246676817716968_n.jpg
[2026-04-17T14:03:33.545Z] [✓] #879 00879_482267856_1186762222810874_6614033675577604661_n.jpg
[2026-04-17T14:03:33.588Z] [✓] #876 00876_484330991_1188961879257575_357990348737053813_n.jpg
[2026-04-17T14:03:33.613Z] [✓] #881 00881_484055497_1186759589477804_4722618163621292368_n.jpg
[2026-04-17T14:03:33.625Z] [✓] #878 00878_484020853_1187375886082841_5694992152258216317_n.jpg
[2026-04-17T14:03:33.725Z] [✓] #884 00884_482261100_1185190826301347_5957285599112432990_n.jpg
[2026-04-17T14:03:33.788Z] [✓] #882 00882_484210001_1186760922811004_2140495921108674998_n.jpg
[2026-04-17T14:03:33.810Z] [✓] #883 00883_482122041_1184730989680664_1778409545736706104_n.jpg
[2026-04-17T14:03:33.839Z] [✓] #885 00885_481946890_1184541569699606_5326437984127332649_n.jpg
[2026-04-17T14:03:33.885Z] [✓] #887 00887_481829817_1184542509699512_1597713575308383240_n.jpg
[2026-04-17T14:03:34.002Z] [✓] #890 00890_481079909_1182883823198714_3423975586233901935_n.jpg
[2026-04-17T14:03:34.074Z] [✓] #880 00880_482809700_1186762386144191_4797353772268820761_n.jpg
[2026-04-17T14:03:34.077Z] [✓] #891 00891_481769252_1182883779865385_1595207152755155116_n.jpg
[2026-04-17T14:03:34.092Z] [✓] #888 00888_481959047_1184544013032695_6504833696771985217_n.jpg
[2026-04-17T14:03:34.094Z] [✓] #886 00886_482056846_1184541543032942_2316282064443464970_n.jpg
[2026-04-17T14:03:34.109Z] [✓] #889 00889_481296152_1183007043186392_3777402413554810351_n.jpg
[2026-04-17T14:03:34.186Z] [✓] #894 00894_481707568_1182882469865516_1914782928615963084_n.jpg
[2026-04-17T14:03:34.200Z] [✓] #893 00893_481674853_1182882246532205_5538263624907194840_n.jpg
[2026-04-17T14:03:34.295Z] [✓] #897 00897_481082756_1182881813198915_1908414621675505855_n.jpg
[2026-04-17T14:03:34.325Z] [✓] #892 00892_481696585_1182882426532187_4425960899637699848_n.jpg
[2026-04-17T14:03:34.438Z] [✓] #899 00899_481057032_1182881826532247_6727418966300193030_n.jpg
[2026-04-17T14:03:34.447Z] [✓] #900 00900_481053736_1182881253198971_4643891034985411504_n.jpg
[2026-04-17T14:03:34.449Z] [✓] #895 00895_482211982_1182882476532182_6872373550336158372_n.jpg
[2026-04-17T14:03:34.582Z] [✓] #903 00903_481773808_1182881113198985_3018006540897882870_n.jpg
[2026-04-17T14:03:34.647Z] [✓] #896 00896_481661089_1182882549865508_7691780333924860643_n.jpg
[2026-04-17T14:03:34.655Z] [✓] #901 00901_482136479_1182881256532304_8402199127850391897_n.jpg
[2026-04-17T14:03:34.657Z] [✓] #898 00898_481078841_1182881816532248_5108984927317994613_n.jpg
[2026-04-17T14:03:34.737Z] [✓] #905 00905_482076493_1182879669865796_2463799536882814006_n.jpg
[2026-04-17T14:03:34.747Z] [✓] #902 00902_481292189_1182881226532307_3743170398936092553_n.jpg
[2026-04-17T14:03:34.838Z] [✓] #909 00909_481767598_1182879073199189_3044040688885220542_n.jpg
[2026-04-17T14:03:34.850Z] [✓] #906 00906_481058848_1182879826532447_4456203660206960149_n.jpg
[2026-04-17T14:03:34.873Z] [✓] #908 00908_481926494_1182879766532453_1732529229115028136_n.jpg
[2026-04-17T14:03:34.947Z] [✓] #911 00911_481699810_1182879036532526_9220606464338420839_n.jpg
[2026-04-17T14:03:34.991Z] [✓] #907 00907_482247011_1182879799865783_7836449702892338164_n.jpg
[2026-04-17T14:03:35.009Z] [✓] #912 00912_481059419_1182879049865858_355236041964209473_n.jpg
[2026-04-17T14:03:35.074Z] [✓] #910 00910_482054245_1182879086532521_7110720507708300330_n.jpg
[2026-04-17T14:03:35.112Z] [✓] #904 00904_482069778_1182881193198977_7774341948894460376_n.jpg
[2026-04-17T14:03:35.132Z] [✓] #914 00914_481900604_1182878443199252_4398792407300836283_n.jpg
[2026-04-17T14:03:35.146Z] [✓] #915 00915_481960798_1182878356532594_6685795274084612902_n.jpg
[2026-04-17T14:03:35.250Z] [✓] #918 00918_481055560_1182877813199315_272075107248559443_n.jpg
[2026-04-17T14:03:35.263Z] [✓] #919 00919_481699814_1182877799865983_4379155711770686221_n.jpg
[2026-04-17T14:03:35.289Z] [✓] #917 00917_482083043_1182877839865979_3900883324030580462_n.jpg
[2026-04-17T14:03:35.324Z] [✓] #913 00913_481898106_1182878343199262_3394347308026714541_n.jpg
[2026-04-17T14:03:35.353Z] [✓] #920 00920_481080568_1182877659865997_7328039907681321678_n.jpg
[2026-04-17T14:03:35.433Z] [✓] #922 00922_481079504_1182877666532663_3751520896789790306_n.jpg
[2026-04-17T14:03:35.447Z] [✓] #923 00923_482114766_1182877656532664_6485390592485972514_n.jpg
[2026-04-17T14:03:35.502Z] [✓] #926 00926_482081412_1182874903199606_5260894026610335782_n.jpg
[2026-04-17T14:03:35.524Z] [✓] #916 00916_481900971_1182877823199314_2381848715897781018_n.jpg
[2026-04-17T14:03:35.624Z] [✓] #928 00928_482202216_1182874853199611_7630599928953390983_n.jpg
[2026-04-17T14:03:35.641Z] [✓] #924 00924_482080787_1182877223199374_9127965832576805229_n.jpg
[2026-04-17T14:03:35.645Z] [✓] #927 00927_481055409_1182874983199598_4756952841935720583_n.jpg
[2026-04-17T14:03:35.667Z] [✓] #925 00925_481077020_1182874669866296_4661990387386995458_n.jpg
[2026-04-17T14:03:35.681Z] [✓] #921 00921_481080568_1182877659865997_7328039907681321678_n.jpg
[2026-04-17T14:03:35.848Z] [✓] #929 00929_481768400_1182874733199623_6551667665164575999_n.jpg
[2026-04-17T14:03:35.906Z] [✓] #933 00933_481664645_1182875003199596_5704274728217419993_n.jpg
[2026-04-17T14:03:35.951Z] [✓] #932 00932_481076428_1182874736532956_2372965986316104043_n.jpg
[2026-04-17T14:03:35.958Z] [✓] #934 00934_481905624_1182873666533063_8560940824722528290_n.jpg
[2026-04-17T14:03:35.962Z] [✓] #931 00931_481707088_1182874796532950_208027677418799782_n.jpg
[2026-04-17T14:03:36.032Z] [✓] #936 00936_481080907_1182873953199701_4172721218019817575_n.jpg
[2026-04-17T14:03:36.053Z] [✓] #935 00935_481928571_1182873923199704_7621338542338582009_n.jpg
[2026-04-17T14:03:36.153Z] [✓] #938 00938_481770650_1182873046533125_3186046435013564779_n.jpg
[2026-04-17T14:03:36.178Z] [✓] #937 00937_481820720_1182873059866457_1487310835126097452_n.jpg
[2026-04-17T14:03:36.207Z] [✓] #930 00930_481077786_1182874993199597_4269135977929280888_n.jpg
[2026-04-17T14:03:36.258Z] [✓] #941 00941_481778718_1182873119866451_76837989552713162_n.jpg
[2026-04-17T14:03:36.315Z] [✓] #940 00940_481081852_1182873039866459_6219497420270635380_n.jpg
[2026-04-17T14:03:36.349Z] [✓] #943 00943_481076788_1182873049866458_7655776006985860862_n.jpg
[2026-04-17T14:03:36.473Z] [✓] #944 00944_481702044_1182873036533126_841845027080857676_n.jpg
[2026-04-17T14:03:36.528Z] [✓] #946 00946_481083355_1182872543199842_5187508574429073173_n.jpg
[2026-04-17T14:03:36.556Z] [✓] #945 00945_481942490_1182873069866456_2899672164594233163_n.jpg
[2026-04-17T14:03:36.599Z] [✓] #947 00947_481668352_1182872243199872_33885753253516136_n.jpg
[2026-04-17T14:03:36.615Z] [✓] #948 00948_481080505_1182871723199924_6933122614540696788_n.jpg
[2026-04-17T14:03:36.746Z] [✓] #951 00951_482054810_1182871369866626_1009789554867462589_n.jpg
[2026-04-17T14:03:36.753Z] [✓] #949 00949_481909040_1182871329866630_7854806495708599990_n.jpg
[2026-04-17T14:03:36.772Z] [✓] #939 00939_481966774_1182873096533120_863193748802967548_n.jpg
[2026-04-17T14:03:36.854Z] [✓] #950 00950_481055038_1182871333199963_8792728687865168833_n.jpg
[2026-04-17T14:03:36.869Z] [✓] #952 00952_481081117_1182870859866677_378232547700441175_n.jpg
[2026-04-17T14:03:36.872Z] [✓] #942 00942_473671217_1147975193356244_771940139564496575_n.jpg
[2026-04-17T14:03:36.977Z] [✓] #953 00953_481506796_1182870213200075_6538350417501823668_n.jpg
[2026-04-17T14:03:37.019Z] [✓] #954 00954_481078841_1182870389866724_2686075538146368818_n.jpg
[2026-04-17T14:03:37.058Z] [✓] #955 00955_481075769_1182868079866955_2936596981277346894_n.jpg
[2026-04-17T14:03:37.132Z] [✓] #960 00960_481079306_1182866759867087_7219874094790831412_n.jpg
[2026-04-17T14:03:37.150Z] [✓] #957 00957_481819368_1182868336533596_7746831416423224325_n.jpg
[2026-04-17T14:03:37.243Z] [✓] #958 00958_481954588_1182868136533616_8218403342956703343_n.jpg
[2026-04-17T14:03:37.338Z] [✓] #956 00956_481078693_1182868309866932_5009664357914945455_n.jpg
[2026-04-17T14:03:37.350Z] [✓] #963 00963_482054700_1182866473200449_5307452822583233963_n.jpg
[2026-04-17T14:03:37.383Z] [✓] #959 00959_481660092_1182868359866927_3811804865179865684_n.jpg
[2026-04-17T14:03:37.462Z] [✓] #962 00962_481927225_1182866616533768_588622074924874459_n.jpg
[2026-04-17T14:03:37.498Z] [✓] #964 00964_481701821_1182866283200468_3566883120047942323_n.jpg
[2026-04-17T14:03:37.531Z] [✓] #966 00966_481081309_1182865806533849_5479248871286564331_n.jpg
[2026-04-17T14:03:37.551Z] [✓] #961 00961_482244527_1182866596533770_6947647645256219865_n.jpg
[2026-04-17T14:03:37.640Z] [✓] #965 00965_481076908_1182866619867101_2318378598058144707_n.jpg
[2026-04-17T14:03:37.730Z] [✓] #967 00967_481796507_1182864626533967_4874121405744151521_n.jpg
[2026-04-17T14:03:37.737Z] [✓] #969 00969_481910680_1182864749867288_4115313170597049094_n.jpg
[2026-04-17T14:03:37.739Z] [✓] #968 00968_481081388_1182864726533957_3746556696164557853_n.jpg
[2026-04-17T14:03:37.812Z] [✓] #970 00970_481777094_1182864729867290_4894155863945552055_n.jpg
[2026-04-17T14:03:37.837Z] [✓] #971 00971_481564948_1182864016534028_5642083320384640836_n.jpg
[2026-04-17T14:03:37.881Z] [✓] #973 00973_481079150_1182864023200694_4738100655181342009_n.jpg
[2026-04-17T14:03:37.900Z] [✓] #976 00976_481941189_1182791056541324_4770352010825740328_n.jpg
[2026-04-17T14:03:37.965Z] [✓] #978 00978_482211394_1182791226541307_1812134142379624716_n.jpg
[2026-04-17T14:03:37.995Z] [✓] #975 00975_481665635_1182791053207991_2330706507110723867_n.jpg
[2026-04-17T14:03:38.015Z] [✓] #977 00977_481430209_1182791196541310_6483079314089431976_n.jpg
[2026-04-17T14:03:38.048Z] [✓] #972 00972_481083740_1182864033200693_7272519544734521304_n.jpg
[2026-04-17T14:03:38.054Z] [✓] #979 00979_482191045_1182791213207975_3016678773152097064_n.jpg
[2026-04-17T14:03:38.123Z] [✓] #974 00974_481699814_1182864193200677_8468972769834456448_n.jpg
[2026-04-17T14:03:38.183Z] [✓] #980 00980_481947996_1182789846541445_4288399576617318605_n.jpg
[2026-04-17T14:03:38.240Z] [✓] #981 00981_481481058_1182789839874779_5276708449035166037_n.jpg
[2026-04-17T14:03:38.275Z] [✓] #984 00984_482211407_1182788733208223_4685183650929334372_n.jpg
[2026-04-17T14:03:38.300Z] [✓] #983 00983_481983969_1182789816541448_2402745957416744308_n.jpg
[2026-04-17T14:03:38.363Z] [✓] #985 00985_481952496_1182788736541556_7970419451117192174_n.jpg
[2026-04-17T14:03:38.380Z] [✓] #988 00988_481952476_1182788566541573_6542306895285648183_n.jpg
[2026-04-17T14:03:38.416Z] [✓] #986 00986_481504704_1182788766541553_5274290087035765458_n.jpg
[2026-04-17T14:03:38.498Z] [✓] #990 00990_482219525_1182788786541551_2189833232567973494_n.jpg
[2026-04-17T14:03:38.538Z] [✓] #987 00987_482074748_1182788803208216_4983736739423264128_n.jpg
[2026-04-17T14:03:38.606Z] [✓] #989 00989_482066603_1182788779874885_8325092601919963295_n.jpg
[2026-04-17T14:03:38.655Z] [✓] #993 00993_482013313_1182788119874951_8429997897657052399_n.jpg
[2026-04-17T14:03:38.668Z] [✓] #982 00982_481703259_1182789806541449_5287534775407066386_n.jpg
[2026-04-17T14:03:38.674Z] [✓] #991 00991_481665090_1182788569874906_4866319734199195008_n.jpg
[2026-04-17T14:03:38.688Z] [✓] #992 00992_482211291_1182787953208301_313963930109595111_n.jpg
[2026-04-17T14:03:38.725Z] [✓] #996 00996_482980451_1182787526541677_4745886308337103878_n.jpg
[2026-04-17T14:03:38.747Z] [✓] #997 00997_481461595_1182785806541849_1704958714594375140_n.jpg
[2026-04-17T14:03:38.748Z] [✓] #995 00995_481925153_1182787566541673_3910875098454393626_n.jpg
[2026-04-17T14:03:38.841Z] [✓] #1001 01001_481568538_1182783859875377_8552492260015487500_n.jpg
[2026-04-17T14:03:38.856Z] [✓] #994 00994_481999219_1182788133208283_3811348914217822575_n.jpg
[2026-04-17T14:03:38.916Z] [✓] #998 00998_481914918_1182785403208556_2302919737222682511_n.jpg
[2026-04-17T14:03:38.942Z] [✓] #1002 01002_482215861_1182783876542042_5106220896970627920_n.jpg
[2026-04-17T14:03:38.971Z] [✓] #1003 01003_481471223_1182783803208716_1540683800297017716_n.jpg
[2026-04-17T14:03:38.974Z] [✓] #1000 01000_482204178_1182784629875300_6841551260918476939_n.jpg
[2026-04-17T14:03:39.004Z] [✓] #999 00999_481447056_1182785393208557_4206819946097586982_n.jpg
[2026-04-17T14:03:39.041Z] [✓] #1004 01004_481471896_1182783863208710_7642760038492434709_n.jpg
[2026-04-17T14:03:39.066Z] [✓] #1005 01005_481998452_1182783829875380_730690589656214082_n.jpg
[2026-04-17T14:03:39.078Z] [✓] #1007 01007_481902921_1182783906542039_178827353034734858_n.jpg
[2026-04-17T14:03:39.138Z] [✓] #1009 01009_481646742_1182783806542049_3005934501466457575_n.jpg
[2026-04-17T14:03:39.139Z] [✓] #1008 01008_481455121_1182783836542046_5033128643011800741_n.jpg
[2026-04-17T14:03:39.171Z] [✓] #1010 01010_481925672_1182783903208706_137948570801270789_n.jpg
[2026-04-17T14:03:39.183Z] [✓] #1011 01011_482088857_1182784016542028_6510841862693778778_n.jpg
[2026-04-17T14:03:39.205Z] [✓] #1013 01013_481698168_1182783986542031_5664741304317470187_n.jpg
[2026-04-17T14:03:39.214Z] [✓] #1006 01006_482016998_1182783946542035_7367263308378156149_n.jpg
[2026-04-17T14:03:39.221Z] [✓] #1012 01012_481776839_1182783943208702_1231772823390924911_n.jpg
[2026-04-17T14:03:39.226Z] [✓] #1014 01014_481542491_1182783733208723_360155274659387967_n.jpg
[2026-04-17T14:03:39.372Z] [✓] #1016 01016_482075868_1182781433208953_7023313874002016330_n.jpg
[2026-04-17T14:03:39.393Z] [✓] #1018 01018_481473956_1182781223208974_1827658902920956498_n.jpg
[2026-04-17T14:03:39.396Z] [✓] #1019 01019_481467642_1182781206542309_2254428011266336645_n.jpg
[2026-04-17T14:03:39.492Z] [✓] #1021 01021_482091240_1182781239875639_1469614831317168304_n.jpg
[2026-04-17T14:03:39.495Z] [✓] #1017 01017_481447059_1182781419875621_291929348538636272_n.jpg
[2026-04-17T14:03:39.516Z] [✓] #1022 01022_481912762_1182777176542712_4771398984137482101_n.jpg
[2026-04-17T14:03:39.518Z] [✓] #1020 01020_481479864_1182781489875614_8981107495857913415_n.jpg
[2026-04-17T14:03:39.548Z] [✓] #1015 01015_482227193_1182781509875612_8862850931229951821_n.jpg
[2026-04-17T14:03:39.559Z] [✓] #1023 01023_482083192_1182777163209380_6441159280668934730_n.jpg
[2026-04-17T14:03:39.662Z] [✓] #1024 01024_482048763_1182777296542700_961488827320442084_n.jpg
[2026-04-17T14:03:39.687Z] [✓] #1026 01026_482216119_1182776926542737_3730406093059041094_n.jpg
[2026-04-17T14:03:39.704Z] [✓] #1028 01028_481646742_1182776869876076_4199352850411333962_n.jpg
[2026-04-17T14:03:39.801Z] [✓] #1029 01029_482067494_1182775809876182_3544244030063570423_n.jpg
[2026-04-17T14:03:39.823Z] [✓] #1025 01025_481466727_1182777193209377_8750662202628705973_n.jpg
[2026-04-17T14:03:39.826Z] [✓] #1031 01031_481984996_1182775386542891_6793299961261212945_n.jpg
[2026-04-17T14:03:39.877Z] [✓] #1032 01032_482133954_1182775569876206_5082712799235928359_n.jpg
[2026-04-17T14:03:39.880Z] [✓] #1030 01030_481997616_1182775846542845_4942069581468390196_n.jpg
[2026-04-17T14:03:39.887Z] [✓] #1027 01027_482216766_1182776849876078_1340319809798183371_n.jpg
[2026-04-17T14:03:39.980Z] [✓] #1035 01035_482014250_1182772089876554_2167787176010775672_n.jpg
[2026-04-17T14:03:39.985Z] [✓] #1034 01034_481673734_1182775796542850_5360123379976135164_n.jpg
[2026-04-17T14:03:40.014Z] [✓] #1036 01036_482009159_1182772359876527_8688233873690869703_n.jpg
[2026-04-17T14:03:40.020Z] [✓] #1033 01033_481468366_1182775776542852_3555697791877496873_n.jpg
[2026-04-17T14:03:40.158Z] [✓] #1037 01037_481788353_1182772366543193_3792980142279379628_n.jpg
[2026-04-17T14:03:40.203Z] [✓] #1038 01038_482190942_1182769789876784_5548365963645102668_n.jpg
[2026-04-17T14:03:40.288Z] [✓] #1039 01039_481441254_1182769903210106_6262801535727616588_n.jpg
[2026-04-17T14:03:40.318Z] [✓] #1041 01041_481999502_1182769776543452_2786746766781719774_n.jpg
[2026-04-17T14:03:40.336Z] [✓] #1042 01042_481445499_1182769709876792_1313439816968329553_n.jpg
[2026-04-17T14:03:40.404Z] [✓] #1043 01043_481471262_1182771329876630_9131048624188169835_n.jpg
[2026-04-17T14:03:40.417Z] [✓] #1044 01044_481471272_1182771153209981_2921322705421491192_n.jpg
[2026-04-17T14:03:40.461Z] [✓] #1046 01046_481186123_1182621583224938_5511125351852130465_n.jpg
[2026-04-17T14:03:40.471Z] [✓] #1045 01045_481985596_1182771206543309_4663313495018842835_n.jpg
[2026-04-17T14:03:40.535Z] [✓] #1040 01040_482215366_1182769836543446_2551568673193523784_n.jpg
[2026-04-17T14:03:40.649Z] [✓] #1047 01047_481674311_1182620309891732_6949637183370421884_n.jpg
[2026-04-17T14:03:40.692Z] [✓] #1048 01048_481712488_1182620139891749_1234890095503861973_n.jpg
[2026-04-17T14:03:40.708Z] [✓] #1051 01051_482084344_1182620176558412_2048754905492228726_n.jpg
[2026-04-17T14:03:40.714Z] [✓] #1050 01050_481275555_1182620446558385_5534575965686092755_n.jpg
[2026-04-17T14:03:40.716Z] [✓] #1049 01049_481774407_1182620319891731_1265158987606370902_n.jpg
[2026-04-17T14:03:40.743Z] [✓] #1052 01052_481772629_1182619116558518_6994337757628350931_n.jpg
[2026-04-17T14:03:40.817Z] [✓] #1054 01054_481675452_1182618423225254_5148970223436771748_n.jpg
[2026-04-17T14:03:40.850Z] [✓] #1055 01055_481777348_1182618396558590_7589345942472957911_n.jpg
[2026-04-17T14:03:40.868Z] [✓] #1056 01056_481680610_1182617533225343_3789729648398667316_n.jpg
[2026-04-17T14:03:40.870Z] [✓] #1053 01053_482084171_1182619323225164_6241199482642425993_n.jpg
[2026-04-17T14:03:40.944Z] [✓] #1058 01058_481449514_1182615196558910_8218180818619153508_n.jpg
[2026-04-17T14:03:41.000Z] [✓] #1060 01060_481781000_1182615403225556_4400907481209988_n.jpg
[2026-04-17T14:03:41.100Z] [✓] #1061 01061_481470871_1182609136559516_2761550716094887660_n.jpg
[2026-04-17T14:03:41.158Z] [✓] #1062 01062_481462068_1182609189892844_2927310001958930080_n.jpg
[2026-04-17T14:03:41.168Z] [✓] #1059 01059_481678235_1182615153225581_6876406160880586400_n.jpg
[2026-04-17T14:03:41.226Z] [✓] #1063 01063_482077884_1182608539892909_7802066049030547421_n.jpg
[2026-04-17T14:03:41.237Z] [✓] #1057 01057_482024258_1182615483225548_7606752745251551528_n.jpg
[2026-04-17T14:03:41.243Z] [✓] #1064 01064_481912786_1182608233226273_3649664363640160125_n.jpg
[2026-04-17T14:03:41.321Z] [✓] #1066 01066_481673116_1182608526559577_6602574562500638641_n.jpg
[2026-04-17T14:03:41.333Z] [✓] #1065 01065_482072701_1182608223226274_7264174417828222757_n.jpg
[2026-04-17T14:03:41.409Z] [✓] #1070 01070_482022440_1182605706559859_3667692437637898927_n.jpg
[2026-04-17T14:03:41.442Z] [WARN] #1072 attempt 1/3 failed: HTTP 403
[2026-04-17T14:03:41.496Z] [✓] #1067 01067_482068792_1182608309892932_7274406217576759607_n.jpg
[2026-04-17T14:03:41.508Z] [✓] #1069 01069_481815314_1182606003226496_6744685865312453639_n.jpg
[2026-04-17T14:03:41.563Z] [✓] #1071 01071_481448978_1182605669893196_6104137608201548546_n.jpg
[2026-04-17T14:03:41.595Z] [✓] #1068 01068_482056477_1182605996559830_5887376473605415490_n.jpg
[2026-04-17T14:03:41.645Z] [✓] #1075 01075_481809201_1182604586559971_1312043537077938599_n.jpg
[2026-04-17T14:03:41.673Z] [✓] #1076 01076_481703193_1182604666559963_9180528180227036681_n.jpg
[2026-04-17T14:03:41.704Z] [✓] #1073 01073_481306128_1182604699893293_6715935456269380071_n.jpg
[2026-04-17T14:03:41.719Z] [✓] #1074 01074_481549967_1182604546559975_2126415162380083106_n.jpg
[2026-04-17T14:03:41.777Z] [✓] #1079 01079_481675640_1182602099893553_8252882260537704464_n.jpg
[2026-04-17T14:03:41.790Z] [✓] #1077 01077_481211898_1182603906560039_8921810364014421300_n.jpg
[2026-04-17T14:03:41.865Z] [✓] #1078 01078_481671011_1182603069893456_215650912505828466_n.jpg
[2026-04-17T14:03:41.981Z] [✓] #1082 01082_481939026_1182599103227186_4745845133461495056_n.jpg
[2026-04-17T14:03:41.988Z] [✓] #1083 01083_482071700_1182596693227427_1017335771939344344_n.jpg
[2026-04-17T14:03:42.001Z] [✓] #1080 01080_481269524_1182599173227179_9099033072378563002_n.jpg
[2026-04-17T14:03:42.064Z] [✓] #1081 01081_481658315_1182599273227169_5377443810219593151_n.jpg
[2026-04-17T14:03:42.077Z] [✓] #1084 01084_481811848_1182596393227457_6328921307477032892_n.jpg
[2026-04-17T14:03:42.093Z] [✓] #1085 01085_482069134_1182596639894099_1054552836372306294_n.jpg
[2026-04-17T14:03:42.115Z] [✓] #1086 01086_482252483_1182596763227420_2056556436388709993_n.jpg
[2026-04-17T14:03:42.203Z] [✓] #1087 01087_481270908_1182596686560761_4297055484721813041_n.jpg
[2026-04-17T14:03:42.225Z] [✓] #1089 01089_481771426_1182291303257966_2847670032845707171_n.jpg
[2026-04-17T14:03:42.284Z] [✓] #1088 01088_481807631_1182594523227644_5621417809529045284_n.jpg
[2026-04-17T14:03:42.312Z] [✓] #1090 01090_482005750_1182291439924619_4907733404566268956_n.jpg
[2026-04-17T14:03:42.386Z] [✓] #1091 01091_481289452_1182291333257963_5581532826958999761_n.jpg
[2026-04-17T14:03:42.449Z] [✓] #1093 01093_481676682_1182290519924711_1604022099725795250_n.jpg
[2026-04-17T14:03:42.462Z] [✓] #1092 01092_481960124_1182291286591301_4864445856450637553_n.jpg
[2026-04-17T14:03:42.490Z] [✓] #1094 01094_482005152_1182288373258259_2571522084360757646_n.jpg
[2026-04-17T14:03:42.528Z] [✓] #1095 01095_481674286_1182288166591613_88261340829156092_n.jpg
[2026-04-17T14:03:42.531Z] [✓] #1096 01096_481274346_1182288553258241_626213210238545588_n.jpg
[2026-04-17T14:03:42.638Z] [✓] #1099 01099_481895745_1182287249925038_105839481539547960_n.jpg
[2026-04-17T14:03:42.641Z] [✓] #1100 01100_481906681_1182287359925027_6949703940824142985_n.jpg
[2026-04-17T14:03:42.733Z] [✓] #1097 01097_481278306_1182287353258361_3603781392119386138_n.jpg
[2026-04-17T14:03:42.737Z] [✓] #1098 01098_481975427_1182287239925039_2427378487974082380_n.jpg
[2026-04-17T14:03:42.830Z] [✓] #1101 01101_481300924_1182286289925134_1031986623212072221_n.jpg
[2026-04-17T14:03:42.867Z] [✓] #1104 01104_481446404_1182286266591803_4278809090206290529_n.jpg
[2026-04-17T14:03:42.874Z] [✓] #1105 01105_481664402_1182285176591912_3238629691110235499_n.jpg
[2026-04-17T14:03:42.905Z] [✓] #1106 01106_481667588_1182285269925236_7547946365873525887_n.jpg
[2026-04-17T14:03:42.939Z] [✓] #1107 01107_482015124_1182285206591909_6248926418883953182_n.jpg
[2026-04-17T14:03:42.964Z] [✓] #1103 01103_481276610_1182286403258456_8154014341231797148_n.jpg
[2026-04-17T14:03:43.014Z] [✓] #1108 01108_481277578_1182285009925262_3431936859009358536_n.jpg
[2026-04-17T14:03:43.022Z] [✓] #1109 01109_482018621_1182284203258676_3845878028587688624_n.jpg
[2026-04-17T14:03:43.041Z] [✓] #1110 01110_482003901_1182284189925344_2166828374540660232_n.jpg
[2026-04-17T14:03:43.084Z] [✓] #1112 01112_481975841_1182283956592034_3854630164607718047_n.jpg
[2026-04-17T14:03:43.099Z] [✓] #1111 01111_481767653_1182284223258674_3617880788888728989_n.jpg
[2026-04-17T14:03:43.108Z] [✓] #1102 01102_482021965_1182286299925133_6841951183637616250_n.jpg
[2026-04-17T14:03:43.201Z] [✓] #1115 01115_481973619_1182281879925575_1639271506026739682_n.jpg
[2026-04-17T14:03:43.236Z] [✓] #1116 01116_482019573_1182281786592251_7366591988768286976_n.jpg
[2026-04-17T14:03:43.260Z] [✓] #1117 01117_481961107_1182281683258928_7435796766682507215_n.jpg
[2026-04-17T14:03:43.274Z] [✓] #1113 01113_482024544_1182283266592103_937441185388941743_n.jpg
[2026-04-17T14:03:43.290Z] [✓] #1114 01114_482024544_1182283266592103_937441185388941743_n.jpg
[2026-04-17T14:03:43.308Z] [✓] #1118 01118_481976838_1182281903258906_8421030619082489873_n.jpg
[2026-04-17T14:03:43.453Z] [✓] #1122 01122_481448096_1182280729925690_4923883046380412155_n.jpg
[2026-04-17T14:03:43.470Z] [✓] #1121 01121_481978577_1182280703259026_4640761853315528390_n.jpg
[2026-04-17T14:03:43.486Z] [✓] #1119 01119_481770238_1182280733259023_6114156856492620934_n.jpg
[2026-04-17T14:03:43.493Z] [✓] #1120 01120_481356826_1182280789925684_621606495850128447_n.jpg
[2026-04-17T14:03:43.517Z] [✓] #1123 01123_481965724_1182280819925681_4721359284751137990_n.jpg
[2026-04-17T14:03:43.547Z] [✓] #1124 01124_481468048_1182280609925702_7483075681291372960_n.jpg
[2026-04-17T14:03:43.555Z] [WARN] #1072 attempt 2/3 failed: HTTP 403
[2026-04-17T14:03:43.619Z] [✓] #1125 01125_482007553_1182280739925689_5504055655588169870_n.jpg
[2026-04-17T14:03:43.650Z] [✓] #1127 01127_482061951_1182279499925813_4520594319208831265_n.jpg
[2026-04-17T14:03:43.682Z] [✓] #1128 01128_481302470_1182279763259120_6678514250753084506_n.jpg
[2026-04-17T14:03:43.726Z] [✓] #1130 01130_481783645_1182279806592449_4206295048298632388_n.jpg
[2026-04-17T14:03:43.815Z] [✓] #1126 01126_481998065_1182280419925721_6094508944655331429_n.jpg
[2026-04-17T14:03:43.846Z] [✓] #1131 01131_481907373_1182279749925788_387469000119487906_n.jpg
[2026-04-17T14:03:43.870Z] [✓] #1132 01132_481977771_1182278719925891_4684419210640070866_n.jpg
[2026-04-17T14:03:43.916Z] [✓] #1129 01129_481470790_1182279609925802_5056625675436696636_n.jpg
[2026-04-17T14:03:43.926Z] [✓] #1135 01135_481993540_1182277889925974_594620953622501846_n.jpg
[2026-04-17T14:03:44.012Z] [✓] #1137 01137_482002284_1182277523259344_6769070093071794036_n.jpg
[2026-04-17T14:03:44.015Z] [✓] #1133 01133_481999894_1182278593259237_2391724891047531505_n.jpg
[2026-04-17T14:03:44.044Z] [✓] #1136 01136_481975618_1182278093259287_1923366639192024578_n.jpg
[2026-04-17T14:03:44.080Z] [✓] #1139 01139_481334107_1182273163259780_8293851591119341518_n.jpg
[2026-04-17T14:03:44.128Z] [✓] #1140 01140_481272782_1182273293259767_3154599012924514907_n.jpg
[2026-04-17T14:03:44.209Z] [✓] #1141 01141_481677245_1182273296593100_8657089316835374848_n.jpg
[2026-04-17T14:03:44.213Z] [✓] #1134 01134_481668939_1182277933259303_6853723021857127010_n.jpg
[2026-04-17T14:03:44.244Z] [✓] #1142 01142_481773043_1182272946593135_6956933326809556309_n.jpg
[2026-04-17T14:03:44.332Z] [✓] #1143 01143_481465380_1182273083259788_7640244894246533915_n.jpg
[2026-04-17T14:03:44.375Z] [✓] #1144 01144_481774205_1182272969926466_7660094689566279139_n.jpg
[2026-04-17T14:03:44.420Z] [✓] #1145 01145_481777326_1182273236593106_6456022002953942868_n.jpg
[2026-04-17T14:03:44.479Z] [✓] #1146 01146_481266537_1182272919926471_2083082297236843340_n.jpg
[2026-04-17T14:03:44.487Z] [✓] #1147 01147_481828060_1182272886593141_6255266642209477724_n.jpg
[2026-04-17T14:03:44.536Z] [✓] #1138 01138_481904109_1182276609926102_5631683678514222633_n.jpg
[2026-04-17T14:03:44.601Z] [✓] #1148 01148_481978749_1182271503259946_7512174993451360180_n.jpg
[2026-04-17T14:03:44.637Z] [✓] #1150 01150_482029063_1182271469926616_7248874609047368841_n.jpg
[2026-04-17T14:03:44.664Z] [✓] #1149 01149_481998675_1182271339926629_7960443437455607343_n.jpg
[2026-04-17T14:03:44.802Z] [✓] #1153 01153_482022255_1182271173259979_8234255341958022952_n.jpg
[2026-04-17T14:03:44.819Z] [✓] #1154 01154_481958546_1182271459926617_7135446824870492357_n.jpg
[2026-04-17T14:03:44.836Z] [✓] #1152 01152_481977566_1182271513259945_4574248570275227196_n.jpg
[2026-04-17T14:03:44.847Z] [✓] #1156 01156_482263919_1182036273283469_2350036574168695882_n.jpg
[2026-04-17T14:03:44.880Z] [✓] #1151 01151_481997266_1182271196593310_4663998052781175322_n.jpg
[2026-04-17T14:03:44.928Z] [✓] #1157 01157_482325198_1182036383283458_383807197031114725_n.jpg
[2026-04-17T14:03:44.930Z] [✓] #1155 01155_482244023_1182039353283161_8714214486312953103_n.jpg
[2026-04-17T14:03:44.940Z] [✓] #1159 01159_481477264_1182036366616793_6937317397140495717_n.jpg
[2026-04-17T14:03:44.942Z] [✓] #1158 01158_481452019_1182036283283468_6699901296799013310_n.jpg
[2026-04-17T14:03:45.028Z] [✓] #1161 01161_482081901_1182036429950120_3728480179502598345_n.jpg
[2026-04-17T14:03:45.048Z] [✓] #1163 01163_481469921_1182035699950193_1998752977112596_n.jpg
[2026-04-17T14:03:45.051Z] [✓] #1162 01162_481663692_1182035486616881_4039122130632186414_n.jpg
[2026-04-17T14:03:45.052Z] [✓] #1160 01160_481448315_1182036373283459_7490122030298631353_n.jpg
[2026-04-17T14:03:45.100Z] [✓] #1164 01164_482086533_1182035686616861_3501604272979440777_n.jpg
[2026-04-17T14:03:45.161Z] [✓] #1165 01165_482269729_1182035516616878_5948306645075171097_n.jpg
[2026-04-17T14:03:45.172Z] [✓] #1168 01168_481504434_1182035839950179_301488948542869097_n.jpg
[2026-04-17T14:03:45.184Z] [✓] #1166 01166_481471066_1182035469950216_4276164042891075756_n.jpg
[2026-04-17T14:03:45.220Z] [✓] #1167 01167_481661853_1182035829950180_295980238769860534_n.jpg
[2026-04-17T14:03:45.262Z] [✓] #1170 01170_482301134_1182034546616975_5970802879311926306_n.jpg
[2026-04-17T14:03:45.385Z] [✓] #1169 01169_481666322_1182034556616974_6687754334325299789_n.jpg
[2026-04-17T14:03:45.436Z] [✓] #1172 01172_481448683_1182034549950308_4442178774863590118_n.jpg
[2026-04-17T14:03:45.499Z] [✓] #1171 01171_481661974_1182034259950337_1963641570028833214_n.jpg
[2026-04-17T14:03:45.508Z] [✓] #1173 01173_481659459_1182034249950338_5940936993046315848_n.jpg
[2026-04-17T14:03:45.541Z] [✓] #1174 01174_482275040_1182034243283672_2339004925553998141_n.jpg
[2026-04-17T14:03:45.637Z] [✓] #1175 01175_482267664_1182034563283640_3245588937525573018_n.jpg
[2026-04-17T14:03:45.713Z] [✓] #1178 01178_481765250_1182032669950496_3268633664840465248_n.jpg
[2026-04-17T14:03:45.721Z] [✓] #1177 01177_481256033_1182032686617161_2186577845682955900_n.jpg
[2026-04-17T14:03:45.747Z] [✓] #1176 01176_481308692_1182032659950497_7961471268023266592_n.jpg
[2026-04-17T14:03:45.754Z] [✓] #1179 01179_481255386_1182032189950544_3629322705126993548_n.jpg
[2026-04-17T14:03:45.789Z] [✓] #1183 01183_482301016_1182030153284081_1163571319514226798_n.jpg
[2026-04-17T14:03:45.845Z] [✓] #1182 01182_481302728_1182030106617419_3364837343254355243_n.jpg
[2026-04-17T14:03:45.935Z] [✓] #1180 01180_481662356_1182032116617218_2961786251057795441_n.jpg
[2026-04-17T14:03:45.953Z] [✓] #1184 01184_481781694_1182030093284087_767515901290027955_n.jpg
[2026-04-17T14:03:45.973Z] [✓] #1185 01185_481936790_1182030446617385_8472760945470104446_n.jpg
[2026-04-17T14:03:45.975Z] [✓] #1181 01181_482302808_1182032069950556_7720557417352346186_n.jpg
[2026-04-17T14:03:46.021Z] [✓] #1186 01186_482068560_1182030499950713_6565077626691790374_n.jpg
[2026-04-17T14:03:46.079Z] [✓] #1189 01189_481659124_1182030086617421_3334534331976551259_n.jpg
[2026-04-17T14:03:46.169Z] [✓] #1187 01187_482080254_1182030553284041_19895577206512697_n.jpg
[2026-04-17T14:03:46.211Z] [✓] #1191 01191_481447288_1182028026617627_8031472155358907283_n.jpg
[2026-04-17T14:03:46.235Z] [✓] #1190 01190_481660341_1182029253284171_3604103519113141187_n.jpg
[2026-04-17T14:03:46.249Z] [✓] #1188 01188_481788580_1182030453284051_2450190382825186780_n.jpg
[2026-04-17T14:03:46.335Z] [✓] #1192 01192_482064394_1182009656619464_7795952906828274653_n.jpg
[2026-04-17T14:03:46.361Z] [✓] #1193 01193_481448185_1182009669952796_2619783350556719769_n.jpg
[2026-04-17T14:03:46.385Z] [✓] #1195 01195_481217725_1182007019953061_7246778761754151107_n.jpg
[2026-04-17T14:03:46.438Z] [✓] #1197 01197_481307253_1182007309953032_521209509860249660_n.jpg
[2026-04-17T14:03:46.502Z] [✓] #1194 01194_481212407_1182009649952798_1200828560507492204_n.jpg
[2026-04-17T14:03:46.529Z] [✓] #1199 01199_482226118_1182002886620141_7563002192801346498_n.jpg
[2026-04-17T14:03:46.532Z] [✓] #1196 01196_481316171_1182007193286377_4631576283648335082_n.jpg
[2026-04-17T14:03:46.552Z] [✓] #1198 01198_481479680_1182006866619743_7582577243651497443_n.jpg
[2026-04-17T14:03:46.597Z] [✓] #1200 01200_481212400_1182002869953476_5999091971426062322_n.jpg
[2026-04-17T14:03:46.619Z] [✓] #1201 01201_481516151_1182003273286769_6200617807118758471_n.jpg
[2026-04-17T14:03:46.623Z] [✓] #1202 01202_481248317_1182002863286810_7318297275736104722_n.jpg
[2026-04-17T14:03:46.680Z] [✓] #1203 01203_481245862_1182002099953553_4922225675018769424_n.jpg
[2026-04-17T14:03:46.739Z] [✓] #1204 01204_481196301_1182002196620210_3149434597347991078_n.jpg
[2026-04-17T14:03:46.804Z] [✓] #1206 01206_481212962_1182002069953556_7987100596635098925_n.jpg
[2026-04-17T14:03:46.840Z] [✓] #1208 01208_481823101_1182002106620219_6362521661599148807_n.jpg
[2026-04-17T14:03:46.841Z] [✓] #1205 01205_481468461_1182002023286894_6175336068813106008_n.jpg
[2026-04-17T14:03:46.842Z] [✓] #1207 01207_481801377_1182002186620211_5895622198978270200_n.jpg
[2026-04-17T14:03:46.850Z] [✓] #1209 01209_482004222_1181999476620482_7695433163122673731_n.jpg
[2026-04-17T14:03:46.915Z] [✓] #1212 01212_481770616_1181999776620452_7950765673574077789_n.jpg
[2026-04-17T14:03:46.930Z] [✓] #1211 01211_481325319_1181999753287121_4572340905226241005_n.jpg
[2026-04-17T14:03:46.934Z] [WARN] #1214 attempt 1/3 failed: HTTP 403
[2026-04-17T14:03:46.937Z] [✓] #1210 01210_481255196_1181999606620469_5743955880671104558_n.jpg
[2026-04-17T14:03:46.956Z] [WARN] #1215 attempt 1/3 failed: HTTP 403
[2026-04-17T14:03:46.972Z] [✓] #1213 01213_481261224_1181998006620629_5029868411957232671_n.jpg
[2026-04-17T14:03:47.010Z] [✓] #1217 01217_481665190_1181995739954189_1175180021468821386_n.jpg
[2026-04-17T14:03:47.030Z] [✓] #1216 01216_482346365_1181996019954161_53117647130400977_n.jpg
[2026-04-17T14:03:47.077Z] [✓] #1219 01219_481772310_1181993653287731_896318435485465241_n.jpg
[2026-04-17T14:03:47.119Z] [✓] #1218 01218_481772334_1181994859954277_2312401869621242598_n.jpg
[2026-04-17T14:03:47.139Z] [✓] #1220 01220_481702571_1181993709954392_5888248043829030363_n.jpg
[2026-04-17T14:03:47.210Z] [✓] #1221 01221_481898510_1181992413287855_5800281212175510899_n.jpg
[2026-04-17T14:03:47.223Z] [✓] #1222 01222_481469397_1181991596621270_6431201181832202840_n.jpg
[2026-04-17T14:03:47.299Z] [✓] #1223 01223_481242457_1181991746621255_894831806887063791_n.jpg
[2026-04-17T14:03:47.306Z] [✓] #1224 01224_482005996_1181991406621289_975239983997060808_n.jpg
[2026-04-17T14:03:47.407Z] [✓] #1225 01225_482191894_1181991629954600_1282468889751511647_n.jpg
[2026-04-17T14:03:47.489Z] [✓] #1227 01227_481469358_1181986269955136_5270011542384415733_n.jpg
[2026-04-17T14:03:47.590Z] [WARN] #1072 attempt 3/3 failed: HTTP 403
[2026-04-17T14:03:47.591Z] [✗] #1072 FAILED: HTTP 403
[2026-04-17T14:03:47.629Z] [✓] #1226 01226_481264673_1181990116621418_2522762792988260267_n.jpg
[2026-04-17T14:03:47.718Z] [✓] #1228 01228_482030216_1181986306621799_5574239880807950373_n.jpg
[2026-04-17T14:03:47.730Z] [✓] #1230 01230_482025861_1181985319955231_950334624533491785_n.jpg
[2026-04-17T14:03:47.896Z] [✓] #1229 01229_481764513_1181985229955240_5942274952546444364_n.jpg
[2026-04-17T14:03:47.907Z] [✓] #1232 01232_481504770_1181985303288566_6376106193065348984_n.jpg
[2026-04-17T14:03:47.941Z] [✓] #1233 01233_481211739_1181858529967910_5867064546613691027_n.jpg
[2026-04-17T14:03:47.984Z] [✓] #1235 01235_482067960_1181858536634576_334448764550807724_n.jpg
[2026-04-17T14:03:48.036Z] [✓] #1236 01236_481302344_1181858699967893_3392273982705174940_n.jpg
[2026-04-17T14:03:48.069Z] [✓] #1231 01231_481232109_1181985249955238_8000887666964651330_n.jpg
[2026-04-17T14:03:48.117Z] [✓] #1238 01238_481470327_1181858539967909_1269063344840754887_n.jpg
[2026-04-17T14:03:48.156Z] [✓] #1234 01234_481311925_1181858533301243_1921968464567821699_n.jpg
[2026-04-17T14:03:48.176Z] [✓] #1239 01239_481507745_1181856696634760_1646798607565601441_n.jpg
[2026-04-17T14:03:48.271Z] [✓] #1237 01237_481671582_1181858773301219_1307497476889880169_n.jpg
[2026-04-17T14:03:48.279Z] [✓] #1240 01240_481942505_1181856746634755_6971009301784470173_n.jpg
[2026-04-17T14:03:48.332Z] [✓] #1241 01241_481778543_1181856583301438_4081920595175859147_n.jpg
[2026-04-17T14:03:48.358Z] [✓] #1242 01242_481244039_1181856763301420_5256955787470682300_n.jpg
[2026-04-17T14:03:48.368Z] [✓] #1243 01243_481267315_1181856509968112_7302279674249245771_n.jpg
[2026-04-17T14:03:48.421Z] [✓] #1244 01244_481356770_1181856533301443_6982837531755993779_n.jpg
[2026-04-17T14:03:48.434Z] [✓] #1245 01245_481347841_1181856513301445_3426352549881115000_n.jpg
[2026-04-17T14:03:48.435Z] [✓] #1246 01246_481247208_1181856879968075_2092673629756059284_n.jpg
[2026-04-17T14:03:48.514Z] [✓] #1249 01249_481777389_1181853969968366_3713003394446345955_n.jpg
[2026-04-17T14:03:48.602Z] [✓] #1248 01248_481274483_1181854053301691_3442307277638464358_n.jpg
[2026-04-17T14:03:48.651Z] [✓] #1250 01250_481272467_1181853956635034_2282585439067486612_n.jpg
[2026-04-17T14:03:48.707Z] [✓] #1251 01251_481284981_1181853169968446_2707136794749588118_n.jpg
[2026-04-17T14:03:48.710Z] [✓] #1247 01247_481452109_1181854343301662_198770322074681194_n.jpg
[2026-04-17T14:03:48.772Z] [✓] #1253 01253_481336468_1181853123301784_7806953767187724454_n.jpg
[2026-04-17T14:03:48.848Z] [✓] #1252 01252_481207139_1181853329968430_4118271825739957146_n.jpg
[2026-04-17T14:03:48.886Z] [✓] #1255 01255_481455589_1181852363301860_1270714161196931599_n.jpg
[2026-04-17T14:03:48.962Z] [WARN] #1214 attempt 2/3 failed: HTTP 403
[2026-04-17T14:03:48.965Z] [✓] #1256 01256_481283190_1181852326635197_8770102667811942257_n.jpg
[2026-04-17T14:03:48.987Z] [✓] #1257 01257_481300158_1181852203301876_4932197580167697442_n.jpg
[2026-04-17T14:03:48.993Z] [WARN] #1215 attempt 2/3 failed: HTTP 403
[2026-04-17T14:03:49.078Z] [✓] #1254 01254_481568919_1181852463301850_4959254853892699816_n.jpg
[2026-04-17T14:03:49.115Z] [✓] #1258 01258_481670510_1181851403301956_2727111940462341952_n.jpg
[2026-04-17T14:03:49.164Z] [✓] #1259 01259_481829958_1181851463301950_2428900918051817825_n.jpg
[2026-04-17T14:03:49.235Z] [✓] #1260 01260_481274195_1181851409968622_6734536831501676632_n.jpg
[2026-04-17T14:03:49.261Z] [✓] #1261 01261_481541245_1181851003301996_502120798466831784_n.jpg
[2026-04-17T14:03:49.350Z] [✓] #1262 01262_481180217_1181850989968664_3021592802033934280_n.jpg
[2026-04-17T14:03:49.399Z] [✓] #1264 01264_481265495_1181850609968702_5509334823357354989_n.jpg
[2026-04-17T14:03:49.401Z] [✓] #1265 01265_481199017_1181849919968771_6851103628497815610_n.jpg
[2026-04-17T14:03:49.438Z] [✓] #1266 01266_481232533_1181849933302103_7268397489859418106_n.jpg
[2026-04-17T14:03:49.450Z] [✓] #1267 01267_481299405_1181849926635437_2838724821143386173_n.jpg
[2026-04-17T14:03:49.473Z] [✓] #1268 01268_481476572_1181849963302100_7505553036382030518_n.jpg
[2026-04-17T14:03:49.491Z] [✓] #1269 01269_481358175_1181849953302101_7757520936287078248_n.jpg
[2026-04-17T14:03:49.530Z] [✓] #1263 01263_481279168_1181850596635370_3920443974326206040_n.jpg
[2026-04-17T14:03:49.533Z] [✓] #1270 01270_482072041_1181849909968772_6288091239889327194_n.jpg
[2026-04-17T14:03:49.549Z] [✓] #1271 01271_481208259_1181849903302106_6442514303959536153_n.jpg
[2026-04-17T14:03:49.579Z] [✓] #1272 01272_481329403_1181849729968790_7985936826767678414_n.jpg
[2026-04-17T14:03:49.670Z] [✓] #1275 01275_481768919_1181846546635775_8127655666904822411_n.jpg
[2026-04-17T14:03:49.674Z] [✓] #1274 01274_481201456_1181849596635470_316065971074010452_n.jpg
[2026-04-17T14:03:49.706Z] [✓] #1277 01277_481767785_1181846399969123_8323065082588188346_n.jpg
[2026-04-17T14:03:49.720Z] [✓] #1276 01276_481453906_1181846633302433_5007942730346449033_n.jpg
[2026-04-17T14:03:49.722Z] [✓] #1273 01273_481283207_1181849633302133_4378607782076124880_n.jpg
[2026-04-17T14:03:49.742Z] [✓] #1278 01278_481248483_1181844163302680_7358030332846290916_n.jpg
[2026-04-17T14:03:49.744Z] [✓] #1279 01279_481285286_1181844283302668_1803911698926882784_n.jpg
[2026-04-17T14:03:49.801Z] [✓] #1280 01280_481910728_1181844149969348_2258716304018803541_n.jpg
[2026-04-17T14:03:49.814Z] [✓] #1281 01281_481267303_1181844186636011_2466687764985947965_n.jpg
[2026-04-17T14:03:49.865Z] [✓] #1284 01284_481177062_1181841759969587_1623274204223262592_n.jpg
[2026-04-17T14:03:49.911Z] [✓] #1282 01282_481279674_1181842586636171_5789248535830848545_n.jpg
[2026-04-17T14:03:49.968Z] [✓] #1283 01283_481712487_1181842653302831_1549607849683223207_n.jpg
[2026-04-17T14:03:49.998Z] [✓] #1285 01285_481289328_1181841023302994_3034012870673319713_n.jpg
[2026-04-17T14:03:50.041Z] [✓] #1287 01287_481210688_1181838959969867_6548995378888105276_n.jpg
[2026-04-17T14:03:50.055Z] [✓] #1286 01286_481470447_1181840709969692_7572705117270218025_n.jpg
[2026-04-17T14:03:50.168Z] [✓] #1289 01289_481229348_1181838956636534_5349347274676823680_n.jpg
[2026-04-17T14:03:50.179Z] [✓] #1290 01290_481228671_1181838209969942_8723826233201951782_n.jpg
[2026-04-17T14:03:50.182Z] [✓] #1288 01288_482026859_1181838859969877_2305871364430235229_n.jpg
[2026-04-17T14:03:50.268Z] [✓] #1293 01293_481262005_1181838136636616_8092557766693195252_n.jpg
[2026-04-17T14:03:50.340Z] [✓] #1292 01292_482028736_1181838206636609_6874889539107980516_n.jpg
[2026-04-17T14:03:50.361Z] [✓] #1291 01291_481901921_1181838216636608_8291755031642441104_n.jpg
[2026-04-17T14:03:50.369Z] [✓] #1294 01294_481475626_1181838139969949_2472935685184196989_n.jpg
[2026-04-17T14:03:50.468Z] [✓] #1295 01295_481917129_1181319730021790_1147785507615880738_n.jpg
[2026-04-17T14:03:50.508Z] [✓] #1296 01296_481191340_1181191330034630_8070082039502534253_n.jpg
[2026-04-17T14:03:50.546Z] [✓] #1297 01297_481355528_1181191280034635_2504370571332569523_n.jpg
[2026-04-17T14:03:50.587Z] [✓] #1298 01298_481196892_1181191283367968_631580605404720293_n.jpg
[2026-04-17T14:03:50.651Z] [✓] #1299 01299_481812573_1181191230034640_4651503395591593505_n.jpg
[2026-04-17T14:03:50.661Z] [✓] #1301 01301_482080259_1181317120022051_325744726535614333_n.jpg
[2026-04-17T14:03:50.688Z] [✓] #1300 01300_481281366_1181191370034626_5185824474015912566_n.jpg
[2026-04-17T14:03:50.700Z] [✓] #1302 01302_482134548_1181195100034253_5575829763411131798_n.jpg
[2026-04-17T14:03:50.772Z] [✓] #1303 01303_481271729_1181192230034540_6847502040196810081_n.jpg
[2026-04-17T14:03:50.836Z] [✓] #1305 01305_481271729_1181192373367859_2481897327250340873_n.jpg
[2026-04-17T14:03:50.850Z] [✓] #1304 01304_482275486_1181192123367884_8727514859893571181_n.jpg
[2026-04-17T14:03:50.868Z] [✓] #1306 01306_481238075_1181192436701186_4900443785277654941_n.jpg
[2026-04-17T14:03:50.920Z] [✓] #1307 01307_481262627_1181192456701184_6035030584823390177_n.jpg
[2026-04-17T14:03:50.986Z] [✓] #1309 01309_481448001_1181189043368192_6479952808568636093_n.jpg
[2026-04-17T14:03:50.997Z] [✓] #1310 01310_482319707_1181189066701523_4779183244460725857_n.jpg
[2026-04-17T14:03:51.010Z] [✓] #1308 01308_481452520_1181192130034550_778744095421730818_n.jpg
[2026-04-17T14:03:51.051Z] [✓] #1311 01311_482263707_1181189420034821_6239903481225345450_n.jpg
[2026-04-17T14:03:51.147Z] [✓] #1313 01313_481708783_1181187503368346_3597117819462173353_n.jpg
[2026-04-17T14:03:51.203Z] [✓] #1314 01314_481470951_1181187480035015_6627364392809762463_n.jpg
[2026-04-17T14:03:51.245Z] [✓] #1312 01312_481244692_1181187483368348_8580532369857227982_n.jpg
[2026-04-17T14:03:51.248Z] [✓] #1315 01315_481257048_1181187563368340_8421940011751601733_n.jpg
[2026-04-17T14:03:51.331Z] [✓] #1316 01316_481213253_1181187533368343_6323922557754670342_n.jpg
[2026-04-17T14:03:51.360Z] [✓] #1318 01318_482077938_1181187530035010_6495462030164514603_n.jpg
[2026-04-17T14:03:51.426Z] [✓] #1319 01319_481895513_1181187523368344_1044430885313027636_n.jpg
[2026-04-17T14:03:51.436Z] [✓] #1317 01317_481228505_1181187526701677_3602085962521352936_n.jpg
[2026-04-17T14:03:51.438Z] [✓] #1320 01320_481038629_1181130473374049_7926529652728877630_n.jpg
[2026-04-17T14:03:51.489Z] [✓] #1321 01321_481223107_1181130576707372_8897378347951609414_n.jpg
[2026-04-17T14:03:51.493Z] [✓] #1323 01323_481480018_1181128786707551_5045945177035708550_n.jpg
[2026-04-17T14:03:51.502Z] [✓] #1322 01322_481299564_1181130366707393_3495274450968174734_n.jpg
[2026-04-17T14:03:51.534Z] [✓] #1324 01324_481985956_1181128700040893_451962675720816274_n.jpg
[2026-04-17T14:03:51.538Z] [✓] #1325 01325_481985116_1181128750040888_4653044097024610851_n.jpg
[2026-04-17T14:03:51.584Z] [✓] #1327 01327_481099859_1181128293374267_7878681336834394127_n.jpg
[2026-04-17T14:03:51.589Z] [✓] #1326 01326_482068423_1181128346707595_7658516001916615573_n.jpg
[2026-04-17T14:03:51.594Z] [✓] #1328 01328_481238936_1181128323374264_1012352890086737079_n.jpg
[2026-04-17T14:03:51.639Z] [✓] #1329 01329_481955475_1181128310040932_1492657165460097383_n.jpg
[2026-04-17T14:03:51.649Z] [✓] #1330 01330_481141648_1181126796707750_8133278489780657949_n.jpg
[2026-04-17T14:03:51.652Z] [✓] #1331 01331_481675387_1181126903374406_2636177495558754875_n.jpg
[2026-04-17T14:03:51.685Z] [✓] #1334 01334_481336235_1181125933374503_141498793857683136_n.jpg
[2026-04-17T14:03:51.688Z] [✓] #1332 01332_482012047_1181126906707739_3850554817917053153_n.jpg
[2026-04-17T14:03:51.699Z] [✓] #1333 01333_481260621_1181126793374417_8368767060741513592_n.jpg
[2026-04-17T14:03:51.723Z] [✓] #1335 01335_481257413_1181125960041167_6830943124178575054_n.jpg
[2026-04-17T14:03:51.725Z] [✓] #1336 01336_482000881_1181125936707836_1796006839187486709_n.jpg
[2026-04-17T14:03:51.747Z] [✓] #1337 01337_481480020_1181124093374687_9039857164493068950_n.jpg
[2026-04-17T14:03:51.784Z] [✓] #1338 01338_482033398_1181123823374714_5176830743266586140_n.jpg
[2026-04-17T14:03:51.835Z] [✓] #1341 01341_481298187_1181123650041398_4894215955974092621_n.jpg
[2026-04-17T14:03:51.892Z] [✓] #1342 01342_481449291_1181123640041399_4472299129109909588_n.jpg
[2026-04-17T14:03:51.932Z] [✓] #1340 01340_481006984_1181123983374698_418913766138047736_n.jpg
[2026-04-17T14:03:51.951Z] [✓] #1343 01343_481984376_1181124046708025_2723545789685584651_n.jpg
[2026-04-17T14:03:51.983Z] [✓] #1344 01344_481155716_1181124023374694_8033597335297098118_n.jpg
[2026-04-17T14:03:51.988Z] [✓] #1339 01339_481274682_1181124030041360_215575168800689342_n.jpg
[2026-04-17T14:03:52.036Z] [✓] #1345 01345_481999119_1181123613374735_541736288241716987_n.jpg
[2026-04-17T14:03:52.046Z] [✓] #1347 01347_481117865_1181124063374690_3407539931171182382_n.jpg
[2026-04-17T14:03:52.061Z] [✓] #1346 01346_481259357_1181123960041367_3436465002141738305_n.jpg
[2026-04-17T14:03:52.089Z] [✓] #1348 01348_481219125_1181123820041381_65045141256760736_n.jpg
[2026-04-17T14:03:52.091Z] [✓] #1349 01349_481910633_1181121966708233_2975910058729858772_n.jpg
[2026-04-17T14:03:52.233Z] [✓] #1352 01352_481463546_1181114950042268_893988538966975347_n.jpg
[2026-04-17T14:03:52.237Z] [✓] #1350 01350_481214986_1181114983375598_1254768034005853987_n.jpg
[2026-04-17T14:03:52.256Z] [✓] #1351 01351_481309386_1181114926708937_217360050135635796_n.jpg
[2026-04-17T14:03:52.402Z] [✓] #1355 01355_482011163_1181119003375196_7686674293535399692_n.jpg
[2026-04-17T14:03:52.408Z] [✓] #1353 01353_481249378_1181114686708961_1221613178326844232_n.jpg
[2026-04-17T14:03:52.416Z] [✓] #1354 01354_481256501_1181119290041834_6156630269778658670_n.jpg
[2026-04-17T14:03:52.516Z] [✓] #1357 01357_481151911_1181115993375497_7167524363696223730_n.jpg
[2026-04-17T14:03:52.521Z] [✓] #1356 01356_482978644_1181119386708491_4244440234577926007_n.jpg
[2026-04-17T14:03:52.530Z] [✓] #1358 01358_481507075_1181114920042271_3807597596085070608_n.jpg
[2026-04-17T14:03:52.599Z] [✓] #1360 01360_481238529_1181112280042535_2191949144108429040_n.jpg
[2026-04-17T14:03:52.623Z] [✓] #1359 01359_481110769_1181114610042302_7688725859622626957_n.jpg
[2026-04-17T14:03:52.657Z] [✓] #1361 01361_481468373_1181112430042520_1061171198177298890_n.jpg
[2026-04-17T14:03:52.746Z] [✓] #1363 01363_481116967_1181112260042537_4347610560939069478_n.jpg
[2026-04-17T14:03:52.763Z] [✓] #1362 01362_481165967_1181112286709201_3142680476243961019_n.jpg
[2026-04-17T14:03:52.887Z] [✓] #1365 01365_481178213_1180610430092720_6244706131828047410_n.jpg
[2026-04-17T14:03:52.892Z] [✓] #1366 01366_481225943_1180610483426048_8505084336728740535_n.jpg
[2026-04-17T14:03:52.896Z] [✓] #1364 01364_481248208_1180598150093948_475004288628108984_n.jpg
[2026-04-17T14:03:52.985Z] [WARN] #1214 attempt 3/3 failed: HTTP 403
[2026-04-17T14:03:52.986Z] [✗] #1214 FAILED: HTTP 403
[2026-04-17T14:03:53.036Z] [WARN] #1215 attempt 3/3 failed: HTTP 403
[2026-04-17T14:03:53.037Z] [✗] #1215 FAILED: HTTP 403
[2026-04-17T14:03:53.056Z] [✓] #1368 01368_481774064_1180607596759670_5437675681265923992_n.jpg
[2026-04-17T14:03:53.078Z] [✓] #1367 01367_481697720_1180610513426045_2606594160946999876_n.jpg
[2026-04-17T14:03:53.082Z] [✓] #1369 01369_481291023_1180607586759671_4194805178638688434_n.jpg
[2026-04-17T14:03:53.120Z] [✓] #1370 01370_481210398_1180607590093004_5274851800913878745_n.jpg
[2026-04-17T14:03:53.218Z] [✓] #1374 01374_482024313_1180607333426363_5941972554484669014_n.jpg
[2026-04-17T14:03:53.311Z] [✓] #1371 01371_481664484_1180607580093005_822560059410973134_n.jpg
[2026-04-17T14:03:53.315Z] [✓] #1373 01373_481130365_1180607593426337_5544865761460910433_n.jpg
[2026-04-17T14:03:53.409Z] [✓] #1376 01376_481692167_1180603813426715_1132362230433117881_n.jpg
[2026-04-17T14:03:53.426Z] [✓] #1375 01375_481989362_1180603773426719_934627840351393633_n.jpg
[2026-04-17T14:03:53.468Z] [✓] #1372 01372_481951440_1180607543426342_8865400847030793193_n.jpg
[2026-04-17T14:03:53.565Z] [✓] #1377 01377_481076334_1180603496760080_4779194093281635253_n.jpg
[2026-04-17T14:03:53.585Z] [✓] #1378 01378_481166871_1180602586760171_6943101796974112576_n.jpg
[2026-04-17T14:03:53.589Z] [✓] #1379 01379_482024085_1180602596760170_6187328547875381768_n.jpg
[2026-04-17T14:03:53.668Z] [✓] #1382 01382_482139517_1180602390093524_7822651767391072689_n.jpg
[2026-04-17T14:03:53.701Z] [✓] #1381 01381_481105820_1180602756760154_4034331406597202962_n.jpg
[2026-04-17T14:03:53.750Z] [✓] #1380 01380_481901083_1180602603426836_4392964069374872706_n.jpg
[2026-04-17T14:03:53.774Z] [✓] #1383 01383_481176939_1180602800093483_3791849463600910025_n.jpg
[2026-04-17T14:03:53.779Z] [✓] #1385 01385_481904831_1180599610093802_3301224465938714219_n.jpg
[2026-04-17T14:03:53.826Z] [✓] #1387 01387_481214687_1180598960093867_2383180257311910717_n.jpg
[2026-04-17T14:03:53.898Z] [✓] #1384 01384_481261408_1180602633426833_2696337176967626385_n.jpg
[2026-04-17T14:03:53.936Z] [✓] #1388 01388_481458895_1180598956760534_7183877771704271646_n.jpg
[2026-04-17T14:03:53.952Z] [✓] #1389 01389_482024585_1180598980093865_5167216205063991678_n.jpg
[2026-04-17T14:03:53.970Z] [✓] #1386 01386_481210054_1180599223427174_7065667751695265408_n.jpg
[2026-04-17T14:03:54.065Z] [✓] #1390 01390_481229751_1180598973427199_807229602302948915_n.jpg
[2026-04-17T14:03:54.112Z] [✓] #1393 01393_481662596_1180595630094200_3215685234165401120_n.jpg
[2026-04-17T14:03:54.135Z] [✓] #1394 01394_481990214_1180595713427525_4699213347161064257_n.jpg
[2026-04-17T14:03:54.146Z] [✓] #1392 01392_481074349_1180598063427290_1416392507523681603_n.jpg
[2026-04-17T14:03:54.202Z] [✓] #1396 01396_481117761_1180595663427530_465933890114080953_n.jpg
[2026-04-17T14:03:54.213Z] [✓] #1391 01391_481290412_1180598013427295_2414645301453201793_n.jpg
[2026-04-17T14:03:54.296Z] [✓] #1400 01400_482076267_1180591586761271_662448043042944909_n.jpg
[2026-04-17T14:03:54.377Z] [✓] #1395 01395_481661114_1180595783427518_7393468769963881495_n.jpg
[2026-04-17T14:03:54.394Z] [✓] #1401 01401_481317988_1180590650094698_4163276649137475905_n.jpg
[2026-04-17T14:03:54.409Z] [✓] #1397 01397_481298222_1180595846760845_1811358726309375929_n.jpg
[2026-04-17T14:03:54.451Z] [✓] #1398 01398_481241193_1180595693427527_1663708425009472897_n.jpg
[2026-04-17T14:03:54.478Z] [✓] #1403 01403_481767449_1180590643428032_961105166508686421_n.jpg
[2026-04-17T14:03:54.491Z] [✓] #1402 01402_481811923_1180590423428054_5042284253117361929_n.jpg
[2026-04-17T14:03:54.567Z] [✓] #1399 01399_481237419_1180595813427515_1963912818180328304_n.jpg
[2026-04-17T14:03:54.603Z] [✓] #1406 01406_481988756_1180590636761366_8184225134479621004_n.jpg
[2026-04-17T14:03:54.616Z] [✓] #1404 01404_481664893_1180590726761357_9202221946928026933_n.jpg
[2026-04-17T14:03:54.632Z] [✓] #1405 01405_481140465_1180590716761358_1767570874112803583_n.jpg
[2026-04-17T14:03:54.724Z] [✓] #1410 01410_481192175_1180587200095043_4518990620160768937_n.jpg
[2026-04-17T14:03:54.741Z] [✓] #1407 01407_481821244_1180589176761512_7148349969261112177_n.jpg
[2026-04-17T14:03:54.784Z] [✓] #1408 01408_482026834_1180588266761603_1861061293883975896_n.jpg
[2026-04-17T14:03:54.911Z] [✓] #1411 01411_480946238_1179999596820470_3591330390803756086_n.jpg
[2026-04-17T14:03:54.920Z] [✓] #1414 01414_481971565_1179999353487161_1762914564213541655_n.jpg
[2026-04-17T14:03:55.022Z] [✓] #1415 01415_481086348_1179999496820480_4669583205994213613_n.jpg
[2026-04-17T14:03:55.033Z] [✓] #1412 01412_481677245_1179999510153812_5578577939092660726_n.jpg
[2026-04-17T14:03:55.097Z] [✓] #1409 01409_481991933_1180588136761616_7532586284196003178_n.jpg
[2026-04-17T14:03:55.124Z] [✓] #1417 01417_481089618_1179996226820807_703960956596663963_n.jpg
[2026-04-17T14:03:55.138Z] [✓] #1413 01413_481153905_1179999716820458_9166085541878875359_n.jpg
[2026-04-17T14:03:55.153Z] [✓] #1416 01416_481224491_1179996110154152_4412442256764414794_n.jpg
[2026-04-17T14:03:55.281Z] [✓] #1418 01418_481224491_1179996076820822_3689802262712330179_n.jpg
[2026-04-17T14:03:55.330Z] [✓] #1421 01421_481247574_1179996063487490_8184305786780533720_n.jpg
[2026-04-17T14:03:55.334Z] [✓] #1419 01419_481315155_1179996086820821_3692775480248579107_n.jpg
[2026-04-17T14:03:55.373Z] [✓] #1423 01423_481244850_1179996240154139_2182842464434641997_n.jpg
[2026-04-17T14:03:55.421Z] [✓] #1420 01420_481157867_1179996210154142_1027630282880534275_n.jpg
[2026-04-17T14:03:55.440Z] [✓] #1422 01422_481957464_1179996473487449_3226038834919675270_n.jpg
[2026-04-17T14:03:55.458Z] [✓] #1426 01426_481249829_1179995113487585_4282073696419296322_n.jpg
[2026-04-17T14:03:55.523Z] [✓] #1427 01427_481516580_1179995120154251_8149433176763799771_n.jpg
[2026-04-17T14:03:55.580Z] [✓] #1424 01424_481450256_1179996053487491_8426306879656231027_n.jpg
[2026-04-17T14:03:55.604Z] [✓] #1430 01430_481898195_1179993970154366_267877653286364606_n.jpg
[2026-04-17T14:03:55.620Z] [✓] #1425 01425_480921129_1179995376820892_2982993911918684403_n.jpg
[2026-04-17T14:03:55.637Z] [✓] #1428 01428_481970932_1179994183487678_5874790183973858121_n.jpg
[2026-04-17T14:03:55.655Z] [✓] #1432 01432_481264878_1179992080154555_4778121645681768917_n.jpg
[2026-04-17T14:03:55.658Z] [✓] #1433 01433_481158428_1179991660154597_5910963743043907002_n.jpg
[2026-04-17T14:03:55.680Z] [✓] #1429 01429_481087506_1179994180154345_8195535791387294020_n.jpg
[2026-04-17T14:03:55.738Z] [✓] #1431 01431_481903844_1179993066821123_2132171365719408676_n.jpg
[2026-04-17T14:03:55.882Z] [✓] #1434 01434_481158428_1179991660154597_5910963743043907002_n.jpg
[2026-04-17T14:03:55.927Z] [✓] #1435 01435_481252270_1179991943487902_5980921231727428415_n.jpg
[2026-04-17T14:03:55.992Z] [✓] #1436 01436_481215305_1179990830154680_2295180457253475748_n.jpg
[2026-04-17T14:03:56.067Z] [✓] #1437 01437_481065124_1179990663488030_1996318573814833494_n.jpg
[2026-04-17T14:03:56.082Z] [✓] #1438 01438_481824152_1179990910154672_273962111206310388_n.jpg
[2026-04-17T14:03:56.232Z] [✓] #1441 01441_481977193_1179990693488027_8826316316179159652_n.jpg
[2026-04-17T14:03:56.247Z] [✓] #1442 01442_481672909_1179990930154670_273152169470870909_n.jpg
[2026-04-17T14:03:56.364Z] [✓] #1444 01444_482023527_1179989670154796_8967296220424524285_n.jpg
[2026-04-17T14:03:56.388Z] [✓] #1440 01440_480945969_1179990953488001_3740502501460475952_n.jpg
[2026-04-17T14:03:56.418Z] [✓] #1439 01439_481103906_1179991050154658_5443525046920222523_n.jpg
[2026-04-17T14:03:56.496Z] [✓] #1447 01447_481156349_1179989710154792_8171748498225403375_n.jpg
[2026-04-17T14:03:56.571Z] [✓] #1448 01448_481217200_1179989300154833_5163060587292143398_n.jpg
[2026-04-17T14:03:56.573Z] [✓] #1443 01443_481482027_1179991000154663_6127031890586508725_n.jpg
[2026-04-17T14:03:56.692Z] [✓] #1450 01450_481212340_1179989296821500_2283622998880747353_n.jpg
[2026-04-17T14:03:56.715Z] [✓] #1451 01451_481826376_1179989303488166_8465527502393463256_n.jpg
[2026-04-17T14:03:56.811Z] [✓] #1445 01445_481228188_1179989766821453_6261890669433497731_n.jpg
[2026-04-17T14:03:56.838Z] [✓] #1452 01452_481905271_1179989230154840_2133041325483848061_n.jpg
[2026-04-17T14:03:56.862Z] [✓] #1446 01446_481168688_1179989703488126_4612970299450227288_n.jpg
[2026-04-17T14:03:56.904Z] [✓] #1453 01453_481101121_1179989220154841_6752295682256230180_n.jpg
[2026-04-17T14:03:56.932Z] [✓] #1454 01454_481117930_1179989053488191_4154859959104047070_n.jpg
[2026-04-17T14:03:57.046Z] [✓] #1455 01455_480925390_1179989226821507_1497066681950794213_n.jpg
[2026-04-17T14:03:57.065Z] [✓] #1457 01457_481977950_1179989050154858_3125285528206789155_n.jpg
[2026-04-17T14:03:57.079Z] [✓] #1449 01449_482050934_1179989260154837_8063699238820084034_n.jpg
[2026-04-17T14:03:57.121Z] [✓] #1456 01456_481975185_1179989280154835_1933712284285844977_n.jpg
[2026-04-17T14:03:57.145Z] [✓] #1459 01459_481105052_1179988103488286_3528859633047723278_n.jpg
[2026-04-17T14:03:57.208Z] [✓] #1460 01460_481045199_1179988196821610_7734115924561666344_n.jpg
[2026-04-17T14:03:57.218Z] [✓] #1461 01461_481067768_1179987033488393_7160680063035826211_n.jpg
[2026-04-17T14:03:57.357Z] [✓] #1463 01463_482020554_1179986580155105_738107341755506085_n.jpg
[2026-04-17T14:03:57.455Z] [✓] #1465 01465_481288466_1179986946821735_2618070953263956213_n.jpg
[2026-04-17T14:03:57.518Z] [✓] #1464 01464_482028144_1179986593488437_7404914274476906346_n.jpg
[2026-04-17T14:03:57.553Z] [✓] #1462 01462_481781377_1179983493488747_4321999523691194492_n.jpg
[2026-04-17T14:03:57.557Z] [✓] #1466 01466_481318779_1179986756821754_8608212674511548223_n.jpg
[2026-04-17T14:03:57.569Z] [✓] #1467 01467_481457450_1179985410155222_8262357872798844906_n.jpg
[2026-04-17T14:03:57.701Z] [✓] #1470 01470_481273397_1179984686821961_8363354955107356074_n.jpg
[2026-04-17T14:03:57.823Z] [✓] #1472 01472_481044633_1179984656821964_1345239415291625514_n.jpg
[2026-04-17T14:03:57.827Z] [✓] #1471 01471_482030291_1179984693488627_1027984131573763322_n.jpg
[2026-04-17T14:03:57.829Z] [✓] #1469 01469_481256404_1179985540155209_1629003681146039707_n.jpg
[2026-04-17T14:03:57.936Z] [✓] #1475 01475_480801775_1179984733488623_419403951331070067_n.jpg
[2026-04-17T14:03:57.962Z] [✓] #1458 01458_481220755_1179988080154955_3241063310286269924_n.jpg
[2026-04-17T14:03:57.965Z] [✓] #1474 01474_481326293_1179984613488635_8125503854815204801_n.jpg
[2026-04-17T14:03:57.967Z] [✓] #1473 01473_482004370_1179984696821960_2011779596154449324_n.jpg
[2026-04-17T14:03:58.019Z] [✓] #1476 01476_481217165_1179984273488669_3906044582643596039_n.jpg
[2026-04-17T14:03:58.102Z] [✓] #1477 01477_481238373_1179984406821989_1754413235024168718_n.jpg
[2026-04-17T14:03:58.200Z] [✓] #1481 01481_481776334_1179983653488731_8572903329682237655_n.jpg
[2026-04-17T14:03:58.211Z] [✓] #1478 01478_481157091_1179984673488629_6100545248570020704_n.jpg
[2026-04-17T14:03:58.237Z] [✓] #1479 01479_481218096_1179984683488628_2004897231528482371_n.jpg
[2026-04-17T14:03:58.280Z] [✓] #1468 01468_481958608_1179985520155211_760416708390853343_n.jpg
[2026-04-17T14:03:58.318Z] [✓] #1483 01483_482009726_1179982603488836_2407448386650789325_n.jpg
[2026-04-17T14:03:58.433Z] [✓] #1485 01485_480906158_1179980443489052_4237490043647162185_n.jpg
[2026-04-17T14:03:58.440Z] [✓] #1480 01480_481825284_1179983453488751_4043877305482675675_n.jpg
[2026-04-17T14:03:58.470Z] [✓] #1482 01482_481062972_1179983440155419_8500085372563789278_n.jpg
[2026-04-17T14:03:58.473Z] [✓] #1484 01484_482020480_1179982826822147_4714616328005113018_n.jpg
[2026-04-17T14:03:58.486Z] [✓] #1486 01486_482031101_1179980513489045_8161486015032276836_n.jpg
[2026-04-17T14:03:58.569Z] [✓] #1488 01488_481230204_1179705110183252_4585445795753145950_n.jpg
[2026-04-17T14:03:58.595Z] [✓] #1490 01490_481193078_1179701880183575_744063442240795344_n.jpg
[2026-04-17T14:03:58.642Z] [✓] #1487 01487_481203218_1179979023489194_8574441836251226544_n.jpg
[2026-04-17T14:03:58.740Z] [✓] #1493 01493_481172694_1179695053517591_5410018352304110354_n.jpg
[2026-04-17T14:03:58.885Z] [✓] #1495 01495_482012010_1179693326851097_7146974550803573281_n.jpg
[2026-04-17T14:03:58.902Z] [✓] #1494 01494_481201791_1179694983517598_2446983189899880207_n.jpg
[2026-04-17T14:03:58.920Z] [✓] #1491 01491_481078937_1179695113517585_189037429750738288_n.jpg
[2026-04-17T14:03:58.931Z] [✓] #1489 01489_481251151_1179701623516934_5668410602463698257_n.jpg
[2026-04-17T14:03:58.941Z] [✓] #1492 01492_481217922_1179695130184250_5784445268605223084_n.jpg
[2026-04-17T14:03:58.973Z] [✓] #1496 01496_481666018_1179693036851126_4899120198070065593_n.jpg
[2026-04-17T14:03:59.077Z] [✓] #1498 01498_481113707_1179693010184462_7968528616626125180_n.jpg
[2026-04-17T14:03:59.087Z] [✓] #1500 01500_481217244_1179690813518015_8712560424525536034_n.jpg
[2026-04-17T14:03:59.096Z] [✓] #1499 01499_480921529_1179691060184657_9167291130673444387_n.jpg
[2026-04-17T14:03:59.206Z] [✓] #1501 01501_480929812_1179691066851323_1276368194170281088_n.jpg
[2026-04-17T14:03:59.230Z] [✓] #1504 01504_480960734_1179688000184963_362415921673844848_n.jpg
[2026-04-17T14:03:59.262Z] [✓] #1502 01502_481116283_1179687996851630_653582791757733887_n.jpg
[2026-04-17T14:03:59.292Z] [✓] #1505 01505_481025628_1179687716851658_4062108185929990640_n.jpg
[2026-04-17T14:03:59.360Z] [✓] #1506 01506_482010576_1179688096851620_5876544556783505291_n.jpg
[2026-04-17T14:03:59.370Z] [✓] #1507 01507_482212741_1179687993518297_2709475810707814106_n.jpg
[2026-04-17T14:03:59.379Z] [✓] #1508 01508_480881254_1179686773518419_1777852007344526582_n.jpg
[2026-04-17T14:03:59.431Z] [✓] #1509 01509_481259945_1179686566851773_3106654525425279266_n.jpg
[2026-04-17T14:03:59.460Z] [✓] #1511 01511_481122167_1179686803518416_1738926219468998442_n.jpg
[2026-04-17T14:03:59.492Z] [✓] #1510 01510_481124212_1179686813518415_3294824357907307945_n.jpg
[2026-04-17T14:03:59.544Z] [✓] #1513 01513_481448641_1179685210185242_4207579950742822902_n.jpg
[2026-04-17T14:03:59.561Z] [✓] #1512 01512_481051582_1179686880185075_8624786632469096307_n.jpg
[2026-04-17T14:03:59.598Z] [✓] #1514 01514_480747601_1179685173518579_6343385774906506293_n.jpg
[2026-04-17T14:03:59.599Z] [✓] #1497 01497_481336736_1179692913517805_8327939438281812470_n.jpg
[2026-04-17T14:03:59.644Z] [✓] #1515 01515_481096710_1179685153518581_2840040776051352062_n.jpg
[2026-04-17T14:03:59.654Z] [✓] #1503 01503_481124330_1179687683518328_4778909768329635912_n.jpg
[2026-04-17T14:03:59.694Z] [✓] #1517 01517_481214833_1179685496851880_1454063644969986198_n.jpg
[2026-04-17T14:03:59.728Z] [✓] #1519 01519_481190922_1179684186852011_5502308995859970991_n.jpg
[2026-04-17T14:03:59.777Z] [✓] #1518 01518_482009263_1179684296852000_6078771447327289861_n.jpg
[2026-04-17T14:03:59.783Z] [✓] #1516 01516_481101262_1179685206851909_7567567895279105846_n.jpg
[2026-04-17T14:03:59.804Z] [✓] #1521 01521_480982114_1179078970245866_4278687308554019925_n.jpg
[2026-04-17T14:03:59.826Z] [✓] #1520 01520_481223115_1179079040245859_7174715649402962772_n.jpg
[2026-04-17T14:03:59.838Z] [✓] #1522 01522_480951208_1179079140245849_5126184187968760839_n.jpg
[2026-04-17T14:03:59.877Z] [✓] #1524 01524_481044306_1179079043579192_6987598813776029035_n.jpg
[2026-04-17T14:03:59.929Z] [✓] #1525 01525_480860696_1179079126912517_5198866590255209126_n.jpg
[2026-04-17T14:03:59.966Z] [✓] #1523 01523_480876919_1179079233579173_425017491237334459_n.jpg
[2026-04-17T14:04:00.010Z] [✓] #1528 01528_480768783_1179075690246194_2036260896464013289_n.jpg
[2026-04-17T14:04:00.012Z] [✓] #1527 01527_480957760_1179077230246040_7998530382586371143_n.jpg
[2026-04-17T14:04:00.016Z] [✓] #1526 01526_481110541_1179077130246050_3142381962707844620_n.jpg
[2026-04-17T14:04:00.121Z] [✓] #1529 01529_481693256_1179073556913074_3180184191991641045_n.jpg
[2026-04-17T14:04:00.261Z] [✓] #1533 01533_481196710_1179071376913292_6285093851941715515_n.jpg
[2026-04-17T14:04:00.294Z] [✓] #1532 01532_480702202_1179071213579975_3006603053280794907_n.jpg
[2026-04-17T14:04:00.296Z] [✓] #1534 01534_481338189_1179071436913286_6268102890480957953_n.jpg
[2026-04-17T14:04:00.401Z] [✓] #1531 01531_481165660_1179072730246490_6215903671239538308_n.jpg
[2026-04-17T14:04:00.403Z] [✓] #1537 01537_481191929_1179067416913688_2639001856448630641_n.jpg
[2026-04-17T14:04:00.440Z] [✓] #1536 01536_481045167_1179068433580253_1723028363212900858_n.jpg
[2026-04-17T14:04:00.487Z] [✓] #1535 01535_480794306_1179071566913273_2614748585412624700_n.jpg
[2026-04-17T14:04:00.529Z] [✓] #1539 01539_481104834_1179063186914111_7380886212955496973_n.jpg
[2026-04-17T14:04:00.538Z] [✓] #1538 01538_481171684_1179063060247457_2869240911271204640_n.jpg
[2026-04-17T14:04:00.554Z] [✓] #1540 01540_481225443_1179063136914116_6154268131635192470_n.jpg
[2026-04-17T14:04:00.578Z] [✓] #1541 01541_481162884_1179063263580770_3608745722019681366_n.jpg
[2026-04-17T14:04:00.626Z] [✓] #1543 01543_480727424_1179063220247441_3506237120290996755_n.jpg
[2026-04-17T14:04:00.643Z] [✓] #1542 01542_481986206_1179062963580800_5720170940741797893_n.jpg
[2026-04-17T14:04:00.688Z] [✓] #1546 01546_481191907_1179058306914599_2581543744019805365_n.jpg
[2026-04-17T14:04:00.733Z] [✓] #1547 01547_481309021_1177456633741433_5858667495509916907_n.jpg
[2026-04-17T14:04:00.739Z] [✓] #1544 01544_481011026_1179062950247468_8380848883953271785_n.jpg
[2026-04-17T14:04:00.760Z] [✓] #1548 01548_481999689_1177457020408061_1760599351050471096_n.jpg
[2026-04-17T14:04:00.803Z] [✓] #1549 01549_480927227_1177456883741408_5825919152908109918_n.jpg
[2026-04-17T14:04:00.815Z] [✓] #1550 01550_481657162_1177456560408107_9201626412142359433_n.jpg
[2026-04-17T14:04:00.868Z] [✓] #1551 01551_480801174_1177454860408277_992916388642772387_n.jpg
[2026-04-17T14:04:00.880Z] [✓] #1530 01530_480871578_1179072536913176_3772158402616812562_n.jpg
[2026-04-17T14:04:00.913Z] [✓] #1552 01552_480902497_1177454487074981_1946204340693776365_n.jpg
[2026-04-17T14:04:00.980Z] [✓] #1554 01554_481762883_1177454443741652_5852217082466904478_n.jpg
[2026-04-17T14:04:01.030Z] [✓] #1555 01555_481286824_1177454807074949_4267088441798749516_n.jpg
[2026-04-17T14:04:01.044Z] [✓] #1556 01556_480881162_1177453670408396_1741622258118165851_n.jpg
[2026-04-17T14:04:01.081Z] [✓] #1553 01553_481156232_1177454557074974_5936790908722805973_n.jpg
[2026-04-17T14:04:01.092Z] [✓] #1557 01557_481226304_1177452547075175_4143618789605917720_n.jpg
[2026-04-17T14:04:01.139Z] [✓] #1558 01558_480795514_1177450897075340_8912071742391172665_n.jpg
[2026-04-17T14:04:01.169Z] [✓] #1559 01559_481357101_1177448247075605_2980588926124803714_n.jpg
[2026-04-17T14:04:01.193Z] [✓] #1561 01561_481246325_1177445097075920_3262466971415820762_n.jpg
[2026-04-17T14:04:01.199Z] [✓] #1545 01545_481174549_1179059496914480_1291459038822288676_n.jpg
[2026-04-17T14:04:01.217Z] [✓] #1562 01562_480957248_1177445020409261_6705176889062360189_n.jpg
[2026-04-17T14:04:01.326Z] [✓] #1566 01566_481971098_1177444427075987_3688019818273324606_n.jpg
[2026-04-17T14:04:01.340Z] [✓] #1560 01560_481090178_1177448420408921_2210468802857505381_n.jpg
[2026-04-17T14:04:01.453Z] [✓] #1568 01568_481262114_1177443133742783_446706654968597593_n.jpg
[2026-04-17T14:04:01.459Z] [✓] #1567 01567_482031785_1177444353742661_361473233818589977_n.jpg
[2026-04-17T14:04:01.560Z] [✓] #1569 01569_480741185_1177443230409440_5445150633448298745_n.jpg
[2026-04-17T14:04:01.604Z] [✓] #1570 01570_481995503_1177443363742760_525251853773983164_n.jpg
[2026-04-17T14:04:01.664Z] [✓] #1571 01571_481765583_1177443233742773_8725507384765172828_n.jpg
[2026-04-17T14:04:01.703Z] [✓] #1563 01563_480777701_1177444323742664_3697553750660125802_n.jpg
[2026-04-17T14:04:01.710Z] [✓] #1564 01564_481249877_1177444010409362_5078171313557150672_n.jpg
[2026-04-17T14:04:01.804Z] [✓] #1573 01573_481195054_1177443357076094_7089523862766217947_n.jpg
[2026-04-17T14:04:01.849Z] [✓] #1565 01565_481226970_1177444380409325_3054289463134842538_n.jpg
[2026-04-17T14:04:01.852Z] [✓] #1572 01572_481479582_1177443300409433_935930504573110359_n.jpg
[2026-04-17T14:04:01.919Z] [✓] #1575 01575_481996883_1177441803742916_1606969363136914466_n.jpg
[2026-04-17T14:04:01.932Z] [✓] #1574 01574_481658304_1177443267076103_7815353443946636251_n.jpg
[2026-04-17T14:04:01.960Z] [✓] #1576 01576_481294821_1177441957076234_8143758399423081734_n.jpg
[2026-04-17T14:04:02.045Z] [✓] #1578 01578_480957727_1177441840409579_51203844594164716_n.jpg
[2026-04-17T14:04:02.065Z] [✓] #1580 01580_481019525_1177441807076249_2468923205067213679_n.jpg
[2026-04-17T14:04:02.081Z] [✓] #1577 01577_480916086_1177441963742900_2894745531131215430_n.jpg
[2026-04-17T14:04:02.082Z] [✓] #1581 01581_481011185_1177441920409571_3545520666476172775_n.jpg
[2026-04-17T14:04:02.106Z] [✓] #1579 01579_481197268_1177442130409550_5132310472083904998_n.jpg
[2026-04-17T14:04:02.173Z] [✓] #1582 01582_480784170_1177442143742882_4135303700404193087_n.jpg
[2026-04-17T14:04:02.194Z] [✓] #1583 01583_480746959_1177441933742903_1322502957631508129_n.jpg
[2026-04-17T14:04:02.206Z] [✓] #1584 01584_481254862_1177442147076215_3290226012665028804_n.jpg
[2026-04-17T14:04:02.328Z] [✓] #1586 01586_480832221_1177442117076218_6289764244155992610_n.jpg
[2026-04-17T14:04:02.339Z] [✓] #1585 01585_480792687_1177442203742876_9128706427783309442_n.jpg
[2026-04-17T14:04:02.352Z] [✓] #1589 01589_481257887_1177439897076440_3133056625309169832_n.jpg
[2026-04-17T14:04:02.363Z] [✓] #1588 01588_481332125_1177439947076435_7549945931921948882_n.jpg
[2026-04-17T14:04:02.493Z] [✓] #1590 01590_480990463_1177439887076441_889665955730749926_n.jpg
[2026-04-17T14:04:02.608Z] [✓] #1591 01591_481070165_1177438970409866_4078283990087540322_n.jpg
[2026-04-17T14:04:02.612Z] [✓] #1587 01587_480962327_1177439907076439_2536627544927409494_n.jpg
[2026-04-17T14:04:02.637Z] [✓] #1593 01593_481332928_1177438877076542_1230023300944022091_n.jpg
[2026-04-17T14:04:02.649Z] [✓] #1594 01594_481096816_1177438830409880_304201237215379951_n.jpg
[2026-04-17T14:04:02.653Z] [✓] #1592 01592_480909623_1177438673743229_4319438799502695135_n.jpg
[2026-04-17T14:04:02.734Z] [✓] #1596 01596_480741185_1177438943743202_1221020654031189270_n.jpg
[2026-04-17T14:04:02.778Z] [✓] #1597 01597_482004128_1177438640409899_622898478191622282_n.jpg
[2026-04-17T14:04:02.786Z] [✓] #1599 01599_481478661_1177438947076535_6164875684569781056_n.jpg
[2026-04-17T14:04:02.857Z] [✓] #1595 01595_480807187_1177438823743214_8656905769148981759_n.jpg
[2026-04-17T14:04:02.920Z] [✓] #1601 01601_481777406_1176751030478660_4048041451489649899_n.jpg
[2026-04-17T14:04:02.926Z] [✓] #1602 01602_481905296_1176751003811996_2273932503045547810_n.jpg
[2026-04-17T14:04:02.929Z] [✓] #1598 01598_480939527_1177438677076562_1046388463838073780_n.jpg
[2026-04-17T14:04:02.952Z] [✓] #1603 01603_481996332_1176751007145329_4002955766616744107_n.jpg
[2026-04-17T14:04:03.024Z] [✓] #1605 01605_480860080_1176751023811994_6638649044088442723_n.jpg
[2026-04-17T14:04:03.106Z] [✓] #1604 01604_481078149_1176750823812014_7711790842915116416_n.jpg
[2026-04-17T14:04:03.194Z] [✓] #1607 01607_481256642_1176751027145327_2527258576269395799_n.jpg
[2026-04-17T14:04:03.206Z] [✓] #1608 01608_481180607_1176749107145519_6824050454655910793_n.jpg
[2026-04-17T14:04:03.320Z] [✓] #1611 01611_481188896_1176748863812210_1505054712787571291_n.jpg
[2026-04-17T14:04:03.325Z] [✓] #1600 01600_481182009_1176751067145323_4300047506949366659_n.jpg
[2026-04-17T14:04:03.329Z] [✓] #1609 01609_481176706_1176748853812211_6301810381436143328_n.jpg
[2026-04-17T14:04:03.406Z] [✓] #1613 01613_480811706_1176749077145522_7843869127630723848_n.jpg
[2026-04-17T14:04:03.429Z] [✓] #1614 01614_480922160_1176749087145521_51303695998993446_n.jpg
[2026-04-17T14:04:03.432Z] [✓] #1610 01610_481007242_1176748847145545_1914873598467455528_n.jpg
[2026-04-17T14:04:03.439Z] [✓] #1606 01606_481142696_1176750787145351_1713294627002971356_n.jpg
[2026-04-17T14:04:03.443Z] [✓] #1612 01612_481095464_1176749067145523_402270431569851279_n.jpg
[2026-04-17T14:04:03.538Z] [✓] #1615 01615_481992935_1176748837145546_5663386416804312169_n.jpg
[2026-04-17T14:04:03.549Z] [✓] #1618 01618_480984767_1176747590479004_1668559011689646290_n.jpg
[2026-04-17T14:04:03.563Z] [✓] #1616 01616_480929820_1176748237145606_1000178522872436649_n.jpg
[2026-04-17T14:04:03.591Z] [✓] #1619 01619_481773833_1176747917145638_8125200269590632469_n.jpg
[2026-04-17T14:04:03.695Z] [✓] #1621 01621_480996082_1176746853812411_1561916983792243337_n.jpg
[2026-04-17T14:04:03.802Z] [✓] #1620 01620_480949979_1176747797145650_3442615047666503952_n.jpg
[2026-04-17T14:04:03.830Z] [✓] #1624 01624_481126628_1176746503812446_2311439830890437293_n.jpg
[2026-04-17T14:04:03.900Z] [✓] #1622 01622_481072708_1176746763812420_4472363236429107723_n.jpg
[2026-04-17T14:04:03.965Z] [✓] #1626 01626_481051227_1176743773812719_8555472414766730532_n.jpg
[2026-04-17T14:04:04.004Z] [✓] #1623 01623_480792954_1176746587145771_1283157472618404027_n.jpg
[2026-04-17T14:04:04.018Z] [WARN] #1625 attempt 1/3 failed: HTTP 403
[2026-04-17T14:04:04.031Z] [✓] #1628 01628_481074953_1176742060479557_2291488098262154247_n.jpg
[2026-04-17T14:04:04.076Z] [✓] #1617 01617_481178194_1176748227145607_2292043651828602045_n.jpg
[2026-04-17T14:04:04.086Z] [✓] #1629 01629_481049843_1176742043812892_237015149765612565_n.jpg
[2026-04-17T14:04:04.121Z] [✓] #1630 01630_481198236_1176741703812926_6563136731786678857_n.jpg
[2026-04-17T14:04:04.150Z] [✓] #1632 01632_481069707_1176741070479656_3081027291703778535_n.jpg
[2026-04-17T14:04:04.249Z] [✓] #1633 01633_480721503_1176740727146357_986247613975592048_n.jpg
[2026-04-17T14:04:04.261Z] [✓] #1634 01634_481045147_1176740983812998_6581151518881625704_n.jpg
[2026-04-17T14:04:04.361Z] [✓] #1635 01635_480819285_1176739573813139_6421870525092800607_n.jpg
[2026-04-17T14:04:04.428Z] [✓] #1636 01636_480843022_1176738713813225_1238280306044285445_n.jpg
[2026-04-17T14:04:04.505Z] [✓] #1627 01627_481111670_1176743777146052_1075233123172760174_n.jpg
[2026-04-17T14:04:04.510Z] [✓] #1637 01637_481234777_1176738707146559_3008910969586364359_n.jpg
[2026-04-17T14:04:04.644Z] [✓] #1640 01640_481081931_1176736730480090_211944991660530827_n.jpg
[2026-04-17T14:04:04.733Z] [✓] #1631 01631_481142696_1176741937146236_643125590681014975_n.jpg
[2026-04-17T14:04:04.768Z] [✓] #1639 01639_481064926_1176736707146759_3107762171296469444_n.jpg
[2026-04-17T14:04:04.776Z] [✓] #1638 01638_481664450_1176738703813226_6665095834045398057_n.jpg
[2026-04-17T14:04:04.786Z] [✓] #1641 01641_480920240_1176732967147133_4481242664224784334_n.jpg
[2026-04-17T14:04:04.865Z] [✓] #1643 01643_481135477_1176732827147147_4312157255688297332_n.jpg
[2026-04-17T14:04:05.017Z] [✓] #1646 01646_481162714_1176733300480433_5713085506686669898_n.jpg
[2026-04-17T14:04:05.022Z] [✓] #1645 01645_481283457_1176733240480439_4609099565798983782_n.jpg
[2026-04-17T14:04:05.026Z] [✓] #1644 01644_481065708_1176732820480481_3964536023377092869_n.jpg
[2026-04-17T14:04:05.117Z] [✓] #1648 01648_480735205_1176733170480446_7328239506452641425_n.jpg
[2026-04-17T14:04:05.190Z] [✓] #1649 01649_481464558_1176731647147265_1621466335503918450_n.jpg
[2026-04-17T14:04:05.197Z] [✓] #1647 01647_480913172_1176733283813768_6334965800298389962_n.jpg
[2026-04-17T14:04:05.201Z] [✓] #1642 01642_481246582_1176732807147149_415387664272635101_n.jpg
[2026-04-17T14:04:05.251Z] [✓] #1651 01651_480849781_1176731663813930_6246505988049305533_n.jpg
[2026-04-17T14:04:05.274Z] [✓] #1652 01652_481222094_1176728543814242_1229100449788086068_n.jpg
[2026-04-17T14:04:05.357Z] [✓] #1653 01653_481065426_1176723333814763_3436913775866725658_n.jpg
[2026-04-17T14:04:05.373Z] [✓] #1655 01655_481271115_1176721207148309_5327178046370865404_n.jpg
[2026-04-17T14:04:05.377Z] [✓] #1650 01650_481823252_1176731630480600_3691697148074752974_n.jpg
[2026-04-17T14:04:05.487Z] [✓] #1656 01656_481299231_1176721200481643_2578514519406443339_n.jpg
[2026-04-17T14:04:05.492Z] [✓] #1657 01657_481152150_1176721220481641_7366488975109639696_n.jpg
[2026-04-17T14:04:05.536Z] [✓] #1658 01658_480862100_1176721313814965_1191439001839730873_n.jpg
[2026-04-17T14:04:05.627Z] [✓] #1659 01659_481272322_1176718783815218_7542940605527433230_n.jpg
[2026-04-17T14:04:05.630Z] [✓] #1660 01660_481192619_1175208570632906_507472826802669937_n.jpg
[2026-04-17T14:04:05.760Z] [✓] #1662 01662_480754385_1175208433966253_7085883517297100850_n.jpg
[2026-04-17T14:04:05.771Z] [✓] #1661 01661_481221342_1175208533966243_2859676640379575071_n.jpg
[2026-04-17T14:04:05.805Z] [✓] #1663 01663_481007697_1175208597299570_1091704830107923193_n.jpg
[2026-04-17T14:04:05.877Z] [✓] #1665 01665_481019377_1175208553966241_2226349727853789623_n.jpg
[2026-04-17T14:04:05.884Z] [✓] #1664 01664_480560212_1175208530632910_4942851064656920851_n.jpg
[2026-04-17T14:04:05.922Z] [✓] #1666 01666_480860300_1175208537299576_7963854087132415622_n.jpg
[2026-04-17T14:04:05.962Z] [✓] #1654 01654_480871088_1176721237148306_4428523298337524630_n.jpg
[2026-04-17T14:04:06.053Z] [✓] #1667 01667_480649760_1175208437299586_3076036389572861058_n.jpg
[2026-04-17T14:04:06.105Z] [✓] #1668 01668_481268797_1175206737299756_6718238739513375063_n.jpg
[2026-04-17T14:04:06.113Z] [✓] #1670 01670_480829551_1175206633966433_4698428341971856627_n.jpg
[2026-04-17T14:04:06.115Z] [WARN] #1625 attempt 2/3 failed: HTTP 403
[2026-04-17T14:04:06.158Z] [✓] #1669 01669_481150714_1175206637299766_4144497476655724599_n.jpg
[2026-04-17T14:04:06.179Z] [✓] #1671 01671_480875803_1175206943966402_2808674008548893557_n.jpg
[2026-04-17T14:04:06.227Z] [✓] #1673 01673_480550174_1175206917299738_2999863378120673663_n.jpg
[2026-04-17T14:04:06.230Z] [✓] #1672 01672_480916767_1175206910633072_4907860143256589705_n.jpg
[2026-04-17T14:04:06.248Z] [✓] #1674 01674_480713648_1175201553966941_8884485522987945940_n.jpg
[2026-04-17T14:04:06.307Z] [✓] #1676 01676_480802662_1175201487300281_8369082040751837515_n.jpg
[2026-04-17T14:04:06.337Z] [✓] #1677 01677_480799895_1175200743967022_6310511097998586587_n.jpg
[2026-04-17T14:04:06.345Z] [✓] #1675 01675_481187704_1175201790633584_383929086452918736_n.jpg
[2026-04-17T14:04:06.389Z] [✓] #1679 01679_481906735_1175200797300350_6635373778192979306_n.jpg
[2026-04-17T14:04:06.413Z] [✓] #1678 01678_481669123_1175200760633687_5671457799386404990_n.jpg
[2026-04-17T14:04:06.463Z] [✓] #1680 01680_481119371_1175200893967007_1011386118074273251_n.jpg
[2026-04-17T14:04:06.467Z] [✓] #1682 01682_481177040_1175200620633701_2765925199311843676_n.jpg
[2026-04-17T14:04:06.553Z] [✓] #1685 01685_481108791_1175197577300672_943937913737892637_n.jpg
[2026-04-17T14:04:06.578Z] [✓] #1681 01681_480731100_1175200757300354_6492500676294520278_n.jpg
[2026-04-17T14:04:06.715Z] [✓] #1687 01687_480703794_1175197560634007_654602355995571587_n.jpg
[2026-04-17T14:04:06.722Z] [✓] #1684 01684_481451185_1175197343967362_3831406785838047260_n.jpg
[2026-04-17T14:04:06.727Z] [✓] #1686 01686_481467056_1175197337300696_1142194389577079787_n.jpg
[2026-04-17T14:04:06.814Z] [✓] #1683 01683_480815362_1175199597300470_8558050582359022464_n.jpg
[2026-04-17T14:04:06.857Z] [✓] #1689 01689_480770165_1175195263967570_8481027844018570433_n.jpg
[2026-04-17T14:04:06.911Z] [✓] #1691 01691_480771167_1175195420634221_6463756817264967320_n.jpg
[2026-04-17T14:04:06.919Z] [✓] #1690 01690_480542650_1175195083967588_1896964020350692838_n.jpg
[2026-04-17T14:04:06.990Z] [✓] #1692 01692_480705732_1175195337300896_3939647785425884133_n.jpg
[2026-04-17T14:04:07.046Z] [✓] #1694 01694_480762009_1175194100634353_2737788102286914802_n.jpg
[2026-04-17T14:04:07.059Z] [✓] #1693 01693_480742096_1175195363967560_6024262917154347985_n.jpg
[2026-04-17T14:04:07.179Z] [✓] #1688 01688_480661134_1175197487300681_5952004832947040411_n.jpg
[2026-04-17T14:04:07.192Z] [✓] #1696 01696_480729845_1175192230634540_883863964855527098_n.jpg
[2026-04-17T14:04:07.249Z] [✓] #1695 01695_480505720_1175193267301103_8910153744245487189_n.jpg
[2026-04-17T14:04:07.313Z] [✓] #1699 01699_480700309_1175189553968141_3486464079320092181_n.jpg
[2026-04-17T14:04:07.455Z] [✓] #1701 01701_480986320_1175189630634800_3926571698180103108_n.jpg
[2026-04-17T14:04:07.525Z] [✓] #1698 01698_480932183_1175189700634793_2875927472267383458_n.jpg
[2026-04-17T14:04:07.533Z] [✓] #1700 01700_480704465_1175189613968135_8502498996479020185_n.jpg
[2026-04-17T14:04:07.557Z] [✓] #1697 01697_481147517_1175189597301470_1731641556936333869_n.jpg
[2026-04-17T14:04:07.615Z] [✓] #1704 01704_480661491_1174597004027396_3218784198005714144_n.jpg
[2026-04-17T14:04:07.625Z] [✓] #1703 01703_481185873_1175186163968480_2133453315322846646_n.jpg
[2026-04-17T14:04:07.667Z] [✓] #1705 01705_481226969_1174594720694291_4894822122066536054_n.jpg
[2026-04-17T14:04:07.676Z] [✓] #1702 01702_480704834_1175186417301788_497008614090021635_n.jpg
[2026-04-17T14:04:07.715Z] [✓] #1706 01706_481019386_1174594604027636_968249731085391973_n.jpg
[2026-04-17T14:04:07.825Z] [✓] #1708 01708_481054225_1174594944027602_891809692360382882_n.jpg
[2026-04-17T14:04:07.872Z] [✓] #1707 01707_480789834_1174594880694275_7884495114666685007_n.jpg
[2026-04-17T14:04:07.915Z] [✓] #1711 01711_480672970_1174593460694417_2975939022641416551_n.jpg
[2026-04-17T14:04:08.010Z] [✓] #1713 01713_480897198_1174593457361084_7286568209496718365_n.jpg
[2026-04-17T14:04:08.106Z] [✓] #1714 01714_480769838_1174591044027992_7059271631396979862_n.jpg
[2026-04-17T14:04:08.166Z] [✓] #1715 01715_481181350_1174590160694747_6068179702082291943_n.jpg
[2026-04-17T14:04:08.241Z] [✓] #1716 01716_481217050_1174589947361435_1504946034392352876_n.jpg
[2026-04-17T14:04:08.325Z] [✓] #1712 01712_480658861_1174593504027746_8262162851614069584_n.jpg
[2026-04-17T14:04:08.440Z] [✓] #1709 01709_480794811_1174594637360966_1749342351863809867_n.jpg
[2026-04-17T14:04:08.482Z] [✓] #1718 01718_481203185_1174586967361733_6418895249740593116_n.jpg
[2026-04-17T14:04:08.580Z] [✓] #1720 01720_481246558_1174586950695068_1241841211251698383_n.jpg
[2026-04-17T14:04:08.636Z] [✓] #1717 01717_481452831_1174586934028403_2793907600099003481_n.jpg
[2026-04-17T14:04:08.680Z] [✓] #1721 01721_480697557_1174586584028438_3210125743001487972_n.jpg
[2026-04-17T14:04:08.731Z] [✓] #1722 01722_481066660_1174586544028442_1310838629244418492_n.jpg
[2026-04-17T14:04:08.781Z] [✓] #1723 01723_480781613_1174586260695137_1930403923819050839_n.jpg
[2026-04-17T14:04:08.783Z] [✓] #1719 01719_481143812_1174586940695069_3348885773277453057_n.jpg
[2026-04-17T14:04:08.816Z] [✓] #1724 01724_481336719_1174586337361796_8795704268793650112_n.jpg
[2026-04-17T14:04:08.866Z] [✓] #1725 01725_480457831_1174585210695242_5121515995122971609_n.jpg
[2026-04-17T14:04:08.900Z] [✓] #1727 01727_480692031_1174585317361898_4723682144106128582_n.jpg
[2026-04-17T14:04:08.975Z] [✓] #1729 01729_480730817_1174583320695431_8804928058832891869_n.jpg
[2026-04-17T14:04:09.053Z] [✓] #1728 01728_480820238_1174585204028576_5512611161969286580_n.jpg
[2026-04-17T14:04:09.064Z] [✓] #1726 01726_480740526_1174585287361901_6677679873169109094_n.jpg
[2026-04-17T14:04:09.082Z] [✓] #1730 01730_481453597_1174583034028793_4043900658596429645_n.jpg
[2026-04-17T14:04:09.125Z] [✓] #1731 01731_480765679_1174583174028779_7362284252872696456_n.jpg
[2026-04-17T14:04:09.174Z] [✓] #1733 01733_480520874_1174583044028792_7128174505114402084_n.jpg
[2026-04-17T14:04:09.212Z] [✓] #1734 01734_480812609_1174583347362095_8426024541497830743_n.jpg
[2026-04-17T14:04:09.321Z] [✓] #1736 01736_480454909_1174581290695634_8919141808485862128_n.jpg
[2026-04-17T14:04:09.322Z] [✓] #1735 01735_481008834_1174582977362132_6251644029654178044_n.jpg
[2026-04-17T14:04:09.326Z] [✓] #1732 01732_481240758_1174583047362125_7314314739851927534_n.jpg
[2026-04-17T14:04:09.562Z] [✓] #1738 01738_480672807_1174581284028968_8767476469619375063_n.jpg
[2026-04-17T14:04:09.590Z] [✓] #1739 01739_481764110_1174581370695626_3568482893853022140_n.jpg
[2026-04-17T14:04:09.606Z] [✓] #1737 01737_481196924_1174581264028970_7270242354595637871_n.jpg
[2026-04-17T14:04:09.736Z] [✓] #1741 01741_480777837_1174581317362298_2301634446172573452_n.jpg
[2026-04-17T14:04:09.848Z] [✓] #1740 01740_481105576_1174581300695633_3920807111046107396_n.jpg
[2026-04-17T14:04:09.919Z] [✓] #1744 01744_481138084_1174578077362622_315985286039994712_n.jpg
[2026-04-17T14:04:09.938Z] [✓] #1742 01742_481255340_1174581274028969_6862849133989013104_n.jpg
[2026-04-17T14:04:10.154Z] [WARN] #1625 attempt 3/3 failed: HTTP 403
[2026-04-17T14:04:10.155Z] [✗] #1625 FAILED: HTTP 403
[2026-04-17T14:04:10.211Z] [✓] #1745 01745_481195768_1174575907362839_470430835861074645_n.jpg
[2026-04-17T14:04:10.241Z] [✓] #1746 01746_481212655_1174576260696137_4045654149522381858_n.jpg
[2026-04-17T14:04:10.305Z] [✓] #1747 01747_480879594_1174576267362803_1462001477191997156_n.jpg
[2026-04-17T14:04:10.412Z] [✓] #1750 01750_480762140_1174576217362808_4022282176507980053_n.jpg
[2026-04-17T14:04:10.437Z] [✓] #1748 01748_480868409_1174576137362816_8906925611589325022_n.jpg
[2026-04-17T14:04:10.441Z] [✓] #1749 01749_480746492_1174576054029491_8219736214712209857_n.jpg
[2026-04-17T14:04:10.540Z] [✓] #1752 01752_481069293_1174576210696142_6910729017326798842_n.jpg
[2026-04-17T14:04:10.557Z] [✓] #1753 01753_480681639_1174576350696128_1021967578145657277_n.jpg
[2026-04-17T14:04:10.609Z] [✓] #1751 01751_480749195_1174576340696129_5930237067365764785_n.jpg
[2026-04-17T14:04:10.718Z] [✓] #1754 01754_481210281_1174576214029475_2404006461377768_n.jpg
[2026-04-17T14:04:10.735Z] [✓] #1755 01755_481253284_1174576220696141_1453695929560686381_n.jpg
[2026-04-17T14:04:10.761Z] [✓] #1756 01756_480684604_1174571744029922_8828212398903858665_n.jpg
[2026-04-17T14:04:10.820Z] [✓] #1757 01757_480486694_1174572074029889_190461412165000891_n.jpg
[2026-04-17T14:04:10.835Z] [✓] #1758 01758_481003952_1174572070696556_565214721339540608_n.jpg
[2026-04-17T14:04:10.873Z] [✓] #1759 01759_481183997_1174572180696545_618624309503060211_n.jpg
[2026-04-17T14:04:11.068Z] [✓] #1762 01762_480875067_1174572177363212_7367859510461468792_n.jpg
[2026-04-17T14:04:11.083Z] [✓] #1760 01760_480696751_1174571970696566_2734941676899352196_n.jpg
[2026-04-17T14:04:11.085Z] [✓] #1761 01761_481119798_1174572047363225_2486989024409860258_n.jpg
[2026-04-17T14:04:11.215Z] [✓] #1765 01765_480550141_1173321594154937_2614972408384368437_n.jpg
[2026-04-17T14:04:11.236Z] [✓] #1764 01764_480568706_1173321364154960_2763084030228199594_n.jpg
[2026-04-17T14:04:11.262Z] [✓] #1763 01763_481239716_1173326057487824_2477570362327939241_n.jpg
[2026-04-17T14:04:11.333Z] [✓] #1768 01768_480485880_1173313697489060_8793990339186754029_n.jpg
[2026-04-17T14:04:11.404Z] [✓] #1766 01766_480523955_1173320260821737_8961104033023161927_n.jpg
[2026-04-17T14:04:11.479Z] [✓] #1769 01769_481102609_1172730180880745_8404183483534868735_n.jpg
[2026-04-17T14:04:11.482Z] [✓] #1767 01767_480712829_1173315014155595_13071860154478926_n.jpg
[2026-04-17T14:04:11.607Z] [✓] #1771 01771_480573032_1172730484214048_3634697016965667882_n.jpg
[2026-04-17T14:04:11.608Z] [✓] #1772 01772_480817655_1172730490880714_7657944710092508982_n.jpg
[2026-04-17T14:04:11.719Z] [✓] #1774 01774_480369331_1172727450881018_6199964227422749604_n.jpg
[2026-04-17T14:04:11.735Z] [✓] #1773 01773_480557614_1172729187547511_4741873255404785338_n.jpg
[2026-04-17T14:04:11.777Z] [✓] #1770 01770_480637769_1172730004214096_772656852841109818_n.jpg
[2026-04-17T14:04:11.831Z] [✓] #1775 01775_480817653_1172727547547675_5705500449052614139_n.jpg
[2026-04-17T14:04:11.835Z] [✓] #1776 01776_480476721_1172725087547921_2789657916998270736_n.jpg
[2026-04-17T14:04:11.849Z] [✓] #1777 01777_480577121_1172725134214583_8743757271843496149_n.jpg
[2026-04-17T14:04:11.899Z] [✓] #1779 01779_480885873_1172723057548124_1860302551132781992_n.jpg
[2026-04-17T14:04:11.936Z] [✓] #1778 01778_480468536_1172723190881444_4065263803158981621_n.jpg
[2026-04-17T14:04:11.952Z] [✓] #1780 01780_480565711_1172723130881450_1997763621205355812_n.jpg
[2026-04-17T14:04:12.067Z] [✓] #1781 01781_480528054_1172721630881600_2924022177754591434_n.jpg
[2026-04-17T14:04:12.167Z] [✓] #1784 01784_480550945_1171948874292209_1654697891874571334_n.jpg
[2026-04-17T14:04:12.171Z] [✓] #1782 01782_480588343_1172721624214934_1382290549765997173_n.jpg
[2026-04-17T14:04:12.246Z] [✓] #1785 01785_480526864_1171948820958881_8513498653888612855_n.jpg
[2026-04-17T14:04:12.343Z] [✓] #1786 01786_480570214_1171946137625816_8840305673511287441_n.jpg
[2026-04-17T14:04:12.430Z] [✓] #1788 01788_480504574_1171942767626153_6697567161994981312_n.jpg
[2026-04-17T14:04:12.436Z] [✓] #1787 01787_480574049_1171939180959845_3285426013753607533_n.jpg
[2026-04-17T14:04:12.587Z] [✓] #1790 01790_480443701_1171940950959668_5719341616215377616_n.jpg
[2026-04-17T14:04:12.752Z] [✓] #1791 01791_480526188_1171940857626344_725356754423255560_n.jpg
[2026-04-17T14:04:12.840Z] [✓] #1792 01792_480869122_1171940910959672_8430161347636586218_n.jpg
[2026-04-17T14:04:12.932Z] [✓] #1793 01793_480456575_1171939177626512_3958971313498040218_n.jpg
[2026-04-17T14:04:13.013Z] [✓] #1794 01794_480749177_1171937794293317_8590591283696336487_n.jpg
[2026-04-17T14:04:13.097Z] [✓] #1795 01795_480522084_1171572777663152_633807355278132714_n.jpg
[2026-04-17T14:04:13.176Z] [✓] #1796 01796_480364767_1171572734329823_1715602602355146579_n.jpg
[2026-04-17T14:04:13.214Z] [✓] #1743 01743_480988683_1174579367362493_7962487123003431286_n.jpg
[2026-04-17T14:04:13.216Z] [✓] #1710 01710_480713005_1174593707361059_4165019259089681690_n.jpg
[2026-04-17T14:04:13.231Z] [✓] #1783 01783_480566912_1172717827548647_30945144508279925_n.jpg
[2026-04-17T14:04:13.253Z] [✓] #1797 01797_480511099_1171572630996500_2409287186991556914_n.jpg
[2026-04-17T14:04:13.265Z] [✓] #1789 01789_480677380_1171940954293001_3803390898597661731_n.jpg
[2026-04-17T14:04:13.381Z] [✓] #1801 01801_481043311_1171569224330174_9127006163878829709_n.jpg
[2026-04-17T14:04:13.396Z] [✓] #1802 01802_480427588_1171567404330356_6288527646120539023_n.jpg
[2026-04-17T14:04:13.466Z] [✓] #1800 01800_480928871_1171571790996584_95704157255854419_n.jpg
[2026-04-17T14:04:13.516Z] [✓] #1799 01799_481023011_1171571794329917_1193192564174952955_n.jpg
[2026-04-17T14:04:13.526Z] [✓] #1803 01803_480681288_1171567394330357_2219994410565796233_n.jpg
[2026-04-17T14:04:13.566Z] [✓] #1798 01798_480688755_1171571807663249_339957076649030244_n.jpg
[2026-04-17T14:04:13.570Z] [✓] #1804 01804_480579738_1171567077663722_3630187373765282876_n.jpg
[2026-04-17T14:04:13.586Z] [✓] #1805 01805_480508826_1171566427663787_8884914960905078767_n.jpg
[2026-04-17T14:04:13.628Z] [✓] #1807 01807_480858659_1171565850997178_6142835538279368854_n.jpg
[2026-04-17T14:04:13.706Z] [✓] #1810 01810_480228255_1171563107664119_6563526826214893906_n.jpg
[2026-04-17T14:04:13.843Z] [✓] #1809 01809_480563828_1171565044330592_3624249319908356579_n.jpg
[2026-04-17T14:04:13.849Z] [✓] #1811 01811_480161713_1171563170997446_4913482043060025777_n.jpg
[2026-04-17T14:04:13.856Z] [✓] #1812 01812_480405955_1171563104330786_8933947824442067635_n.jpg
[2026-04-17T14:04:13.858Z] [✓] #1806 01806_480462013_1171565810997182_161617834478693814_n.jpg
[2026-04-17T14:04:14.116Z] [✓] #1815 01815_480918924_1171562027664227_1520168746191433499_n.jpg
[2026-04-17T14:04:14.122Z] [✓] #1813 01813_480426884_1171562024330894_6521572738257725711_n.jpg
[2026-04-17T14:04:14.141Z] [✓] #1816 01816_480640716_1171561850997578_4071794212609423227_n.jpg
[2026-04-17T14:04:14.216Z] [✓] #1818 01818_480687997_1171558727664557_8488010072759002566_n.jpg
[2026-04-17T14:04:14.255Z] [✓] #1819 01819_480328895_1171558930997870_7056511120286865933_n.jpg
[2026-04-17T14:04:14.342Z] [✓] #1820 01820_480789824_1171558914331205_6628204874777496686_n.jpg
[2026-04-17T14:04:14.365Z] [✓] #1817 01817_480535467_1171560954331001_1653044095818790912_n.jpg
[2026-04-17T14:04:14.400Z] [✓] #1821 01821_480640607_1171557807664649_8060085837174452565_n.jpg
[2026-04-17T14:04:14.444Z] [✓] #1822 01822_480481469_1171557804331316_7721740956040055108_n.jpg
[2026-04-17T14:04:14.447Z] [✓] #1808 01808_481033480_1171565860997177_2775402439972132163_n.jpg
[2026-04-17T14:04:14.482Z] [✓] #1823 01823_480421540_1171557577664672_5970768365110386174_n.jpg
[2026-04-17T14:04:14.554Z] [✓] #1825 01825_480621508_1171556577664772_4544216573020205826_n.jpg
[2026-04-17T14:04:14.674Z] [✓] #1826 01826_480450273_1171556434331453_8175225880801350723_n.jpg
[2026-04-17T14:04:14.676Z] [✓] #1814 01814_480697779_1171561844330912_237855462069016871_n.jpg
[2026-04-17T14:04:14.688Z] [✓] #1827 01827_480589404_1171555624331534_716371110364737169_n.jpg
[2026-04-17T14:04:14.821Z] [✓] #1829 01829_480255769_1171554557664974_2119218724979728345_n.jpg
[2026-04-17T14:04:14.912Z] [✓] #1830 01830_480486034_1171554560998307_4688414234891100394_n.jpg
[2026-04-17T14:04:15.052Z] [✓] #1828 01828_480535215_1171555577664872_3072905369252908986_n.jpg
[2026-04-17T14:04:15.065Z] [✓] #1831 01831_480407390_1171554444331652_3972632698653439532_n.jpg
[2026-04-17T14:04:15.150Z] [✓] #1834 01834_480496665_1171548017665628_7095539746492374522_n.jpg
[2026-04-17T14:04:15.216Z] [✓] #1824 01824_480467645_1171556437664786_8167372465705548152_n.jpg
[2026-04-17T14:04:15.240Z] [✓] #1836 01836_480222289_1171546027665827_4912256045789667547_n.jpg
[2026-04-17T14:04:15.349Z] [✓] #1838 01838_480943494_1171537650999998_6408685091282913599_n.jpg
[2026-04-17T14:04:15.371Z] [✓] #1837 01837_480490983_1171546017665828_8089843483322489595_n.jpg
[2026-04-17T14:04:15.382Z] [✓] #1835 01835_480681229_1171545944332502_519542590898005959_n.jpg
[2026-04-17T14:04:15.404Z] [✓] #1832 01832_480448783_1171553577665072_404156678345345422_n.jpg
[2026-04-17T14:04:15.418Z] [✓] #1833 01833_480518067_1171551404331956_8214664784695235896_n.jpg
[2026-04-17T14:04:15.459Z] [✓] #1841 01841_480807278_1171272197693210_4063385436595327771_n.jpg
[2026-04-17T14:04:15.460Z] [✓] #1839 01839_480435416_1171537407666689_8968998051736996392_n.jpg
[2026-04-17T14:04:15.511Z] [✓] #1843 01843_480443539_1171270181026745_2303952113317921896_n.jpg
[2026-04-17T14:04:15.513Z] [✓] #1842 01842_480860184_1171270121026751_8077313985440491098_n.jpg
[2026-04-17T14:04:15.580Z] [✓] #1845 01845_480542837_1171268751026888_5666127667149604859_n.jpg
[2026-04-17T14:04:15.591Z] [✓] #1840 01840_480349153_1171537254333371_3647172517537698097_n.jpg
[2026-04-17T14:04:15.707Z] [✓] #1844 01844_481046759_1171269851026778_5064994138268543902_n.jpg
[2026-04-17T14:04:15.711Z] [✓] #1846 01846_480588386_1171268661026897_7378406636226413950_n.jpg
[2026-04-17T14:04:15.744Z] [✓] #1848 01848_480855290_1171268787693551_7112208754018424122_n.jpg
[2026-04-17T14:04:15.752Z] [✓] #1849 01849_480671245_1171269007693529_5862711758019510438_n.jpg
[2026-04-17T14:04:15.756Z] [✓] #1847 01847_480777121_1171269074360189_3558339481330086419_n.jpg
[2026-04-17T14:04:15.853Z] [✓] #1850 01850_480229320_1171267041027059_2444967798277691708_n.jpg
[2026-04-17T14:04:15.924Z] [✓] #1853 01853_480642684_1171266987693731_1379697807108820735_n.jpg
[2026-04-17T14:04:15.929Z] [✓] #1851 01851_480439570_1171266977693732_6443544368408508581_n.jpg
[2026-04-17T14:04:15.984Z] [✓] #1854 01854_480876892_1171266691027094_2036541562239712076_n.jpg
[2026-04-17T14:04:16.063Z] [✓] #1855 01855_480740757_1171266981027065_3063248105254048993_n.jpg
[2026-04-17T14:04:16.068Z] [✓] #1857 01857_480830152_1171265904360506_8116995320245962953_n.jpg
[2026-04-17T14:04:16.088Z] [✓] #1856 01856_480542697_1171266744360422_5020396554557969116_n.jpg
[2026-04-17T14:04:16.104Z] [✓] #1858 01858_480357780_1171262794360817_660646290134918646_n.jpg
[2026-04-17T14:04:16.350Z] [✓] #1859 01859_480380361_1171259744361122_2931772473121114202_n.jpg
[2026-04-17T14:04:16.359Z] [✓] #1860 01860_480471690_1171259497694480_7524936123151692830_n.jpg
[2026-04-17T14:04:16.365Z] [✓] #1861 01861_480744730_1171259431027820_2744620596710454043_n.jpg
[2026-04-17T14:04:16.384Z] [✓] #1862 01862_480316228_1171259711027792_3306244892051288720_n.jpg
[2026-04-17T14:04:16.411Z] [✓] #1852 01852_481046315_1171266687693761_1452040024679761335_n.jpg
[2026-04-17T14:04:16.486Z] [✓] #1863 01863_480741560_1171259441027819_1646913563303179574_n.jpg
[2026-04-17T14:04:16.508Z] [✓] #1866 01866_480478616_1171259394361157_2158764526057134740_n.jpg
[2026-04-17T14:04:16.554Z] [✓] #1867 01867_480529987_1171259424361154_3095027753247662426_n.jpg
[2026-04-17T14:04:16.651Z] [✓] #1870 01870_480388738_1171257317694698_4409849974172386944_n.jpg
[2026-04-17T14:04:16.665Z] [✓] #1868 01868_480594778_1171259474361149_6156700366765675111_n.jpg
[2026-04-17T14:04:16.683Z] [✓] #1864 01864_480608287_1171259384361158_1768540792220292963_n.jpg
[2026-04-17T14:04:16.725Z] [✓] #1869 01869_480797248_1171259471027816_4509514362908498611_n.jpg
[2026-04-17T14:04:16.777Z] [✓] #1872 01872_480880188_1171254654361631_858235580433126313_n.jpg
[2026-04-17T14:04:16.781Z] [✓] #1873 01873_480487507_1171252041028559_5676103507858681275_n.jpg
[2026-04-17T14:04:16.852Z] [✓] #1874 01874_480443415_1171252081028555_7506112695637784816_n.jpg
[2026-04-17T14:04:16.894Z] [✓] #1875 01875_480418055_1171252111028552_6288604569765264301_n.jpg
[2026-04-17T14:04:16.959Z] [✓] #1877 01877_480602182_1171250971028666_4420230760995432379_n.jpg
[2026-04-17T14:04:16.997Z] [✓] #1865 01865_480689840_1171259491027814_1164953552257962068_n.jpg
[2026-04-17T14:04:17.026Z] [✓] #1878 01878_480475083_1171250047695425_2398937230363370827_n.jpg
[2026-04-17T14:04:17.028Z] [✓] #1876 01876_480380491_1171252001028563_7498413255970489741_n.jpg
[2026-04-17T14:04:17.058Z] [✓] #1879 01879_480399555_1171248307695599_6407279775580818772_n.jpg
[2026-04-17T14:04:17.143Z] [✓] #1881 01881_480902208_1171248531028910_8665373649370287850_n.jpg
[2026-04-17T14:04:17.144Z] [✓] #1880 01880_480397723_1171248284362268_4913352218052296623_n.jpg
[2026-04-17T14:04:17.171Z] [✓] #1871 01871_480730903_1171256437694786_295144353914204084_n.jpg
[2026-04-17T14:04:17.196Z] [✓] #1883 01883_480655725_1171248087695621_16610392453594374_n.jpg
[2026-04-17T14:04:17.201Z] [✓] #1882 01882_480410439_1171248197695610_7028778115740528877_n.jpg
[2026-04-17T14:04:17.253Z] [✓] #1884 01884_480628116_1171248327695597_3424568274841658014_n.jpg
[2026-04-17T14:04:17.325Z] [✓] #1887 01887_480641099_1170883237732106_5504534248402487404_n.jpg
[2026-04-17T14:04:17.329Z] [✓] #1885 01885_480737365_1171248194362277_1238752995037001079_n.jpg
[2026-04-17T14:04:17.345Z] [✓] #1886 01886_480702530_1170885134398583_4959255110069202511_n.jpg
[2026-04-17T14:04:17.576Z] [✓] #1892 01892_480466273_1170869164400180_7771603412642286773_n.jpg
[2026-04-17T14:04:17.586Z] [✓] #1889 01889_480569976_1170880031065760_1219449954088256443_n.jpg
[2026-04-17T14:04:17.605Z] [✓] #1890 01890_480456037_1170879671065796_5138216809088652780_n.jpg
[2026-04-17T14:04:17.615Z] [✓] #1888 01888_480354962_1170879694399127_7611836652939044383_n.jpg
[2026-04-17T14:04:17.617Z] [✓] #1891 01891_480305094_1170874811066282_7423459078283461199_n.jpg
[2026-04-17T14:04:17.695Z] [✓] #1893 01893_480618959_1170869021066861_1414929645699526172_n.jpg
[2026-04-17T14:04:17.837Z] [✓] #1898 01898_480470389_1170862694400827_2687255499811400871_n.jpg
[2026-04-17T14:04:17.857Z] [✓] #1897 01897_480305099_1170865527733877_8456444176504870334_n.jpg
[2026-04-17T14:04:17.860Z] [✓] #1895 01895_480579992_1170865704400526_7520220206182355729_n.jpg
[2026-04-17T14:04:17.866Z] [✓] #1896 01896_480883171_1170865571067206_2687125299591908709_n.jpg
[2026-04-17T14:04:17.898Z] [✓] #1894 01894_480884451_1170865554400541_372264712244934092_n.jpg
[2026-04-17T14:04:18.007Z] [✓] #1901 01901_480424245_1170862734400823_2962378469203626320_n.jpg
[2026-04-17T14:04:18.122Z] [✓] #1903 01903_480310785_1170861674400929_2972303522069376825_n.jpg
[2026-04-17T14:04:18.133Z] [✓] #1902 01902_480701493_1170861891067574_5691160294566733121_n.jpg
[2026-04-17T14:04:18.139Z] [✓] #1900 01900_480418111_1170862687734161_8841103192191076463_n.jpg
[2026-04-17T14:04:18.150Z] [✓] #1904 01904_480308902_1170861871067576_5290192533095484349_n.jpg
[2026-04-17T14:04:18.152Z] [✓] #1899 01899_480653098_1170862984400798_3695491368268290417_n.jpg
[2026-04-17T14:04:18.373Z] [✓] #1905 01905_480580950_1170862041067559_2189754715698929958_n.jpg
[2026-04-17T14:04:18.390Z] [✓] #1909 01909_480402493_1170859807734449_4572987557648157696_n.jpg
[2026-04-17T14:04:18.391Z] [✓] #1908 01908_480565431_1170859744401122_5369629670483771692_n.jpg
[2026-04-17T14:04:18.392Z] [✓] #1906 01906_480535692_1170861924400904_1077426865588749617_n.jpg
[2026-04-17T14:04:18.410Z] [✓] #1907 01907_480371450_1170861941067569_416959855608805233_n.jpg
[2026-04-17T14:04:18.512Z] [✓] #1912 01912_480406649_1170859804401116_3891093558438296934_n.jpg
[2026-04-17T14:04:18.514Z] [✓] #1910 01910_480907243_1170859717734458_5549121091549423716_n.jpg
[2026-04-17T14:04:18.597Z] [✓] #1913 01913_480552695_1170859824401114_5934699422198993486_n.jpg
[2026-04-17T14:04:18.648Z] [✓] #1916 01916_476966715_1167217671431996_2245471235937924728_n.jpg
[2026-04-17T14:04:18.650Z] [✓] #1911 01911_480743549_1170859764401120_2069012063463855958_n.jpg
[2026-04-17T14:04:18.660Z] [✓] #1915 01915_477618695_1167217401432023_5431053707138456642_n.jpg
[2026-04-17T14:04:18.676Z] [✓] #1917 01917_478640391_1167217668098663_4819429488834263731_n.jpg
[2026-04-17T14:04:18.821Z] [✓] #1918 01918_476818004_1167217414765355_2442699011648961195_n.jpg
[2026-04-17T14:04:18.861Z] [✓] #1919 01919_476797607_1167216628098767_5045156120657712948_n.jpg
[2026-04-17T14:04:18.872Z] [✓] #1921 01921_477581958_1167215574765539_4993318616390108938_n.jpg
[2026-04-17T14:04:18.907Z] [✓] #1920 01920_476800769_1167215624765534_842375335656622623_n.jpg
[2026-04-17T14:04:18.991Z] [✓] #1922 01922_476835257_1167215591432204_7322637402356953579_n.jpg
[2026-04-17T14:04:19.078Z] [✓] #1925 01925_477577703_1167213358099094_2193023107168353920_n.jpg
[2026-04-17T14:04:19.109Z] [✓] #1923 01923_479544660_1167215711432192_3904913524645943570_n.jpg
[2026-04-17T14:04:19.149Z] [✓] #1924 01924_476798011_1167214634765633_6338189712055779548_n.jpg
[2026-04-17T14:04:19.166Z] [✓] #1914 01914_480611507_1170856677734762_8086840028150541789_n.jpg
[2026-04-17T14:04:19.222Z] [✓] #1926 01926_476787577_1167212148099215_5127196331171100411_n.jpg
[2026-04-17T14:04:19.237Z] [✓] #1928 01928_477803868_1167210408099389_5188691001615139352_n.jpg
[2026-04-17T14:04:19.357Z] [✓] #1929 01929_477731683_1167210271432736_2358490813082896363_n.jpg
[2026-04-17T14:04:19.390Z] [✓] #1927 01927_476661266_1167211458099284_668474004414935562_n.jpg
[2026-04-17T14:04:19.415Z] [✓] #1932 01932_477584949_1167209298099500_5169507486454302513_n.jpg
[2026-04-17T14:04:19.433Z] [✓] #1930 01930_476799371_1167209304766166_8483829743538047702_n.jpg
[2026-04-17T14:04:19.469Z] [✓] #1931 01931_477735423_1167209384766158_7922500554806353787_n.jpg
[2026-04-17T14:04:19.473Z] [✓] #1933 01933_477744691_1167209488099481_7940443368866740133_n.jpg
[2026-04-17T14:04:19.543Z] [✓] #1934 01934_477805798_1167209311432832_7482719981061816758_n.jpg
[2026-04-17T14:04:19.587Z] [✓] #1938 01938_477574363_1167209404766156_2396262890524816828_n.jpg
[2026-04-17T14:04:19.683Z] [✓] #1937 01937_477728928_1167209314766165_6827473458787161347_n.jpg
[2026-04-17T14:04:19.716Z] [✓] #1940 01940_476653864_1167209354766161_7975157698820747718_n.jpg
[2026-04-17T14:04:19.723Z] [✓] #1935 01935_476796021_1167209208099509_8015924474993763073_n.jpg
[2026-04-17T14:04:19.818Z] [✓] #1939 01939_476796021_1167209421432821_5558979749839271626_n.jpg
[2026-04-17T14:04:19.920Z] [✓] #1944 01944_477021302_1167207331433030_5412697878143319633_n.jpg
[2026-04-17T14:04:19.930Z] [✓] #1942 01942_479552906_1167207378099692_6901836230732824594_n.jpg
[2026-04-17T14:04:19.933Z] [✓] #1941 01941_477733936_1167207308099699_5337127829618685604_n.jpg
[2026-04-17T14:04:20.036Z] [✓] #1947 01947_476832920_1167205278099902_5497311701582106898_n.jpg
[2026-04-17T14:04:20.053Z] [✓] #1946 01946_477014887_1167207344766362_6208218966181866709_n.jpg
[2026-04-17T14:04:20.116Z] [✓] #1945 01945_478232741_1167207418099688_5272066917004295662_n.jpg
[2026-04-17T14:04:20.125Z] [✓] #1948 01948_476835854_1167205171433246_5855030278903277861_n.jpg
[2026-04-17T14:04:20.148Z] [✓] #1949 01949_476825814_1167205048099925_1089841783721743842_n.jpg
[2026-04-17T14:04:20.154Z] [✓] #1936 01936_477697031_1167209301432833_5394879707893744675_n.jpg
[2026-04-17T14:04:20.208Z] [✓] #1951 01951_476814564_1167205141433249_2338195909101629550_n.jpg
[2026-04-17T14:04:20.237Z] [✓] #1950 01950_477574108_1167205011433262_8986618515720511303_n.jpg
[2026-04-17T14:04:20.281Z] [✓] #1953 01953_476799936_1167204998099930_7933828997608439898_n.jpg
[2026-04-17T14:04:20.349Z] [✓] #1952 01952_477715935_1167205051433258_7767585826341566465_n.jpg
[2026-04-17T14:04:20.439Z] [✓] #1956 01956_476642663_1167201858100244_2463305957969088874_n.jpg
[2026-04-17T14:04:20.541Z] [✓] #1958 01958_476799823_1167201898100240_8113691464652589471_n.jpg
[2026-04-17T14:04:20.562Z] [✓] #1957 01957_476800267_1167201614766935_4328871095758522814_n.jpg
[2026-04-17T14:04:20.667Z] [✓] #1959 01959_477005932_1167201841433579_7050759661209626385_n.jpg
[2026-04-17T14:04:20.737Z] [✓] #1955 01955_477554236_1167201918100238_5558762833894459518_n.jpg
[2026-04-17T14:04:20.744Z] [✓] #1960 01960_476800520_1167201838100246_9162290263811054865_n.jpg
[2026-04-17T14:04:20.746Z] [✓] #1943 01943_477584085_1167207391433024_2060962168065606546_n.jpg
[2026-04-17T14:04:20.808Z] [✓] #1963 01963_477141578_1166683268152103_1753042168736297138_n.jpg
[2026-04-17T14:04:20.819Z] [✓] #1964 01964_477566166_1166683378152092_8554863353331088988_n.jpg
[2026-04-17T14:04:20.822Z] [✓] #1954 01954_477587914_1167205134766583_6311710987962296881_n.jpg
[2026-04-17T14:04:20.824Z] [✓] #1961 01961_477577630_1167198901433873_4281736636754590205_n.jpg
[2026-04-17T14:04:20.962Z] [✓] #1966 01966_477184495_1166682274818869_3706320411464581590_n.jpg
[2026-04-17T14:04:20.975Z] [✓] #1965 01965_476834451_1166683411485422_8452795870850736512_n.jpg
[2026-04-17T14:04:21.008Z] [✓] #1968 01968_477044474_1166682008152229_2172330221969772678_n.jpg
[2026-04-17T14:04:21.010Z] [✓] #1967 01967_477176228_1166682324818864_1182002583465324894_n.jpg
[2026-04-17T14:04:21.044Z] [✓] #1969 01969_476925269_1166681121485651_6409253868217471419_n.jpg
[2026-04-17T14:04:21.067Z] [✓] #1971 01971_476880776_1166681371485626_5896160384182560931_n.jpg
[2026-04-17T14:04:21.069Z] [✓] #1970 01970_476997841_1166681138152316_8854226032482600061_n.jpg
[2026-04-17T14:04:21.085Z] [✓] #1972 01972_477447033_1166681381485625_4398988895826609680_n.jpg
[2026-04-17T14:04:21.102Z] [✓] #1962 01962_477170552_1166683491485414_4705864237433441477_n.jpg
[2026-04-17T14:04:21.306Z] [✓] #1976 01976_476449912_1166679911485772_6259846241549379467_n.jpg
[2026-04-17T14:04:21.323Z] [✓] #1973 01973_476906982_1166680308152399_9217134003480149428_n.jpg
[2026-04-17T14:04:21.334Z] [✓] #1975 01975_477573943_1166680321485731_5192940601905153714_n.jpg
[2026-04-17T14:04:21.439Z] [✓] #1977 01977_477441789_1166678838152546_5041454462281719001_n.jpg
[2026-04-17T14:04:21.440Z] [✓] #1980 01980_477103370_1166678864819210_6060650334306696645_n.jpg
[2026-04-17T14:04:21.447Z] [✓] #1978 01978_476445642_1166679128152517_2754305948757396076_n.jpg
[2026-04-17T14:04:21.468Z] [✓] #1979 01979_476846979_1166679114819185_5176885567651642953_n.jpg
[2026-04-17T14:04:21.556Z] [✓] #1983 01983_477140317_1166677888152641_2179717580865212011_n.jpg
[2026-04-17T14:04:21.559Z] [✓] #1981 01981_477441554_1166677938152636_3413830395378787900_n.jpg
[2026-04-17T14:04:21.591Z] [✓] #1984 01984_477065051_1166677898152640_503956722662125711_n.jpg
[2026-04-17T14:04:21.597Z] [✓] #1982 01982_477098340_1166677941485969_8086035827751089113_n.jpg
[2026-04-17T14:04:21.731Z] [✓] #1988 01988_477576626_1166676584819438_1841763205318227993_n.jpg
[2026-04-17T14:04:21.804Z] [✓] #1987 01987_476824565_1166676574819439_6257619164071588333_n.jpg
[2026-04-17T14:04:21.809Z] [✓] #1985 01985_475486635_1166676718152758_2005973149634360740_n.jpg
[2026-04-17T14:04:21.831Z] [✓] #1989 01989_477359332_1166675748152855_4991787862361572173_n.jpg
[2026-04-17T14:04:21.866Z] [✓] #1974 01974_477081787_1166680031485760_8320745223907427828_n.jpg
[2026-04-17T14:04:21.915Z] [✓] #1991 01991_476449912_1166675624819534_3588828612769658899_n.jpg
[2026-04-17T14:04:21.965Z] [✓] #1990 01990_477063135_1166675631486200_2217699635419574195_n.jpg
[2026-04-17T14:04:22.002Z] [✓] #1993 01993_477171888_1166675824819514_5631646580529678677_n.jpg
[2026-04-17T14:04:22.034Z] [✓] #1992 01992_477130491_1166675828152847_6948525957970461880_n.jpg
[2026-04-17T14:04:22.042Z] [✓] #1994 01994_476845177_1166675638152866_8913525784610198433_n.jpg
[2026-04-17T14:04:22.065Z] [✓] #1995 01995_476446270_1166672641486499_527511949281230392_n.jpg
[2026-04-17T14:04:22.171Z] [✓] #1998 01998_477271354_1166672441486519_8498149692793589101_n.jpg
[2026-04-17T14:04:22.193Z] [✓] #1996 01996_476910880_1166672701486493_5671500560988270560_n.jpg
[2026-04-17T14:04:22.254Z] [✓] #1986 01986_476949269_1166676881486075_5372721853116277806_n.jpg
[2026-04-17T14:04:22.265Z] [✓] #1997 01997_476457624_1166672594819837_5247814028835225563_n.jpg
[2026-04-17T14:04:22.284Z] [✓] #2001 02001_476857503_1166671554819941_7303090821918078393_n.jpg
[2026-04-17T14:04:22.302Z] [✓] #1999 01999_476979455_1166672698153160_8931408301444447490_n.jpg
[2026-04-17T14:04:22.344Z] [✓] #2002 02002_477296303_1166671728153257_4753754742628019912_n.jpg
[2026-04-17T14:04:22.349Z] [✓] #2003 02003_477043409_1166671714819925_3596640351216765112_n.jpg
[2026-04-17T14:04:22.352Z] [✓] #2000 02000_476844916_1166672691486494_7669244403252382674_n.jpg
[2026-04-17T14:04:22.424Z] [✓] #2004 02004_476637446_1166670704820026_1830011083686631525_n.jpg
[2026-04-17T14:04:22.448Z] [✓] #2005 02005_477039622_1166670698153360_6574277934423180174_n.jpg
[2026-04-17T14:04:22.576Z] [✓] #2007 02007_476644054_1166671064819990_2856619249684467450_n.jpg
[2026-04-17T14:04:22.577Z] [✓] #2006 02006_476845620_1166671054819991_314519010484617644_n.jpg
[2026-04-17T14:04:22.580Z] [✓] #2008 02008_477451569_1166669611486802_7640821794068690416_n.jpg
[2026-04-17T14:04:22.614Z] [✓] #2010 02010_476910876_1166669751486788_8990837188380193266_n.jpg
[2026-04-17T14:04:22.649Z] [✓] #2012 02012_477130498_1166669748153455_405240878730453105_n.jpg
[2026-04-17T14:04:22.675Z] [✓] #2011 02011_476645278_1166670018153428_4592495852851911853_n.jpg
[2026-04-17T14:04:22.685Z] [✓] #2013 02013_477195835_1166669764820120_7934203512525947503_n.jpg
[2026-04-17T14:04:22.740Z] [✓] #2015 02015_477439762_1166668894820207_2490728091850018182_n.jpg
[2026-04-17T14:04:22.765Z] [✓] #2014 02014_476857661_1166668861486877_8292421784520533356_n.jpg
[2026-04-17T14:04:22.798Z] [✓] #2017 02017_477202722_1166668814820215_7042299412406939856_n.jpg
[2026-04-17T14:04:22.837Z] [✓] #2016 02016_476864548_1166668988153531_2452000739913289189_n.jpg
[2026-04-17T14:04:23.036Z] [✓] #2019 02019_477179579_1166664794820617_4081848846257111476_n.jpg
[2026-04-17T14:04:23.040Z] [✓] #2009 02009_477587276_1166669618153468_5991556405985093042_n.jpg
[2026-04-17T14:04:23.056Z] [✓] #2018 02018_476858690_1166664824820614_3182684686882812395_n.jpg
[2026-04-17T14:04:23.075Z] [✓] #2021 02021_478123901_1166490038171426_4514789131632603737_n.jpg
[2026-04-17T14:04:23.112Z] [✓] #2023 02023_476950303_1166487544838342_7242008092175002209_n.jpg
[2026-04-17T14:04:23.180Z] [✓] #2024 02024_477795416_1166486808171749_5969613368183055149_n.jpg
[2026-04-17T14:04:23.185Z] [✓] #2022 02022_476926033_1166488371504926_2892421944925519727_n.jpg
[2026-04-17T14:04:23.294Z] [✓] #2020 02020_476855917_1166490434838053_8998701157985069492_n.jpg
[2026-04-17T14:04:23.323Z] [✓] #2027 02027_477177055_1166484061505357_1524981156241555270_n.jpg
[2026-04-17T14:04:23.351Z] [✓] #2026 02026_476909047_1166484174838679_1550724338602516010_n.jpg
[2026-04-17T14:04:23.359Z] [✓] #2025 02025_477024729_1166484171505346_3252343695809315489_n.jpg
[2026-04-17T14:04:23.377Z] [✓] #2028 02028_476845959_1166484154838681_7625526728944922831_n.jpg
[2026-04-17T14:04:23.407Z] [✓] #2029 02029_477861612_1166485278171902_9063927141811957695_n.jpg
[2026-04-17T14:04:23.499Z] [✓] #2030 02030_477442784_1166484211505342_8383193440175412751_n.jpg
[2026-04-17T14:04:23.661Z] [✓] #2035 02035_477729809_1166484164838680_5064157550592889512_n.jpg
[2026-04-17T14:04:23.680Z] [✓] #2031 02031_476915482_1166484208172009_9081060421495079089_n.jpg
[2026-04-17T14:04:23.682Z] [✓] #2032 02032_479362959_1166483808172049_3343577471137383480_n.jpg
[2026-04-17T14:04:23.685Z] [✓] #2034 02034_478083762_1166484214838675_2918977301163404438_n.jpg
[2026-04-17T14:04:23.694Z] [✓] #2033 02033_479250740_1166483914838705_5170841880323395876_n.jpg
[2026-04-17T14:04:23.761Z] [✓] #2036 02036_476775817_1166484234838673_7257534197434437768_n.jpg
[2026-04-17T14:04:23.791Z] [✓] #2039 02039_476973278_1166477584839338_3439358649033501543_n.jpg
[2026-04-17T14:04:23.841Z] [✓] #2038 02038_476757896_1166477541506009_6628298196994471235_n.jpg
[2026-04-17T14:04:23.843Z] [✓] #2040 02040_479701894_1166475884839508_3163820403669200571_n.jpg
[2026-04-17T14:04:23.851Z] [✓] #2037 02037_477009913_1166477524839344_3937992314372251123_n.jpg
[2026-04-17T14:04:23.915Z] [✓] #2042 02042_477753387_1166474894839607_3859649835020639919_n.jpg
[2026-04-17T14:04:24.071Z] [✓] #2046 02046_477818111_1166471758173254_4562787165350502067_n.jpg
[2026-04-17T14:04:24.077Z] [✓] #2045 02045_477545959_1166471701506593_8924042636973697353_n.jpg
[2026-04-17T14:04:24.079Z] [✓] #2044 02044_477787365_1166474528172977_176787943075340958_n.jpg
[2026-04-17T14:04:24.119Z] [✓] #2041 02041_477387392_1166474914839605_5167243923696424288_n.jpg
[2026-04-17T14:04:24.201Z] [✓] #2048 02048_477047253_1166470594840037_6495115524124232824_n.jpg
[2026-04-17T14:04:24.210Z] [✓] #2047 02047_476904578_1166471774839919_1743594748925369579_n.jpg
[2026-04-17T14:04:24.278Z] [✓] #2049 02049_476792911_1166470904840006_2748741443583308596_n.jpg
[2026-04-17T14:04:24.313Z] [✓] #2050 02050_477584330_1166470478173382_5366675131069429023_n.jpg
[2026-04-17T14:04:24.344Z] [✓] #2051 02051_478061921_1166470514840045_5118038104164227751_n.jpg
[2026-04-17T14:04:24.406Z] [✓] #2053 02053_476748119_1166468448173585_5210206829179561153_n.jpg
[2026-04-17T14:04:24.410Z] [✓] #2054 02054_479195578_1166463448174085_1270328575392399946_n.jpg
[2026-04-17T14:04:24.444Z] [✓] #2052 02052_477179569_1166470888173341_8328734333035104661_n.jpg
[2026-04-17T14:04:24.455Z] [✓] #2055 02055_476845416_1165839184903178_6316688672190137142_n.jpg
[2026-04-17T14:04:24.499Z] [✓] #2056 02056_477020292_1165838824903214_768265544719341520_n.jpg
[2026-04-17T14:04:24.510Z] [✓] #2059 02059_476911831_1165835324903564_3012371681498811404_n.jpg
[2026-04-17T14:04:24.528Z] [✓] #2057 02057_477002457_1165839041569859_8341424969946235126_n.jpg
[2026-04-17T14:04:24.653Z] [✓] #2062 02062_479304932_1165831978237232_1351048442539054401_n.jpg
[2026-04-17T14:04:24.668Z] [✓] #2043 02043_477196843_1166474948172935_7462367537061885302_n.jpg
[2026-04-17T14:04:24.760Z] [✓] #2060 02060_476967051_1165833961570367_744729260795061095_n.jpg
[2026-04-17T14:04:24.789Z] [✓] #2061 02061_477488874_1165833954903701_1124865331266052289_n.jpg
[2026-04-17T14:04:24.837Z] [✓] #2064 02064_477396029_1165831218237308_2751858892035376913_n.jpg
[2026-04-17T14:04:24.860Z] [✓] #2065 02065_476631996_1163541011799662_5342883948066006384_n.jpg
[2026-04-17T14:04:25.010Z] [✓] #2068 02068_476561774_1163533061800457_5536994029927697590_n.jpg
[2026-04-17T14:04:25.084Z] [✓] #2058 02058_476902111_1165836451570118_8364237121159927388_n.jpg
[2026-04-17T14:04:25.088Z] [✓] #2066 02066_476444679_1163533078467122_6892029320763449720_n.jpg
[2026-04-17T14:04:25.090Z] [✓] #2063 02063_476928211_1165831178237312_8065572519928418376_n.jpg
[2026-04-17T14:04:25.097Z] [✓] #2067 02067_476296819_1163533105133786_5649084551420707030_n.jpg
[2026-04-17T14:04:25.227Z] [✓] #2071 02071_476366639_1163533181800445_1240612747506945030_n.jpg
[2026-04-17T14:04:25.245Z] [✓] #2069 02069_476368346_1163533095133787_4629937901956150764_n.jpg
[2026-04-17T14:04:25.363Z] [✓] #2073 02073_475969006_1163533101800453_8328772079517821733_n.jpg
[2026-04-17T14:04:25.373Z] [✓] #2070 02070_476439556_1163533075133789_2728936907211194063_n.jpg
[2026-04-17T14:04:25.386Z] [✓] #2072 02072_476642815_1163533071800456_4441847914621671079_n.jpg
[2026-04-17T14:04:25.391Z] [✓] #2075 02075_476402703_1163535861800177_4124044595461766379_n.jpg
[2026-04-17T14:04:25.504Z] [✓] #2074 02074_476314450_1163535868466843_2541404679450363782_n.jpg
[2026-04-17T14:04:25.520Z] [✓] #2078 02078_476429709_1163530821800681_279455503368496319_n.jpg
[2026-04-17T14:04:25.521Z] [✓] #2079 02079_476460864_1163528448467585_6265609392050046262_n.jpg
[2026-04-17T14:04:25.531Z] [✓] #2076 02076_476631550_1163535275133569_871888881390673244_n.jpg
[2026-04-17T14:04:25.653Z] [✓] #2081 02081_476443525_1163522198468210_7023714143785647042_n.jpg
[2026-04-17T14:04:25.670Z] [✓] #2083 02083_476179620_1163197511834012_4039918912741193195_n.jpg
[2026-04-17T14:04:25.673Z] [✓] #2080 02080_476157596_1163522151801548_3183270309184147737_n.jpg
[2026-04-17T14:04:25.698Z] [✓] #2082 02082_476612502_1163521265134970_3580873224341376753_n.jpg
[2026-04-17T14:04:25.707Z] [✓] #2077 02077_476643404_1163531938467236_5715959988434367762_n.jpg
[2026-04-17T14:04:25.772Z] [✓] #2084 02084_476179578_1163197485167348_2259528466930327573_n.jpg
[2026-04-17T14:04:25.789Z] [✓] #2085 02085_476449659_1163197248500705_939826508010563177_n.jpg
[2026-04-17T14:04:25.827Z] [✓] #2086 02086_476453637_1163197531834010_489636771081055806_n.jpg
[2026-04-17T14:04:25.833Z] [✓] #2087 02087_476235804_1163197515167345_7286208758214488421_n.jpg
[2026-04-17T14:04:25.901Z] [✓] #2089 02089_476229414_1163195401834223_4569964971004391997_n.jpg
[2026-04-17T14:04:25.968Z] [✓] #2090 02090_476207020_1163195371834226_3822521287515322027_n.jpg
[2026-04-17T14:04:25.976Z] [✓] #2091 02091_476619288_1163195485167548_7292691518650505309_n.jpg
[2026-04-17T14:04:25.980Z] [✓] #2092 02092_476826923_1163195358500894_7559199519175657736_n.jpg
[2026-04-17T14:04:26.115Z] [✓] #2096 02096_476141274_1163187598501670_6076211632626414297_n.jpg
[2026-04-17T14:04:26.138Z] [✓] #2094 02094_476227184_1163193361834427_6795031531832712609_n.jpg
[2026-04-17T14:04:26.143Z] [✓] #2095 02095_476835723_1163193221834441_2796853705909069675_n.jpg
[2026-04-17T14:04:26.234Z] [✓] #2093 02093_476225328_1163193291834434_2309216114246771963_n.jpg
[2026-04-17T14:04:26.377Z] [✓] #2098 02098_475979880_1162679328552497_5662423806691041223_n.jpg
[2026-04-17T14:04:26.479Z] [✓] #2097 02097_476229015_1163183688502061_6265562253541242764_n.jpg
[2026-04-17T14:04:26.490Z] [✓] #2099 02099_475980960_1162679381885825_5970734357244948404_n.jpg
[2026-04-17T14:04:26.509Z] [✓] #2100 02100_475975262_1162679388552491_1019779992266054142_n.jpg
[2026-04-17T14:04:26.511Z] [✓] #2101 02101_475998978_1162679421885821_2908375303504960284_n.jpg
[2026-04-17T14:04:26.601Z] [✓] #2104 02104_475979083_1162676965219400_7561817981259211796_n.jpg
[2026-04-17T14:04:26.661Z] [✓] #2105 02105_476435412_1162676941886069_6244131464523475581_n.jpg
[2026-04-17T14:04:26.704Z] [✓] #2102 02102_476000546_1162676861886077_7966698236632947401_n.jpg
[2026-04-17T14:04:26.733Z] [✓] #2106 02106_476032079_1162677121886051_9192233712604460106_n.jpg
[2026-04-17T14:04:26.751Z] [✓] #2103 02103_475979987_1162677101886053_756059724270967963_n.jpg
[2026-04-17T14:04:26.787Z] [✓] #2107 02107_476239611_1162673178553112_3828425210634616639_n.jpg
[2026-04-17T14:04:26.826Z] [✓] #2108 02108_475999106_1162670715220025_1310308557565098119_n.jpg
[2026-04-17T14:04:26.858Z] [✓] #2109 02109_476133291_1162671141886649_4129477505274692343_n.jpg
[2026-04-17T14:04:26.902Z] [✓] #2110 02110_476241624_1162670765220020_471679760276543788_n.jpg
[2026-04-17T14:04:26.913Z] [✓] #2111 02111_475901486_1162670901886673_4887866527271339624_n.jpg
[2026-04-17T14:04:26.943Z] [✓] #2112 02112_475979396_1162670861886677_5448253327708205106_n.jpg
[2026-04-17T14:04:27.347Z] [✓] #2113 02113_476288045_1162668411886922_2853738814117522013_n.jpg
[2026-04-17T14:04:27.438Z] [✓] #2115 02115_476006540_1162668395220257_3164667909372982939_n.jpg
[2026-04-17T14:04:27.479Z] [✓] #2117 02117_476317548_1162667058553724_5096456099927529764_n.jpg
[2026-04-17T14:04:27.561Z] [✓] #2116 02116_476000550_1162668408553589_2038546183744927425_n.jpg
[2026-04-17T14:04:27.581Z] [✓] #2118 02118_475987033_1162666881887075_5161722272092372864_n.jpg
[2026-04-17T14:04:27.594Z] [✓] #2119 02119_475960818_1162667048553725_7299131468295243352_n.jpg
[2026-04-17T14:04:27.595Z] [✓] #2114 02114_475980091_1162668671886896_5488080861510285631_n.jpg
[2026-04-17T14:04:27.709Z] [✓] #2123 02123_475243466_1162664665220630_1326328606604031039_n.jpg
[2026-04-17T14:04:27.712Z] [✓] #2121 02121_476445276_1162664358553994_8391481964825216760_n.jpg
[2026-04-17T14:04:27.722Z] [✓] #2120 02120_476358195_1162666975220399_3055512856221277419_n.jpg
[2026-04-17T14:04:27.739Z] [✓] #2122 02122_475979169_1162664628553967_1696761947449727585_n.jpg
[2026-04-17T14:04:27.820Z] [✓] #2124 02124_475913057_1162664331887330_2889322210117565012_n.jpg
[2026-04-17T14:04:27.877Z] [✓] #2127 02127_475993023_1162664471887316_1250768765611667354_n.jpg
[2026-04-17T14:04:27.896Z] [✓] #2125 02125_475458238_1162664661887297_6961051360635560169_n.jpg
[2026-04-17T14:04:27.948Z] [✓] #2126 02126_476010961_1162664228554007_631074587224299166_n.jpg
[2026-04-17T14:04:27.957Z] [✓] #2128 02128_476128089_1162664208554009_1260542285900636668_n.jpg
[2026-04-17T14:04:28.054Z] [✓] #2132 02132_475774021_1160721505414946_5155629614656468639_n.jpg
[2026-04-17T14:04:28.118Z] [✓] #2131 02131_476070718_1160721288748301_8999970376628938992_n.jpg
[2026-04-17T14:04:28.130Z] [✓] #2130 02130_475765222_1160728728747557_2023947179998713765_n.jpg
[2026-04-17T14:04:28.173Z] [✓] #2133 02133_476012087_1160721305414966_6142339689285723639_n.jpg
[2026-04-17T14:04:28.221Z] [WARN] #2135 attempt 1/3 failed: HTTP 403
[2026-04-17T14:04:28.238Z] [✓] #2134 02134_475772531_1160721535414943_7599811418404310540_n.jpg
[2026-04-17T14:04:28.241Z] [✓] #2129 02129_475243557_1162664605220636_1681151148403376118_n.jpg
[2026-04-17T14:04:28.365Z] [✓] #2138 02138_476094445_1160712215415875_1869893245331364378_n.jpg
[2026-04-17T14:04:28.383Z] [✓] #2137 02137_475861252_1160712322082531_305708165089045911_n.jpg
[2026-04-17T14:04:28.394Z] [✓] #2136 02136_475771491_1160714915415605_2154027393660674468_n.jpg
[2026-04-17T14:04:28.535Z] [✓] #2139 02139_475744341_1160712272082536_7765482178758916403_n.jpg
[2026-04-17T14:04:28.544Z] [✓] #2141 02141_475771922_1160712345415862_5938071450569353153_n.jpg
[2026-04-17T14:04:28.550Z] [✓] #2140 02140_475762768_1160712332082530_2837523399734461042_n.jpg
[2026-04-17T14:04:28.660Z] [✓] #2142 02142_476097772_1160712335415863_5552683363852808338_n.jpg
[2026-04-17T14:04:28.671Z] [✓] #2143 02143_475851695_1160712372082526_9125707060765401673_n.jpg
[2026-04-17T14:04:28.779Z] [✓] #2144 02144_475773446_1160712285415868_7197630099819934649_n.jpg
[2026-04-17T14:04:28.797Z] [✓] #2146 02146_475765497_1160710682082695_2850782583528063109_n.jpg
[2026-04-17T14:04:28.848Z] [✓] #2145 02145_475772164_1160710492082714_1914824000794897204_n.jpg
[2026-04-17T14:04:28.941Z] [✓] #2147 02147_476099379_1160710685416028_8700549982625585726_n.jpg
[2026-04-17T14:04:28.970Z] [✓] #2148 02148_476068333_1160710482082715_573628663480849631_n.jpg
[2026-04-17T14:04:29.164Z] [✓] #2150 02150_476033613_1160709292082834_8043774190803364899_n.jpg
[2026-04-17T14:04:29.169Z] [✓] #2151 02151_476373419_1160709305416166_4091070829885645199_n.jpg
[2026-04-17T14:04:29.183Z] [✓] #2149 02149_476078122_1160709298749500_5527201467807079863_n.jpg
[2026-04-17T14:04:29.276Z] [✓] #2152 02152_475966217_1160709712082792_1724787395021227185_n.jpg
[2026-04-17T14:04:29.366Z] [✓] #2154 02154_475863639_1160527645434332_2266589285074071860_n.jpg
[2026-04-17T14:04:29.443Z] [✓] #2153 02153_475850067_1160527638767666_6227078444744429934_n.jpg
[2026-04-17T14:04:29.528Z] [✓] #2156 02156_475952122_1160527632101000_3207084118501357799_n.jpg
[2026-04-17T14:04:29.567Z] [✓] #2157 02157_475815370_1160527165434380_2072328093243361034_n.jpg
[2026-04-17T14:04:29.710Z] [✓] #2159 02159_476142862_1160527255434371_1997810060811268167_n.jpg
[2026-04-17T14:04:29.765Z] [✓] #2155 02155_475847754_1160527722100991_1471497403389270635_n.jpg
[2026-04-17T14:04:29.771Z] [✓] #2158 02158_476074131_1160527192101044_6017602540572388702_n.jpg
[2026-04-17T14:04:29.846Z] [✓] #2160 02160_475882515_1160527232101040_8562988076922147761_n.jpg
[2026-04-17T14:04:29.949Z] [✓] #2163 02163_475466359_1160526125434484_2326451025441102341_n.jpg
[2026-04-17T14:04:29.958Z] [✓] #2161 02161_475849074_1160526182101145_5640941766925867904_n.jpg
[2026-04-17T14:04:29.967Z] [✓] #2162 02162_476160069_1160526192101144_3003717325981271098_n.jpg
[2026-04-17T14:04:30.037Z] [✓] #2165 02165_476301388_1160524932101270_8125564979583277862_n.jpg
[2026-04-17T14:04:30.064Z] [✓] #2164 02164_476250373_1160526158767814_3967330584238475369_n.jpg
[2026-04-17T14:04:30.108Z] [✓] #2167 02167_475463309_1160521132101650_8440985239466771667_n.jpg
[2026-04-17T14:04:30.172Z] [✓] #2168 02168_475917895_1160521105434986_4485839517834866078_n.jpg
[2026-04-17T14:04:30.174Z] [✓] #2169 02169_476002404_1160521152101648_1510386270997590336_n.jpg
[2026-04-17T14:04:30.274Z] [✓] #2088 02088_476227182_1163196271834136_6162758098244866978_n.jpg
[2026-04-17T14:04:30.277Z] [✓] #2171 02171_475466037_1160521092101654_5746362927725681085_n.jpg
[2026-04-17T14:04:30.281Z] [WARN] #2135 attempt 2/3 failed: HTTP 403
[2026-04-17T14:04:30.329Z] [✓] #2170 02170_475793872_1160521112101652_2043249711815122305_n.jpg
[2026-04-17T14:04:30.380Z] [✓] #2173 02173_475799326_1160519225435174_3000550377532910613_n.jpg
[2026-04-17T14:04:30.385Z] [✓] #2166 02166_475807377_1160523952101368_8296630156393639604_n.jpg
[2026-04-17T14:04:30.835Z] [✓] #2175 02175_475466358_1160518442101919_4295460238797858878_n.jpg
[2026-04-17T14:04:30.839Z] [✓] #2176 02176_475465934_1160518408768589_1142598070810566709_n.jpg
[2026-04-17T14:04:30.841Z] [✓] #2174 02174_476221870_1160519538768476_1036375628569114225_n.jpg
[2026-04-17T14:04:30.849Z] [✓] #2172 02172_475764956_1160519358768494_6052438941030371655_n.jpg
[2026-04-17T14:04:30.936Z] [✓] #2178 02178_475791682_1160516298768800_260153454156130649_n.jpg
[2026-04-17T14:04:30.989Z] [✓] #2180 02180_475821665_1160515168768913_2698352417459158359_n.jpg
[2026-04-17T14:04:31.018Z] [✓] #2179 02179_475837429_1160515188768911_4262903897685621950_n.jpg
[2026-04-17T14:04:31.096Z] [✓] #2181 02181_476104703_1160515245435572_3184030054004221552_n.jpg
[2026-04-17T14:04:31.114Z] [✓] #2183 02183_475982700_1160514675435629_718186549918732185_n.jpg
[2026-04-17T14:04:31.148Z] [✓] #2184 02184_475795307_1160514668768963_4831504471783750609_n.jpg
[2026-04-17T14:04:31.185Z] [✓] #2185 02185_475957840_1160514292102334_422032720762535188_n.jpg
[2026-04-17T14:04:31.232Z] [✓] #2186 02186_476011751_1160514305435666_2930644645334484237_n.jpg
[2026-04-17T14:04:31.281Z] [✓] #2187 02187_475919877_1160510965436000_3851341471829509072_n.jpg
[2026-04-17T14:04:31.300Z] [✓] #2188 02188_475863473_1160508582102905_8052065513991230560_n.jpg
[2026-04-17T14:04:31.372Z] [✓] #2189 02189_476086357_1160507475436349_4116555498008862577_n.jpg
[2026-04-17T14:04:31.387Z] [✓] #2190 02190_476087442_1160506622103101_871816804489450041_n.jpg
[2026-04-17T14:04:31.461Z] [✓] #2191 02191_475783324_1160506328769797_7910691753270320839_n.jpg
[2026-04-17T14:04:31.484Z] [✓] #2192 02192_475851687_1160506648769765_1518187398340058780_n.jpg
[2026-04-17T14:04:31.534Z] [✓] #2177 02177_476233139_1160518462101917_2023697706212154363_n.jpg
[2026-04-17T14:04:31.574Z] [✓] #2194 02194_475796182_1160504338769996_3669434725479214333_n.jpg
[2026-04-17T14:04:31.578Z] [✓] #2193 02193_475978090_1160506552103108_6789469780916373620_n.jpg
[2026-04-17T14:04:31.719Z] [✓] #2197 02197_476135020_1160504092103354_7713015241890304411_n.jpg
[2026-04-17T14:04:31.724Z] [✓] #2196 02196_476091959_1160504202103343_508590638643168430_n.jpg
[2026-04-17T14:04:31.818Z] [✓] #2182 02182_475913630_1160515192102244_7586959189733171991_n.jpg
[2026-04-17T14:04:31.860Z] [✓] #2198 02198_476267269_1160504308769999_3927318129551810346_n.jpg
[2026-04-17T14:04:31.888Z] [✓] #2199 02199_476000193_1160504132103350_1157479200447597084_n.jpg
[2026-04-17T14:04:31.950Z] [✓] #2201 02201_476092084_1160503022103461_5271001202676465074_n.jpg
[2026-04-17T14:04:31.995Z] [✓] #2202 02202_475819689_1160503112103452_4519639460312027499_n.jpg
[2026-04-17T14:04:32.024Z] [✓] #2203 02203_475800203_1160118142141949_4701484559549968614_n.jpg
[2026-04-17T14:04:32.070Z] [✓] #2204 02204_475749369_1160118465475250_6866435450535495581_n.jpg
[2026-04-17T14:04:32.117Z] [✓] #2205 02205_475859954_1160118525475244_5076510590315278199_n.jpg
[2026-04-17T14:04:32.132Z] [✓] #2195 02195_476340457_1160504128770017_8837679255451505864_n.jpg
[2026-04-17T14:04:32.200Z] [✓] #2206 02206_475528802_1160118338808596_1229794086186311621_n.jpg
[2026-04-17T14:04:32.235Z] [✓] #2207 02207_475786921_1160116368808793_7083489988565912768_n.jpg
[2026-04-17T14:04:32.258Z] [✓] #2208 02208_475781876_1160114888808941_316024171897793400_n.jpg
[2026-04-17T14:04:32.342Z] [✓] #2210 02210_475574729_1160114208809009_2043571680992242610_n.jpg
[2026-04-17T14:04:32.397Z] [✓] #2211 02211_475764059_1160114185475678_7915072705131790535_n.jpg
[2026-04-17T14:04:32.400Z] [✓] #2209 02209_475744662_1160115232142240_4878994882209042643_n.jpg
[2026-04-17T14:04:32.496Z] [✓] #2212 02212_475541015_1160114015475695_2826555168740433320_n.jpg
[2026-04-17T14:04:32.569Z] [✓] #2213 02213_475775769_1160113988809031_4201011747931338025_n.jpg
[2026-04-17T14:04:32.583Z] [✓] #2214 02214_475841997_1160114132142350_803262193950801354_n.jpg
[2026-04-17T14:04:32.627Z] [✓] #2215 02215_475664255_1160113978809032_8994197859855255011_n.jpg
[2026-04-17T14:04:32.751Z] [✓] #2218 02218_475798436_1160114018809028_837809245873021616_n.jpg
[2026-04-17T14:04:32.753Z] [✓] #2217 02217_475715917_1160114065475690_7554228400628763208_n.jpg
[2026-04-17T14:04:32.755Z] [✓] #2216 02216_475771209_1160114168809013_968749062286247773_n.jpg
[2026-04-17T14:04:32.756Z] [✓] #2200 02200_475895671_1160503398770090_5858809044450183029_n.jpg
[2026-04-17T14:04:32.851Z] [✓] #2221 02221_475964721_1160112928809137_8158337170229117852_n.jpg
[2026-04-17T14:04:32.853Z] [✓] #2220 02220_476170381_1160112698809160_4437800622138372234_n.jpg
[2026-04-17T14:04:32.875Z] [✓] #2222 02222_475656879_1160112765475820_4389115643208162571_n.jpg
[2026-04-17T14:04:32.947Z] [✓] #2224 02224_475773938_1160112992142464_239103001177445571_n.jpg
[2026-04-17T14:04:32.982Z] [✓] #2223 02223_475773866_1160112988809131_4507092067841082374_n.jpg
[2026-04-17T14:04:32.996Z] [✓] #2225 02225_476115840_1160112875475809_3426666911049635865_n.jpg
[2026-04-17T14:04:33.075Z] [✓] #2227 02227_475640874_1160112972142466_946287562539021073_n.jpg
[2026-04-17T14:04:33.113Z] [✓] #2228 02228_475650922_1160112675475829_5476041950690041967_n.jpg
[2026-04-17T14:04:33.127Z] [✓] #2226 02226_475742475_1160112895475807_7564078395845350577_n.jpg
[2026-04-17T14:04:33.202Z] [✓] #2230 02230_475764274_1160111662142597_2246418792698071749_n.jpg
[2026-04-17T14:04:33.226Z] [✓] #2231 02231_475717664_1160110485476048_4248318727486735733_n.jpg
[2026-04-17T14:04:33.231Z] [✓] #2229 02229_476155365_1160112975475799_6956284574657133056_n.jpg
[2026-04-17T14:04:33.292Z] [✓] #2232 02232_476058165_1160109772142786_521965061778125502_n.jpg
[2026-04-17T14:04:33.317Z] [✓] #2234 02234_475775136_1160104028810027_2969730594313942923_n.jpg
[2026-04-17T14:04:33.332Z] [✓] #2233 02233_476136651_1160106928809737_1545128265060896023_n.jpg
[2026-04-17T14:04:33.380Z] [✓] #2236 02236_475449878_1160104422143321_7829236357137797782_n.jpg
[2026-04-17T14:04:33.394Z] [✓] #2219 02219_475540867_1160113578809072_7851759101208740812_n.jpg
[2026-04-17T14:04:33.510Z] [✓] #2238 02238_475776704_1160101145476982_719178431077333772_n.jpg
[2026-04-17T14:04:33.514Z] [✓] #2237 02237_475800760_1160103048810125_6621761269906812538_n.jpg
[2026-04-17T14:04:33.653Z] [✓] #2240 02240_476039271_1160100995476997_2922696294330587637_n.jpg
[2026-04-17T14:04:33.656Z] [✓] #2235 02235_475820571_1160104115476685_4473207305511610495_n.jpg
[2026-04-17T14:04:33.658Z] [✓] #2239 02239_475635807_1160101138810316_6477631845416785871_n.jpg
[2026-04-17T14:04:33.791Z] [✓] #2242 02242_475853574_1160101018810328_2960671835974265588_n.jpg
[2026-04-17T14:04:33.865Z] [✓] #2244 02244_475705422_1160100562143707_4787132248438061786_n.jpg
[2026-04-17T14:04:33.907Z] [✓] #2243 02243_475793832_1160100982143665_5983744264717862091_n.jpg
[2026-04-17T14:04:33.913Z] [✓] #2245 02245_475842934_1160100475477049_7318266155453513987_n.jpg
[2026-04-17T14:04:33.952Z] [✓] #2246 02246_475835970_1160100455477051_3330651930335608483_n.jpg
[2026-04-17T14:04:34.036Z] [✓] #2249 02249_475797881_1160100545477042_1171991528813614723_n.jpg
[2026-04-17T14:04:34.074Z] [✓] #2247 02247_476206225_1160100385477058_842504863025199377_n.jpg
[2026-04-17T14:04:34.146Z] [✓] #2250 02250_475750455_1160100462143717_594041016897003140_n.jpg
[2026-04-17T14:04:34.244Z] [✓] #2252 02252_475777671_1160100465477050_1673776606786095840_n.jpg
[2026-04-17T14:04:34.285Z] [✓] #2248 02248_475811214_1160100448810385_7489656732703649879_n.jpg
[2026-04-17T14:04:34.304Z] [✓] #2251 02251_475718953_1160100525477044_6603627590866686959_n.jpg
[2026-04-17T14:04:34.328Z] [WARN] #2135 attempt 3/3 failed: HTTP 403
[2026-04-17T14:04:34.330Z] [✗] #2135 FAILED: HTTP 403
[2026-04-17T14:04:34.348Z] [✓] #2254 02254_475820032_1160098668810563_2643373491138139650_n.jpg
[2026-04-17T14:04:34.352Z] [✓] #2253 02253_475755171_1160099695477127_7881032348352734901_n.jpg
[2026-04-17T14:04:34.440Z] [✓] #2258 02258_475781493_1160097802143983_8271782836438431750_n.jpg
[2026-04-17T14:04:34.469Z] [✓] #2257 02257_475839325_1160098978810532_3031265612815503555_n.jpg
[2026-04-17T14:04:34.482Z] [✓] #2241 02241_475665226_1160101015476995_844308687722731450_n.jpg
[2026-04-17T14:04:34.489Z] [✓] #2255 02255_475920715_1160098622143901_9201583298403031446_n.jpg
[2026-04-17T14:04:34.602Z] [✓] #2259 02259_475448660_1160096762144087_7497624191199960598_n.jpg
[2026-04-17T14:04:34.608Z] [✓] #2256 02256_475886768_1160098942143869_2568905034674967572_n.jpg
[2026-04-17T14:04:34.616Z] [✓] #2261 02261_475594531_1160096808810749_3003987431762987560_n.jpg
[2026-04-17T14:04:34.629Z] [✓] #2262 02262_475579684_1160096532144110_9081609744490592284_n.jpg
[2026-04-17T14:04:34.725Z] [✓] #2263 02263_475743214_1160096535477443_3925183902908503453_n.jpg
[2026-04-17T14:04:34.733Z] [✓] #2265 02265_476142867_1160096548810775_5331465745920535389_n.jpg
[2026-04-17T14:04:34.846Z] [✓] #2268 02268_475244742_1155973535889743_2124288997132933203_n.jpg
[2026-04-17T14:04:34.851Z] [✓] #2264 02264_475761388_1160096498810780_566325632872498644_n.jpg
[2026-04-17T14:04:34.859Z] [✓] #2266 02266_475153823_1155973449223085_6616352535791341820_n.jpg
[2026-04-17T14:04:34.882Z] [✓] #2267 02267_475267110_1155973399223090_9058459152068513245_n.jpg
[2026-04-17T14:04:34.963Z] [✓] #2270 02270_475298033_1155973565889740_2547487819053809828_n.jpg
[2026-04-17T14:04:34.981Z] [✓] #2269 02269_475050118_1155973405889756_3134072852437236533_n.jpg
[2026-04-17T14:04:35.050Z] [✓] #2271 02271_475201255_1155972712556492_124118610077382305_n.jpg
[2026-04-17T14:04:35.054Z] [✓] #2272 02272_475263972_1155972269223203_7437371300940455841_n.jpg
[2026-04-17T14:04:35.134Z] [✓] #2275 02275_474975700_1155971465889950_5080206720751576574_n.jpg
[2026-04-17T14:04:35.223Z] [✓] #2274 02274_475346198_1155971509223279_4218180367221983989_n.jpg
[2026-04-17T14:04:35.274Z] [✓] #2273 02273_475045097_1155972672556496_9164930412079241495_n.jpg
[2026-04-17T14:04:35.367Z] [✓] #2276 02276_475276961_1155969969223433_5741052439762741966_n.jpg
[2026-04-17T14:04:35.372Z] [✓] #2260 02260_475963550_1160096792144084_7405131750526610227_n.jpg
[2026-04-17T14:04:35.418Z] [✓] #2277 02277_475075308_1155970342556729_2967710768644484219_n.jpg
[2026-04-17T14:04:35.449Z] [✓] #2279 02279_475095510_1155970205890076_5697050217458101135_n.jpg
[2026-04-17T14:04:35.457Z] [✓] #2278 02278_475083471_1155970369223393_454136098487795851_n.jpg
[2026-04-17T14:04:35.525Z] [✓] #2281 02281_475082072_1155970209223409_8862888959033918306_n.jpg
[2026-04-17T14:04:35.549Z] [✓] #2283 02283_475185581_1155969259223504_2576902485116913745_n.jpg
[2026-04-17T14:04:35.653Z] [✓] #2286 02286_475277528_1155969142556849_1595214829904814309_n.jpg
[2026-04-17T14:04:35.712Z] [✓] #2284 02284_475276403_1155969175890179_8646400886406432078_n.jpg
[2026-04-17T14:04:35.739Z] [✓] #2285 02285_475047441_1155969235890173_6325157360642998500_n.jpg
[2026-04-17T14:04:35.797Z] [✓] #2280 02280_475169063_1155970202556743_6392950971281130338_n.jpg
[2026-04-17T14:04:35.832Z] [✓] #2289 02289_475277152_1155969189223511_8279383932807728971_n.jpg
[2026-04-17T14:04:35.834Z] [✓] #2287 02287_475074908_1155969242556839_8900501799807935414_n.jpg
[2026-04-17T14:04:35.867Z] [✓] #2288 02288_475191805_1155969265890170_2176472105367067573_n.jpg
[2026-04-17T14:04:35.956Z] [✓] #2291 02291_475141086_1155969159223514_4139192216848768884_n.jpg
[2026-04-17T14:04:35.964Z] [✓] #2292 02292_475165862_1155969032556860_7597851987431177912_n.jpg
[2026-04-17T14:04:35.973Z] [✓] #2290 02290_475274402_1155969169223513_2290567422672073177_n.jpg
[2026-04-17T14:04:35.985Z] [✓] #2293 02293_475264864_1155968845890212_4121531727833904965_n.jpg
[2026-04-17T14:04:36.080Z] [✓] #2282 02282_475136800_1155969152556848_6159334425840707579_n.jpg
[2026-04-17T14:04:36.093Z] [✓] #2296 02296_475243214_1155967952556968_8945656796331637329_n.jpg
[2026-04-17T14:04:36.173Z] [✓] #2294 02294_475302452_1155967925890304_5308686945609783724_n.jpg
[2026-04-17T14:04:36.201Z] [✓] #2295 02295_475181459_1155967932556970_1086218527909936053_n.jpg
[2026-04-17T14:04:36.250Z] [✓] #2298 02298_475276113_1155967949223635_5471188527675991577_n.jpg
[2026-04-17T14:04:36.273Z] [✓] #2297 02297_475267107_1155967935890303_8767623466082701817_n.jpg
[2026-04-17T14:04:36.293Z] [✓] #2300 02300_475210529_1155965899223840_8998148095895437549_n.jpg
[2026-04-17T14:04:36.319Z] [✓] #2301 02301_475163942_1155965629223867_4582410178800015984_n.jpg
[2026-04-17T14:04:36.330Z] [✓] #2302 02302_475278659_1155965742557189_5588242782152401747_n.jpg
[2026-04-17T14:04:36.333Z] [✓] #2299 02299_475163119_1155968075890289_146692455885348494_n.jpg
[2026-04-17T14:04:36.388Z] [✓] #2303 02303_475276961_1155965645890532_2221062723325053927_n.jpg
[2026-04-17T14:04:36.403Z] [✓] #2305 02305_475126836_1155965455890551_7258158914278920856_n.jpg
[2026-04-17T14:04:36.405Z] [✓] #2306 02306_475045097_1155965462557217_621037516204864818_n.jpg
[2026-04-17T14:04:36.416Z] [✓] #2307 02307_475099358_1155964815890615_3917513900201259302_n.jpg
[2026-04-17T14:04:36.460Z] [✓] #2310 02310_475134115_1155964679223962_655371153038611426_n.jpg
[2026-04-17T14:04:36.464Z] [✓] #2304 02304_475092244_1155965655890531_3114910814565356728_n.jpg
[2026-04-17T14:04:36.512Z] [✓] #2309 02309_475094152_1155964695890627_4901451825768910391_n.jpg
[2026-04-17T14:04:36.585Z] [✓] #2313 02313_475143291_1155964699223960_6677237282508941255_n.jpg
[2026-04-17T14:04:36.589Z] [✓] #2308 02308_475282463_1155964705890626_5893986584714469722_n.jpg
[2026-04-17T14:04:36.591Z] [✓] #2312 02312_475277827_1155964722557291_1149323948089564615_n.jpg
[2026-04-17T14:04:36.666Z] [✓] #2311 02311_475125909_1155964595890637_2937782534260669620_n.jpg
[2026-04-17T14:04:36.724Z] [✓] #2315 02315_475049660_1155963562557407_1127037364641021377_n.jpg
[2026-04-17T14:04:36.762Z] [✓] #2318 02318_475270900_1155963482557415_5922250671645580947_n.jpg
[2026-04-17T14:04:36.783Z] [✓] #2316 02316_475279939_1155963215890775_3544428939654545812_n.jpg
[2026-04-17T14:04:36.802Z] [✓] #2319 02319_475107192_1155963465890750_2992247786131446892_n.jpg
[2026-04-17T14:04:36.847Z] [✓] #2321 02321_475270900_1155961869224243_8892309881438127724_n.jpg
[2026-04-17T14:04:36.932Z] [✓] #2320 02320_475256153_1155963475890749_7276923048564906149_n.jpg
[2026-04-17T14:04:36.995Z] [✓] #2323 02323_475157027_1155962249224205_5402866836233183116_n.jpg
[2026-04-17T14:04:37.071Z] [✓] #2314 02314_475281671_1155964725890624_2538813789104486292_n.jpg
[2026-04-17T14:04:37.080Z] [✓] #2322 02322_475169303_1155962229224207_5081559937467616419_n.jpg
[2026-04-17T14:04:37.085Z] [✓] #2317 02317_475278839_1155963485890748_7178228575711534162_n.jpg
[2026-04-17T14:04:37.123Z] [✓] #2324 02324_475077139_1155962309224199_5946434990484663364_n.jpg
[2026-04-17T14:04:37.219Z] [✓] #2326 02326_475277241_1155962215890875_4904992697320325186_n.jpg
[2026-04-17T14:04:37.313Z] [✓] #2325 02325_475069284_1155962302557533_6255011937965451250_n.jpg
[2026-04-17T14:04:37.361Z] [✓] #2327 02327_474977410_1155962245890872_1221455723810215909_n.jpg
[2026-04-17T14:04:37.546Z] [✓] #2330 02330_475208301_1155961819224248_4781306850119182512_n.jpg
[2026-04-17T14:04:37.598Z] [✓] #2328 02328_475185903_1155962232557540_2723486942972375413_n.jpg
[2026-04-17T14:04:37.602Z] [✓] #2332 02332_475148836_1155962225890874_1365862977214670686_n.jpg
[2026-04-17T14:04:37.718Z] [✓] #2334 02334_475298395_1155962192557544_2247957775674927125_n.jpg
[2026-04-17T14:04:37.755Z] [✓] #2333 02333_475271300_1155962095890887_2454570203218542304_n.jpg
[2026-04-17T14:04:37.824Z] [✓] #2329 02329_475141121_1155962252557538_575761585853781365_n.jpg
[2026-04-17T14:04:37.888Z] [✓] #2336 02336_475038807_1155962209224209_7029504714649263544_n.jpg
[2026-04-17T14:04:37.950Z] [✓] #2331 02331_475078974_1155962205890876_1257264762913964349_n.jpg
[2026-04-17T14:04:38.079Z] [✓] #2337 02337_475073744_1155962242557539_7824254423896083492_n.jpg
[2026-04-17T14:04:38.107Z] [✓] #2335 02335_475280305_1155962202557543_4916088138152439866_n.jpg
[2026-04-17T14:04:38.116Z] [✓] #2340 02340_475225361_1155962199224210_5032192957205409360_n.jpg
[2026-04-17T14:04:38.252Z] [✓] #2343 02343_474695065_1154279172725846_7790865619887073380_n.jpg
[2026-04-17T14:04:38.343Z] [✓] #2338 02338_475226575_1155961855890911_5400247145408496793_n.jpg
[2026-04-17T14:04:38.345Z] [✓] #2341 02341_474683153_1154279169392513_8632603921265076479_n.jpg
[2026-04-17T14:04:38.404Z] [✓] #2342 02342_474859094_1154279292725834_3864545331648110102_n.jpg
[2026-04-17T14:04:38.487Z] [✓] #2344 02344_474793927_1154279166059180_2882508066339163754_n.jpg
[2026-04-17T14:04:38.581Z] [✓] #2339 02339_475149676_1155962102557553_3042902394382520826_n.jpg
[2026-04-17T14:04:38.587Z] [✓] #2345 02345_474779310_1154279152725848_3723922180836334296_n.jpg
[2026-04-17T14:04:38.651Z] [✓] #2348 02348_474779883_1154279162725847_8975471690923228999_n.jpg
[2026-04-17T14:04:38.669Z] [✓] #2347 02347_474745225_1154279182725845_9025458970214016455_n.jpg
[2026-04-17T14:04:38.750Z] [✓] #2350 02350_474697690_1154279326059164_2003690443801422158_n.jpg
[2026-04-17T14:04:38.781Z] [✓] #2349 02349_474694985_1154279126059184_4025597341627454676_n.jpg
[2026-04-17T14:04:38.892Z] [✓] #2346 02346_474762534_1154279149392515_5733264596509687894_n.jpg
[2026-04-17T14:04:38.895Z] [✓] #2353 02353_474591959_1154279289392501_2662803739417769798_n.jpg
[2026-04-17T14:04:38.938Z] [✓] #2354 02354_474808724_1154278692725894_2084838507614124423_n.jpg
[2026-04-17T14:04:38.981Z] [✓] #2351 02351_474807966_1154279179392512_374340618384365773_n.jpg
[2026-04-17T14:04:39.058Z] [✓] #2356 02356_475043076_1154278626059234_8288573089912625803_n.jpg
[2026-04-17T14:04:39.145Z] [✓] #2355 02355_474653546_1154278629392567_7071804952273871238_n.jpg
[2026-04-17T14:04:39.178Z] [✓] #2357 02357_474593247_1154278322725931_6520898717100394134_n.jpg
[2026-04-17T14:04:39.182Z] [✓] #2358 02358_474689306_1154278216059275_6508076716601536627_n.jpg
[2026-04-17T14:04:39.255Z] [✓] #2359 02359_474688882_1154278246059272_940283260470763570_n.jpg
[2026-04-17T14:04:39.272Z] [✓] #2360 02360_474591072_1154278102725953_1084059618705324222_n.jpg
[2026-04-17T14:04:39.328Z] [✓] #2361 02361_474699382_1154277852725978_4002606967850285969_n.jpg
[2026-04-17T14:04:39.389Z] [✓] #2363 02363_474785815_1154276976059399_3430297939319023838_n.jpg
[2026-04-17T14:04:39.411Z] [✓] #2352 02352_474536803_1154279242725839_5298500139662234112_n.jpg
[2026-04-17T14:04:39.462Z] [✓] #2362 02362_474778897_1154278039392626_9173824288437259556_n.jpg
[2026-04-17T14:04:39.464Z] [✓] #2364 02364_474654873_1154273866059710_5000581523181993088_n.jpg
[2026-04-17T14:04:39.471Z] [✓] #2365 02365_475020023_1154275712726192_2293084567835804626_n.jpg
[2026-04-17T14:04:39.521Z] [✓] #2366 02366_474892768_1154274799392950_3245704605063926411_n.jpg
[2026-04-17T14:04:39.536Z] [✓] #2367 02367_474695594_1154273422726421_4634483443047233373_n.jpg
[2026-04-17T14:04:39.580Z] [✓] #2368 02368_474592409_1154273429393087_3526728169952674007_n.jpg
[2026-04-17T14:04:39.659Z] [✓] #2371 02371_474594731_1154273746059722_6674432032992062818_n.jpg
[2026-04-17T14:04:39.680Z] [✓] #2370 02370_474501784_1154273449393085_8970003144653818526_n.jpg
[2026-04-17T14:04:39.768Z] [✓] #2374 02374_475075806_1154271236059973_9044965715604416966_n.jpg
[2026-04-17T14:04:39.806Z] [✓] #2372 02372_475168421_1154273442726419_8222249083831671452_n.jpg
[2026-04-17T14:04:39.862Z] [✓] #2373 02373_475026107_1154271222726641_8537880588344544097_n.jpg
[2026-04-17T14:04:39.885Z] [✓] #2375 02375_474682340_1154271209393309_1177403204968572360_n.jpg
[2026-04-17T14:04:39.913Z] [✓] #2376 02376_474596045_1154271229393307_991769120223777329_n.jpg
[2026-04-17T14:04:39.955Z] [✓] #2377 02377_474992015_1154271246059972_6912817972356708207_n.jpg
[2026-04-17T14:04:40.056Z] [✓] #2380 02380_474692256_1154270309393399_6970244878087180045_n.jpg
[2026-04-17T14:04:40.102Z] [✓] #2378 02378_474595398_1154271206059976_8306655886657940944_n.jpg
[2026-04-17T14:04:40.115Z] [✓] #2379 02379_474699157_1154270236060073_5889675028936656797_n.jpg
[2026-04-17T14:04:40.190Z] [✓] #2382 02382_474777535_1154270456060051_5111583722218011600_n.jpg
[2026-04-17T14:04:40.240Z] [✓] #2381 02381_474904811_1154270439393386_5552153949966483875_n.jpg
[2026-04-17T14:04:40.292Z] [✓] #2383 02383_474938532_1154270232726740_5258344954061795619_n.jpg
[2026-04-17T14:04:40.345Z] [✓] #2369 02369_474756139_1154273432726420_1147647927990073649_n.jpg
[2026-04-17T14:04:40.354Z] [✓] #2384 02384_474795875_1154268216060275_2900985930775735553_n.jpg
[2026-04-17T14:04:40.427Z] [✓] #2388 02388_474751058_1154268212726942_8476696804590309479_n.jpg
[2026-04-17T14:04:40.444Z] [✓] #2389 02389_474777532_1154264982727265_622668123866463843_n.jpg
[2026-04-17T14:04:40.463Z] [✓] #2387 02387_474689306_1154267996060297_2422044153064894371_n.jpg
[2026-04-17T14:04:40.525Z] [✓] #2391 02391_474592989_1154265172727246_6168705183125386374_n.jpg
[2026-04-17T14:04:40.570Z] [✓] #2392 02392_474778335_1154264919393938_1293456457324274770_n.jpg
[2026-04-17T14:04:40.580Z] [✓] #2390 02390_474491633_1154265166060580_2565281445846199921_n.jpg
[2026-04-17T14:04:40.592Z] [✓] #2386 02386_474595206_1154268206060276_8156744432026275017_n.jpg
[2026-04-17T14:04:40.643Z] [✓] #2393 02393_474758407_1154265162727247_922992361799212794_n.jpg
[2026-04-17T14:04:40.662Z] [✓] #2395 02395_475052350_1154265119393918_2097022873060965047_n.jpg
[2026-04-17T14:04:40.710Z] [✓] #2394 02394_474595395_1154265112727252_2205519019521255981_n.jpg
[2026-04-17T14:04:40.713Z] [✓] #2396 02396_475036287_1154262556060841_5331088456471946797_n.jpg
[2026-04-17T14:04:40.746Z] [✓] #2385 02385_475021172_1154268376060259_8321724557618246385_n.jpg
[2026-04-17T14:04:40.858Z] [✓] #2399 02399_474756138_1154262589394171_7535210644701352193_n.jpg
[2026-04-17T14:04:40.946Z] [✓] #2397 02397_474731531_1154262716060825_4875882697841777311_n.jpg
[2026-04-17T14:04:40.971Z] [✓] #2401 02401_474621774_1154261536060943_3291256760020276368_n.jpg
[2026-04-17T14:04:40.978Z] [✓] #2398 02398_474656061_1154262709394159_8251315969667304458_n.jpg
[2026-04-17T14:04:41.030Z] [✓] #2403 02403_475113882_1154260669394363_3133405239307353511_n.jpg
[2026-04-17T14:04:41.038Z] [✓] #2400 02400_474877140_1154261539394276_1114288244538106420_n.jpg
[2026-04-17T14:04:41.045Z] [✓] #2402 02402_474778463_1154261556060941_1905524821221835492_n.jpg
[2026-04-17T14:04:41.067Z] [✓] #2404 02404_474796744_1154259242727839_2913734267633935683_n.jpg
[2026-04-17T14:04:41.151Z] [✓] #2406 02406_475034336_1154259199394510_7221541524742174482_n.jpg
[2026-04-17T14:04:41.177Z] [✓] #2407 02407_474701681_1154259096061187_8753953945225090870_n.jpg
[2026-04-17T14:04:41.193Z] [✓] #2405 02405_474937359_1154259179394512_1506578556399463393_n.jpg
[2026-04-17T14:04:41.242Z] [✓] #2409 02409_474595689_1154259206061176_2730226474217737476_n.jpg
[2026-04-17T14:04:41.273Z] [✓] #2408 02408_474700179_1154259092727854_1832399671633713003_n.jpg
[2026-04-17T14:04:41.338Z] [✓] #2412 02412_474721089_1154258752727888_7590422970887230191_n.jpg
[2026-04-17T14:04:41.346Z] [✓] #2411 02411_474892768_1154259082727855_5942793185536657249_n.jpg
[2026-04-17T14:04:41.411Z] [✓] #2413 02413_474701825_1154258496061247_6423654938586746566_n.jpg
[2026-04-17T14:04:41.466Z] [✓] #2410 02410_474596297_1154259089394521_322978285922422693_n.jpg
[2026-04-17T14:04:41.479Z] [✓] #2416 02416_474694991_1154258506061246_2039826701449661214_n.jpg
[2026-04-17T14:04:41.488Z] [✓] #2415 02415_474777565_1154258549394575_3822620746301973983_n.jpg
[2026-04-17T14:04:41.493Z] [✓] #2414 02414_474727296_1154258469394583_5831199330567437931_n.jpg
[2026-04-17T14:04:41.524Z] [✓] #2417 02417_474591112_1154258289394601_2112713925085985112_n.jpg
[2026-04-17T14:04:41.564Z] [✓] #2419 02419_475049123_1154258552727908_3887469824556261917_n.jpg
[2026-04-17T14:04:41.596Z] [✓] #2421 02421_474677106_1154258632727900_5895148671636875802_n.jpg
[2026-04-17T14:04:41.624Z] [✓] #2422 02422_474540566_1154257549394675_5475609568207096143_n.jpg
[2026-04-17T14:04:41.629Z] [✓] #2420 02420_474689319_1154258516061245_7621760436206409257_n.jpg
[2026-04-17T14:04:41.724Z] [✓] #2424 02424_474652211_1154255149394915_541182910200238229_n.jpg
[2026-04-17T14:04:41.739Z] [✓] #2418 02418_474699236_1154258532727910_5014073944928118680_n.jpg
[2026-04-17T14:04:41.880Z] [✓] #2427 02427_474901610_1154255066061590_5059679909222155507_n.jpg
[2026-04-17T14:04:41.884Z] [✓] #2423 02423_474592156_1154255142728249_8219762403663764040_n.jpg
[2026-04-17T14:04:41.885Z] [✓] #2425 02425_474779379_1154255039394926_5468343564098839087_n.jpg
[2026-04-17T14:04:41.928Z] [✓] #2426 02426_474478252_1154255429394887_3947279705757087911_n.jpg
[2026-04-17T14:04:42.028Z] [✓] #2430 02430_474506345_1153628649457565_1626153715730945861_n.jpg
[2026-04-17T14:04:42.060Z] [✓] #2432 02432_474513430_1153628792790884_7466108999737966396_n.jpg
[2026-04-17T14:04:42.061Z] [✓] #2429 02429_474745896_1153631326123964_4497168697930414245_n.jpg
[2026-04-17T14:04:42.101Z] [✓] #2431 02431_474792537_1153628656124231_1127045682801893926_n.jpg
[2026-04-17T14:04:42.135Z] [✓] #2433 02433_474272653_1153626456124451_7643764258845252459_n.jpg
[2026-04-17T14:04:42.198Z] [✓] #2435 02435_474825543_1153622969458133_3705877044468037805_n.jpg
[2026-04-17T14:04:42.318Z] [✓] #2428 02428_474737432_1154255182728245_2715084070772778270_n.jpg
[2026-04-17T14:04:42.325Z] [✓] #2437 02437_474493893_1153623049458125_1375643606514298641_n.jpg
[2026-04-17T14:04:42.337Z] [✓] #2436 02436_474992198_1153623042791459_4527799005740611354_n.jpg
[2026-04-17T14:04:42.353Z] [✓] #2434 02434_474498809_1153622809458149_5541094389952432544_n.jpg
[2026-04-17T14:04:42.444Z] [✓] #2440 02440_474112371_1153621842791579_1249575284527497757_n.jpg
[2026-04-17T14:04:42.480Z] [✓] #2441 02441_474748207_1153619396125157_239689541439740175_n.jpg
[2026-04-17T14:04:42.546Z] [✓] #2438 02438_474681486_1153623012791462_6548790461485853066_n.jpg
[2026-04-17T14:04:42.586Z] [✓] #2443 02443_474948726_1153619149458515_4051484668343557279_n.jpg
[2026-04-17T14:04:42.595Z] [✓] #2442 02442_474079183_1153619392791824_6127311459544981882_n.jpg
[2026-04-17T14:04:42.710Z] [✓] #2444 02444_474653949_1153619382791825_6652314711452714551_n.jpg
[2026-04-17T14:04:42.757Z] [✓] #2446 02446_474838307_1153619249458505_3176262127016114302_n.jpg
[2026-04-17T14:04:42.804Z] [✓] #2447 02447_474486869_1153618062791957_3887891383938694256_n.jpg
[2026-04-17T14:04:42.877Z] [✓] #2449 02449_474686678_1153618056125291_7638616835426850907_n.jpg
[2026-04-17T14:04:42.909Z] [✓] #2445 02445_474682605_1153619166125180_7084636756440931082_n.jpg
[2026-04-17T14:04:43.015Z] [✓] #2451 02451_474640401_1153617882791975_7369805843143493465_n.jpg
[2026-04-17T14:04:43.041Z] [✓] #2450 02450_474803753_1153618246125272_838285574311702722_n.jpg
[2026-04-17T14:04:43.046Z] [✓] #2439 02439_474736678_1153621632791600_8778133535734000445_n.jpg
[2026-04-17T14:04:43.058Z] [✓] #2452 02452_474790034_1153599116127185_9008013390488314195_n.jpg
[2026-04-17T14:04:43.110Z] [✓] #2453 02453_474791792_1153598489460581_3440779878873287866_n.jpg
[2026-04-17T14:04:43.189Z] [✓] #2448 02448_475051286_1153618199458610_5467821038561991061_n.jpg
[2026-04-17T14:04:43.213Z] [✓] #2455 02455_474696855_1153595009460929_1467388578627626268_n.jpg
[2026-04-17T14:04:43.225Z] [✓] #2457 02457_474793146_1153594622794301_429099243472002064_n.jpg
[2026-04-17T14:04:43.246Z] [✓] #2454 02454_474707334_1153594736127623_1672794039845390313_n.jpg
[2026-04-17T14:04:43.302Z] [✓] #2456 02456_474634356_1153594839460946_581390821281892015_n.jpg
[2026-04-17T14:04:43.354Z] [✓] #2459 02459_474745703_1153595042794259_7661319482380321319_n.jpg
[2026-04-17T14:04:43.376Z] [✓] #2461 02461_474607511_1153594972794266_1649554729703836719_n.jpg
[2026-04-17T14:04:43.405Z] [✓] #2458 02458_474788395_1153594719460958_6249521825794091441_n.jpg
[2026-04-17T14:04:43.525Z] [✓] #2464 02464_474788894_1153591386127958_6359779465409333737_n.jpg
[2026-04-17T14:04:43.537Z] [✓] #2462 02462_474744893_1153591852794578_7246980878478632775_n.jpg
[2026-04-17T14:04:43.577Z] [✓] #2465 02465_474695219_1153591379461292_2669979540657827397_n.jpg
[2026-04-17T14:04:43.632Z] [✓] #2466 02466_474736659_1153591372794626_5509932676271402847_n.jpg
[2026-04-17T14:04:43.717Z] [✓] #2467 02467_474724681_1153591642794599_804248294835088826_n.jpg
[2026-04-17T14:04:43.756Z] [✓] #2468 02468_474604755_1153590729461357_3316562387089209773_n.jpg
[2026-04-17T14:04:43.768Z] [✓] #2460 02460_474654990_1153594959460934_9186823950786882420_n.jpg
[2026-04-17T14:04:43.854Z] [✓] #2470 02470_474610263_1153588359461594_4788116430173235831_n.jpg
[2026-04-17T14:04:43.867Z] [✓] #2463 02463_474684631_1153591659461264_543052832293068317_n.jpg
[2026-04-17T14:04:44.062Z] [✓] #2474 02474_474736461_1153586532795110_7865475585219475493_n.jpg
[2026-04-17T14:04:44.076Z] [✓] #2472 02472_474612031_1153588249461605_1858906750837086831_n.jpg
[2026-04-17T14:04:44.081Z] [✓] #2473 02473_474890696_1153586479461782_2472186793581530619_n.jpg
[2026-04-17T14:04:44.086Z] [✓] #2469 02469_474660119_1153588476128249_5349376938294699202_n.jpg
[2026-04-17T14:04:44.089Z] [✓] #2471 02471_474739682_1153588462794917_7553822351442063616_n.jpg
[2026-04-17T14:04:44.207Z] [✓] #2479 02479_474791430_1153582942795469_8022244275753544913_n.jpg
[2026-04-17T14:04:44.248Z] [✓] #2476 02476_474675939_1153584439461986_8012999973614132437_n.jpg
[2026-04-17T14:04:44.332Z] [✓] #2478 02478_474669316_1153583139462116_5654042243086086453_n.jpg
[2026-04-17T14:04:44.397Z] [✓] #2475 02475_474791430_1153585262795237_1997193020168038910_n.jpg
[2026-04-17T14:04:44.459Z] [✓] #2480 02480_474746781_1153583206128776_7161043935987154145_n.jpg
[2026-04-17T14:04:44.470Z] [✓] #2477 02477_474718724_1153584282795335_189985034071227113_n.jpg
[2026-04-17T14:04:44.912Z] [✓] #2484 02484_474791795_1153582009462229_3577624119315977478_n.jpg
[2026-04-17T14:04:44.966Z] [✓] #2482 02482_474736183_1153582106128886_8358086880528962505_n.jpg
[2026-04-17T14:04:44.975Z] [✓] #2483 02483_475103522_1153581866128910_9195970275039483817_n.jpg
[2026-04-17T14:04:45.383Z] [✓] #2486 02486_474998277_1153581876128909_5399509416291143653_n.jpg
[2026-04-17T14:04:45.388Z] [✓] #2485 02485_474724681_1153582289462201_7433001470245138549_n.jpg
[2026-04-17T14:04:45.395Z] [✓] #2488 02488_474647968_1153582022795561_3666590986653883432_n.jpg
[2026-04-17T14:04:45.856Z] [✓] #2489 02489_474746651_1153581882795575_4171030984450917119_n.jpg
[2026-04-17T14:04:45.949Z] [✓] #2490 02490_474636692_1153582129462217_644199536718890378_n.jpg
[2026-04-17T14:04:45.951Z] [✓] #2487 02487_474650312_1153582062795557_3557972907678806105_n.jpg
[2026-04-17T14:04:45.954Z] [✓] #2481 02481_474640084_1153581872795576_1078936183205014658_n.jpg
[2026-04-17T14:04:46.011Z] [✓] #2493 02493_474627186_1153580926129004_8122663709707355774_n.jpg
[2026-04-17T14:04:46.017Z] [✓] #2494 02494_474658862_1153580916129005_4740066718295430625_n.jpg
[2026-04-17T14:04:46.113Z] [✓] #2495 02495_474788388_1153580816129015_6132235338112371773_n.jpg
[2026-04-17T14:04:46.115Z] [✓] #2491 02491_474628871_1153582039462226_1711687986887461672_n.jpg
[2026-04-17T14:04:46.167Z] [✓] #2492 02492_474612031_1153582132795550_464397926010520611_n.jpg
[2026-04-17T14:04:46.183Z] [✓] #2496 02496_474745697_1153579539462476_4924845703944882260_n.jpg
[2026-04-17T14:04:46.223Z] [✓] #2497 02497_474631658_1153579609462469_6831236178110220384_n.jpg
[2026-04-17T14:04:46.251Z] [✓] #2498 02498_474670139_1153579492795814_2067367697047506206_n.jpg
[2026-04-17T14:04:46.436Z] [✓] #2499 02499_474788425_1153578746129222_7440818205227168924_n.jpg
[2026-04-17T14:04:46.477Z] [✓] #2500 02500_474703199_1153579142795849_7393665101011199246_n.jpg
[2026-04-17T14:04:46.494Z] [✓] #2503 02503_474746480_1153579122795851_7788424061181810667_n.jpg
[2026-04-17T14:04:46.498Z] [✓] #2502 02502_474791995_1153578976129199_7512237057849714035_n.jpg
[2026-04-17T14:04:46.591Z] [✓] #2504 02504_474744804_1153579162795847_5256954787718778423_n.jpg
[2026-04-17T14:04:46.635Z] [✓] #2507 02507_474789740_1153577009462729_6566794964544192568_n.jpg
[2026-04-17T14:04:46.667Z] [✓] #2505 02505_474976412_1153578736129223_8532133251843237294_n.jpg
[2026-04-17T14:04:46.722Z] [✓] #2506 02506_474681037_1153577852795978_4043170553193330838_n.jpg
[2026-04-17T14:04:46.804Z] [✓] #2509 02509_474759800_1153574606129636_6087728389674212289_n.jpg
[2026-04-17T14:04:46.812Z] [✓] #2508 02508_474790009_1153574702796293_9143050558273953022_n.jpg
[2026-04-17T14:04:46.850Z] [✓] #2510 02510_474742964_1153574876129609_6847589554047485716_n.jpg
[2026-04-17T14:04:46.891Z] [✓] #2511 02511_474746965_1153574879462942_3513966309565378623_n.jpg
[2026-04-17T14:04:46.912Z] [✓] #2513 02513_474791637_1153574456129651_6744911938355224620_n.jpg
[2026-04-17T14:04:46.958Z] [✓] #2512 02512_474745514_1153574906129606_5859855048835427089_n.jpg
[2026-04-17T14:04:47.002Z] [✓] #2514 02514_474697055_1153573649463065_2460625681343346331_n.jpg
[2026-04-17T14:04:47.076Z] [✓] #2517 02517_474617116_1153573769463053_2327928381785447211_n.jpg
[2026-04-17T14:04:47.085Z] [✓] #2515 02515_474675939_1153573616129735_6545195254686693526_n.jpg
[2026-04-17T14:04:47.088Z] [✓] #2501 02501_474648012_1153578989462531_9188137261023096188_n.jpg
[2026-04-17T14:04:47.089Z] [✓] #2516 02516_474790987_1153573732796390_6280629523148653958_n.jpg
[2026-04-17T14:04:47.153Z] [✓] #2518 02518_474617252_1153572489463181_1315050209877512123_n.jpg
[2026-04-17T14:04:47.156Z] [✓] #2519 02519_474974293_1153572359463194_7453585280852702935_n.jpg
[2026-04-17T14:04:47.306Z] [✓] #2521 02521_474746838_1153570712796692_1504694522742846935_n.jpg
[2026-04-17T14:04:47.313Z] [✓] #2522 02522_474747921_1153570449463385_5819365040169677911_n.jpg
[2026-04-17T14:04:47.328Z] [✓] #2524 02524_474610263_1153570426130054_8058285208408260777_n.jpg
[2026-04-17T14:04:47.330Z] [✓] #2520 02520_474739379_1153570662796697_1496932271221932431_n.jpg
[2026-04-17T14:04:47.427Z] [✓] #2526 02526_474744916_1153568559463574_3466510866993131735_n.jpg
[2026-04-17T14:04:47.479Z] [✓] #2528 02528_474224662_1153036536183443_3425657689532298495_n.jpg
[2026-04-17T14:04:47.557Z] [✓] #2527 02527_474822350_1153036376183459_765159647059470778_n.jpg
[2026-04-17T14:04:47.599Z] [✓] #2529 02529_474262364_1153036626183434_4293589650803345418_n.jpg
[2026-04-17T14:04:47.636Z] [✓] #2525 02525_474741641_1153570676130029_2469975268738262561_n.jpg
[2026-04-17T14:04:47.677Z] [✓] #2531 02531_474429269_1153036406183456_3158354169843045737_n.jpg
[2026-04-17T14:04:47.680Z] [✓] #2530 02530_474570046_1153036369516793_4578207622005943556_n.jpg
[2026-04-17T14:04:47.841Z] [✓] #2532 02532_474569690_1153036702850093_881771008196619524_n.jpg
[2026-04-17T14:04:47.854Z] [✓] #2534 02534_474327019_1153035522850211_9131431129333848134_n.jpg
[2026-04-17T14:04:47.859Z] [✓] #2535 02535_474486747_1153034426183654_891440612878459825_n.jpg
[2026-04-17T14:04:47.868Z] [✓] #2533 02533_474505370_1153036379516792_8542693690680418646_n.jpg
[2026-04-17T14:04:47.940Z] [✓] #2537 02537_474500130_1153034429516987_2451255695495526220_n.jpg
[2026-04-17T14:04:48.015Z] [✓] #2539 02539_474499246_1153034256183671_5869843768266522186_n.jpg
[2026-04-17T14:04:48.019Z] [✓] #2538 02538_474743283_1153034059517024_777484046387103205_n.jpg
[2026-04-17T14:04:48.042Z] [✓] #2540 02540_474855654_1153034212850342_4494902625070610130_n.jpg
[2026-04-17T14:04:48.120Z] [✓] #2541 02541_474538045_1153034236183673_4655427739457820255_n.jpg
[2026-04-17T14:04:48.207Z] [✓] #2544 02544_474574661_1153034156183681_3299196059404374695_n.jpg
[2026-04-17T14:04:48.213Z] [✓] #2542 02542_474789489_1153034409516989_3380668477042670024_n.jpg
[2026-04-17T14:04:48.325Z] [✓] #2546 02546_474693264_1153033986183698_2882883397082721147_n.jpg
[2026-04-17T14:04:48.358Z] [✓] #2545 02545_474198695_1153034422850321_1899586777891989851_n.jpg
[2026-04-17T14:04:48.376Z] [✓] #2536 02536_474323964_1153034412850322_6250916543176977440_n.jpg
[2026-04-17T14:04:48.466Z] [✓] #2547 02547_474388692_1153034159517014_4365809325659200323_n.jpg
[2026-04-17T14:04:48.477Z] [✓] #2543 02543_474693632_1153033962850367_3316897135135967186_n.jpg
[2026-04-17T14:04:48.538Z] [✓] #2549 02549_474507449_1153031616183935_6097388944993507074_n.jpg
[2026-04-17T14:04:48.571Z] [✓] #2550 02550_474441287_1153031729517257_7194893123482043119_n.jpg
[2026-04-17T14:04:48.581Z] [✓] #2548 02548_474260770_1153034006183696_3640817224726698114_n.jpg
[2026-04-17T14:04:48.621Z] [✓] #2551 02551_474898908_1153031732850590_4657640095895867277_n.jpg
[2026-04-17T14:04:48.700Z] [✓] #2552 02552_474807631_1153031686183928_3328501828996667969_n.jpg
[2026-04-17T14:04:48.730Z] [✓] #2554 02554_474202938_1153031929517237_7893702812762917636_n.jpg
[2026-04-17T14:04:48.735Z] [✓] #2555 02555_474194005_1153032046183892_2480166399674222028_n.jpg
[2026-04-17T14:04:48.793Z] [✓] #2556 02556_474976365_1153032032850560_7292649064870939911_n.jpg
[2026-04-17T14:04:48.822Z] [✓] #2557 02557_474697846_1153032022850561_3320899549334670673_n.jpg
[2026-04-17T14:04:48.859Z] [✓] #2558 02558_474221125_1153028309517599_6049881971093701341_n.jpg
[2026-04-17T14:04:48.956Z] [✓] #2559 02559_474103725_1153028319517598_6727660889787114133_n.jpg
[2026-04-17T14:04:48.967Z] [✓] #2560 02560_474505370_1153028629517567_7972087743955087679_n.jpg
[2026-04-17T14:04:48.989Z] [✓] #2561 02561_474545630_1153028409517589_925384950258808614_n.jpg
[2026-04-17T14:04:49.109Z] [✓] #2563 02563_474488488_1153028436184253_6102339048846168384_n.jpg
[2026-04-17T14:04:49.124Z] [✓] #2562 02562_474561566_1153028476184249_5944402586181714944_n.jpg
[2026-04-17T14:04:49.134Z] [✓] #2553 02553_474555367_1153032006183896_2529688139193800335_n.jpg
[2026-04-17T14:04:49.136Z] [✓] #2564 02564_474269799_1153028236184273_5636024669421298523_n.jpg
[2026-04-17T14:04:49.227Z] [✓] #2565 02565_474956575_1153026242851139_4017887551805244849_n.jpg
[2026-04-17T14:04:49.291Z] [✓] #2568 02568_474268647_1153026072851156_4696988087907842475_n.jpg
[2026-04-17T14:04:49.295Z] [✓] #2566 02566_474119775_1153026189517811_6162076818995488984_n.jpg
[2026-04-17T14:04:49.366Z] [✓] #2567 02567_474677741_1153026179517812_2479092843149754645_n.jpg
[2026-04-17T14:04:49.407Z] [✓] #2571 02571_474371025_1153026046184492_135361266473232630_n.jpg
[2026-04-17T14:04:49.445Z] [✓] #2569 02569_474601050_1153026236184473_1959305516982189753_n.jpg
[2026-04-17T14:04:49.494Z] [✓] #2523 02523_474747487_1153570246130072_4479800720644287865_n.jpg
[2026-04-17T14:04:49.517Z] [✓] #2572 02572_474113591_1153025799517850_4982897003421338244_n.jpg
[2026-04-17T14:04:49.525Z] [✓] #2573 02573_474212960_1153025916184505_786504300945496687_n.jpg
[2026-04-17T14:04:49.551Z] [✓] #2574 02574_474901466_1153025809517849_2003973316931942438_n.jpg
[2026-04-17T14:04:49.627Z] [✓] #2575 02575_474172255_1153025806184516_4278084090806435082_n.jpg
[2026-04-17T14:04:49.664Z] [✓] #2576 02576_474538045_1153025852851178_3565469181987712913_n.jpg
[2026-04-17T14:04:49.700Z] [✓] #2577 02577_473622044_1147099743443789_6133724360702910472_n.jpg
[2026-04-17T14:04:49.718Z] [✓] #2578 02578_473432232_1147099900110440_2728981681308288733_n.jpg
[2026-04-17T14:04:49.730Z] [✓] #2579 02579_473574521_1147099863443777_9212321848637286208_n.jpg
[2026-04-17T14:04:49.754Z] [✓] #2570 02570_474213213_1153026246184472_8761694336144609477_n.jpg
[2026-04-17T14:04:49.776Z] [✓] #2580 02580_473549924_1147099500110480_7294387677542907294_n.jpg
[2026-04-17T14:04:49.834Z] [✓] #2583 02583_473362770_1147099493443814_4359098453956557892_n.jpg
[2026-04-17T14:04:49.892Z] [✓] #2582 02582_473274135_1147099433443820_904768452850881464_n.jpg
[2026-04-17T14:04:49.922Z] [✓] #2584 02584_473337283_1147099473443816_8268483480683922987_n.jpg
[2026-04-17T14:04:49.940Z] [✓] #2586 02586_473590343_1147099040110526_3737907515620775309_n.jpg
[2026-04-17T14:04:49.950Z] [✓] #2585 02585_473588348_1147099466777150_5358573388256857772_n.jpg
[2026-04-17T14:04:50.084Z] [✓] #2589 02589_473568890_1147096453444118_1786351755600244361_n.jpg
[2026-04-17T14:04:50.126Z] [✓] #2588 02588_473381785_1147097736777323_9031088602517002250_n.jpg
[2026-04-17T14:04:50.187Z] [✓] #2587 02587_473598784_1147098796777217_2129124370247648725_n.jpg
[2026-04-17T14:04:50.203Z] [✓] #2591 02591_473600911_1147096483444115_4875711149204025443_n.jpg
[2026-04-17T14:04:50.219Z] [✓] #2581 02581_473601391_1147099360110494_5874795764458247720_n.jpg
[2026-04-17T14:04:50.276Z] [✓] #2592 02592_473597795_1147096893444074_5183840037110825889_n.jpg
[2026-04-17T14:04:50.314Z] [✓] #2594 02594_473590821_1147096683444095_8441338620658387407_n.jpg
[2026-04-17T14:04:50.351Z] [✓] #2593 02593_473593019_1147096800110750_3025715421631069777_n.jpg
[2026-04-17T14:04:50.411Z] [✓] #2590 02590_473588465_1147096826777414_2778788628121703670_n.jpg
[2026-04-17T14:04:50.446Z] [✓] #2596 02596_473588196_1147096833444080_6086619673219191315_n.jpg
[2026-04-17T14:04:50.466Z] [✓] #2598 02598_473588465_1147096473444116_531792316697519005_n.jpg
[2026-04-17T14:04:50.566Z] [✓] #2599 02599_473619263_1147096806777416_8645474317434241297_n.jpg
[2026-04-17T14:04:50.588Z] [✓] #2597 02597_473590633_1147096476777449_6365539568106676449_n.jpg
[2026-04-17T14:04:50.622Z] [✓] #2600 02600_473619546_1147096723444091_671505030998619410_n.jpg
[2026-04-17T14:04:50.652Z] [✓] #2601 02601_473319086_1147096456777451_7957762588001749329_n.jpg
[2026-04-17T14:04:50.760Z] [✓] #2602 02602_473589830_1147096493444114_3066192324024866752_n.jpg
[2026-04-17T14:04:50.770Z] [✓] #2604 02604_473551334_1147096500110780_4981712774079160449_n.jpg
[2026-04-17T14:04:50.804Z] [✓] #2603 02603_473621983_1147096470110783_5088741220267114339_n.jpg
[2026-04-17T14:04:50.812Z] [✓] #2605 02605_473585707_1147096486777448_2064406808328383970_n.jpg
[2026-04-17T14:04:50.864Z] [✓] #2606 02606_473385583_1147096496777447_232611238870305494_n.jpg
[2026-04-17T14:04:50.909Z] [✓] #2607 02607_473319086_1147096716777425_7110581847284620791_n.jpg
[2026-04-17T14:04:50.950Z] [✓] #2609 02609_473588251_1147096460110784_3738667434773481302_n.jpg
[2026-04-17T14:04:50.997Z] [✓] #2608 02608_473621854_1147096743444089_6651211689244635588_n.jpg
[2026-04-17T14:04:51.020Z] [✓] #2610 02610_473619744_1147095430110887_5371125273296466031_n.jpg
[2026-04-17T14:04:51.037Z] [✓] #2611 02611_473598247_1147095613444202_5226728734626842958_n.jpg
[2026-04-17T14:04:51.058Z] [✓] #2612 02612_473429856_1147095746777522_7285405946144805983_n.jpg
[2026-04-17T14:04:51.103Z] [✓] #2614 02614_473591761_1147095606777536_1450245103200997004_n.jpg
[2026-04-17T14:04:51.106Z] [✓] #2595 02595_473266654_1147096463444117_9013733282481791153_n.jpg
[2026-04-17T14:04:51.138Z] [✓] #2613 02613_473444975_1147095640110866_6349203200547839807_n.jpg
[2026-04-17T14:04:51.194Z] [✓] #2616 02616_473598303_1147093560111074_7072967276402156824_n.jpg
[2026-04-17T14:04:51.200Z] [✓] #2615 02615_473558877_1147095666777530_8050441270080100381_n.jpg
[2026-04-17T14:04:51.238Z] [✓] #2617 02617_473597792_1147093756777721_7889759391988787330_n.jpg
[2026-04-17T14:04:51.280Z] [✓] #2619 02619_473591970_1147093626777734_6912021626577036174_n.jpg
[2026-04-17T14:04:51.320Z] [✓] #2622 02622_473421337_1147090326778064_1674228578130442517_n.jpg
[2026-04-17T14:04:51.348Z] [✓] #2620 02620_473318219_1147093633444400_5800087513793826932_n.jpg
[2026-04-17T14:04:51.481Z] [✓] #2624 02624_473590644_1147086753445088_3478106738612147932_n.jpg
[2026-04-17T14:04:51.540Z] [✓] #2621 02621_473521851_1147092643444499_9090335952194415390_n.jpg
[2026-04-17T14:04:51.553Z] [✓] #2625 02625_473588295_1147085243445239_8588398305404178028_n.jpg
[2026-04-17T14:04:51.599Z] [✓] #2626 02626_473319089_1147084943445269_7922230551738831707_n.jpg
[2026-04-17T14:04:51.632Z] [✓] #2627 02627_473601758_1147085263445237_6866530605405306280_n.jpg
[2026-04-17T14:04:51.642Z] [✓] #2623 02623_473319086_1147089406778156_6491228687860814482_n.jpg
[2026-04-17T14:04:51.689Z] [✓] #2628 02628_473592015_1147085156778581_1412498272676393735_n.jpg
[2026-04-17T14:04:51.735Z] [✓] #2630 02630_473350313_1147085396778557_6023879671010454355_n.jpg
[2026-04-17T14:04:51.777Z] [✓] #2631 02631_473588676_1147085050111925_5929235809361857892_n.jpg
[2026-04-17T14:04:51.834Z] [✓] #2633 02633_473336665_1147083946778702_5544143694502350814_n.jpg
[2026-04-17T14:04:51.838Z] [✓] #2618 02618_473591970_1147093773444386_2348333208733912883_n.jpg
[2026-04-17T14:04:51.843Z] [✓] #2632 02632_473591089_1147085080111922_6298031619573968371_n.jpg
[2026-04-17T14:04:51.889Z] [✓] #2634 02634_473598254_1147084123445351_1996104645823363274_n.jpg
[2026-04-17T14:04:51.940Z] [✓] #2635 02635_473379684_1147084016778695_8593723512910459280_n.jpg
[2026-04-17T14:04:51.980Z] [✓] #2637 02637_473587496_1147083103445453_107902522555355697_n.jpg
[2026-04-17T14:04:52.020Z] [✓] #2638 02638_473618314_1147084090112021_6048091386081050862_n.jpg
[2026-04-17T14:04:52.043Z] [✓] #2629 02629_473589620_1147085360111894_6548356401343104163_n.jpg
[2026-04-17T14:04:52.048Z] [✓] #2639 02639_473274169_1147083143445449_5977105531413342057_n.jpg
[2026-04-17T14:04:52.095Z] [✓] #2640 02640_473617195_1147083120112118_8387713655377491069_n.jpg
[2026-04-17T14:04:52.134Z] [✓] #2642 02642_473588672_1147082036778893_8390821436555530187_n.jpg
[2026-04-17T14:04:52.146Z] [✓] #2641 02641_473427601_1147082900112140_3864291608195054726_n.jpg
[2026-04-17T14:04:52.161Z] [✓] #2643 02643_473404115_1147081726778924_6800366798753046269_n.jpg
[2026-04-17T14:04:52.230Z] [✓] #2645 02645_473615796_1147080950112335_2451064726525727187_n.jpg
[2026-04-17T14:04:52.272Z] [✓] #2647 02647_473588570_1147078566779240_5452423346099012242_n.jpg
[2026-04-17T14:04:52.312Z] [✓] #2636 02636_473620095_1147083950112035_1795149442032340915_n.jpg
[2026-04-17T14:04:52.329Z] [✓] #2646 02646_473596775_1147080903445673_1912820109498455192_n.jpg
[2026-04-17T14:04:52.331Z] [✓] #2648 02648_473591546_1147078650112565_2960099174703978704_n.jpg
[2026-04-17T14:04:52.417Z] [✓] #2651 02651_473588651_1147077356779361_3709789648725823421_n.jpg
[2026-04-17T14:04:52.435Z] [✓] #2644 02644_473591115_1147080763445687_6743567697107628532_n.jpg
[2026-04-17T14:04:52.460Z] [✓] #2649 02649_473589423_1147078453445918_3269124684923820799_n.jpg
[2026-04-17T14:04:52.463Z] [✓] #2652 02652_473591053_1147077436779353_5979557505623376529_n.jpg
[2026-04-17T14:04:52.472Z] [✓] #2650 02650_473592404_1147078423445921_2140767165201001810_n.jpg
[2026-04-17T14:04:52.582Z] [✓] #2653 02653_473598037_1147076580112772_4158176870566689327_n.jpg
[2026-04-17T14:04:52.595Z] [✓] #2655 02655_473325835_1147073196779777_1197531646523433253_n.jpg
[2026-04-17T14:04:52.629Z] [✓] #2657 02657_473587272_1147073450113085_4654977301307784707_n.jpg
[2026-04-17T14:04:52.717Z] [✓] #2658 02658_473592028_1147073216779775_4055153671692959614_n.jpg
[2026-04-17T14:04:52.729Z] [✓] #2659 02659_473588799_1147073430113087_3442147004332532004_n.jpg
[2026-04-17T14:04:52.776Z] [✓] #2660 02660_473596661_1147073210113109_1701471559424664474_n.jpg
[2026-04-17T14:04:52.839Z] [✓] #2661 02661_473548677_1147073420113088_7776675712565568391_n.jpg
[2026-04-17T14:04:52.873Z] [✓] #2662 02662_473376586_1147073396779757_5282927235748607697_n.jpg
[2026-04-17T14:04:52.903Z] [✓] #2654 02654_473588596_1147076530112777_6363573966042554537_n.jpg
[2026-04-17T14:04:52.906Z] [✓] #2663 02663_473618886_1147072290113201_3035323705450625685_n.jpg
[2026-04-17T14:04:52.947Z] [✓] #2664 02664_473589045_1147070246780072_4503445869227560237_n.jpg
[2026-04-17T14:04:53.015Z] [✓] #2667 02667_473425540_1146537973499966_1104574842946108835_n.jpg
[2026-04-17T14:04:53.033Z] [✓] #2656 02656_473588674_1147073386779758_5325132970777770232_n.jpg
[2026-04-17T14:04:53.036Z] [✓] #2666 02666_473555580_1146536020166828_1545861744407878845_n.jpg
[2026-04-17T14:04:53.064Z] [✓] #2665 02665_473190581_1146539840166446_8042844446437915585_n.jpg
[2026-04-17T14:04:53.109Z] [✓] #2668 02668_473426852_1146537943499969_746760342597679374_n.jpg
[2026-04-17T14:04:53.146Z] [✓] #2670 02670_473570027_1146537936833303_2904225520745762062_n.jpg
[2026-04-17T14:04:53.189Z] [✓] #2671 02671_473426803_1146537960166634_8524652647457259523_n.jpg
[2026-04-17T14:04:53.195Z] [✓] #2669 02669_473053306_1146537940166636_9211737791657972217_n.jpg
[2026-04-17T14:04:53.222Z] [✓] #2672 02672_473190970_1146538166833280_4008761309137744140_n.jpg
[2026-04-17T14:04:53.255Z] [✓] #2673 02673_473192474_1146537963499967_8624838710673224977_n.jpg
[2026-04-17T14:04:53.313Z] [✓] #2676 02676_473541856_1146535893500174_9045547389372121493_n.jpg
[2026-04-17T14:04:53.327Z] [✓] #2675 02675_473591379_1146535866833510_327423544082361282_n.jpg
[2026-04-17T14:04:53.377Z] [✓] #2678 02678_473544779_1146536006833496_633842591390472506_n.jpg
[2026-04-17T14:04:53.401Z] [✓] #2677 02677_473426145_1146535870166843_672080629255439224_n.jpg
[2026-04-17T14:04:53.434Z] [✓] #2680 02680_473621711_1146536013500162_2204017893203905699_n.jpg
[2026-04-17T14:04:53.504Z] [✓] #2682 02682_473545740_1146533936833703_4336993246162274646_n.jpg
[2026-04-17T14:04:53.517Z] [✓] #2679 02679_473590288_1146535906833506_3685617490281527117_n.jpg
[2026-04-17T14:04:53.593Z] [✓] #2683 02683_473641831_1146534046833692_2080967495879953873_n.jpg
[2026-04-17T14:04:53.624Z] [✓] #2681 02681_473426698_1146535913500172_993466925002306530_n.jpg
[2026-04-17T14:04:53.636Z] [✓] #2684 02684_473568416_1146533933500370_9018428127248735955_n.jpg
[2026-04-17T14:04:53.640Z] [✓] #2674 02674_473426315_1146535890166841_3775138939835316512_n.jpg
[2026-04-17T14:04:53.669Z] [✓] #2685 02685_473668336_1146533046833792_4074557092849357260_n.jpg
[2026-04-17T14:04:53.707Z] [✓] #2686 02686_473544779_1146533073500456_5163482612483625034_n.jpg
[2026-04-17T14:04:53.764Z] [✓] #2688 02688_473566068_1146531876833909_7527643421402698932_n.jpg
[2026-04-17T14:04:53.798Z] [✓] #2687 02687_473707903_1146532800167150_6210445239935806139_n.jpg
[2026-04-17T14:04:53.856Z] [✓] #2689 02689_473385907_1146531846833912_3800348226740536359_n.jpg
[2026-04-17T14:04:53.904Z] [✓] #2692 02692_473190013_1146531833500580_8904221669558959576_n.jpg
[2026-04-17T14:04:53.918Z] [✓] #2691 02691_473395650_1146531880167242_7445942275385749479_n.jpg
[2026-04-17T14:04:53.951Z] [✓] #2693 02693_472905454_1146531723500591_3448032071173785371_n.jpg
[2026-04-17T14:04:54.003Z] [✓] #2695 02695_473192332_1146531856833911_444872673016019001_n.jpg
[2026-04-17T14:04:54.056Z] [✓] #2696 02696_473192061_1146531863500577_5041840584160163614_n.jpg
[2026-04-17T14:04:54.169Z] [✓] #2698 02698_473753698_1146529870167443_6881369895399333883_n.jpg
[2026-04-17T14:04:54.213Z] [✓] #2697 02697_473435926_1146531870167243_6074624348776796904_n.jpg
[2026-04-17T14:04:54.217Z] [✓] #2694 02694_473006241_1146531860167244_1005710505592955635_n.jpg
[2026-04-17T14:04:54.223Z] [✓] #2690 02690_473572211_1146531843500579_1872350771642604126_n.jpg
[2026-04-17T14:04:54.314Z] [✓] #2702 02702_473424853_1146528853500878_3306825437238979217_n.jpg
[2026-04-17T14:04:54.368Z] [✓] #2701 02701_473191558_1146528883500875_3628099009149053702_n.jpg
[2026-04-17T14:04:54.420Z] [✓] #2704 02704_473559272_1146528843500879_8713056989543300146_n.jpg
[2026-04-17T14:04:54.427Z] [✓] #2700 02700_473571450_1146528890167541_1881226622831507228_n.jpg
[2026-04-17T14:04:54.714Z] [✓] #2703 02703_473591488_1146528866834210_7220270452344173799_n.jpg
[2026-04-17T14:04:54.743Z] [✓] #2707 02707_473631381_1146525653501198_2920614592260926163_n.jpg
[2026-04-17T14:04:54.882Z] [✓] #2705 02705_473544308_1146525660167864_6528599285865212362_n.jpg
[2026-04-17T14:04:55.122Z] [✓] #2706 02706_473425725_1146525656834531_1640823714292851455_n.jpg
[2026-04-17T14:04:55.152Z] [✓] #2708 02708_473569249_1146525663501197_1767585545035041358_n.jpg
[2026-04-17T14:04:55.193Z] [✓] #2710 02710_473190947_1146525336834563_4976927586930077582_n.jpg
[2026-04-17T14:04:55.210Z] [✓] #2711 02711_473568736_1146524106834686_1883570684141697580_n.jpg
[2026-04-17T14:04:55.226Z] [✓] #2712 02712_473553725_1146524096834687_764784118518284454_n.jpg
[2026-04-17T14:04:55.229Z] [✓] #2709 02709_473569997_1146525650167865_2454693538038644688_n.jpg
[2026-04-17T14:04:55.329Z] [✓] #2714 02714_473436875_1146522043501559_8798131903509065803_n.jpg
[2026-04-17T14:04:55.432Z] [✓] #2699 02699_473588677_1146528573500906_3027741207382132595_n.jpg
[2026-04-17T14:04:55.449Z] [✓] #2715 02715_473569747_1146522373501526_6145703402997006421_n.jpg
[2026-04-17T14:04:55.467Z] [✓] #2716 02716_473762797_1146522370168193_3620865650235265971_n.jpg
[2026-04-17T14:04:55.561Z] [✓] #2720 02720_473192418_1146521176834979_16993907664181123_n.jpg
[2026-04-17T14:04:55.573Z] [✓] #2717 02717_473573818_1146522036834893_7900662752021766647_n.jpg
[2026-04-17T14:04:55.683Z] [✓] #2721 02721_473572805_1146520720168358_9054352763406576134_n.jpg
[2026-04-17T14:04:55.700Z] [✓] #2722 02722_473568456_1146521236834973_7142612634678466587_n.jpg
[2026-04-17T14:04:55.705Z] [✓] #2719 02719_473568518_1146521180168312_5685088364224442385_n.jpg
[2026-04-17T14:04:55.770Z] [✓] #2724 02724_473192501_1146518956835201_7469293449277771986_n.jpg
[2026-04-17T14:04:55.804Z] [✓] #2713 02713_473532855_1146522376834859_2035410505845312680_n.jpg
[2026-04-17T14:04:55.830Z] [✓] #2723 02723_473588745_1146520793501684_1912014798451720006_n.jpg
[2026-04-17T14:04:55.835Z] [✓] #2726 02726_473191170_1146515860168844_5096463018739691484_n.jpg
[2026-04-17T14:04:55.877Z] [✓] #2727 02727_473395653_1146514226835674_8872893540748782487_n.jpg
[2026-04-17T14:04:55.903Z] [✓] #2728 02728_473008021_1146514256835671_3822475942184501587_n.jpg
[2026-04-17T14:04:55.924Z] [✓] #2729 02729_473190703_1146514270169003_4494502186602637579_n.jpg
[2026-04-17T14:04:55.972Z] [✓] #2730 02730_473443404_1146514280169002_136053013015410529_n.jpg
[2026-04-17T14:04:55.975Z] [✓] #2731 02731_473562625_1146514273502336_6576425525177345569_n.jpg
[2026-04-17T14:04:55.999Z] [✓] #2732 02732_473705507_1146514250169005_458615071597221576_n.jpg
[2026-04-17T14:04:56.050Z] [✓] #2733 02733_473543038_1146512543502509_7358580755101197163_n.jpg
[2026-04-17T14:04:56.069Z] [✓] #2725 02725_473566338_1146517673501996_1423576902601096745_n.jpg
[2026-04-17T14:04:56.084Z] [✓] #2735 02735_473668442_1146512590169171_1827681027578108664_n.jpg
[2026-04-17T14:04:56.195Z] [✓] #2736 02736_473665964_1146512546835842_3828879174816712105_n.jpg
[2026-04-17T14:04:56.202Z] [✓] #2737 02737_473570466_1146512556835841_3547490049219300400_n.jpg
[2026-04-17T14:04:56.207Z] [✓] #2738 02738_473191024_1146512586835838_4031560757335421184_n.jpg
[2026-04-17T14:04:56.210Z] [✓] #2718 02718_473189278_1146521186834978_637452994202823942_n.jpg
[2026-04-17T14:04:56.236Z] [✓] #2734 02734_473191475_1146512576835839_3404152039810467820_n.jpg
[2026-04-17T14:04:56.334Z] [✓] #2742 02742_473520911_1146511720169258_448372334882470039_n.jpg
[2026-04-17T14:04:56.361Z] [✓] #2739 02739_473425915_1146511730169257_7115034695483752067_n.jpg
[2026-04-17T14:04:56.488Z] [✓] #2744 02744_473424647_1146509543502809_6326909503366948168_n.jpg
[2026-04-17T14:04:56.495Z] [✓] #2741 02741_473426013_1146511623502601_8997063530786708465_n.jpg
[2026-04-17T14:04:56.513Z] [✓] #2745 02745_473571460_1146509643502799_7695580959196615889_n.jpg
[2026-04-17T14:04:56.522Z] [✓] #2740 02740_473568834_1146511576835939_3081896664332981207_n.jpg
[2026-04-17T14:04:56.525Z] [✓] #2743 02743_473191193_1146509630169467_6976498743940849165_n.jpg
[2026-04-17T14:04:56.638Z] [✓] #2748 02748_473163774_1145597963593967_4655559095406883062_n.jpg
[2026-04-17T14:04:56.667Z] [✓] #2749 02749_473236213_1145597940260636_6424075106092541963_n.jpg
[2026-04-17T14:04:56.683Z] [✓] #2750 02750_473103467_1145597990260631_7380472906558464766_n.jpg
[2026-04-17T14:04:56.785Z] [✓] #2752 02752_472997252_1145598050260625_5784850453689719610_n.jpg
[2026-04-17T14:04:56.807Z] [✓] #2751 02751_473237439_1145597973593966_7039135297633819631_n.jpg
[2026-04-17T14:04:56.880Z] [✓] #2753 02753_472529876_1145597980260632_8216209290678922742_n.jpg
[2026-04-17T14:04:56.894Z] [✓] #2754 02754_473194773_1145597930260637_4194419387009824850_n.jpg
[2026-04-17T14:04:56.912Z] [✓] #2746 02746_473590392_1146509620169468_2646296984879865494_n.jpg
[2026-04-17T14:04:56.942Z] [✓] #2755 02755_473075577_1145597970260633_4524862402963626420_n.jpg
[2026-04-17T14:04:57.014Z] [✓] #2757 02757_473192415_1145598046927292_2378658978827262479_n.jpg
[2026-04-17T14:04:57.031Z] [✓] #2758 02758_473060250_1145597616927335_692289328763698852_n.jpg
[2026-04-17T14:04:57.073Z] [✓] #2756 02756_473280159_1145597956927301_6693158303532797912_n.jpg
[2026-04-17T14:04:57.090Z] [✓] #2759 02759_472976507_1145597646927332_5911474017559278223_n.jpg
[2026-04-17T14:04:57.105Z] [✓] #2760 02760_473095380_1145597683593995_2614246872731029142_n.jpg
[2026-04-17T14:04:57.157Z] [✓] #2761 02761_473023416_1145597760260654_5429930499243967322_n.jpg
[2026-04-17T14:04:57.169Z] [✓] #2764 02764_473099985_1145595733594190_8827875704870390264_n.jpg
[2026-04-17T14:04:57.204Z] [✓] #2747 02747_473567160_1146509593502804_1765680189093742986_n.jpg
[2026-04-17T14:04:57.219Z] [✓] #2763 02763_473521833_1145597700260660_1327227790203143296_n.jpg
[2026-04-17T14:04:57.223Z] [✓] #2762 02762_473075613_1145597596927337_2555204286931992633_n.jpg
[2026-04-17T14:04:57.225Z] [✓] #2765 02765_473271976_1145595406927556_517859052699861415_n.jpg
[2026-04-17T14:04:57.265Z] [✓] #2767 02767_473096383_1145595463594217_7779768110191237613_n.jpg
[2026-04-17T14:04:57.284Z] [✓] #2768 02768_473231334_1145593020261128_4889028635407047428_n.jpg
[2026-04-17T14:04:57.291Z] [✓] #2766 02766_473319932_1145595476927549_8652157708178262543_n.jpg
[2026-04-17T14:04:57.295Z] [✓] #2769 02769_473117332_1145592913594472_7794117956180039949_n.jpg
[2026-04-17T14:04:57.301Z] [✓] #2770 02770_473428059_1145592880261142_8010093230568544778_n.jpg
[2026-04-17T14:04:57.319Z] [✓] #2771 02771_473266151_1145592953594468_245721560046236014_n.jpg
[2026-04-17T14:04:57.397Z] [✓] #2773 02773_473104453_1145592270261203_4211191390363168240_n.jpg
[2026-04-17T14:04:57.443Z] [✓] #2772 02772_473186880_1145591990261231_2377989781957538057_n.jpg
[2026-04-17T14:04:57.545Z] [✓] #2777 02777_473544947_1145592380261192_8636168417597530509_n.jpg
[2026-04-17T14:04:57.648Z] [✓] #2778 02778_473277544_1145592370261193_8034889490902070424_n.jpg
[2026-04-17T14:04:57.722Z] [✓] #2780 02780_473028227_1145591953594568_2859463970661832958_n.jpg
[2026-04-17T14:04:57.750Z] [✓] #2774 02774_472974766_1145592206927876_4044591026486940384_n.jpg
[2026-04-17T14:04:57.768Z] [✓] #2775 02775_473265072_1145592120261218_3080537260542468770_n.jpg
[2026-04-17T14:04:57.786Z] [✓] #2781 02781_473098020_1145592156927881_4812430852008350605_n.jpg
[2026-04-17T14:04:57.823Z] [✓] #2783 02783_473149254_1145592160261214_5902850905281795304_n.jpg
[2026-04-17T14:04:57.824Z] [✓] #2782 02782_473031688_1145592186927878_4248272342204756846_n.jpg
[2026-04-17T14:04:57.839Z] [✓] #2776 02776_473248943_1145592353594528_1513205150551768591_n.jpg
[2026-04-17T14:04:57.844Z] [✓] #2784 02784_473360061_1145590773594686_3654583317938983701_n.jpg
[2026-04-17T14:04:57.874Z] [✓] #2785 02785_473320690_1145590950261335_5336259783232272283_n.jpg
[2026-04-17T14:04:57.883Z] [✓] #2786 02786_473169769_1145590800261350_1154107481954105953_n.jpg
[2026-04-17T14:04:57.905Z] [✓] #2787 02787_473080703_1145590996927997_1397089298852799289_n.jpg
[2026-04-17T14:04:57.933Z] [✓] #2789 02789_473053453_1145590736928023_5837873027662939751_n.jpg
[2026-04-17T14:04:57.940Z] [✓] #2790 02790_473173616_1145590756928021_7176877026349573769_n.jpg
[2026-04-17T14:04:57.968Z] [✓] #2791 02791_473191942_1145588856928211_811581125323436497_n.jpg
[2026-04-17T14:04:57.992Z] [✓] #2792 02792_473531094_1145588903594873_4109298678499586929_n.jpg
[2026-04-17T14:04:58.003Z] [✓] #2793 02793_473165656_1145588550261575_8859693198785406584_n.jpg
[2026-04-17T14:04:58.053Z] [✓] #2795 02795_473084120_1145588693594894_6059341197837548595_n.jpg
[2026-04-17T14:04:58.064Z] [✓] #2796 02796_473227481_1145588850261545_2181034154861667830_n.jpg
[2026-04-17T14:04:58.065Z] [✓] #2779 02779_473265114_1145592396927857_8022027861450132683_n.jpg
[2026-04-17T14:04:58.080Z] [✓] #2794 02794_473098027_1145588586928238_2725631502935648406_n.jpg
[2026-04-17T14:04:58.132Z] [✓] #2797 02797_473247939_1145587660261664_1164478538965034582_n.jpg
[2026-04-17T14:04:58.175Z] [✓] #2788 02788_473329846_1145590730261357_1728546670553194738_n.jpg
[2026-04-17T14:04:58.188Z] [✓] #2798 02798_473569666_1145587663594997_6191227767477102628_n.jpg
[2026-04-17T14:04:58.245Z] [✓] #2801 02801_473350947_1145587600261670_9205021655923758298_n.jpg
[2026-04-17T14:04:58.289Z] [✓] #2803 02803_473335998_1145587776928319_2968318245129981399_n.jpg
[2026-04-17T14:04:58.295Z] [✓] #2800 02800_473026818_1145587603595003_2177770151161251881_n.jpg
[2026-04-17T14:04:58.314Z] [✓] #2804 02804_473289338_1145587536928343_9026105440358247631_n.jpg
[2026-04-17T14:04:58.321Z] [✓] #2802 02802_473320280_1145587613595002_5456754092671061710_n.jpg
[2026-04-17T14:04:58.324Z] [✓] #2799 02799_473205533_1145587550261675_5481587399337786290_n.jpg
[2026-04-17T14:04:58.349Z] [✓] #2806 02806_473075526_1145587690261661_7583566922351421961_n.jpg
[2026-04-17T14:04:58.368Z] [✓] #2805 02805_473363088_1145587710261659_2390431175714414683_n.jpg
[2026-04-17T14:04:58.385Z] [✓] #2808 02808_473091587_1145587423595021_6517169620726774328_n.jpg
[2026-04-17T14:04:58.388Z] [✓] #2807 02807_473091040_1145587540261676_8378903379819877087_n.jpg
[2026-04-17T14:04:58.415Z] [✓] #2809 02809_473212259_1145282500292180_2739517184136632019_n.jpg
[2026-04-17T14:04:58.624Z] [✓] #2810 02810_473592160_1145279760292454_17249933136852593_n.jpg
[2026-04-17T14:04:58.649Z] [✓] #2812 02812_473552587_1145279390292491_7093741255617484539_n.jpg
[2026-04-17T14:04:58.651Z] [✓] #2813 02813_473589592_1145279523625811_1895133372958362033_n.jpg
[2026-04-17T14:04:58.723Z] [✓] #2815 02815_473298977_1145279526959144_7199482296122967526_n.jpg
[2026-04-17T14:04:58.744Z] [✓] #2811 02811_473136148_1145279770292453_2285446892807081957_n.jpg
[2026-04-17T14:04:58.772Z] [✓] #2817 02817_473580406_1145279840292446_3322516921900146999_n.jpg
[2026-04-17T14:04:58.819Z] [✓] #2814 02814_473128771_1145279516959145_1793363586920401060_n.jpg
[2026-04-17T14:04:58.875Z] [✓] #2816 02816_473097840_1145279843625779_1875544023270871790_n.jpg
[2026-04-17T14:04:58.897Z] [✓] #2820 02820_473561116_1145277106959386_9168299091827461189_n.jpg
[2026-04-17T14:04:58.933Z] [✓] #2819 02819_473082133_1145279863625777_167228338002521869_n.jpg
[2026-04-17T14:04:59.042Z] [✓] #2821 02821_473589637_1145277273626036_2182963156451480901_n.jpg
[2026-04-17T14:04:59.048Z] [✓] #2818 02818_473100791_1145279763625787_5581832852955448856_n.jpg
[2026-04-17T14:04:59.051Z] [✓] #2823 02823_473588163_1145277563626007_4605637575996617196_n.jpg
[2026-04-17T14:04:59.091Z] [✓] #2822 02822_473103363_1145277133626050_2966155061218112963_n.jpg
[2026-04-17T14:04:59.103Z] [✓] #2824 02824_473340365_1145277540292676_6041379327418634761_n.jpg
[2026-04-17T14:04:59.180Z] [✓] #2829 02829_473080552_1145275363626227_6061154001255427284_n.jpg
[2026-04-17T14:04:59.202Z] [✓] #2828 02828_473590069_1145275086959588_699686241536092860_n.jpg
[2026-04-17T14:04:59.214Z] [✓] #2825 02825_473438079_1145277130292717_3102342304193728408_n.jpg
[2026-04-17T14:04:59.249Z] [✓] #2830 02830_473095509_1145275343626229_8252570304700031986_n.jpg
[2026-04-17T14:04:59.251Z] [✓] #2826 02826_473079298_1145276413626122_3424708949784177963_n.jpg
[2026-04-17T14:04:59.304Z] [✓] #2832 02832_473079644_1145274323626331_5348693789721919010_n.jpg
[2026-04-17T14:04:59.308Z] [✓] #2831 02831_473438079_1145275180292912_1356046116358934544_n.jpg
[2026-04-17T14:04:59.328Z] [✓] #2833 02833_473080364_1145274210293009_1610960543983460549_n.jpg
[2026-04-17T14:04:59.520Z] [✓] #2834 02834_473079497_1145274116959685_7513927950798930493_n.jpg
[2026-04-17T14:04:59.525Z] [✓] #2835 02835_473588688_1145273136959783_8604574301808889537_n.jpg
[2026-04-17T14:04:59.555Z] [✓] #2827 02827_473591716_1145275863626177_7643169310226375357_n.jpg
[2026-04-17T14:04:59.624Z] [✓] #2839 02839_473588337_1145273026959794_1860575640493392067_n.jpg
[2026-04-17T14:04:59.655Z] [✓] #2837 02837_473595944_1145273250293105_5895379865137226022_n.jpg
[2026-04-17T14:04:59.660Z] [✓] #2836 02836_473590861_1145272876959809_1673305441734851965_n.jpg
[2026-04-17T14:04:59.732Z] [✓] #2840 02840_473593022_1145273226959774_4288348251408816286_n.jpg
[2026-04-17T14:04:59.736Z] [✓] #2838 02838_473598853_1145273260293104_4268554489068782597_n.jpg
[2026-04-17T14:04:59.739Z] [✓] #2841 02841_473079644_1145272223626541_4747620933766327387_n.jpg
[2026-04-17T14:04:59.874Z] [✓] #2842 02842_473148041_1145269360293494_9195085195823541044_n.jpg
[2026-04-17T14:04:59.969Z] [✓] #2844 02844_473571661_1145268890293541_2334082722684734951_n.jpg
[2026-04-17T14:05:00.019Z] [✓] #2846 02846_473109856_1145268900293540_419498553495622901_n.jpg
[2026-04-17T14:05:00.144Z] [✓] #2845 02845_473096851_1145268776960219_7498723927379218300_n.jpg
[2026-04-17T14:05:00.177Z] [✓] #2843 02843_473110031_1145268780293552_1168807483978442491_n.jpg
[2026-04-17T14:05:00.205Z] [✓] #2847 02847_473288237_1145268933626870_4297434796102820451_n.jpg
[2026-04-17T14:05:00.254Z] [✓] #2848 02848_473261678_1145268886960208_3008172166569285576_n.jpg
[2026-04-17T14:05:00.322Z] [✓] #2851 02851_473601296_1145269416960155_4089310864274210430_n.jpg
[2026-04-17T14:05:00.327Z] [✓] #2852 02852_473600005_1145269396960157_4949002701944302758_n.jpg
[2026-04-17T14:05:00.334Z] [✓] #2849 02849_473597867_1145268940293536_7418705320257743710_n.jpg
[2026-04-17T14:05:00.405Z] [✓] #2853 02853_473244642_1145269420293488_3393255767032793660_n.jpg
[2026-04-17T14:05:00.426Z] [✓] #2850 02850_473225084_1145268770293553_194550946511129078_n.jpg
[2026-04-17T14:05:00.496Z] [✓] #2856 02856_473255813_1145268956960201_2910700786238583073_n.jpg
[2026-04-17T14:05:00.530Z] [✓] #2854 02854_473589901_1145269423626821_5661506493284427593_n.jpg
[2026-04-17T14:05:00.552Z] [✓] #2855 02855_473245828_1145269436960153_5689154714044147587_n.jpg
[2026-04-17T14:05:00.592Z] [✓] #2857 02857_472783328_1145264353627328_2846627858144058925_n.jpg
[2026-04-17T14:05:00.807Z] [✓] #2861 02861_473171068_1145264636960633_5376181630986726856_n.jpg
[2026-04-17T14:05:00.818Z] [✓] #2858 02858_473347577_1145264610293969_3169523970792899781_n.jpg
[2026-04-17T14:05:00.862Z] [✓] #2862 02862_473291690_1145264593627304_4225416942616495277_n.jpg
[2026-04-17T14:05:00.866Z] [✓] #2860 02860_473412429_1145264503627313_2227254276561515869_n.jpg
[2026-04-17T14:05:00.989Z] [✓] #2863 02863_473434385_1145263000294130_9137188298634309542_n.jpg
[2026-04-17T14:05:00.996Z] [✓] #2864 02864_473221257_1145263003627463_7585097639650307274_n.jpg
[2026-04-17T14:05:01.011Z] [✓] #2865 02865_473117654_1145262633627500_966055047966633363_n.jpg
[2026-04-17T14:05:01.038Z] [✓] #2866 02866_473617544_1145262556960841_324842944769695189_n.jpg
[2026-04-17T14:05:01.093Z] [✓] #2869 02869_473589500_1145260300294400_8481909154975557543_n.jpg
[2026-04-17T14:05:01.126Z] [✓] #2868 02868_473111424_1145262550294175_3871389873423066796_n.jpg
[2026-04-17T14:05:01.145Z] [✓] #2859 02859_473599430_1145264723627291_3962655290594042983_n.jpg
[2026-04-17T14:05:01.155Z] [✓] #2867 02867_473246099_1145262546960842_5368553735927095514_n.jpg
[2026-04-17T14:05:01.166Z] [✓] #2870 02870_473256913_1145260156961081_7607884354784743626_n.jpg
[2026-04-17T14:05:01.236Z] [✓] #2871 02871_473276439_1145260206961076_1002091807406304866_n.jpg
[2026-04-17T14:05:01.301Z] [✓] #2873 02873_473603581_1145260413627722_1580202806973840792_n.jpg
[2026-04-17T14:05:01.305Z] [✓] #2874 02874_473590655_1145260183627745_3894779501287372872_n.jpg
[2026-04-17T14:05:01.312Z] [✓] #2872 02872_473212248_1145260496961047_7400114498815420445_n.jpg
[2026-04-17T14:05:01.322Z] [✓] #2875 02875_473275256_1145260386961058_8542213674440434274_n.jpg
[2026-04-17T14:05:01.375Z] [✓] #2879 02879_473225935_1145259006961196_1671609605531728032_n.jpg
[2026-04-17T14:05:01.383Z] [✓] #2876 02876_473617234_1145260383627725_2221763140257300453_n.jpg
[2026-04-17T14:05:01.427Z] [✓] #2877 02877_473183330_1145260503627713_5024962724943331941_n.jpg
[2026-04-17T14:05:01.437Z] [✓] #2882 02882_473591030_1145258973627866_7867083419329780734_n.jpg
[2026-04-17T14:05:01.450Z] [✓] #2878 02878_473177613_1145260136961083_132899865835795931_n.jpg
[2026-04-17T14:05:01.504Z] [✓] #2883 02883_473437812_1145259003627863_8600785085123930882_n.jpg
[2026-04-17T14:05:01.535Z] [✓] #2884 02884_473616223_1145259223627841_706806698163019872_n.jpg
[2026-04-17T14:05:01.557Z] [✓] #2885 02885_473538929_1145259233627840_6536689796353800947_n.jpg
[2026-04-17T14:05:01.621Z] [✓] #2880 02880_473132044_1145258990294531_4269931645702606216_n.jpg
[2026-04-17T14:05:01.650Z] [✓] #2881 02881_473146078_1145258976961199_7240733063494100935_n.jpg
[2026-04-17T14:05:01.659Z] [✓] #2886 02886_473590428_1145259253627838_5464503309295047516_n.jpg
[2026-04-17T14:05:01.693Z] [✓] #2888 02888_473079906_1145258096961287_9128206749188319535_n.jpg
[2026-04-17T14:05:01.732Z] [✓] #2889 02889_473080495_1145257826961314_2629217157711985439_n.jpg
[2026-04-17T14:05:01.819Z] [✓] #2890 02890_473591864_1145258186961278_3700229088211646242_n.jpg
[2026-04-17T14:05:01.830Z] [✓] #2891 02891_473615349_1145258216961275_45645893623875324_n.jpg
[2026-04-17T14:05:01.857Z] [✓] #2893 02893_473620070_1145256630294767_1179055975675654648_n.jpg
[2026-04-17T14:05:01.876Z] [✓] #2892 02892_473249921_1145256636961433_4476655014930925213_n.jpg
[2026-04-17T14:05:01.921Z] [✓] #2894 02894_473576898_1145256623628101_9221285725687641998_n.jpg
[2026-04-17T14:05:01.948Z] [✓] #2895 02895_473590773_1145256530294777_1079083088051473106_n.jpg
[2026-04-17T14:05:01.953Z] [✓] #2896 02896_473555026_1145256616961435_5340290883229335922_n.jpg
[2026-04-17T14:05:01.966Z] [✓] #2897 02897_473107291_1145256600294770_5779855802892943910_n.jpg
[2026-04-17T14:05:02.057Z] [✓] #2898 02898_473319086_1145256633628100_941113166115224066_n.jpg
[2026-04-17T14:05:02.072Z] [✓] #2901 02901_473080783_1145255200294910_949462530844714383_n.jpg
[2026-04-17T14:05:02.116Z] [✓] #2900 02900_473590244_1145256170294813_1690645031808425014_n.jpg
[2026-04-17T14:05:02.171Z] [✓] #2902 02902_473199726_1145254863628277_2293767086451255546_n.jpg
[2026-04-17T14:05:02.209Z] [✓] #2899 02899_473080555_1145256236961473_6028392342602934749_n.jpg
[2026-04-17T14:05:02.242Z] [✓] #2904 02904_473351530_1145255173628246_2760305209536005765_n.jpg
[2026-04-17T14:05:02.331Z] [✓] #2903 02903_473412429_1145255203628243_1053797040648820640_n.jpg
[2026-04-17T14:05:02.391Z] [✓] #2907 02907_473419076_1145251910295239_4627650466264040835_n.jpg
[2026-04-17T14:05:02.460Z] [✓] #2887 02887_473589029_1145257840294646_9177931606992446884_n.jpg
[2026-04-17T14:05:02.469Z] [✓] #2906 02906_473370777_1145251936961903_3449491409173884282_n.jpg
[2026-04-17T14:05:02.543Z] [✓] #2909 02909_473257715_1145253086961788_1770499229908988564_n.jpg
[2026-04-17T14:05:02.632Z] [✓] #2912 02912_473218407_1145253090295121_6420608619601126517_n.jpg
[2026-04-17T14:05:02.651Z] [✓] #2911 02911_473376588_1145253073628456_359741379130950894_n.jpg
[2026-04-17T14:05:02.677Z] [✓] #2905 02905_473225087_1145253823628381_5371436576309687861_n.jpg
[2026-04-17T14:05:02.709Z] [✓] #2913 02913_473079839_1145252780295152_7507354938066056563_n.jpg
[2026-04-17T14:05:02.802Z] [✓] #2910 02910_473351699_1145252770295153_3253212758211333393_n.jpg
[2026-04-17T14:05:02.880Z] [✓] #2916 02916_473598291_1145251956961901_9096509847883871924_n.jpg
[2026-04-17T14:05:02.927Z] [✓] #2915 02915_473080578_1145251990295231_6366211902299638445_n.jpg
[2026-04-17T14:05:02.945Z] [✓] #2917 02917_473100648_1145251896961907_21591524392954150_n.jpg
[2026-04-17T14:05:02.950Z] [✓] #2918 02918_473031344_1144988006988296_1981270780104602364_n.jpg
[2026-04-17T14:05:02.953Z] [✓] #2908 02908_473223844_1145251980295232_5908954265956061695_n.jpg
[2026-04-17T14:05:03.023Z] [✓] #2919 02919_473192895_1144988036988293_5359802122655264810_n.jpg
[2026-04-17T14:05:03.033Z] [✓] #2922 02922_473356013_1144986593655104_394794747862202514_n.jpg
[2026-04-17T14:05:03.052Z] [✓] #2920 02920_473031827_1144986680321762_618525793775413366_n.jpg
[2026-04-17T14:05:03.067Z] [✓] #2921 02921_472988481_1144986676988429_9211579530786744489_n.jpg
[2026-04-17T14:05:03.070Z] [✓] #2914 02914_473140784_1145253046961792_8746511854201582163_n.jpg
[2026-04-17T14:05:03.104Z] [✓] #2923 02923_473070583_1144986370321793_5323256356359799777_n.jpg
[2026-04-17T14:05:03.128Z] [✓] #2925 02925_473178921_1144986543655109_5542564184813266923_n.jpg
[2026-04-17T14:05:03.179Z] [✓] #2927 02927_472877070_1144985243655239_796819761511647636_n.jpg
[2026-04-17T14:05:03.201Z] [✓] #2924 02924_473008531_1144986446988452_8200613222381096920_n.jpg
[2026-04-17T14:05:03.270Z] [✓] #2929 02929_473191686_1144984010322029_1513346160242364065_n.jpg
[2026-04-17T14:05:03.278Z] [✓] #2928 02928_472925696_1144985490321881_7737673533093674608_n.jpg
[2026-04-17T14:05:03.327Z] [✓] #2930 02930_473375583_1144982890322141_8007128148328541309_n.jpg
[2026-04-17T14:05:03.444Z] [✓] #2926 02926_472913144_1144985273655236_1723322369520377540_n.jpg
[2026-04-17T14:05:03.455Z] [✓] #2931 02931_472968888_1144981726988924_4620594546694051919_n.jpg
[2026-04-17T14:05:03.458Z] [✓] #2934 02934_473009764_1144980300322400_2852384006531050998_n.jpg
[2026-04-17T14:05:03.462Z] [✓] #2932 02932_473350673_1144980940322336_5865843715124674875_n.jpg
[2026-04-17T14:05:03.463Z] [✓] #2933 02933_472804052_1144980963655667_2247750996915345253_n.jpg
[2026-04-17T14:05:03.539Z] [✓] #2935 02935_473091075_1144980160322414_2411787569509865158_n.jpg
[2026-04-17T14:05:03.554Z] [✓] #2939 02939_473169528_1144977180322712_7062396083838237283_n.jpg
[2026-04-17T14:05:03.565Z] [✓] #2936 02936_473107378_1144980323655731_5315082631156853841_n.jpg
[2026-04-17T14:05:03.577Z] [✓] #2937 02937_473248087_1144980166989080_261031918174637949_n.jpg
[2026-04-17T14:05:03.609Z] [✓] #2938 02938_473247939_1144980173655746_8974914376058063699_n.jpg
[2026-04-17T14:05:03.729Z] [✓] #2943 02943_473169393_1144975590322871_6869799916694086344_n.jpg
[2026-04-17T14:05:03.846Z] [✓] #2942 02942_472875985_1144976076989489_7499982631745148016_n.jpg
[2026-04-17T14:05:03.866Z] [✓] #2945 02945_473087788_1144975836989513_3426404585733935760_n.jpg
[2026-04-17T14:05:03.871Z] [✓] #2940 02940_473132047_1144975850322845_4155926955869511745_n.jpg
[2026-04-17T14:05:03.887Z] [✓] #2944 02944_473091075_1144975613656202_6009116572781738558_n.jpg
[2026-04-17T14:05:03.975Z] [✓] #2947 02947_473236582_1144780117009085_7007107681284582226_n.jpg
[2026-04-17T14:05:04.069Z] [✓] #2948 02948_473035519_1144780253675738_6830409684929970244_n.jpg
[2026-04-17T14:05:04.079Z] [✓] #2941 02941_473089891_1144975610322869_8232530745670299887_n.jpg
[2026-04-17T14:05:04.097Z] [✓] #2946 02946_473192899_1144780087009088_5468216072239325456_n.jpg
[2026-04-17T14:05:04.114Z] [✓] #2949 02949_472480874_1144780100342420_1396333329351277533_n.jpg
[2026-04-17T14:05:04.183Z] [✓] #2950 02950_473356575_1144780167009080_6009926293011820214_n.jpg
[2026-04-17T14:05:04.192Z] [✓] #2952 02952_472954254_1144780240342406_5407928014498991225_n.jpg
[2026-04-17T14:05:04.262Z] [✓] #2953 02953_472490067_1144778230342607_5322764958318106014_n.jpg
[2026-04-17T14:05:04.272Z] [✓] #2951 02951_473357795_1144780170342413_6307947733504759821_n.jpg
[2026-04-17T14:05:04.284Z] [✓] #2954 02954_472964324_1144778250342605_8824568175306993163_n.jpg
[2026-04-17T14:05:04.379Z] [✓] #2955 02955_473128885_1144778207009276_4666655964270405106_n.jpg
[2026-04-17T14:05:04.439Z] [✓] #2956 02956_472965124_1144778270342603_1357036209936956433_n.jpg
[2026-04-17T14:05:04.447Z] [✓] #2958 02958_473309371_1144778263675937_5944651536123324762_n.jpg
[2026-04-17T14:05:04.489Z] [✓] #2960 02960_473035519_1144774723676291_7435276591927228392_n.jpg
[2026-04-17T14:05:04.496Z] [✓] #2957 02957_473061611_1144778193675944_3463166819586292481_n.jpg
[2026-04-17T14:05:04.582Z] [✓] #2961 02961_473074592_1144774850342945_1825191411559034083_n.jpg
[2026-04-17T14:05:04.595Z] [✓] #2964 02964_473277968_1144774720342958_7087679417671013729_n.jpg
[2026-04-17T14:05:04.607Z] [✓] #2962 02962_472698986_1144774497009647_894766352865501774_n.jpg
[2026-04-17T14:05:04.700Z] [✓] #2967 02967_473431493_1144773547009742_1645438083068750916_n.jpg
[2026-04-17T14:05:04.717Z] [✓] #2959 02959_473051376_1144774743676289_2456422637890762482_n.jpg
[2026-04-17T14:05:04.727Z] [✓] #2966 02966_473329069_1144774717009625_1079967168637591391_n.jpg
[2026-04-17T14:05:04.801Z] [✓] #2970 02970_473272470_1144773603676403_5035588371656712315_n.jpg
[2026-04-17T14:05:04.808Z] [✓] #2968 02968_472488060_1144773613676402_4213687878470613923_n.jpg
[2026-04-17T14:05:04.910Z] [✓] #2971 02971_472489132_1144773670343063_2460248115582707587_n.jpg
[2026-04-17T14:05:04.915Z] [✓] #2963 02963_473350647_1144774523676311_4064439619254402446_n.jpg
[2026-04-17T14:05:04.932Z] [✓] #2969 02969_472915039_1144773543676409_2138562016112725897_n.jpg
[2026-04-17T14:05:04.986Z] [✓] #2965 02965_473129875_1144774753676288_7720216950287848147_n.jpg
[2026-04-17T14:05:05.014Z] [✓] #2973 02973_472980259_1144773610343069_8996390782953335324_n.jpg
[2026-04-17T14:05:05.028Z] [✓] #2974 02974_472488067_1144772327009864_829672777473734733_n.jpg
[2026-04-17T14:05:05.045Z] [✓] #2975 02975_472800835_1144769543676809_8209106713865186481_n.jpg
[2026-04-17T14:05:05.050Z] [✓] #2976 02976_472796404_1144769840343446_4132335813510222264_n.jpg
[2026-04-17T14:05:05.076Z] [✓] #2977 02977_473323077_1144769893676774_5818804486676155154_n.jpg
[2026-04-17T14:05:05.094Z] [✓] #2978 02978_473006933_1144769827010114_2040941574437395389_n.jpg
[2026-04-17T14:05:05.124Z] [✓] #2979 02979_473388560_1144769427010154_8331887666994953475_n.jpg
[2026-04-17T14:05:05.145Z] [✓] #2980 02980_473092718_1144768450343585_3181801199747494592_n.jpg
[2026-04-17T14:05:05.163Z] [✓] #2972 02972_472822771_1144773583676405_518087111871791083_n.jpg
[2026-04-17T14:05:05.260Z] [✓] #2984 02984_472901332_1144228767064220_3185088639041777576_n.jpg
[2026-04-17T14:05:05.263Z] [✓] #2982 02982_473162543_1144768107010286_842332075647639010_n.jpg
[2026-04-17T14:05:05.269Z] [✓] #2983 02983_473283859_1144768113676952_5629921719261329467_n.jpg
[2026-04-17T14:05:05.366Z] [✓] #2985 02985_472920193_1144228727064224_4717509407939093450_n.jpg
[2026-04-17T14:05:05.370Z] [✓] #2988 02988_473027702_1144227990397631_5849124587024828391_n.jpg
[2026-04-17T14:05:05.411Z] [✓] #2987 02987_472830626_1144228703730893_2775535898541967620_n.jpg
[2026-04-17T14:05:05.423Z] [✓] #2986 02986_472767325_1144228613730902_3870506094666161911_n.jpg
[2026-04-17T14:05:05.426Z] [✓] #2981 02981_472490132_1144768167010280_4244779303439164979_n.jpg
[2026-04-17T14:05:05.465Z] [✓] #2990 02990_473034068_1144228017064295_908006448886100912_n.jpg
[2026-04-17T14:05:05.476Z] [✓] #2989 02989_473110540_1144228313730932_8231510505060558188_n.jpg
[2026-04-17T14:05:05.532Z] [✓] #2992 02992_472791632_1144226803731083_1765683346262577630_n.jpg
[2026-04-17T14:05:05.614Z] [✓] #2993 02993_472865892_1144225913731172_4624895669487888855_n.jpg
[2026-04-17T14:05:05.630Z] [✓] #2995 02995_472916061_1144224977064599_1623994899542582172_n.jpg
[2026-04-17T14:05:05.634Z] [✓] #2991 02991_472991341_1144228137064283_677500026014044989_n.jpg
[2026-04-17T14:05:05.637Z] [✓] #2994 02994_472932079_1144224923731271_2010979763669442414_n.jpg
[2026-04-17T14:05:05.715Z] [✓] #2997 02997_472979651_1144224987064598_4776951453118573276_n.jpg
[2026-04-17T14:05:05.718Z] [✓] #2996 02996_473063813_1144224983731265_821237529417354885_n.jpg
[2026-04-17T14:05:05.732Z] [✓] #3000 03000_473128052_1144223907064706_1101135207483419668_n.jpg
[2026-04-17T14:05:05.763Z] [✓] #2998 02998_473334299_1144224970397933_5772053095990035087_n.jpg
[2026-04-17T14:05:05.767Z] [✓] #2999 02999_473015483_1144224973731266_2827954577501728926_n.jpg
[2026-04-17T14:05:05.832Z] [✓] #3003 03003_473065362_1144220563731707_1297692005937780103_n.jpg
[2026-04-17T14:05:05.869Z] [✓] #3004 03004_472917807_1144220773731686_38719769580483245_n.jpg
[2026-04-17T14:05:05.903Z] [✓] #3001 03001_473013826_1144221600398270_5466653875442492938_n.jpg
[2026-04-17T14:05:05.921Z] [✓] #3005 03005_473010028_1144220533731710_2852214942658595944_n.jpg
[2026-04-17T14:05:05.922Z] [✓] #3002 03002_473090980_1144220777065019_8611658109810299130_n.jpg
[2026-04-17T14:05:06.060Z] [✓] #3007 03007_473097027_1144220887065008_5726178238273184139_n.jpg
[2026-04-17T14:05:06.118Z] [✓] #3006 03006_472985794_1144220537065043_6362898994301449751_n.jpg
[2026-04-17T14:05:06.132Z] [✓] #3010 03010_473089071_1144218663731897_5250136564749146299_n.jpg
[2026-04-17T14:05:06.179Z] [✓] #3009 03009_472913530_1144219767065120_8945296434658341980_n.jpg
[2026-04-17T14:05:06.196Z] [✓] #3011 03011_473284692_1144217577065339_3166824684767489081_n.jpg
[2026-04-17T14:05:06.308Z] [✓] #3014 03014_473056283_1144217590398671_4507085904185578196_n.jpg
[2026-04-17T14:05:06.317Z] [✓] #3015 03015_472884143_1144217693731994_1825484457252000845_n.jpg
[2026-04-17T14:05:06.321Z] [✓] #3013 03013_472865604_1144217737065323_704777951693424104_n.jpg
[2026-04-17T14:05:06.323Z] [✓] #3012 03012_472913530_1144217597065337_2442003777783512356_n.jpg
[2026-04-17T14:05:06.405Z] [✓] #3017 03017_473015936_1144217323732031_7732229517448431279_n.jpg
[2026-04-17T14:05:06.438Z] [✓] #3008 03008_472875036_1144220543731709_663275805142844111_n.jpg
[2026-04-17T14:05:06.457Z] [✓] #3016 03016_473300826_1144217353732028_6052818096819154665_n.jpg
[2026-04-17T14:05:06.577Z] [✓] #3018 03018_473034609_1144216103732153_7797038472567907257_n.jpg
[2026-04-17T14:05:06.585Z] [✓] #3019 03019_472982582_1144215390398891_814854871378990073_n.jpg
[2026-04-17T14:05:06.597Z] [✓] #3022 03022_472835723_1144212353732528_4397988763557613136_n.jpg
[2026-04-17T14:05:06.616Z] [✓] #3020 03020_473322791_1144215497065547_6476004637897082474_n.jpg
[2026-04-17T14:05:06.683Z] [✓] #3021 03021_472964535_1144213400399090_5684939938597052129_n.jpg
[2026-04-17T14:05:06.743Z] [✓] #3024 03024_473109427_1144212130399217_4555199290981493322_n.jpg
[2026-04-17T14:05:06.754Z] [✓] #3026 03026_473007067_1144212513732512_5523162662700979102_n.jpg
[2026-04-17T14:05:06.827Z] [✓] #3027 03027_473246218_1144212357065861_1325020571521120031_n.jpg
[2026-04-17T14:05:06.831Z] [✓] #3028 03028_473041113_1144212520399178_8281984801645029999_n.jpg
[2026-04-17T14:05:06.884Z] [✓] #3029 03029_473219333_1144211323732631_8198376470001838489_n.jpg
[2026-04-17T14:05:06.930Z] [✓] #3031 03031_472903688_1144211347065962_4411373677072528270_n.jpg
[2026-04-17T14:05:06.960Z] [✓] #3030 03030_473020174_1144211290399301_7941300206116814676_n.jpg
[2026-04-17T14:05:07.017Z] [✓] #3023 03023_473048286_1144212117065885_5036857842153857452_n.jpg
[2026-04-17T14:05:07.059Z] [✓] #3033 03033_473161012_1144211063732657_4325536859137247241_n.jpg
[2026-04-17T14:05:07.063Z] [✓] #3032 03032_473276511_1144211340399296_5456966933380038447_n.jpg
[2026-04-17T14:05:07.071Z] [✓] #3025 03025_472873335_1144212137065883_14794634109235523_n.jpg
[2026-04-17T14:05:07.096Z] [✓] #3034 03034_472915040_1144211280399302_2700995012056813525_n.jpg
[2026-04-17T14:05:07.160Z] [✓] #3036 03036_472923511_1144210463732717_6625445742679299686_n.jpg
[2026-04-17T14:05:07.193Z] [✓] #3037 03037_473054653_1144209063732857_4773925326706187320_n.jpg
[2026-04-17T14:05:07.197Z] [✓] #3035 03035_472997856_1144211060399324_8677893230557055254_n.jpg
[2026-04-17T14:05:07.239Z] [✓] #3039 03039_473022018_1144207093733054_572291051133788630_n.jpg
[2026-04-17T14:05:07.241Z] [✓] #3038 03038_472879415_1144209280399502_163831521133022273_n.jpg
[2026-04-17T14:05:07.472Z] [✓] #3044 03044_473255267_1144206920399738_7106041138546929693_n.jpg
[2026-04-17T14:05:07.478Z] [✓] #3041 03041_473330560_1144206980399732_5684601061736238332_n.jpg
[2026-04-17T14:05:07.482Z] [✓] #3040 03040_473063736_1144207167066380_611781988744525882_n.jpg
[2026-04-17T14:05:07.506Z] [✓] #3043 03043_472843055_1144207240399706_4985243079485548586_n.jpg
[2026-04-17T14:05:07.515Z] [✓] #3042 03042_472889723_1144207250399705_3016432748156844650_n.jpg
[2026-04-17T14:05:07.564Z] [✓] #3045 03045_472979652_1144206153733148_6749622156930014280_n.jpg
[2026-04-17T14:05:07.589Z] [✓] #3046 03046_472977039_1144205023733261_7094048880866727475_n.jpg
[2026-04-17T14:05:07.639Z] [✓] #3048 03048_472876813_1144202833733480_2866543555704522469_n.jpg
[2026-04-17T14:05:07.656Z] [✓] #3050 03050_472849416_1144202837066813_8768572092948569854_n.jpg
[2026-04-17T14:05:07.661Z] [✓] #3049 03049_472930325_1144202783733485_3419254190160681848_n.jpg
[2026-04-17T14:05:07.708Z] [✓] #3052 03052_472921793_1144203123733451_1419898235370277097_n.jpg
[2026-04-17T14:05:07.776Z] [✓] #3053 03053_472792932_1144202887066808_7080462162101005334_n.jpg
[2026-04-17T14:05:07.780Z] [✓] #3055 03055_472914193_1144202013733562_6249929515379802694_n.jpg
[2026-04-17T14:05:07.805Z] [✓] #3054 03054_473065126_1144202760400154_6542649576217610668_n.jpg
[2026-04-17T14:05:07.838Z] [✓] #3056 03056_472605655_1144201877066909_2045969327155026977_n.jpg
[2026-04-17T14:05:07.852Z] [✓] #3051 03051_473223211_1144202860400144_6367987356275560918_n.jpg
[2026-04-17T14:05:07.854Z] [✓] #3057 03057_473338497_1144201713733592_4767097885120705043_n.jpg
[2026-04-17T14:05:07.898Z] [✓] #3047 03047_472852055_1144204243733339_9075022557612751818_n.jpg
[2026-04-17T14:05:07.956Z] [✓] #3060 03060_473091087_1144200927067004_6842971975529797142_n.jpg
[2026-04-17T14:05:08.039Z] [✓] #3059 03059_472922282_1144200863733677_5407900479832348634_n.jpg
[2026-04-17T14:05:08.095Z] [✓] #3058 03058_473186451_1144200597067037_7069207736665966775_n.jpg
[2026-04-17T14:05:08.112Z] [✓] #3064 03064_472996445_1144200973733666_3856855965997570274_n.jpg
[2026-04-17T14:05:08.188Z] [✓] #3066 03066_473375607_1144201027066994_5021007454564391867_n.jpg
[2026-04-17T14:05:08.190Z] [✓] #3065 03065_473131944_1144200743733689_3794388236090868958_n.jpg
[2026-04-17T14:05:08.215Z] [✓] #3063 03063_473129796_1144200670400363_649241601962499410_n.jpg
[2026-04-17T14:05:08.304Z] [✓] #3067 03067_473106529_1144199733733790_1352560572280718086_n.jpg
[2026-04-17T14:05:08.312Z] [✓] #3068 03068_472932635_1144198390400591_3096017909008615052_n.jpg
[2026-04-17T14:05:08.394Z] [✓] #3071 03071_472481814_1143712687115828_2791286741582615601_n.jpg
[2026-04-17T14:05:08.404Z] [✓] #3061 03061_472982686_1144200790400351_3106962422677036639_n.jpg
[2026-04-17T14:05:08.445Z] [✓] #3070 03070_472487970_1143712673782496_4816070858330356585_n.jpg
[2026-04-17T14:05:08.463Z] [✓] #3062 03062_473016985_1144200933733670_1536220099169765676_n.jpg
[2026-04-17T14:05:08.475Z] [✓] #3069 03069_472933292_1143715850448845_7581100067949783125_n.jpg
[2026-04-17T14:05:08.484Z] [✓] #3072 03072_472826332_1143712813782482_4306168075077078668_n.jpg
[2026-04-17T14:05:08.498Z] [✓] #3073 03073_472918164_1143713060449124_1152193661594439711_n.jpg
[2026-04-17T14:05:08.551Z] [✓] #3074 03074_473037265_1143712790449151_1313868363232604356_n.jpg
[2026-04-17T14:05:08.563Z] [✓] #3075 03075_472860632_1143711553782608_6560855646153330377_n.jpg
[2026-04-17T14:05:08.588Z] [✓] #3076 03076_472791609_1143710507116046_7603077840998630179_n.jpg
[2026-04-17T14:05:08.616Z] [✓] #3079 03079_472363129_1143709263782837_2381268811616648806_n.jpg
[2026-04-17T14:05:08.651Z] [✓] #3080 03080_472888933_1143708573782906_530281074686300350_n.jpg
[2026-04-17T14:05:08.698Z] [✓] #3081 03081_472805053_1143708397116257_4348391150014752955_n.jpg
[2026-04-17T14:05:08.702Z] [✓] #3082 03082_472593871_1143708520449578_283675473157299734_n.jpg
[2026-04-17T14:05:08.742Z] [✓] #3078 03078_473059697_1143709270449503_3064993249861560650_n.jpg
[2026-04-17T14:05:08.749Z] [✓] #3083 03083_473208520_1143708623782901_2679250726521179701_n.jpg
[2026-04-17T14:05:08.759Z] [✓] #3077 03077_472560026_1143709140449516_7055465668185068658_n.jpg
[2026-04-17T14:05:08.781Z] [✓] #3084 03084_472892982_1143708787116218_1728597102153249014_n.jpg
[2026-04-17T14:05:08.795Z] [✓] #3085 03085_473075828_1143708687116228_7419424136243892048_n.jpg
[2026-04-17T14:05:08.837Z] [✓] #3087 03087_473071188_1143708717116225_4053731649445608489_n.jpg
[2026-04-17T14:05:08.872Z] [✓] #3086 03086_472724414_1143708423782921_3506966827144134662_n.jpg
[2026-04-17T14:05:08.920Z] [✓] #3089 03089_472917423_1143707390449691_3608316328188090091_n.jpg
[2026-04-17T14:05:08.928Z] [✓] #3088 03088_473130100_1143707690449661_7169949994664793498_n.jpg
[2026-04-17T14:05:08.936Z] [✓] #3091 03091_473267574_1143706400449790_8635174391609735996_n.jpg
[2026-04-17T14:05:09.025Z] [✓] #3090 03090_473174984_1143706443783119_2813897267281377081_n.jpg
[2026-04-17T14:05:09.045Z] [✓] #3092 03092_472559325_1143706193783144_8682436316705069061_n.jpg
[2026-04-17T14:05:09.065Z] [✓] #3095 03095_472845427_1143705053783258_8408927973045039295_n.jpg
[2026-04-17T14:05:09.068Z] [✓] #3093 03093_472820851_1143704957116601_6105375819518489723_n.jpg
[2026-04-17T14:05:09.093Z] [✓] #3094 03094_472570749_1143705000449930_6690108942215142348_n.jpg
[2026-04-17T14:05:09.170Z] [✓] #3096 03096_472560089_1143704940449936_5878772041720273071_n.jpg
[2026-04-17T14:05:09.172Z] [✓] #3099 03099_472571926_1143705060449924_4456385470151391091_n.jpg
[2026-04-17T14:05:09.220Z] [✓] #3097 03097_472661171_1143705070449923_6628998934014286405_n.jpg
[2026-04-17T14:05:09.241Z] [✓] #3100 03100_472773170_1143705007116596_1814941139347930073_n.jpg
[2026-04-17T14:05:09.250Z] [✓] #3098 03098_473108908_1143705343783229_780618094399059643_n.jpg
[2026-04-17T14:05:09.309Z] [✓] #3101 03101_473084289_1143141310506299_273766515792059660_n.jpg
[2026-04-17T14:05:09.333Z] [✓] #3102 03102_472788800_1143141430506287_3509071054990950108_n.jpg
[2026-04-17T14:05:09.337Z] [✓] #3103 03103_472669578_1143141323839631_4964769525048380834_n.jpg
[2026-04-17T14:05:09.341Z] [✓] #3104 03104_473089297_1143141420506288_5769080453294082188_n.jpg
[2026-04-17T14:05:09.383Z] [✓] #3105 03105_472906918_1143140140506416_3115174867152841155_n.jpg
[2026-04-17T14:05:09.387Z] [✓] #3106 03106_472910796_1143140500506380_7166642920754226046_n.jpg
[2026-04-17T14:05:09.405Z] [✓] #3107 03107_472914160_1143140503839713_7076724845222685599_n.jpg
[2026-04-17T14:05:09.441Z] [✓] #3108 03108_472788864_1143140397173057_3214798785923749995_n.jpg
[2026-04-17T14:05:09.471Z] [✓] #3111 03111_472788936_1143140153839748_6775075778187472531_n.jpg
[2026-04-17T14:05:09.495Z] [✓] #3112 03112_472863710_1143140477173049_2698487626025372029_n.jpg
[2026-04-17T14:05:09.498Z] [✓] #3110 03110_472652906_1143140423839721_3194124214786700878_n.jpg
[2026-04-17T14:05:09.532Z] [✓] #3113 03113_472688943_1143139417173155_7108212573913553383_n.jpg
[2026-04-17T14:05:09.544Z] [✓] #3114 03114_472821338_1143139327173164_6247169066276337801_n.jpg
[2026-04-17T14:05:09.558Z] [✓] #3115 03115_472767729_1143139440506486_6168845525308332188_n.jpg
[2026-04-17T14:05:09.603Z] [✓] #3116 03116_472732531_1143139307173166_6670195189478370401_n.jpg
[2026-04-17T14:05:09.683Z] [✓] #3117 03117_472788668_1143137033840060_3689798706275774655_n.jpg
[2026-04-17T14:05:09.699Z] [✓] #3120 03120_472734569_1143136893840074_1133679373087220871_n.jpg
[2026-04-17T14:05:09.741Z] [✓] #3119 03119_472863708_1143137297173367_2730110409920407471_n.jpg
[2026-04-17T14:05:09.776Z] [✓] #3121 03121_472817349_1143137327173364_3352844571078910409_n.jpg
[2026-04-17T14:05:09.782Z] [✓] #3109 03109_472783801_1143140440506386_5288281742664012270_n.jpg
[2026-04-17T14:05:09.822Z] [✓] #3123 03123_472784686_1143136870506743_5374411208232708411_n.jpg
[2026-04-17T14:05:09.839Z] [✓] #3122 03122_472997783_1143137300506700_8566776648295746736_n.jpg
[2026-04-17T14:05:09.932Z] [✓] #3124 03124_473010198_1143135927173504_2501329818598706169_n.jpg
[2026-04-17T14:05:09.993Z] [✓] #3126 03126_472803194_1143135893840174_7739200953631183138_n.jpg
[2026-04-17T14:05:10.006Z] [✓] #3125 03125_472935136_1143136220506808_7142395692020279273_n.jpg
[2026-04-17T14:05:10.017Z] [✓] #3118 03118_472726552_1143136987173398_6443048487185309526_n.jpg
[2026-04-17T14:05:10.117Z] [✓] #3129 03129_472734569_1143133920507038_5060069522457963576_n.jpg
[2026-04-17T14:05:10.140Z] [✓] #3127 03127_473150984_1143135897173507_8629560079913735115_n.jpg
[2026-04-17T14:05:10.145Z] [✓] #3130 03130_473022076_1143133027173794_7997141219453264613_n.jpg
[2026-04-17T14:05:10.164Z] [✓] #3128 03128_472941903_1143136143840149_7902975298453691400_n.jpg
[2026-04-17T14:05:10.215Z] [✓] #3132 03132_472814847_1143133097173787_6055027037565550202_n.jpg
[2026-04-17T14:05:10.217Z] [✓] #3131 03131_472787022_1143133267173770_7569597390851015930_n.jpg
[2026-04-17T14:05:10.306Z] [✓] #3133 03133_472946198_1143133047173792_6924299210696074592_n.jpg
[2026-04-17T14:05:10.318Z] [✓] #3136 03136_472741211_1143132140507216_1517668164632076511_n.jpg
[2026-04-17T14:05:10.332Z] [✓] #3134 03134_472812545_1143132153840548_6430679271270216361_n.jpg
[2026-04-17T14:05:10.348Z] [✓] #3137 03137_473009121_1143131893840574_8817774801883361790_n.jpg
[2026-04-17T14:05:10.363Z] [✓] #3135 03135_472789319_1143132150507215_4708438131860238857_n.jpg
[2026-04-17T14:05:10.427Z] [✓] #3138 03138_472867247_1143129740507456_5626520332275645312_n.jpg
[2026-04-17T14:05:10.428Z] [✓] #3139 03139_473133108_1143129790507451_4749721279779935078_n.jpg
[2026-04-17T14:05:10.472Z] [✓] #3140 03140_472785755_1143129797174117_8507501302050384247_n.jpg
[2026-04-17T14:05:10.480Z] [✓] #3141 03141_472784017_1143126887174408_4782561295023400824_n.jpg
[2026-04-17T14:05:10.495Z] [✓] #3142 03142_472789280_1143125833841180_7128845472380904374_n.jpg
[2026-04-17T14:05:10.552Z] [✓] #3143 03143_472746245_1143124690507961_3246394023461120700_n.jpg
[2026-04-17T14:05:10.566Z] [✓] #3144 03144_472785371_1143122147174882_3698739217744620378_n.jpg
[2026-04-17T14:05:10.599Z] [✓] #3145 03145_472663957_1143122197174877_7119597189331681663_n.jpg
[2026-04-17T14:05:10.682Z] [✓] #3148 03148_472669151_1143122100508220_467106134841533969_n.jpg
[2026-04-17T14:05:10.718Z] [✓] #3147 03147_472786775_1143122247174872_8177668157374989390_n.jpg
[2026-04-17T14:05:10.763Z] [✓] #3150 03150_472682723_1143122143841549_8273389908414855739_n.jpg
[2026-04-17T14:05:10.766Z] [✓] #3149 03149_472771778_1143122097174887_6609023813032304151_n.jpg
[2026-04-17T14:05:10.771Z] [✓] #3151 03151_472836908_1143121730508257_1839627382479090717_n.jpg
[2026-04-17T14:05:10.773Z] [✓] #3146 03146_472779577_1143122103841553_9070796073320447723_n.jpg
[2026-04-17T14:05:10.886Z] [✓] #3153 03153_472810294_1143114153842348_4861482451633752780_n.jpg
[2026-04-17T14:05:11.003Z] [✓] #3157 03157_472685720_1140353404118423_3660728586780508239_n.jpg
[2026-04-17T14:05:11.008Z] [✓] #3155 03155_472904040_1143112150509215_8387680725540567275_n.jpg
[2026-04-17T14:05:11.036Z] [✓] #3154 03154_472897718_1143113303842433_8349600829849226705_n.jpg
[2026-04-17T14:05:11.102Z] [✓] #3152 03152_472566638_1143116453842118_4310695080691020106_n.jpg
[2026-04-17T14:05:11.107Z] [✓] #3158 03158_472244543_1140352467451850_4173407216097891778_n.jpg
[2026-04-17T14:05:11.124Z] [✓] #3160 03160_472351101_1140347447452352_426302242000129455_n.jpg
[2026-04-17T14:05:11.213Z] [✓] #3156 03156_472471993_1140353764118387_3556067253112886187_n.jpg
[2026-04-17T14:05:11.235Z] [✓] #3161 03161_472137470_1140347454119018_4263754441576614944_n.jpg
[2026-04-17T14:05:11.270Z] [✓] #3162 03162_472516084_1140347414119022_6464252302252856279_n.jpg
[2026-04-17T14:05:11.365Z] [✓] #3159 03159_472252675_1140351760785254_7252532191533872794_n.jpg
[2026-04-17T14:05:11.370Z] [✓] #3163 03163_472550534_1140346027452494_5873849038836759221_n.jpg
[2026-04-17T14:05:11.405Z] [✓] #3166 03166_472231209_1140342280786202_2617492095326071794_n.jpg
[2026-04-17T14:05:11.478Z] [✓] #3164 03164_472231924_1140346010785829_7083331034048417586_n.jpg
[2026-04-17T14:05:11.485Z] [✓] #3165 03165_472549268_1140343754119388_4322356119076304274_n.jpg
[2026-04-17T14:05:11.525Z] [✓] #3169 03169_472229435_1140337914119972_44200599053243681_n.jpg
[2026-04-17T14:05:11.592Z] [✓] #3167 03167_472239074_1140339960786434_5722195743268557237_n.jpg
[2026-04-17T14:05:11.607Z] [✓] #3170 03170_472486318_1140337900786640_16144090669189717_n.jpg
[2026-04-17T14:05:11.619Z] [✓] #3171 03171_472182212_1140337457453351_6074375821090856125_n.jpg
[2026-04-17T14:05:11.640Z] [✓] #3172 03172_472258913_1140335617453535_7504573263647995969_n.jpg
[2026-04-17T14:05:11.708Z] [✓] #3175 03175_472684189_1140335890786841_4779542519049920230_n.jpg
[2026-04-17T14:05:11.717Z] [✓] #3168 03168_472257855_1140339940786436_1663307165571501796_n.jpg
[2026-04-17T14:05:11.721Z] [✓] #3174 03174_472712161_1140335834120180_4926509172650369428_n.jpg
[2026-04-17T14:05:11.752Z] [✓] #3173 03173_472685720_1140335637453533_5416487830253067235_n.jpg
[2026-04-17T14:05:11.755Z] [✓] #3176 03176_472304776_1140335830786847_2594986198330542765_n.jpg
[2026-04-17T14:05:11.787Z] [✓] #3177 03177_472514347_1140331397453957_1905110007333308661_n.jpg
[2026-04-17T14:05:11.808Z] [✓] #3179 03179_472148736_1140331417453955_6589237488295514203_n.jpg
[2026-04-17T14:05:11.832Z] [✓] #3180 03180_472560541_1140331414120622_8124430450072257168_n.jpg
[2026-04-17T14:05:11.834Z] [✓] #3178 03178_472335278_1140331284120635_3201303022825421039_n.jpg
[2026-04-17T14:05:11.843Z] [✓] #3181 03181_472404300_1140330667454030_4667545711565478367_n.jpg
[2026-04-17T14:05:11.864Z] [✓] #3182 03182_472278174_1140330870787343_1523751359538904994_n.jpg
[2026-04-17T14:05:11.886Z] [✓] #3183 03183_472698487_1140330917454005_879934089966983429_n.jpg
[2026-04-17T14:05:11.947Z] [✓] #3184 03184_472332099_1140330867454010_7888862107036662397_n.jpg
[2026-04-17T14:05:11.952Z] [✓] #3185 03185_472174853_1140330860787344_5515846628777233772_n.jpg
[2026-04-17T14:05:11.962Z] [✓] #3186 03186_472408963_1140330910787339_4856644286075680549_n.jpg
[2026-04-17T14:05:11.972Z] [✓] #3187 03187_472696445_1140330937454003_3640101967902621550_n.jpg
[2026-04-17T14:05:12.060Z] [✓] #3192 03192_472336324_1140328417454255_6809336601340830895_n.jpg
[2026-04-17T14:05:12.080Z] [✓] #3188 03188_472601399_1140328660787564_1767769466130977903_n.jpg
[2026-04-17T14:05:12.109Z] [✓] #3191 03191_472718550_1140328740787556_739062871666603761_n.jpg
[2026-04-17T14:05:12.111Z] [✓] #3190 03190_472335349_1140328717454225_2516514532516080238_n.jpg
[2026-04-17T14:05:12.178Z] [✓] #3194 03194_472333302_1140328767454220_7378472197686826455_n.jpg
[2026-04-17T14:05:12.182Z] [✓] #3193 03193_472397526_1140328784120885_3828316126442161565_n.jpg
[2026-04-17T14:05:12.200Z] [✓] #3189 03189_472244541_1140328664120897_7292913633939619009_n.jpg
[2026-04-17T14:05:12.222Z] [✓] #3195 03195_472542562_1140328787454218_4112280214501094334_n.jpg
[2026-04-17T14:05:12.239Z] [✓] #3196 03196_472481807_1140327374121026_3272302944202806474_n.jpg
[2026-04-17T14:05:12.341Z] [✓] #3201 03201_472257685_1139741054179658_743090309249584288_n.jpg
[2026-04-17T14:05:12.370Z] [✓] #3198 03198_472230243_1140327454121018_3763725646270025397_n.jpg
[2026-04-17T14:05:12.374Z] [✓] #3199 03199_472686733_1140327434121020_909985141808096872_n.jpg
[2026-04-17T14:05:12.380Z] [✓] #3197 03197_472629329_1140327340787696_1550662864194448326_n.jpg
[2026-04-17T14:05:12.382Z] [✓] #3200 03200_472708762_1140327387454358_1770083685902518231_n.jpg
[2026-04-17T14:05:12.603Z] [✓] #3205 03205_472270372_1139736570846773_1483053675040066502_n.jpg
[2026-04-17T14:05:12.630Z] [✓] #3206 03206_472229963_1139736680846762_5151484055320935413_n.jpg
[2026-04-17T14:05:12.639Z] [✓] #3203 03203_472691143_1139737534180010_6671453605724878042_n.jpg
[2026-04-17T14:05:12.728Z] [✓] #3209 03209_472054684_1139736664180097_573432266338760944_n.jpg
[2026-04-17T14:05:12.773Z] [✓] #3207 03207_472103345_1139736557513441_3777396026793924844_n.jpg
[2026-04-17T14:05:12.818Z] [✓] #3208 03208_472235087_1139736354180128_6820226909880783854_n.jpg
[2026-04-17T14:05:12.820Z] [✓] #3210 03210_472132300_1139736670846763_1891066865909158185_n.jpg
[2026-04-17T14:05:12.869Z] [✓] #3211 03211_472203490_1139736607513436_8571175368463499739_n.jpg
[2026-04-17T14:05:12.893Z] [✓] #3212 03212_472234718_1139736657513431_5400611300005858546_n.jpg
[2026-04-17T14:05:12.961Z] [✓] #3213 03213_472064340_1139735304180233_5071503252028737795_n.jpg
[2026-04-17T14:05:12.971Z] [✓] #3204 03204_472233947_1139737500846680_950199807381470795_n.jpg
[2026-04-17T14:05:12.976Z] [✓] #3202 03202_472068567_1139737787513318_8165167347621845462_n.jpg
[2026-04-17T14:05:13.002Z] [✓] #3215 03215_472102383_1139734027513694_4161151898659893855_n.jpg
[2026-04-17T14:05:13.057Z] [✓] #3214 03214_472233925_1139734124180351_536525702633286595_n.jpg
[2026-04-17T14:05:13.082Z] [✓] #3217 03217_472191947_1139732567513840_2078838012120102130_n.jpg
[2026-04-17T14:05:13.115Z] [✓] #3219 03219_472015572_1139732524180511_2167595703489265385_n.jpg
[2026-04-17T14:05:13.141Z] [✓] #3216 03216_472231478_1139732340847196_8166473355746755552_n.jpg
[2026-04-17T14:05:13.207Z] [✓] #3220 03220_472076508_1139732557513841_4243154639280090735_n.jpg
[2026-04-17T14:05:13.213Z] [✓] #3221 03221_472235815_1139729960847434_8959424670597253047_n.jpg
[2026-04-17T14:05:13.218Z] [✓] #3218 03218_472164898_1139732450847185_4956960079569513059_n.jpg
[2026-04-17T14:05:13.220Z] [✓] #3223 03223_475834391_2376167019388883_1245476509280850381_n.jpg
[2026-04-17T14:05:13.317Z] [✓] #3224 03224_475653907_2376166822722236_7327586573229626914_n.jpg
[2026-04-17T14:05:13.381Z] [✓] #3226 03226_475795008_2376165016055750_9059797557898307059_n.jpg
[2026-04-17T14:05:13.395Z] [✓] #3227 03227_475727110_2376165056055746_9177286381858414940_n.jpg
[2026-04-17T14:05:13.419Z] [✓] #3222 03222_472143660_1139729907514106_5867295595202032478_n.jpg
[2026-04-17T14:05:13.428Z] [✓] #3225 03225_475817999_2376164756055776_8502657604758501673_n.jpg
[2026-04-17T14:05:13.456Z] [✓] #3228 03228_475850590_2376165086055743_6047793084022926119_n.jpg
[2026-04-17T14:05:13.492Z] [✓] #3230 03230_475917519_2376162879389297_7436324008177517044_n.jpg
[2026-04-17T14:05:13.558Z] [✓] #3229 03229_475740678_2376165102722408_2129996920328313774_n.jpg
[2026-04-17T14:05:13.601Z] [✓] #3233 03233_475990078_2376157459389839_4937496938512632839_n.jpg
[2026-04-17T14:05:13.612Z] [✓] #3231 03231_476110321_2376157439389841_5553528946365876236_n.jpg
[2026-04-17T14:05:13.632Z] [✓] #3232 03232_475830790_2376157546056497_909544952723190053_n.jpg
[2026-04-17T14:05:13.637Z] [✓] #3234 03234_475751356_2376157189389866_3896897537615651784_n.jpg
[2026-04-17T14:05:13.737Z] [✓] #3235 03235_475441523_2376157559389829_7611906931675981460_n.jpg
[2026-04-17T14:05:13.759Z] [✓] #3238 03238_475642355_2376155132723405_4411305781498847297_n.jpg
[2026-04-17T14:05:13.780Z] [✓] #3236 03236_475887533_2376157552723163_3579376119417887242_n.jpg
[2026-04-17T14:05:13.791Z] [✓] #3239 03239_475983023_2376155239390061_5905263532825366145_n.jpg
[2026-04-17T14:05:13.797Z] [✓] #3237 03237_475810913_2376157539389831_1035261910569257915_n.jpg
[2026-04-17T14:05:13.920Z] [✓] #3242 03242_475631063_2376148566057395_8852311456443965016_n.jpg
[2026-04-17T14:05:14.036Z] [✓] #3245 03245_475832954_2376148972724021_1135592652847924655_n.jpg
[2026-04-17T14:05:14.054Z] [✓] #3240 03240_475680489_2376149886057263_4082738869576525550_n.jpg
[2026-04-17T14:05:14.057Z] [✓] #3244 03244_475686059_2376148976057354_4212481007618799009_n.jpg
[2026-04-17T14:05:14.060Z] [✓] #3241 03241_475812255_2376148969390688_8036182253010330919_n.jpg
[2026-04-17T14:05:14.081Z] [✓] #3243 03243_475855784_2376148786057373_4493388366962576570_n.jpg
[2026-04-17T14:05:14.147Z] [✓] #3246 03246_475880489_2375829009422684_9137415690218529673_n.jpg
[2026-04-17T14:05:14.169Z] [✓] #3250 03250_475762601_2375828792756039_1553667497917539579_n.jpg
[2026-04-17T14:05:14.196Z] [✓] #3248 03248_475996150_2375828729422712_3303206898867150872_n.jpg
[2026-04-17T14:05:14.199Z] [✓] #3249 03249_475847351_2375828746089377_3997676227100443914_n.jpg
[2026-04-17T14:05:14.204Z] [✓] #3247 03247_475546420_2375829022756016_2995375498523420981_n.jpg
[2026-04-17T14:05:14.244Z] [✓] #3251 03251_475777896_2375828802756038_1589412040929468153_n.jpg
[2026-04-17T14:05:14.352Z] [✓] #3253 03253_475895467_2375826469422938_643505174505014904_n.jpg
[2026-04-17T14:05:14.497Z] [✓] #3254 03254_475382491_2375826419422943_1422956216229036014_n.jpg
[2026-04-17T14:05:14.511Z] [✓] #3257 03257_475797160_2375826569422928_1826698520048616031_n.jpg
[2026-04-17T14:05:14.523Z] [✓] #3256 03256_475761059_2375826629422922_8035385133018825965_n.jpg
[2026-04-17T14:05:14.526Z] [✓] #3255 03255_475967506_2375826432756275_9222880534781998998_n.jpg
[2026-04-17T14:05:14.540Z] [✓] #3252 03252_475752938_2375826632756255_8884878625858595961_n.jpg
[2026-04-17T14:05:14.818Z] [✓] #3258 03258_475741353_2375826429422942_2193729056105547708_n.jpg
[2026-04-17T14:05:14.825Z] [✓] #3261 03261_475727830_2375826499422935_7863711892238806163_n.jpg
[2026-04-17T14:05:14.827Z] [✓] #3260 03260_475515680_2375826426089609_8720865175029370202_n.jpg
[2026-04-17T14:05:14.832Z] [✓] #3262 03262_475788157_2375826486089603_4977821875726332238_n.jpg
[2026-04-17T14:05:14.834Z] [✓] #3259 03259_475510053_2375826636089588_486188100613433633_n.jpg
[2026-04-17T14:05:14.917Z] [✓] #3263 03263_475875855_2375826556089596_1515311028311452689_n.jpg
[2026-04-17T14:05:15.048Z] [✓] #3264 03264_475875994_2375826639422921_7661662976689871399_n.jpg
[2026-04-17T14:05:15.053Z] [✓] #3265 03265_475999730_2375820619423523_1073767228969755305_n.jpg
[2026-04-17T14:05:15.056Z] [✓] #3266 03266_475510896_2375820686090183_2162047406541830651_n.jpg
[2026-04-17T14:05:15.144Z] [✓] #3269 03269_475322652_2375820616090190_5469627173910810860_n.jpg
[2026-04-17T14:05:15.178Z] [✓] #3271 03271_475979628_2375820646090187_1189933560237381546_n.jpg
[2026-04-17T14:05:15.210Z] [✓] #3270 03270_475847929_2375820889423496_1508599238412982497_n.jpg
[2026-04-17T14:05:15.306Z] [✓] #3273 03273_475364466_2375820679423517_7646159615768765816_n.jpg
[2026-04-17T14:05:15.324Z] [✓] #3272 03272_475461776_2375820702756848_2623840561860549540_n.jpg
[2026-04-17T14:05:15.360Z] [✓] #3274 03274_475210423_2375820772756841_6593912163836429197_n.jpg
[2026-04-17T14:05:15.419Z] [✓] #3275 03275_475968030_2375820672756851_88202782803017490_n.jpg
[2026-04-17T14:05:15.446Z] [✓] #3268 03268_475729676_2375820656090186_1338680950695144889_n.jpg
[2026-04-17T14:05:15.498Z] [✓] #3277 03277_475054824_2375820726090179_4234538304046957468_n.jpg
[2026-04-17T14:05:15.503Z] [✓] #3278 03278_475759588_2375820719423513_2588482557463030117_n.jpg
[2026-04-17T14:05:15.513Z] [✓] #3276 03276_475850792_2375820669423518_1205164651899289418_n.jpg
[2026-04-17T14:05:15.521Z] [✓] #3267 03267_475814014_2375820942756824_8209852924069018132_n.jpg
[2026-04-17T14:05:15.590Z] [✓] #3279 03279_475928705_2375820476090204_8666698897758741144_n.jpg
[2026-04-17T14:05:15.627Z] [✓] #3281 03281_475777462_2375735562765362_8798975907173939431_n.jpg
[2026-04-17T14:05:15.648Z] [✓] #3280 03280_475745153_2375735609432024_8549118534726269217_n.jpg
[2026-04-17T14:05:15.667Z] [✓] #3282 03282_475271929_2375735626098689_9169785242708757338_n.jpg
[2026-04-17T14:05:15.730Z] [✓] #3285 03285_475640178_2375734502765468_418034794275864822_n.jpg
[2026-04-17T14:05:15.762Z] [✓] #3286 03286_475665547_2375734542765464_5267778311293366527_n.jpg
[2026-04-17T14:05:15.766Z] [✓] #3287 03287_475678420_2375734526098799_6672218890290913147_n.jpg
[2026-04-17T14:05:15.914Z] [✓] #3290 03290_475819793_2375728832766035_7274528813344983479_n.jpg
[2026-04-17T14:05:15.919Z] [✓] #3288 03288_475391643_2375733272765591_6424732606076638842_n.jpg
[2026-04-17T14:05:15.937Z] [✓] #3283 03283_475531958_2375735532765365_6261187498853298290_n.jpg
[2026-04-17T14:05:15.995Z] [✓] #3289 03289_475492517_2375731346099117_3464113130231119443_n.jpg
[2026-04-17T14:05:16.001Z] [✓] #3291 03291_475500051_2375729202765998_4016819452345797781_n.jpg
[2026-04-17T14:05:16.032Z] [✓] #3292 03292_475758373_2375729252765993_848198153154851444_n.jpg
[2026-04-17T14:05:16.035Z] [✓] #3293 03293_475768257_2375728142766104_5915677655176168004_n.jpg
[2026-04-17T14:05:16.132Z] [✓] #3294 03294_475533728_2375728169432768_6592755748061008016_n.jpg
[2026-04-17T14:05:16.145Z] [✓] #3295 03295_475817594_2375728222766096_1797441693220863667_n.jpg
[2026-04-17T14:05:16.153Z] [✓] #3296 03296_475594244_2375720832766835_4846357273245596482_n.jpg
[2026-04-17T14:05:16.181Z] [✓] #3297 03297_475780145_2375720882766830_2318609743979194989_n.jpg
[2026-04-17T14:05:16.238Z] [✓] #3300 03300_475817576_2375717036100548_1433512982628251168_n.jpg
[2026-04-17T14:05:16.241Z] [✓] #3298 03298_475724841_2375720866100165_9134858952392793246_n.jpg
[2026-04-17T14:05:16.290Z] [✓] #3299 03299_475884544_2375720816100170_1170915070476941520_n.jpg
[2026-04-17T14:05:16.363Z] [✓] #3302 03302_475775098_2375713372767581_2252503042986745575_n.jpg
[2026-04-17T14:05:16.370Z] [✓] #3303 03303_271769876_1585743355097924_7627811831761596111_n.jpg
[2026-04-17T14:05:16.417Z] [✓] #3301 03301_475757246_2375712949434290_199342486409159226_n.jpg
[2026-04-17T14:05:16.457Z] [✓] #3306 03306_475807591_2375703692768549_8723233220854345160_n.jpg
[2026-04-17T14:05:16.470Z] [✓] #3304 03304_475594240_2375710676101184_5709104548624914538_n.jpg
[2026-04-17T14:05:16.572Z] [✓] #3305 03305_475643093_2375703619435223_3975341588676914997_n.jpg
[2026-04-17T14:05:16.579Z] [✓] #3307 03307_475452996_2375450529460532_6569965308206606667_n.jpg
[2026-04-17T14:05:16.611Z] [✓] #3309 03309_475726511_2375443872794531_8086787747584366684_n.jpg
[2026-04-17T14:05:16.647Z] [✓] #3308 03308_475852523_2375443882794530_7983016316748022659_n.jpg
[2026-04-17T14:05:16.700Z] [✓] #3312 03312_475470352_2375439039461681_7052820629521380743_n.jpg
[2026-04-17T14:05:16.710Z] [✓] #3310 03310_475714908_2375444056127846_3374562228321889021_n.jpg
[2026-04-17T14:05:16.779Z] [✓] #3311 03311_475715322_2375441499461435_5470504420651989588_n.jpg
[2026-04-17T14:05:16.797Z] [✓] #3313 03313_475641287_2374661126206139_3067239345861929057_n.jpg
[2026-04-17T14:05:16.801Z] [✓] #3314 03314_475526575_2374658776206374_7804541645480696826_n.jpg
[2026-04-17T14:05:16.820Z] [✓] #3315 03315_475813633_2374649329540652_5024943719915952065_n.jpg
[2026-04-17T14:05:16.929Z] [✓] #3316 03316_475681238_2374628332876085_3080726536226903713_n.jpg
[2026-04-17T14:05:16.932Z] [✓] #3317 03317_475745177_2374628022876116_252215214022944238_n.jpg
[2026-04-17T14:05:16.948Z] [✓] #3318 03318_475307900_2374627992876119_210553057412319339_n.jpg
[2026-04-17T14:05:16.955Z] [✓] #3319 03319_475804588_2374628299542755_2338789639719152356_n.jpg
[2026-04-17T14:05:17.056Z] [✓] #3320 03320_475678437_2374628302876088_5547837309652748482_n.jpg
[2026-04-17T14:05:17.123Z] [✓] #3321 03321_475636597_2374628322876086_1629826049349514741_n.jpg
[2026-04-17T14:05:17.130Z] [✓] #3323 03323_475697670_2374628246209427_5579553580379524256_n.jpg
[2026-04-17T14:05:17.225Z] [✓] #3324 03324_475712059_2374628282876090_8476304365308581754_n.jpg
[2026-04-17T14:05:17.234Z] [✓] #3325 03325_475643063_2374628296209422_7413487847673408317_n.jpg
[2026-04-17T14:05:17.363Z] [✓] #3327 03327_475226989_2373917696280482_2699996599032716279_n.jpg
[2026-04-17T14:05:17.388Z] [✓] #3322 03322_475533254_2374628279542757_298242249315517450_n.jpg
[2026-04-17T14:05:17.392Z] [✓] #3326 03326_475285686_2373920042946914_7076253557533302133_n.jpg
[2026-04-17T14:05:17.402Z] [✓] #3328 03328_474951425_2373917729613812_1800495238375081715_n.jpg
[2026-04-17T14:05:17.523Z] [✓] #3330 03330_475319559_2373917602947158_2629923787401647007_n.jpg
[2026-04-17T14:05:17.532Z] [✓] #3329 03329_475384655_2373917782947140_5191908250674429786_n.jpg
[2026-04-17T14:05:17.559Z] [✓] #3284 03284_475771502_2375734119432173_8990639681219516900_n.jpg
[2026-04-17T14:05:17.564Z] [✓] #3332 03332_475293630_2373917539613831_6571804634990505997_n.jpg
[2026-04-17T14:05:17.602Z] [✓] #3331 03331_475265418_2373917666280485_1845649953707984750_n.jpg
[2026-04-17T14:05:17.685Z] [✓] #3335 03335_475523995_2373917492947169_4856712434860976598_n.jpg
[2026-04-17T14:05:17.705Z] [✓] #3333 03333_475340704_2373917732947145_1360817426438059817_n.jpg
[2026-04-17T14:05:17.739Z] [✓] #3334 03334_474949625_2373917726280479_3544909584818989901_n.jpg
[2026-04-17T14:05:17.759Z] [✓] #3337 03337_475315822_2373917642947154_4821807264039888484_n.jpg
[2026-04-17T14:05:17.802Z] [✓] #3339 03339_475332253_2373917652947153_2031997235293966082_n.jpg
[2026-04-17T14:05:17.895Z] [✓] #3338 03338_475311235_2373917746280477_2636168856105987146_n.jpg
[2026-04-17T14:05:17.902Z] [✓] #3340 03340_475476575_2373917546280497_1205383630093079594_n.jpg
[2026-04-17T14:05:17.906Z] [✓] #3342 03342_475275284_2373911319614453_1477813206320374315_n.jpg
[2026-04-17T14:05:17.924Z] [✓] #3341 03341_475381583_2373917592947159_3486649505414422680_n.jpg
[2026-04-17T14:05:18.002Z] [✓] #3346 03346_475348996_2373911379614447_4855223068073438116_n.jpg
[2026-04-17T14:05:18.022Z] [✓] #3345 03345_475281908_2373911336281118_5861300975955312377_n.jpg
[2026-04-17T14:05:18.043Z] [✓] #3336 03336_475288391_2373917639613821_1208847582862972187_n.jpg
[2026-04-17T14:05:18.060Z] [✓] #3343 03343_475340820_2373911359614449_4502924788072971192_n.jpg
[2026-04-17T14:05:18.097Z] [✓] #3347 03347_475374646_2373911339614451_671544927559661965_n.jpg
[2026-04-17T14:05:18.192Z] [✓] #3348 03348_474951073_2373911362947782_2333746212921334677_n.jpg
[2026-04-17T14:05:18.293Z] [✓] #3349 03349_474950254_2373905656281686_6135884529740615891_n.jpg
[2026-04-17T14:05:18.311Z] [✓] #3351 03351_475333922_2373903766281875_8759329324430431641_n.jpg
[2026-04-17T14:05:18.321Z] [✓] #3352 03352_475693813_2373903336281918_8920091398911167219_n.jpg
[2026-04-17T14:05:18.420Z] [✓] #3355 03355_474950822_2373900509615534_3637325132639977582_n.jpg
[2026-04-17T14:05:18.425Z] [✓] #3354 03354_475270351_2373900276282224_1080366031955408310_n.jpg
[2026-04-17T14:05:18.536Z] [✓] #3344 03344_475320047_2373911369614448_8936973271725524697_n.jpg
[2026-04-17T14:05:18.566Z] [✓] #3357 03357_475140780_2373302186342033_4136369577754556323_n.jpg
[2026-04-17T14:05:18.591Z] [✓] #3356 03356_475280242_2373896219615963_2678409730508550608_n.jpg
[2026-04-17T14:05:18.598Z] [✓] #3350 03350_474950263_2373903549615230_2404808807691140730_n.jpg
[2026-04-17T14:05:18.661Z] [✓] #3358 03358_475354209_2373300116342240_7292063414647312150_n.jpg
[2026-04-17T14:05:18.685Z] [✓] #3360 03360_475291503_2373300156342236_7608311137764774332_n.jpg
[2026-04-17T14:05:18.727Z] [✓] #3361 03361_475440060_2373299929675592_8320006010174155385_n.jpg
[2026-04-17T14:05:18.762Z] [✓] #3362 03362_475173726_2373300343008884_1995963498899920899_n.jpg
[2026-04-17T14:05:18.779Z] [✓] #3363 03363_475163725_2373300153008903_3407344475778718906_n.jpg
[2026-04-17T14:05:18.825Z] [✓] #3364 03364_475255362_2373295926342659_4813733080130754818_n.jpg
[2026-04-17T14:05:18.886Z] [✓] #3365 03365_475275183_2373295596342692_5910934492303328395_n.jpg
[2026-04-17T14:05:18.918Z] [✓] #3366 03366_475127237_2373295626342689_4668265191187351689_n.jpg
[2026-04-17T14:05:18.922Z] [✓] #3353 03353_475678706_2373903559615229_5283645845455961355_n.jpg
[2026-04-17T14:05:18.953Z] [✓] #3367 03367_475202557_2373295936342658_4506777540461508433_n.jpg
[2026-04-17T14:05:19.022Z] [✓] #3368 03368_475442457_2373295949675990_6604072059601597111_n.jpg
[2026-04-17T14:05:19.025Z] [✓] #3369 03369_475240432_2373295946342657_8647098315492959675_n.jpg
[2026-04-17T14:05:19.028Z] [✓] #3370 03370_475259107_2373295923009326_3893197041829747521_n.jpg
[2026-04-17T14:05:19.030Z] [✓] #3359 03359_475294166_2373300333008885_8382627863360171725_n.jpg
[2026-04-17T14:05:19.049Z] [✓] #3371 03371_475197459_2373295606342691_4691625096285489202_n.jpg
[2026-04-17T14:05:19.165Z] [✓] #3374 03374_473582631_2362946394044279_2240830198975994231_n.jpg
[2026-04-17T14:05:19.168Z] [✓] #3375 03375_473598467_2362944320711153_1723670473616245925_n.jpg
[2026-04-17T14:05:19.183Z] [✓] #3376 03376_473576109_2362938997378352_5593036803345888678_n.jpg
[2026-04-17T14:05:19.196Z] [✓] #3373 03373_473277776_2362946400710945_7403705823065870597_n.jpg
[2026-04-17T14:05:19.201Z] [✓] #3372 03372_475440684_2373277459677839_3370716776749195751_n.jpg
[2026-04-17T14:05:19.260Z] [✓] #3377 03377_473438443_2362936750711910_6250385830309410923_n.jpg
[2026-04-17T14:05:19.295Z] [✓] #3378 03378_473286624_2362930610712524_5797597002458788302_n.jpg
[2026-04-17T14:05:19.319Z] [✓] #3379 03379_473615941_2362930420712543_6932419618258833606_n.jpg
[2026-04-17T14:05:19.354Z] [✓] #3382 03382_473578594_2362930664045852_1261318774508081061_n.jpg
[2026-04-17T14:05:19.371Z] [✓] #3381 03381_473595777_2362930387379213_6651960646132719131_n.jpg
[2026-04-17T14:05:19.457Z] [✓] #3386 03386_473370017_2362930427379209_294274682808564625_n.jpg
[2026-04-17T14:05:19.461Z] [✓] #3383 03383_473597753_2362930417379210_3423639418181011595_n.jpg
[2026-04-17T14:05:19.486Z] [✓] #3384 03384_473598570_2362930640712521_8122352401402747309_n.jpg
[2026-04-17T14:05:19.491Z] [✓] #3385 03385_473598564_2362930624045856_6024841381752418978_n.jpg
[2026-04-17T14:05:19.546Z] [✓] #3387 03387_473582932_2362930614045857_4637598121605137841_n.jpg
[2026-04-17T14:05:19.622Z] [✓] #3388 03388_473597819_2362930424045876_5712206992117781718_n.jpg
[2026-04-17T14:05:19.627Z] [✓] #3389 03389_473239271_2362930437379208_6342791437276224353_n.jpg
[2026-04-17T14:05:19.701Z] [✓] #3390 03390_473437250_2362927340712851_7550880863155235538_n.jpg
[2026-04-17T14:05:19.747Z] [✓] #3392 03392_473597758_2362923067379945_4796231384339483498_n.jpg
[2026-04-17T14:05:19.753Z] [✓] #3391 03391_473246683_2362926250712960_3167416616826023298_n.jpg
[2026-04-17T14:05:19.772Z] [✓] #3380 03380_473247406_2362930377379214_3597590111392878507_n.jpg
[2026-04-17T14:05:19.818Z] [✓] #3395 03395_473243665_2362920744046844_7627838083683473903_n.jpg
[2026-04-17T14:05:19.842Z] [✓] #3396 03396_473336640_2362596227412629_3589783358592389929_n.jpg
[2026-04-17T14:05:19.860Z] [✓] #3397 03397_473573924_2362595327412719_464524108513091028_n.jpg
[2026-04-17T14:05:19.966Z] [✓] #3400 03400_473238216_2362585477413704_4065607491821337074_n.jpg
[2026-04-17T14:05:20.017Z] [✓] #3399 03399_473572762_2362590530746532_2591979797294316878_n.jpg
[2026-04-17T14:05:20.022Z] [✓] #3398 03398_473421489_2362592894079629_494905989357533606_n.jpg
[2026-04-17T14:05:20.052Z] [✓] #3401 03401_473445813_2362585480747037_6825513468214971857_n.jpg
[2026-04-17T14:05:20.058Z] [✓] #3393 03393_473582472_2362922884046630_7203732388859790732_n.jpg
[2026-04-17T14:05:20.114Z] [✓] #3402 03402_473730854_2362585467413705_5170617567778131989_n.jpg
[2026-04-17T14:05:20.186Z] [✓] #3403 03403_473719526_2362585434080375_7924874208252374209_n.jpg
[2026-04-17T14:05:20.196Z] [✓] #3404 03404_473648328_2362585424080376_1248805960274874337_n.jpg
[2026-04-17T14:05:20.204Z] [✓] #3405 03405_473258763_2362585430747042_1195772418900791238_n.jpg
[2026-04-17T14:05:20.239Z] [✓] #3406 03406_473623528_2362585237413728_3609157185600108958_n.jpg
[2026-04-17T14:05:20.309Z] [✓] #3408 03408_473591700_2362576810747904_8562245875753662808_n.jpg
[2026-04-17T14:05:20.315Z] [✓] #3394 03394_473597212_2362920957380156_7210507891640856935_n.jpg
[2026-04-17T14:05:20.352Z] [✓] #3409 03409_473693394_2362576804081238_5017951950534644648_n.jpg
[2026-04-17T14:05:20.356Z] [✓] #3410 03410_473583493_2362576847414567_3178363730353800933_n.jpg
[2026-04-17T14:05:20.373Z] [✓] #3407 03407_473731227_2362585437413708_751197696225063209_n.jpg
[2026-04-17T14:05:20.432Z] [✓] #3411 03411_473588439_2362576904081228_2884078121563701802_n.jpg
[2026-04-17T14:05:20.442Z] [✓] #3413 03413_473255683_2362576844081234_2859947995036161597_n.jpg
[2026-04-17T14:05:20.477Z] [✓] #3414 03414_473420608_2362576894081229_1236134073453022372_n.jpg
[2026-04-17T14:05:20.485Z] [✓] #3415 03415_473336538_2362568630748722_721483548002550865_n.jpg
[2026-04-17T14:05:20.525Z] [✓] #3417 03417_473258661_2362318387440413_6410265320985434608_n.jpg
[2026-04-17T14:05:20.537Z] [✓] #3412 03412_473116505_2362576880747897_6261629412905407734_n.jpg
[2026-04-17T14:05:20.582Z] [✓] #3416 03416_473309848_2362566037415648_1921683432194106200_n.jpg
[2026-04-17T14:05:20.611Z] [✓] #3419 03419_473424726_2362316170773968_847658102227559256_n.jpg
[2026-04-17T14:05:20.618Z] [✓] #3418 03418_473327685_2362316394107279_4632956174275742148_n.jpg
[2026-04-17T14:05:20.621Z] [✓] #3420 03420_473569659_2362316410773944_3662353545424413638_n.jpg
[2026-04-17T14:05:20.647Z] [✓] #3422 03422_473585608_2362316424107276_1651389300041842697_n.jpg
[2026-04-17T14:05:20.701Z] [✓] #3423 03423_473336918_2362316507440601_2993367033402419933_n.jpg
[2026-04-17T14:05:20.723Z] [✓] #3424 03424_473585608_2362316390773946_8642648095186063400_n.jpg
[2026-04-17T14:05:20.755Z] [✓] #3425 03425_473318285_2362316567440595_2711944938834150975_n.jpg
[2026-04-17T14:05:20.766Z] [✓] #3426 03426_473424876_2362316427440609_7945192669475400341_n.jpg
[2026-04-17T14:05:20.798Z] [✓] #3428 03428_473280095_2362312050774380_8576824403702268953_n.jpg
[2026-04-17T14:05:20.824Z] [✓] #3427 03427_473557889_2362316517440600_4630848814743136944_n.jpg
[2026-04-17T14:05:20.848Z] [✓] #3430 03430_473620445_2362312047441047_8074249023230014310_n.jpg
[2026-04-17T14:05:20.850Z] [✓] #3429 03429_473578921_2362312040774381_8585882310148739583_n.jpg
[2026-04-17T14:05:20.911Z] [✓] #3431 03431_473624890_2362312127441039_7081449834905451534_n.jpg
[2026-04-17T14:05:20.933Z] [✓] #3421 03421_473334884_2362316367440615_8436432242045351038_n.jpg
[2026-04-17T14:05:20.955Z] [✓] #3433 03433_473425441_2362311830774402_5400622735724353625_n.jpg
[2026-04-17T14:05:20.958Z] [✓] #3434 03434_473331811_2362312057441046_6728350986247561633_n.jpg
[2026-04-17T14:05:20.967Z] [✓] #3432 03432_473334884_2362312134107705_6033590453906019889_n.jpg
[2026-04-17T14:05:21.012Z] [✓] #3435 03435_473424868_2362312054107713_4837049023671631866_n.jpg
[2026-04-17T14:05:21.024Z] [✓] #3436 03436_473583113_2362312027441049_4078725720080470647_n.jpg
[2026-04-17T14:05:21.064Z] [✓] #3438 03438_473638934_2362306257441626_7214055123650917447_n.jpg
[2026-04-17T14:05:21.066Z] [✓] #3437 03437_473574057_2362312034107715_295503096994448680_n.jpg
[2026-04-17T14:05:21.158Z] [✓] #3443 03443_473414061_2362299807442271_4780122650395367460_n.jpg
[2026-04-17T14:05:21.170Z] [✓] #3441 03441_473425771_2362300977442154_13535909285680349_n.jpg
[2026-04-17T14:05:21.179Z] [✓] #3439 03439_473618103_2362303790775206_6181214740963542974_n.jpg
[2026-04-17T14:05:21.192Z] [✓] #3442 03442_473423810_2362300950775490_8282607302782244344_n.jpg
[2026-04-17T14:05:21.243Z] [✓] #3440 03440_473271306_2362300947442157_5263685876583950843_n.jpg
[2026-04-17T14:05:21.265Z] [✓] #3446 03446_473187951_2362295544109364_1668557970998233100_n.jpg
[2026-04-17T14:05:21.311Z] [✓] #3444 03444_473183439_2362298174109101_5568882437855153509_n.jpg
[2026-04-17T14:05:21.318Z] [✓] #3445 03445_473425026_2362298177442434_1198170613548703694_n.jpg
[2026-04-17T14:05:21.338Z] [✓] #3448 03448_473580372_2362295410776044_5921349081439715408_n.jpg
[2026-04-17T14:05:21.341Z] [✓] #3447 03447_473415544_2362295297442722_8580078740173937844_n.jpg
[2026-04-17T14:05:21.358Z] [✓] #3449 03449_473415870_2362295310776054_4853157841257367403_n.jpg
[2026-04-17T14:05:21.410Z] [✓] #3451 03451_473660162_2361920497480202_6009053823030273692_n.jpg
[2026-04-17T14:05:21.430Z] [✓] #3450 03450_473572227_2362295294109389_9093631613469834011_n.jpg
[2026-04-17T14:05:21.451Z] [✓] #3452 03452_473263690_2361920510813534_8059420172574649681_n.jpg
[2026-04-17T14:05:21.474Z] [✓] #3453 03453_473191944_2361920744146844_3421794032735543035_n.jpg
[2026-04-17T14:05:21.529Z] [✓] #3455 03455_473370962_2361920657480186_3745208894245356128_n.jpg
[2026-04-17T14:05:21.535Z] [✓] #3454 03454_473362938_2361920484146870_4078731130834558606_n.jpg
[2026-04-17T14:05:21.539Z] [✓] #3456 03456_473091215_2361920620813523_6499613558212307580_n.jpg
[2026-04-17T14:05:21.585Z] [✓] #3457 03457_473315488_2361917204147198_7976765548235774490_n.jpg
[2026-04-17T14:05:21.643Z] [✓] #3458 03458_473265237_2361917360813849_3054609562742467272_n.jpg
[2026-04-17T14:05:21.655Z] [✓] #3460 03460_473290487_2361917407480511_5161793474384341839_n.jpg
[2026-04-17T14:05:21.669Z] [✓] #3459 03459_473322650_2361917544147164_8646398717050883183_n.jpg
[2026-04-17T14:05:21.731Z] [✓] #3461 03461_250200681_1533643880307872_4087728317588317178_n.jpg
[2026-04-17T14:05:21.787Z] [✓] #3462 03462_473561765_2361914650814120_3654404289765590049_n.jpg
[2026-04-17T14:05:21.800Z] [✓] #3463 03463_473015502_2361914377480814_9035442189504393053_n.jpg
[2026-04-17T14:05:21.809Z] [✓] #3464 03464_473008130_2361914400814145_1669502306110201922_n.jpg
[2026-04-17T14:05:21.836Z] [✓] #3465 03465_473274309_2361914554147463_857474800739397260_n.jpg
[2026-04-17T14:05:21.915Z] [✓] #3467 03467_473010519_2361914647480787_3113005065452157941_n.jpg
[2026-04-17T14:05:21.946Z] [✓] #3468 03468_473190228_2361914560814129_7999604923671934383_n.jpg
[2026-04-17T14:05:21.994Z] [✓] #3469 03469_473149840_2361914387480813_6491705596293878967_n.jpg
[2026-04-17T14:05:22.003Z] [✓] #3466 03466_473301443_2361914637480788_2003539734250175669_n.jpg
[2026-04-17T14:05:22.047Z] [✓] #3472 03472_247436408_1531538643851729_8234013457637537680_n.jpg
[2026-04-17T14:05:22.059Z] [✓] #3471 03471_473269817_2361908014148117_7196443992392416075_n.jpg
[2026-04-17T14:05:22.124Z] [✓] #3473 03473_473306086_2361908090814776_5960733327121408967_n.jpg
[2026-04-17T14:05:22.161Z] [✓] #3476 03476_473276621_2361489140856671_3620392353305493758_n.jpg
[2026-04-17T14:05:22.166Z] [✓] #3474 03474_473089254_2361908070814778_7645774578647924424_n.jpg
[2026-04-17T14:05:22.174Z] [✓] #3475 03475_473436912_2361492850856300_167533538910723716_n.jpg
[2026-04-17T14:05:22.208Z] [✓] #3477 03477_473096245_2361488917523360_266530552357720845_n.jpg
[2026-04-17T14:05:22.249Z] [✓] #3479 03479_473081802_2361488950856690_7386857342988102014_n.jpg
[2026-04-17T14:05:22.287Z] [✓] #3478 03478_473423243_2361488927523359_5918930479408726524_n.jpg
[2026-04-17T14:05:22.336Z] [✓] #3481 03481_473272494_2361484934190425_8358145504029531525_n.jpg
[2026-04-17T14:05:22.343Z] [✓] #3470 03470_473110399_2361914744147444_8249434183486234136_n.jpg
[2026-04-17T14:05:22.383Z] [✓] #3483 03483_473367089_2361484944190424_5508730137191845191_n.jpg
[2026-04-17T14:05:22.385Z] [✓] #3482 03482_473084072_2361484947523757_607800909821566554_n.jpg
[2026-04-17T14:05:22.417Z] [✓] #3484 03484_473153466_2361484857523766_7773047901287383816_n.jpg
[2026-04-17T14:05:22.423Z] [✓] #3480 03480_473552504_2361486780856907_718946274270247470_n.jpg
[2026-04-17T14:05:22.443Z] [✓] #3485 03485_473127624_2361484817523770_638141591848749512_n.jpg
[2026-04-17T14:05:22.472Z] [✓] #3487 03487_473334775_2361479587524293_6804860533834570945_n.jpg
[2026-04-17T14:05:22.491Z] [✓] #3486 03486_473657440_2361482280857357_2433361913754991503_n.jpg
[2026-04-17T14:05:22.543Z] [✓] #3488 03488_473110595_2361479614190957_2322861790257685908_n.jpg
[2026-04-17T14:05:22.553Z] [✓] #3491 03491_473180705_2361479624190956_1927455192598686029_n.jpg
[2026-04-17T14:05:22.592Z] [✓] #3492 03492_473014125_2361479600857625_116556187142970797_n.jpg
[2026-04-17T14:05:22.597Z] [✓] #3489 03489_473165624_2361479630857622_3122493971957322438_n.jpg
[2026-04-17T14:05:22.606Z] [✓] #3490 03490_473669614_2361479647524287_5995248886977524357_n.jpg
[2026-04-17T14:05:22.664Z] [✓] #3495 03495_473674240_2361472400858345_4090832727837804730_n.jpg
[2026-04-17T14:05:22.690Z] [✓] #3497 03497_473158757_2361472247525027_5177268037624928133_n.jpg
[2026-04-17T14:05:22.692Z] [✓] #3494 03494_473300044_2361479690857616_2622102879257756372_n.jpg
[2026-04-17T14:05:22.701Z] [✓] #3496 03496_473667653_2361472260858359_3931419056630578327_n.jpg
[2026-04-17T14:05:22.774Z] [✓] #3498 03498_473244191_2361472647524987_2798320355986468063_n.jpg
[2026-04-17T14:05:22.782Z] [✓] #3501 03501_473112045_2361472654191653_2530402434823122549_n.jpg
[2026-04-17T14:05:22.788Z] [✓] #3500 03500_473182697_2361472374191681_2194988011214984253_n.jpg
[2026-04-17T14:05:22.795Z] [✓] #3499 03499_473173007_2361472604191658_3748129077806336256_n.jpg
[2026-04-17T14:05:22.854Z] [✓] #3503 03503_473274684_2361472264191692_3595417538472768215_n.jpg
[2026-04-17T14:05:22.870Z] [✓] #3504 03504_473227090_2361472370858348_6128962668389653119_n.jpg
[2026-04-17T14:05:22.871Z] [✓] #3502 03502_473127865_2361472340858351_7789309607891604181_n.jpg
[2026-04-17T14:05:22.928Z] [✓] #3493 03493_473182529_2361479700857615_9085775208834600091_n.jpg
[2026-04-17T14:05:22.975Z] [✓] #3506 03506_471736304_2352124045126514_165747219989626378_n.jpg
[2026-04-17T14:05:23.010Z] [✓] #3508 03508_471828707_2352116378460614_3202019629192440903_n.jpg
[2026-04-17T14:05:23.037Z] [✓] #3505 03505_473080874_2361466137525638_9196269204717787868_n.jpg
[2026-04-17T14:05:23.066Z] [✓] #3507 03507_472003142_2352122078460044_5666343012919137665_n.jpg
[2026-04-17T14:05:23.075Z] [✓] #3509 03509_472005607_2352105545128364_1123001141808245249_n.jpg
[2026-04-17T14:05:23.106Z] [✓] #3511 03511_472015221_2352105465128372_2506564555643455338_n.jpg
[2026-04-17T14:05:23.164Z] [✓] #3513 03513_472135812_2352105908461661_7671802359993814213_n.jpg
[2026-04-17T14:05:23.184Z] [✓] #3510 03510_472003145_2352105601795025_8970227025655217069_n.jpg
[2026-04-17T14:05:23.190Z] [✓] #3512 03512_472101641_2352105605128358_8575714487249854844_n.jpg
[2026-04-17T14:05:23.207Z] [✓] #3514 03514_471875083_2352105491795036_1270631421197133290_n.jpg
[2026-04-17T14:05:23.228Z] [✓] #3515 03515_472054668_2352105911794994_2150971091358818523_n.jpg
[2026-04-17T14:05:23.282Z] [✓] #3518 03518_471841638_2352094875129431_6653169047458262050_n.jpg
[2026-04-17T14:05:23.315Z] [✓] #3516 03516_471991552_2352105481795037_4768008133594644952_n.jpg
[2026-04-17T14:05:23.412Z] [✓] #3521 03521_471578541_2351443435194575_9207600448627847749_n.jpg
[2026-04-17T14:05:23.422Z] [✓] #3519 03519_471279932_2351445701861015_2945053762913744775_n.jpg
[2026-04-17T14:05:23.436Z] [✓] #3517 03517_472206684_2352100601795525_5826656544747047471_n.jpg
[2026-04-17T14:05:23.441Z] [✓] #3520 03520_471477106_2351443291861256_7812060689814721065_n.jpg
[2026-04-17T14:05:23.442Z] [✓] #3522 03522_471731679_2351443241861261_5865070821908296264_n.jpg
[2026-04-17T14:05:23.471Z] [✓] #3523 03523_470482768_2351443561861229_3681945762103476005_n.jpg
[2026-04-17T14:05:23.528Z] [✓] #3526 03526_470538127_2351439988528253_2556080091093689004_n.jpg
[2026-04-17T14:05:23.538Z] [✓] #3524 03524_470527521_2351439728528279_3528718444721482653_n.jpg
[2026-04-17T14:05:23.562Z] [✓] #3527 03527_470503320_2351439745194944_5181206395528616004_n.jpg
[2026-04-17T14:05:23.567Z] [✓] #3525 03525_470505247_2351439828528269_7911233402268956738_n.jpg
[2026-04-17T14:05:23.589Z] [✓] #3528 03528_470534595_2351439701861615_4811754398132262918_n.jpg
[2026-04-17T14:05:23.623Z] [✓] #3529 03529_471570474_2351435378528714_276008292308874621_n.jpg
[2026-04-17T14:05:23.677Z] [✓] #3530 03530_471498665_2351435528528699_622384085671917585_n.jpg
[2026-04-17T14:05:23.683Z] [✓] #3532 03532_470527761_2351435231862062_2544556402990389337_n.jpg
[2026-04-17T14:05:23.699Z] [✓] #3531 03531_471632979_2351435401862045_4741227053108150395_n.jpg
[2026-04-17T14:05:23.711Z] [✓] #3533 03533_470482448_2351435251862060_3684461673343706791_n.jpg
[2026-04-17T14:05:23.770Z] [✓] #3536 03536_472066107_2351435271862058_7645978412867142493_n.jpg
[2026-04-17T14:05:23.795Z] [✓] #3537 03537_470496802_2351435308528721_5324064954639059360_n.jpg
[2026-04-17T14:05:23.799Z] [✓] #3535 03535_470525955_2351435541862031_6590767766247546232_n.jpg
[2026-04-17T14:05:23.876Z] [✓] #3540 03540_471282292_2345018632503722_1581227323574521469_n.jpg
[2026-04-17T14:05:23.916Z] [✓] #3539 03539_470988905_2345018482503737_4169702118287884942_n.jpg
[2026-04-17T14:05:23.922Z] [✓] #3541 03541_471093423_2345018509170401_7590647612133583017_n.jpg
[2026-04-17T14:05:23.976Z] [✓] #3542 03542_471303296_2345018489170403_2831167337883409484_n.jpg
[2026-04-17T14:05:23.996Z] [✓] #3534 03534_470520786_2351435421862043_4935078035297709136_n.jpg
[2026-04-17T14:05:24.011Z] [✓] #3543 03543_470693792_2345015515837367_1722649086568177839_n.jpg
[2026-04-17T14:05:24.065Z] [✓] #3545 03545_471204757_2345012249171027_201992019654620582_n.jpg
[2026-04-17T14:05:24.098Z] [✓] #3538 03538_472063899_2351435501862035_3617261752382941523_n.jpg
[2026-04-17T14:05:24.101Z] [✓] #3544 03544_471044231_2345012242504361_2380664688169182256_n.jpg
[2026-04-17T14:05:24.114Z] [✓] #3547 03547_471354301_2345009912504594_1825474378703459817_n.jpg
[2026-04-17T14:05:24.175Z] [✓] #3546 03546_471124679_2345012259171026_4848375647199561233_n.jpg
[2026-04-17T14:05:24.186Z] [✓] #3548 03548_471171491_2345006012504984_8952076742457481732_n.jpg
[2026-04-17T14:05:24.332Z] [✓] #3553 03553_471226157_2345003825838536_6412828643295535596_n.jpg
[2026-04-17T14:05:24.342Z] [✓] #3551 03551_471260529_2345003822505203_2030346170804179876_n.jpg
[2026-04-17T14:05:24.433Z] [✓] #3552 03552_471168387_2345004015838517_2589504034534798010_n.jpg
[2026-04-17T14:05:24.444Z] [✓] #3550 03550_471247115_2345003792505206_3903080532148973469_n.jpg
[2026-04-17T14:05:24.448Z] [✓] #3549 03549_471204856_2345003785838540_4261657898895041182_n.jpg
[2026-04-17T14:05:24.476Z] [✓] #3554 03554_471059065_2345003819171870_2410902901088616501_n.jpg
[2026-04-17T14:05:24.579Z] [✓] #3555 03555_470891739_2344994182506167_1010404924840930073_n.jpg
[2026-04-17T14:05:24.600Z] [✓] #3559 03559_470168746_2339721156366803_224165958288691101_n.jpg
[2026-04-17T14:05:24.607Z] [✓] #3558 03558_470179203_2339721163033469_4284085299552538710_n.jpg
[2026-04-17T14:05:24.613Z] [✓] #3557 03557_470175613_2339721079700144_5960440284883503170_n.jpg
[2026-04-17T14:05:24.617Z] [✓] #3556 03556_470136019_2339721193033466_8712001891459004531_n.jpg
[2026-04-17T14:05:24.690Z] [✓] #3560 03560_470209932_2339721096366809_4446988961934199620_n.jpg
[2026-04-17T14:05:24.713Z] [✓] #3562 03562_470184416_2339721073033478_609102380964833020_n.jpg
[2026-04-17T14:05:24.755Z] [✓] #3564 03564_470204418_2339716336367285_1206953069909512096_n.jpg
[2026-04-17T14:05:24.836Z] [✓] #3565 03565_470192390_2339716423033943_2887514385999839546_n.jpg
[2026-04-17T14:05:24.900Z] [✓] #3567 03567_470165499_2338917253113860_2147444405518802034_n.jpg
[2026-04-17T14:05:24.915Z] [✓] #3566 03566_470230368_2339716356367283_6789802108551973090_n.jpg
[2026-04-17T14:05:24.930Z] [✓] #3568 03568_470230617_2338914829780769_3048062348284575744_n.jpg
[2026-04-17T14:05:25.001Z] [✓] #3570 03570_470211595_2338911696447749_2179199113992118037_n.jpg
[2026-04-17T14:05:25.004Z] [✓] #3569 03569_470214022_2338911723114413_1942970998942039294_n.jpg
[2026-04-17T14:05:25.027Z] [✓] #3571 03571_470174472_2338911709781081_159193261324292503_n.jpg
[2026-04-17T14:05:25.031Z] [✓] #3561 03561_470184461_2339721126366806_2906942066392113130_n.jpg
[2026-04-17T14:05:25.130Z] [✓] #3575 03575_470204960_2338911313114454_989151278344710168_n.jpg
[2026-04-17T14:05:25.139Z] [✓] #3574 03574_470203649_2338911316447787_7196451025940786817_n.jpg
[2026-04-17T14:05:25.167Z] [✓] #3573 03573_470196428_2338911319781120_4223678206337434667_n.jpg
[2026-04-17T14:05:25.176Z] [✓] #3572 03572_470192736_2338911726447746_1645342731003034726_n.jpg
[2026-04-17T14:05:25.221Z] [✓] #3576 03576_470206364_2338911306447788_1875766197204692388_n.jpg
[2026-04-17T14:05:25.244Z] [✓] #3578 03578_470217189_2338891269783125_7347386504212126717_n.jpg
[2026-04-17T14:05:25.247Z] [✓] #3563 03563_470176649_2339716066367312_2261352082991206294_n.jpg
[2026-04-17T14:05:25.262Z] [✓] #3579 03579_470168776_2338884789783773_3050094793214823002_n.jpg
[2026-04-17T14:05:25.310Z] [✓] #3580 03580_470195577_2338882603117325_3029534059410434293_n.jpg
[2026-04-17T14:05:25.353Z] [✓] #3581 03581_470208779_2338878273117758_6714403751427064458_n.jpg
[2026-04-17T14:05:25.357Z] [✓] #3582 03582_470148836_2338878516451067_4930679337349759200_n.jpg
[2026-04-17T14:05:25.430Z] [✓] #3585 03585_469606603_2335072673498318_3401378937224970661_n.jpg
[2026-04-17T14:05:25.444Z] [✓] #3586 03586_469478041_2335070680165184_6721221244283453026_n.jpg
[2026-04-17T14:05:25.548Z] [✓] #3577 03577_470180224_2338907633114822_1117246472973566675_n.jpg
[2026-04-17T14:05:25.584Z] [✓] #3588 03588_469640797_2335070623498523_2397518027753759301_n.jpg
[2026-04-17T14:05:25.617Z] [✓] #3583 03583_470148486_2338878563117729_3602710688212372341_n.jpg
[2026-04-17T14:05:25.706Z] [✓] #3589 03589_469444992_2335070646831854_8423889938897659681_n.jpg
[2026-04-17T14:05:25.717Z] [✓] #3590 03590_469553545_2335067513498834_5418673556146919848_n.jpg
[2026-04-17T14:05:25.721Z] [✓] #3591 03591_469393577_2335067483498837_8477308837007901135_n.jpg
[2026-04-17T14:05:25.806Z] [✓] #3594 03594_469465280_2335059973499588_3418613691246986545_n.jpg
[2026-04-17T14:05:25.816Z] [✓] #3584 03584_470188920_2338878249784427_4709404950874469171_n.jpg
[2026-04-17T14:05:25.819Z] [✓] #3587 03587_469478062_2335070676831851_6333467810166460439_n.jpg
[2026-04-17T14:05:25.868Z] [✓] #3593 03593_469414931_2335063346832584_306220791823843493_n.jpg
[2026-04-17T14:05:25.903Z] [✓] #3595 03595_469488607_2335059983499587_7670519744603125137_n.jpg
[2026-04-17T14:05:25.916Z] [✓] #3596 03596_469477233_2335059850166267_9032639343760604905_n.jpg
[2026-04-17T14:05:25.957Z] [✓] #3597 03597_469695138_2335054683500117_8964681802039598160_n.jpg
[2026-04-17T14:05:26.010Z] [✓] #3592 03592_469374982_2335067553498830_4266745912709178086_n.jpg
[2026-04-17T14:05:26.037Z] [✓] #3598 03598_469505463_2335055050166747_4764375031175689560_n.jpg
[2026-04-17T14:05:26.046Z] [✓] #3601 03601_469380781_2335055030166749_3928532893158118892_n.jpg
[2026-04-17T14:05:26.061Z] [✓] #3599 03599_469484042_2335054950166757_3247715178232628756_n.jpg
[2026-04-17T14:05:26.071Z] [✓] #3600 03600_469579643_2335054996833419_1275075834731162405_n.jpg
[2026-04-17T14:05:26.140Z] [✓] #3602 03602_469580747_2335054673500118_53908586797762918_n.jpg
[2026-04-17T14:05:26.171Z] [✓] #3603 03603_469582325_2335052460167006_8747976787270547537_n.jpg
[2026-04-17T14:05:26.196Z] [✓] #3604 03604_469524524_2335048340167418_1025366607659516005_n.jpg
[2026-04-17T14:05:26.227Z] [✓] #3606 03606_469530211_2335048370167415_2948595451867401234_n.jpg
[2026-04-17T14:05:26.249Z] [✓] #3608 03608_469510947_2335044360167816_3260601448411479972_n.jpg
[2026-04-17T14:05:26.333Z] [✓] #3609 03609_469650811_2335044363501149_5133172895325901692_n.jpg
[2026-04-17T14:05:26.392Z] [✓] #3610 03610_469658412_2334457170226535_8211004792540624950_n.jpg
[2026-04-17T14:05:26.427Z] [✓] #3611 03611_469124457_2334452893560296_7899980573346529842_n.jpg
[2026-04-17T14:05:26.433Z] [✓] #3612 03612_469364603_2334448563560729_4489610473699335752_n.jpg
[2026-04-17T14:05:26.517Z] [✓] #3614 03614_469112849_2334443173561268_7186733476586648913_n.jpg
[2026-04-17T14:05:26.551Z] [✓] #3605 03605_469477674_2335048666834052_4624860811319746813_n.jpg
[2026-04-17T14:05:26.553Z] [✓] #3615 03615_469338188_2334443260227926_2729737129057510264_n.jpg
[2026-04-17T14:05:26.585Z] [✓] #3607 03607_469488617_2335046183500967_1286718619266423703_n.jpg
[2026-04-17T14:05:26.600Z] [✓] #3616 03616_469673569_2334443573561228_38095797308113808_n.jpg
[2026-04-17T14:05:26.621Z] [✓] #3617 03617_469480553_2334443580227894_248976463302787862_n.jpg
[2026-04-17T14:05:26.635Z] [✓] #3613 03613_469397710_2334445703561015_2245043278339793763_n.jpg
[2026-04-17T14:05:26.656Z] [✓] #3618 03618_469626186_2334443510227901_8172251794049906249_n.jpg
[2026-04-17T14:05:26.663Z] [✓] #3619 03619_469407278_2334442520228000_8457972601082299683_n.jpg
[2026-04-17T14:05:26.726Z] [✓] #3621 03621_469395077_2334438256895093_3275196061581913594_n.jpg
[2026-04-17T14:05:26.750Z] [✓] #3620 03620_469124463_2334438390228413_813241542591262785_n.jpg
[2026-04-17T14:05:26.758Z] [✓] #3624 03624_469578000_2334433473562238_164096775508063787_n.jpg
[2026-04-17T14:05:26.783Z] [✓] #3623 03623_469495420_2334435916895327_4548478408801142143_n.jpg
[2026-04-17T14:05:26.788Z] [✓] #3622 03622_469583149_2334438250228427_7019427230489117403_n.jpg
[2026-04-17T14:05:26.833Z] [✓] #3627 03627_469423169_2333741966964722_1170788647996590904_n.jpg
[2026-04-17T14:05:26.854Z] [✓] #3626 03626_469476586_2334426800229572_3289535051792374321_n.jpg
[2026-04-17T14:05:26.881Z] [✓] #3629 03629_469335800_2333741950298057_3774810215411342122_n.jpg
[2026-04-17T14:05:26.892Z] [✓] #3625 03625_469478748_2334432123562373_3370597125426344289_n.jpg
[2026-04-17T14:05:26.895Z] [✓] #3628 03628_469124200_2333741976964721_288901817188200620_n.jpg
[2026-04-17T14:05:26.948Z] [✓] #3630 03630_469380422_2333741940298058_9165240036435606343_n.jpg
[2026-04-17T14:05:26.967Z] [✓] #3632 03632_469396310_2333741960298056_7857952368764013345_n.jpg
[2026-04-17T14:05:26.987Z] [✓] #3633 03633_469515407_2333741963631389_5564891676251877503_n.jpg
[2026-04-17T14:05:26.991Z] [✓] #3631 03631_469291974_2333742050298047_4700168658100617973_n.jpg
[2026-04-17T14:05:27.064Z] [✓] #3637 03637_469487033_2333733870298865_7029589044104650855_n.jpg
[2026-04-17T14:05:27.077Z] [✓] #3638 03638_469065417_2333733913632194_2602843575414885801_n.jpg
[2026-04-17T14:05:27.081Z] [✓] #3636 03636_469056296_2333733846965534_7984154262023563325_n.jpg
[2026-04-17T14:05:27.084Z] [✓] #3634 03634_469022993_2333736943631891_4662014331422462337_n.jpg
[2026-04-17T14:05:27.122Z] [✓] #3639 03639_469051240_2333728073632778_416137920847354459_n.jpg
[2026-04-17T14:05:27.162Z] [✓] #3641 03641_469456069_2333727793632806_363185013434041272_n.jpg
[2026-04-17T14:05:27.167Z] [✓] #3642 03642_469321210_2333727746966144_7413059131804993605_n.jpg
[2026-04-17T14:05:27.170Z] [✓] #3640 03640_469194966_2333727706966148_703583830272165320_n.jpg
[2026-04-17T14:05:27.197Z] [✓] #3643 03643_469513092_2333722633633322_3820388701499779441_n.jpg
[2026-04-17T14:05:27.273Z] [✓] #3646 03646_469451116_2333722973633288_5093856500720236447_n.jpg
[2026-04-17T14:05:27.279Z] [✓] #3644 03644_469365045_2333722923633293_8853103514950740230_n.jpg
[2026-04-17T14:05:27.301Z] [✓] #3647 03647_469461796_2333716473633938_6397801202797045842_n.jpg
[2026-04-17T14:05:27.367Z] [✓] #3649 03649_469495051_2333710430301209_8398656439383821980_n.jpg
[2026-04-17T14:05:27.396Z] [✓] #3650 03650_469395821_2333710283634557_3848179541809110312_n.jpg
[2026-04-17T14:05:27.398Z] [✓] #3648 03648_469064155_2333710933634492_5036800185796587995_n.jpg
[2026-04-17T14:05:27.400Z] [✓] #3635 03635_469256356_2333733990298853_4479159708544000711_n.jpg
[2026-04-17T14:05:27.402Z] [✓] #3645 03645_469481542_2333722906966628_4076173882349435617_n.jpg
[2026-04-17T14:05:27.498Z] [✓] #3653 03653_469398319_2333115550360697_3652397600920887327_n.jpg
[2026-04-17T14:05:27.512Z] [✓] #3655 03655_205971681_1453172608355000_5531966682997008756_n.jpg
[2026-04-17T14:05:27.517Z] [✓] #3651 03651_469067130_2333710303634555_5659645810742359796_n.jpg
[2026-04-17T14:05:27.524Z] [✓] #3652 03652_469554079_2333704306968488_1099846243462217692_n.jpg
[2026-04-17T14:05:27.542Z] [✓] #3654 03654_469286330_2333111100361142_6014295613916219798_n.jpg
[2026-04-17T14:05:27.612Z] [✓] #3656 03656_205892418_1450385781967016_2299035633867171109_n.jpg
[2026-04-17T14:05:27.666Z] [✓] #3660 03660_200649641_1449026248769636_6200260293723584342_n.jpg
[2026-04-17T14:05:27.670Z] [✓] #3659 03659_208334348_1449026265436301_2763423273790586646_n.jpg
[2026-04-17T14:05:27.708Z] [✓] #3657 03657_204549667_1449026268769634_2649032580327277327_n.jpg
[2026-04-17T14:05:27.719Z] [✓] #3661 03661_202177065_1446208515718076_8663587098306719695_n.jpg
[2026-04-17T14:05:27.745Z] [✓] #3663 03663_200597726_1446208455718082_2133116417040020673_n.jpg
[2026-04-17T14:05:27.785Z] [✓] #3662 03662_131535410_1446208462384748_3609350832996113528_n.jpg
[2026-04-17T14:05:27.833Z] [✓] #3664 03664_200499499_1446208429051418_8414694825138993821_n.jpg
[2026-04-17T14:05:27.835Z] [✓] #3666 03666_198876252_1446208345718093_214767638494459684_n.jpg
[2026-04-17T14:05:27.841Z] [✓] #3665 03665_200946121_1446208399051421_6332617451081553845_n.jpg
[2026-04-17T14:05:27.919Z] [✓] #3668 03668_199515880_1446208332384761_454528500361337263_n.jpg
[2026-04-17T14:05:27.941Z] [✓] #3670 03670_204808811_1446208295718098_24836305753271022_n.jpg
[2026-04-17T14:05:27.952Z] [✓] #3669 03669_205281520_1446208325718095_5581852501051254209_n.jpg
[2026-04-17T14:05:27.955Z] [✓] #3667 03667_202723297_1446208342384760_1970585766790794539_n.jpg
[2026-04-17T14:05:28.008Z] [✓] #3671 03671_198652973_1444813552524239_941078000448753189_n.jpg
[2026-04-17T14:05:28.055Z] [✓] #3658 03658_202593439_1449026262102968_6837973002635621790_n.jpg
[2026-04-17T14:05:28.072Z] [✓] #3674 03674_197713105_1443454885993439_5138308337265679823_n.jpg
[2026-04-17T14:05:28.093Z] [✓] #3673 03673_200973355_1443454919326769_6070080991794181670_n.jpg
[2026-04-17T14:05:28.117Z] [✓] #3675 03675_197847257_1443454852660109_397553612723557208_n.jpg
[2026-04-17T14:05:28.128Z] [✓] #3672 03672_203004491_1443454925993435_7155665772156874914_n.jpg
[2026-04-17T14:05:28.218Z] [✓] #3677 03677_195475829_1443454779326783_4356005531446383690_n.jpg
[2026-04-17T14:05:28.228Z] [✓] #3678 03678_197706330_1443454775993450_383836509976537774_n.jpg
[2026-04-17T14:05:28.275Z] [✓] #3680 03680_199944129_1443454709326790_6816249782782126222_n.jpg
[2026-04-17T14:05:28.331Z] [✓] #3676 03676_199225607_1443454839326777_8240509222257191602_n.jpg
[2026-04-17T14:05:28.369Z] [✓] #3681 03681_200567003_1443454699326791_5763944887448965636_n.jpg
[2026-04-17T14:05:28.376Z] [✓] #3682 03682_198556683_1443454695993458_8967241577385358023_n.jpg
[2026-04-17T14:05:28.410Z] [✓] #3684 03684_195265238_1440871942918400_8749840105944184033_n.jpg
[2026-04-17T14:05:28.426Z] [✓] #3683 03683_200138948_1442188502786744_28135736265799523_n.jpg
[2026-04-17T14:05:28.453Z] [✓] #3685 03685_200411273_1440871442918450_518431659021720284_n.jpg
[2026-04-17T14:05:28.460Z] [✓] #3686 03686_195670986_1440871439585117_6879638671935655681_n.jpg
[2026-04-17T14:05:28.477Z] [✓] #3687 03687_195827521_1440871429585118_3832267333637504932_n.jpg
[2026-04-17T14:05:28.521Z] [✓] #3679 03679_196732146_1443454765993451_4315637953285637063_n.jpg
[2026-04-17T14:05:28.540Z] [✓] #3690 03690_197484444_1440871326251795_4746958196988632307_n.jpg
[2026-04-17T14:05:28.543Z] [✓] #3689 03689_196623086_1440871349585126_8883546094051213151_n.jpg
[2026-04-17T14:05:28.550Z] [✓] #3688 03688_200069333_1440871416251786_3778712319358641884_n.jpg
[2026-04-17T14:05:28.566Z] [✓] #3691 03691_195637813_1440871306251797_3790337047491821503_n.jpg
[2026-04-17T14:05:28.662Z] [✓] #3694 03694_131316166_1439627143042880_5708987927965555464_n.jpg
[2026-04-17T14:05:28.677Z] [✓] #3696 03696_198091079_1438238919848369_1554979649662249480_n.jpg
[2026-04-17T14:05:28.690Z] [✓] #3692 03692_193643365_1439627756376152_3781637567774794498_n.jpg
[2026-04-17T14:05:28.698Z] [✓] #3695 03695_197562759_1438869506451977_1294437842597668325_n.jpg
[2026-04-17T14:05:28.768Z] [✓] #3697 03697_197254454_1437039149968346_1604998053391323301_n.jpg
[2026-04-17T14:05:28.803Z] [✓] #3699 03699_192280631_1437039086635019_3419686238311767404_n.jpg
[2026-04-17T14:05:28.810Z] [✓] #3698 03698_192810316_1437039093301685_1165052184697244466_n.jpg
[2026-04-17T14:05:28.829Z] [✓] #3700 03700_197993467_1437039049968356_3199813828732022124_n.jpg
[2026-04-17T14:05:28.858Z] [✓] #3701 03701_193725865_1437039043301690_1170462813140007786_n.jpg
[2026-04-17T14:05:28.892Z] [✓] #3703 03703_196267563_1437038946635033_961312843625030716_n.jpg
[2026-04-17T14:05:28.898Z] [✓] #3702 03702_195942670_1437038956635032_778613572962216423_n.jpg
[2026-04-17T14:05:28.928Z] [✓] #3704 03704_200346822_1437038939968367_1516233315733883825_n.jpg
[2026-04-17T14:05:28.987Z] [✓] #3705 03705_195357307_1437038933301701_7365705796718559908_n.jpg
[2026-04-17T14:05:29.020Z] [✓] #3708 03708_197305757_1434982863507308_6281203702102027362_n.jpg
[2026-04-17T14:05:29.044Z] [✓] #3706 03706_192108111_1437038926635035_8185416779928247136_n.jpg
[2026-04-17T14:05:29.051Z] [✓] #3707 03707_196650248_1435645846774343_2174462481131904716_n.jpg
[2026-04-17T14:05:29.065Z] [✓] #3693 03693_197095248_1439627226376205_6350333516355959150_n.jpg
[2026-04-17T14:05:29.069Z] [✓] #3709 03709_194655358_1434982726840655_4914069577501455398_n.jpg
[2026-04-17T14:05:29.093Z] [✓] #3710 03710_191665369_1434982706840657_6360181028603624107_n.jpg
[2026-04-17T14:05:29.147Z] [✓] #3711 03711_189066393_1433631733642421_2219545858461305887_n.jpg
[2026-04-17T14:05:29.201Z] [✓] #3714 03714_192768965_1433631663642428_6827357942317310769_n.jpg
[2026-04-17T14:05:29.206Z] [✓] #3712 03712_191271240_1433631710309090_5078227695210016905_n.jpg
[2026-04-17T14:05:29.211Z] [✓] #3713 03713_191157987_1433631683642426_3687519145096661448_n.jpg
[2026-04-17T14:05:29.225Z] [✓] #3715 03715_191800486_1433631633642431_2452971422798513584_n.jpg
[2026-04-17T14:05:29.250Z] [✓] #3716 03716_192668468_1433631626975765_6805275953117561554_n.jpg
[2026-04-17T14:05:29.282Z] [✓] #3718 03718_194005065_1433631590309102_5253596544532229237_n.jpg
[2026-04-17T14:05:29.299Z] [✓] #3717 03717_191479505_1433631596975768_1566763611306448922_n.jpg
[2026-04-17T14:05:29.320Z] [✓] #3720 03720_190990183_1431508263854768_3975255552217352220_n.jpg
[2026-04-17T14:05:29.352Z] [✓] #3721 03721_193711541_1431030763902518_9139170413847490225_n.jpg
[2026-04-17T14:05:29.357Z] [✓] #3719 03719_192210043_1431508837188044_9000551936686030006_n.jpg
[2026-04-17T14:05:29.406Z] [✓] #3722 03722_188875800_1431030733902521_123900653499171681_n.jpg
[2026-04-17T14:05:29.415Z] [✓] #3723 03723_193161737_1431030710569190_158704327419347490_n.jpg
[2026-04-17T14:05:29.458Z] [✓] #3726 03726_190083308_1430360563969538_7636203360940931444_n.jpg
[2026-04-17T14:05:29.477Z] [✓] #3725 03725_188702425_1430360577302870_7458161404665195295_n.jpg
[2026-04-17T14:05:29.549Z] [✓] #3728 03728_191812087_1428168017522126_2405880577255221124_n.jpg
[2026-04-17T14:05:29.635Z] [✓] #3727 03727_193154196_1429221017416826_6445414936773071345_n.jpg
[2026-04-17T14:05:29.636Z] [✓] #3730 03730_188371148_1427606124244982_7690143984311830098_n.jpg
[2026-04-17T14:05:29.642Z] [✓] #3724 03724_192269768_1430360613969533_8506789393774415585_n.jpg
[2026-04-17T14:05:29.662Z] [✓] #3729 03729_187140715_1427606154244979_4260563259713881586_n.jpg
[2026-04-17T14:05:29.728Z] [✓] #3732 03732_186530629_1427606060911655_5285577171906337502_n.jpg
[2026-04-17T14:05:29.750Z] [✓] #3734 03734_189206208_1427605997578328_7560920609974672457_n.jpg
[2026-04-17T14:05:29.771Z] [✓] #3733 03733_188335813_1427606050911656_5357832607868436128_n.jpg
[2026-04-17T14:05:29.778Z] [✓] #3735 03735_187418514_1427605974244997_4910031225830691721_n.jpg
[2026-04-17T14:05:29.846Z] [✓] #3737 03737_190902916_1426236861048575_1371474338878485595_n.jpg
[2026-04-17T14:05:29.990Z] [✓] #3731 03731_189169374_1427606107578317_1319641855288467079_n.jpg
[2026-04-17T14:05:30.006Z] [✓] #3739 03739_189834786_1426236794381915_2328149047658229797_n.jpg
[2026-04-17T14:05:30.014Z] [✓] #3738 03738_186551733_1426236814381913_2296701352096681597_n.jpg
[2026-04-17T14:05:30.021Z] [✓] #3736 03736_188280532_1426946207644307_4554406756687953352_n.jpg
[2026-04-17T14:05:30.080Z] [✓] #3741 03741_188715074_1426236714381923_1194831773921830092_n.jpg
[2026-04-17T14:05:30.108Z] [✓] #3742 03742_189121062_1426236701048591_8734737912770513051_n.jpg
[2026-04-17T14:05:30.166Z] [✓] #3743 03743_187962634_1424764597862468_1850352394565539744_n.jpg
[2026-04-17T14:05:30.211Z] [✓] #3746 03746_186527014_1424764507862477_1731852730105896602_n.jpg
[2026-04-17T14:05:30.220Z] [✓] #3740 03740_190367412_1426236787715249_7156326257371696907_n.jpg
[2026-04-17T14:05:30.233Z] [✓] #3745 03745_187091721_1424764534529141_6047935403851005785_n.jpg
[2026-04-17T14:05:30.235Z] [✓] #3744 03744_186498676_1424764561195805_4172684315548932726_n.jpg
[2026-04-17T14:05:30.321Z] [✓] #3750 03750_186551695_1424764414529153_723188934662798342_n.jpg
[2026-04-17T14:05:30.338Z] [✓] #3751 03751_186548080_1424764374529157_6683521787257859460_n.jpg
[2026-04-17T14:05:30.362Z] [✓] #3748 03748_186498516_1424764471195814_2582568646190929566_n.jpg
[2026-04-17T14:05:30.366Z] [✓] #3747 03747_188465094_1424764491195812_6482813125422649788_n.jpg
[2026-04-17T14:05:30.406Z] [✓] #3752 03752_186486472_1424764354529159_4552280220627836000_n.jpg
[2026-04-17T14:05:30.464Z] [✓] #3754 03754_186448905_1424764294529165_5403320417965063875_n.jpg
[2026-04-17T14:05:30.490Z] [✓] #3756 03756_186629895_1424764261195835_8474345277038118340_n.jpg
[2026-04-17T14:05:30.501Z] [✓] #3755 03755_186498680_1424764284529166_182942158469910790_n.jpg
[2026-04-17T14:05:30.526Z] [✓] #3753 03753_186495002_1424764327862495_2847475367656772591_n.jpg
[2026-04-17T14:05:30.562Z] [✓] #3757 03757_185764432_1423466714658923_8786499839446465956_n.jpg
[2026-04-17T14:05:30.585Z] [✓] #3758 03758_186488185_1422743504731244_7477318696355349092_n.jpg
[2026-04-17T14:05:30.593Z] [✓] #3759 03759_187107554_1422085701463691_5939892398742567471_n.jpg
[2026-04-17T14:05:30.637Z] [✓] #3760 03760_187972456_1421417311530530_7537079264559856255_n.jpg
[2026-04-17T14:05:30.682Z] [✓] #3763 03763_186480942_1420171911655070_4301707957015714726_n.jpg
[2026-04-17T14:05:30.689Z] [✓] #3749 03749_186484453_1424764421195819_2230074781761611805_n.jpg
[2026-04-17T14:05:30.729Z] [✓] #3764 03764_185046074_1420171891655072_1825970707704046649_n.jpg
[2026-04-17T14:05:30.735Z] [✓] #3762 03762_184396964_1420171964988398_8792303346369441815_n.jpg
[2026-04-17T14:05:30.804Z] [✓] #3766 03766_186065999_1417926995212895_5034056358879890318_n.jpg
[2026-04-17T14:05:30.821Z] [✓] #3765 03765_185951562_1417927001879561_366476034704667024_n.jpg
[2026-04-17T14:05:30.842Z] [✓] #3761 03761_185269375_1420741594931435_3951199266726381361_n.jpg
[2026-04-17T14:05:30.859Z] [✓] #3767 03767_185123387_1417926945212900_332049849001058498_n.jpg
[2026-04-17T14:05:30.889Z] [✓] #3768 03768_183850601_1417926925212902_5689952568764560485_n.jpg
[2026-04-17T14:05:30.944Z] [✓] #3771 03771_186464430_1417926901879571_1081668718489041361_n.jpg
[2026-04-17T14:05:30.976Z] [✓] #3772 03772_186522417_1417926895212905_1752888266303729289_n.jpg
[2026-04-17T14:05:31.001Z] [✓] #3769 03769_183471237_1417926918546236_1870118739732796667_n.jpg
[2026-04-17T14:05:31.021Z] [✓] #3770 03770_185844839_1417926915212903_854698870234143438_n.jpg
[2026-04-17T14:05:31.024Z] [✓] #3773 03773_184112585_1417166121955649_6459563619390970935_n.jpg
[2026-04-17T14:05:31.115Z] [✓] #3774 03774_184065587_1417166091955652_852063807278819684_n.jpg
[2026-04-17T14:05:31.119Z] [✓] #3776 03776_186508494_1417166015288993_6324253687614441475_n.jpg
[2026-04-17T14:05:31.177Z] [✓] #3777 03777_184892878_1417166008622327_4883589318043040490_n.jpg
[2026-04-17T14:05:31.275Z] [✓] #3778 03778_183353883_1417166001955661_7859898237259863176_n.jpg
[2026-04-17T14:05:31.288Z] [✓] #3775 03775_185421770_1417166068622321_2797543947116731851_n.jpg
[2026-04-17T14:05:31.322Z] [✓] #3781 03781_184142685_1416460378692890_5623553662463590795_n.jpg
[2026-04-17T14:05:31.350Z] [✓] #3782 03782_183139385_1416460368692891_8602296727048944759_n.jpg
[2026-04-17T14:05:31.419Z] [✓] #3785 03785_184124222_1414382465567348_2157771768859292824_n.jpg
[2026-04-17T14:05:31.435Z] [✓] #3783 03783_184146183_1416460345359560_3894475239292937376_n.jpg
[2026-04-17T14:05:31.463Z] [✓] #3784 03784_185980363_1416460322026229_283806492343939234_n.jpg
[2026-04-17T14:05:31.472Z] [✓] #3779 03779_186367252_1417165985288996_1694949776393147013_n.jpg
[2026-04-17T14:05:31.517Z] [✓] #3786 03786_183205335_1411618425843752_4940064330338536475_n.jpg
[2026-04-17T14:05:31.541Z] [✓] #3780 03780_185248612_1417165981955663_5982549875604153964_n.jpg
[2026-04-17T14:05:31.575Z] [✓] #3789 03789_181382034_1411617422510519_2225668900673497784_n.jpg
[2026-04-17T14:05:31.583Z] [✓] #3788 03788_181814673_1411617445843850_5474341975884811271_n.jpg
[2026-04-17T14:05:31.619Z] [✓] #3787 03787_182131258_1411617502510511_8397764911288234275_n.jpg
[2026-04-17T14:05:31.622Z] [✓] #3790 03790_179284481_1410405102631751_680126561174979318_n.jpg
[2026-04-17T14:05:31.653Z] [✓] #3792 03792_179675309_1409114739427454_7366341346762758556_n.jpg
[2026-04-17T14:05:31.719Z] [✓] #3794 03794_178946585_1409114656094129_2117921171414072211_n.jpg
[2026-04-17T14:05:31.742Z] [✓] #3795 03795_178912830_1409114626094132_5825174992336957487_n.jpg
[2026-04-17T14:05:31.749Z] [✓] #3791 03791_179483228_1409114772760784_6726216625601522631_n.jpg
[2026-04-17T14:05:31.997Z] [✓] #3799 03799_177528762_1406215673050694_2375752028195632237_n.jpg
[2026-04-17T14:05:32.041Z] [✓] #3793 03793_179221946_1409114716094123_5008061060558673275_n.jpg
[2026-04-17T14:05:32.065Z] [✓] #3797 03797_180599412_1408825609456367_5937748759711704191_n.jpg
[2026-04-17T14:05:32.072Z] [✓] #3798 03798_180783628_1408130649525863_6648712532473527736_n.jpg
[2026-04-17T14:05:32.105Z] [✓] #3800 03800_178653064_1404196016585993_4394759876098012677_n.jpg
[2026-04-17T14:05:32.155Z] [✓] #3802 03802_178211656_1404195973252664_2893110117226339923_n.jpg
[2026-04-17T14:05:32.167Z] [✓] #3801 03801_177678337_1404195979919330_3833720767289755073_n.jpg
[2026-04-17T14:05:32.217Z] [✓] #3803 03803_178375770_1404195953252666_1756946102832227512_n.jpg
[2026-04-17T14:05:32.247Z] [✓] #3796 03796_178515236_1409114602760801_521779088049945485_n.jpg
[2026-04-17T14:05:32.265Z] [✓] #3804 03804_177752774_1404195929919335_2609730530724872257_n.jpg
[2026-04-17T14:05:32.285Z] [✓] #3805 03805_176297075_1404195886586006_668356500946202821_n.jpg
[2026-04-17T14:05:32.318Z] [✓] #3806 03806_176525236_1404195863252675_4116102049117562921_n.jpg
[2026-04-17T14:05:32.356Z] [✓] #3808 03808_174289702_1404195769919351_7116617693202124959_n.jpg
[2026-04-17T14:05:32.430Z] [✓] #3807 03807_178127507_1404195819919346_3351870806014211152_n.jpg
[2026-04-17T14:05:32.436Z] [✓] #3809 03809_177388205_1404195756586019_8502886547915722348_n.jpg
[2026-04-17T14:05:32.464Z] [✓] #3811 03811_176344989_1404195686586026_4458066674384702396_n.jpg
[2026-04-17T14:05:32.469Z] [✓] #3812 03812_175722924_1404195659919362_2274595617504610485_n.jpg
[2026-04-17T14:05:32.537Z] [✓] #3813 03813_179052090_1404195676586027_8017811715882135061_n.jpg
[2026-04-17T14:05:32.551Z] [✓] #3810 03810_176207123_1404195726586022_8555745545168799860_n.jpg
[2026-04-17T14:05:32.573Z] [✓] #3815 03815_175722924_1404195579919370_3826905130207803663_n.jpg
[2026-04-17T14:05:32.578Z] [✓] #3814 03814_175671710_1404195619919366_7077886397024745621_n.jpg
[2026-04-17T14:05:32.606Z] [✓] #3816 03816_176031342_1404195569919371_1178813157872154808_n.jpg
[2026-04-17T14:05:32.646Z] [✓] #3817 03817_175681403_1404195539919374_7745610919600969920_n.jpg
[2026-04-17T14:05:32.682Z] [✓] #3818 03818_176503664_1404195519919376_2047211497333066834_n.jpg
[2026-04-17T14:05:32.699Z] [✓] #3819 03819_176982334_1404195496586045_5163428677643531080_n.jpg
[2026-04-17T14:05:32.724Z] [✓] #3820 03820_176074045_1402617980077130_2146582393979605578_n.jpg
[2026-04-17T14:05:32.754Z] [✓] #3821 03821_175940658_1402617956743799_4131059323779686597_n.jpg
[2026-04-17T14:05:32.791Z] [✓] #3824 03824_176612573_1402617900077138_1343105650009790905_n.jpg
[2026-04-17T14:05:32.799Z] [✓] #3822 03822_175443104_1402617936743801_6351826910989017416_n.jpg
[2026-04-17T14:05:32.887Z] [✓] #3825 03825_175695003_1402617873410474_1133203535424709502_n.jpg
[2026-04-17T14:05:32.940Z] [✓] #3827 03827_176043129_1401209840217944_6833274511994921503_n.jpg
[2026-04-17T14:05:32.992Z] [✓] #3823 03823_175994039_1402617920077136_7491162308147946039_n.jpg
[2026-04-17T14:05:33.026Z] [✓] #3828 03828_174614147_1401209766884618_2331403811195152037_n.jpg
[2026-04-17T14:05:33.071Z] [✓] #3830 03830_175954717_1401209716884623_6739625250869789268_n.jpg
[2026-04-17T14:05:33.086Z] [✓] #3829 03829_175130964_1401209743551287_9205919955930580045_n.jpg
[2026-04-17T14:05:33.106Z] [✓] #3826 03826_174251286_1401209876884607_7100521447777197188_n.jpg
[2026-04-17T14:05:33.119Z] [✓] #3831 03831_174268883_1401209696884625_3382324261213502852_n.jpg
[2026-04-17T14:05:33.259Z] [✓] #3834 03834_175930781_1401209630217965_1498338037923849627_n.jpg
[2026-04-17T14:05:33.264Z] [✓] #3832 03832_175934338_1401209660217962_1249570785361300326_n.jpg
[2026-04-17T14:05:33.268Z] [✓] #3836 03836_176120320_1401209550217973_3938188095206793678_n.jpg
[2026-04-17T14:05:33.300Z] [✓] #3835 03835_174113537_1401209560217972_7442218176974772526_n.jpg
[2026-04-17T14:05:33.305Z] [✓] #3833 03833_176241658_1401209653551296_2107823273154626733_n.jpg
[2026-04-17T14:05:33.354Z] [✓] #3838 03838_174395206_1399204323751829_6896984776586228498_n.jpg
[2026-04-17T14:05:33.408Z] [✓] #3839 03839_173438963_1399204307085164_8847742277696634040_n.jpg
[2026-04-17T14:05:33.437Z] [✓] #3841 03841_174166897_1399204257085169_1531640613307744143_n.jpg
[2026-04-17T14:05:33.446Z] [✓] #3837 03837_174480892_1399785037027091_8839383599413335318_n.jpg
[2026-04-17T14:05:33.483Z] [✓] #3842 03842_173725546_1399204233751838_7487002268844819448_n.jpg
[2026-04-17T14:05:33.498Z] [✓] #3840 03840_174593469_1399204277085167_7556303351037952416_n.jpg
[2026-04-17T14:05:33.526Z] [✓] #3843 03843_174151364_1399204197085175_3041462566362696967_n.jpg
[2026-04-17T14:05:33.596Z] [✓] #3847 03847_171677262_1395627024109559_593942770002686389_n.jpg
[2026-04-17T14:05:33.648Z] [✓] #3848 03848_170378317_1395627017442893_5644976129062137245_n.jpg
[2026-04-17T14:05:33.664Z] [✓] #3846 03846_172704424_1396481854024076_9136845130593796308_n.jpg
[2026-04-17T14:05:33.666Z] [✓] #3844 03844_173278966_1399204170418511_8323020427578041251_n.jpg
[2026-04-17T14:05:33.692Z] [✓] #3849 03849_170332105_1395627000776228_832693019815306959_n.jpg
[2026-04-17T14:05:33.770Z] [✓] #3852 03852_171002482_1393771250961803_6695433982897633203_n.jpg
[2026-04-17T14:05:33.781Z] [✓] #3850 03850_169599759_1393771544295107_4379891592207256484_n.jpg
[2026-04-17T14:05:33.784Z] [✓] #3853 03853_169699243_1393771197628475_7974946607919660353_n.jpg
[2026-04-17T14:05:33.802Z] [✓] #3851 03851_169538280_1393771277628467_579607806823241739_n.jpg
[2026-04-17T14:05:33.935Z] [✓] #3855 03855_170273012_1393071934365068_7363770490732856943_n.jpg
[2026-04-17T14:05:34.020Z] [✓] #3845 03845_173502493_1399204147085180_1571185626633475980_n.jpg
[2026-04-17T14:05:34.023Z] [✓] #3854 03854_169134274_1393071971031731_5391989271949015764_n.jpg
[2026-04-17T14:05:34.047Z] [✓] #3858 03858_169247310_1391107511228177_6588609348356573818_n.jpg
[2026-04-17T14:05:34.052Z] [✓] #3856 03856_170037981_1393071911031737_7709477624852696753_n.jpg
[2026-04-17T14:05:34.081Z] [✓] #3857 03857_169258686_1392415014430760_6515798659054117977_n.jpg
[2026-04-17T14:05:34.122Z] [✓] #3859 03859_169607416_1391107487894846_6860737612690034743_n.jpg
[2026-04-17T14:05:34.153Z] [✓] #3862 03862_167858839_1390419501296978_7280314217412631095_n.jpg
[2026-04-17T14:05:34.162Z] [✓] #3860 03860_167588420_1391107461228182_1063456265626684246_n.jpg
[2026-04-17T14:05:34.173Z] [✓] #3861 03861_167992514_1390419531296975_601983124348018361_n.jpg
[2026-04-17T14:05:34.198Z] [✓] #3863 03863_168330985_1390419494630312_6083855434522741685_n.jpg
[2026-04-17T14:05:34.266Z] [✓] #3866 03866_168079199_1389075938098001_2794539981206375838_n.jpg
[2026-04-17T14:05:34.271Z] [✓] #3864 03864_167395117_1390419467963648_7971180669930901015_n.jpg
[2026-04-17T14:05:34.369Z] [✓] #3867 03867_167098549_1389075911431337_6053660750212115285_n.jpg
[2026-04-17T14:05:34.399Z] [✓] #3868 03868_168265175_1389075874764674_109471332054622944_n.jpg
[2026-04-17T14:05:34.421Z] [✓] #3869 03869_166776783_1389075834764678_7056734067251072252_n.jpg
[2026-04-17T14:05:34.439Z] [✓] #3865 03865_168494310_1389846958020899_3199621235718527514_n.jpg
[2026-04-17T14:05:34.482Z] [✓] #3872 03872_166102177_1388113878194207_4347064501502090110_n.jpg
[2026-04-17T14:05:34.532Z] [✓] #3873 03873_165920759_1388113041527624_6616632430638168159_n.jpg
[2026-04-17T14:05:34.574Z] [✓] #3874 03874_166008147_1387035994968662_4886389701450966020_n.jpg
[2026-04-17T14:05:34.618Z] [✓] #3871 03871_165941504_1388212721517656_8720965271481919361_n.jpg
[2026-04-17T14:05:34.620Z] [✓] #3870 03870_166237185_1388212731517655_3899552937154926649_n.jpg
[2026-04-17T14:05:34.640Z] [✓] #3875 03875_166649177_1387035954968666_5603093239568544245_n.jpg
[2026-04-17T14:05:34.654Z] [✓] #3876 03876_165901637_1387035948302000_7042503994897332720_n.jpg
[2026-04-17T14:05:34.737Z] [✓] #3878 03878_166919175_1387035901635338_2754943382804867707_n.jpg
[2026-04-17T14:05:34.748Z] [✓] #3877 03877_165769209_1387035941635334_9182748698518066453_n.jpg
[2026-04-17T14:05:34.779Z] [✓] #3881 03881_167292524_1387035854968676_939871603170588257_n.jpg
[2026-04-17T14:05:34.784Z] [✓] #3880 03880_166703952_1387035874968674_7226704355059463725_n.jpg
[2026-04-17T14:05:34.795Z] [✓] #3879 03879_166701811_1387035891635339_666546464583678284_n.jpg
[2026-04-17T14:05:34.859Z] [✓] #3883 03883_164505557_1385718248433770_5565165414508486223_n.jpg
[2026-04-17T14:05:34.904Z] [✓] #3885 03885_163505298_1383715028634092_8549268050259604372_n.jpg
[2026-04-17T14:05:34.913Z] [✓] #3884 03884_163487571_1383715051967423_5386734584714953366_n.jpg
[2026-04-17T14:05:34.940Z] [✓] #3886 03886_165223222_1383715005300761_1580003727151531927_n.jpg
[2026-04-17T14:05:34.971Z] [✓] #3887 03887_163630338_1383714961967432_490539279459659379_n.jpg
[2026-04-17T14:05:35.022Z] [✓] #3888 03888_164007301_1383714968634098_4339939843844996112_n.jpg
[2026-04-17T14:05:35.055Z] [✓] #3889 03889_163531189_1383714938634101_2496658144483795700_n.jpg
[2026-04-17T14:05:35.114Z] [✓] #3890 03890_165092170_1383714915300770_7992677929026684560_n.jpg
[2026-04-17T14:05:35.183Z] [✓] #3891 03891_165073544_1383714895300772_7454874698761110432_n.jpg
[2026-04-17T14:05:35.197Z] [✓] #3893 03893_163823849_1383714848634110_8530081770916476821_n.jpg
[2026-04-17T14:05:35.217Z] [✓] #3892 03892_163534648_1383714868634108_2571889209650008521_n.jpg
[2026-04-17T14:05:35.229Z] [✓] #3894 03894_163835591_1383114252027503_7891763009590539659_n.jpg
[2026-04-17T14:05:35.316Z] [✓] #3895 03895_165294461_1383114228694172_8604318954939575864_n.jpg
[2026-04-17T14:05:35.346Z] [✓] #3898 03898_163636871_1382498915422370_1376641519473895345_n.jpg
[2026-04-17T14:05:35.365Z] [✓] #3882 03882_165369525_1386486658356929_877543756509263959_n.jpg
[2026-04-17T14:05:35.372Z] [✓] #3897 03897_162543791_1383114175360844_3728043655676101535_n.jpg
[2026-04-17T14:05:35.375Z] [✓] #3896 03896_163627718_1383114205360841_3771888405493565690_n.jpg
[2026-04-17T14:05:35.437Z] [✓] #3900 03900_163630751_1380983512240577_8703891848740567426_n.jpg
[2026-04-17T14:05:35.492Z] [✓] #3899 03899_162535407_1382367885435473_8615631453925489747_n.jpg
[2026-04-17T14:05:35.503Z] [✓] #3903 03903_160574704_1378245335847728_3983366223429726783_n.jpg
[2026-04-17T14:05:35.507Z] [✓] #3902 03902_162045957_1378245355847726_1196395664618505016_n.jpg
[2026-04-17T14:05:35.527Z] [✓] #3901 03901_162104253_1379698785702383_7803676393233294928_n.jpg
[2026-04-17T14:05:35.551Z] [✓] #3904 03904_159902863_1378245312514397_4668650800438784855_n.jpg
[2026-04-17T14:05:35.628Z] [✓] #3908 03908_161879049_1377641145908147_6720403901653097514_n.jpg
[2026-04-17T14:05:35.632Z] [✓] #3905 03905_160558019_1378245292514399_8317766674958768538_n.jpg
[2026-04-17T14:05:35.664Z] [✓] #3909 03909_159862507_1377641109241484_7691298679512562643_n.jpg
[2026-04-17T14:05:35.679Z] [✓] #3907 03907_160850568_1377641165908145_4062481839172539901_n.jpg
[2026-04-17T14:05:35.684Z] [✓] #3906 03906_160715416_1377641185908143_3772513857812921446_n.jpg
[2026-04-17T14:05:35.750Z] [✓] #3911 03911_161283602_1377641092574819_8444230366060334636_n.jpg
[2026-04-17T14:05:35.752Z] [✓] #3910 03910_160921234_1377641099241485_4384464163143132807_n.jpg
[2026-04-17T14:05:35.806Z] [✓] #3914 03914_159954043_1377640999241495_1302475645403789141_n.jpg
[2026-04-17T14:05:35.862Z] [✓] #3915 03915_160562914_1377640972574831_1913517169831770160_n.jpg
[2026-04-17T14:05:35.872Z] [✓] #3913 03913_161377596_1377641035908158_937955381331169898_n.jpg
[2026-04-17T14:05:35.909Z] [✓] #3917 03917_159535970_1376122052726723_2124851394425754151_n.jpg
[2026-04-17T14:05:35.917Z] [✓] #3916 03916_162230476_1377640952574833_735997842015362401_n.jpg
[2026-04-17T14:05:35.961Z] [✓] #3918 03918_159622310_1375432379462357_1361761550500118888_n.jpg
[2026-04-17T14:05:35.984Z] [✓] #3919 03919_158696207_1373800722958856_3603987518038235538_n.jpg
[2026-04-17T14:05:36.087Z] [✓] #3921 03921_159108623_1373102706361991_706706979532293187_n.jpg
[2026-04-17T14:05:36.096Z] [✓] #3922 03922_159559561_1373102686361993_2633561295744103525_n.jpg
[2026-04-17T14:05:36.115Z] [✓] #3912 03912_160651615_1377641065908155_4047766971803376321_n.jpg
[2026-04-17T14:05:36.124Z] [✓] #3923 03923_158962685_1373102663028662_5959247291414336625_n.jpg
[2026-04-17T14:05:36.136Z] [✓] #3920 03920_159995046_1373102733028655_7717039420398802305_n.jpg
[2026-04-17T14:05:36.212Z] [✓] #3925 03925_157596873_1372335959771999_1846174994419631465_n.jpg
[2026-04-17T14:05:36.320Z] [✓] #3927 03927_158708768_1372335916438670_6176246006678351146_n.jpg
[2026-04-17T14:05:36.341Z] [✓] #3928 03928_157687603_1372335899772005_6990101705726346369_n.jpg
[2026-04-17T14:05:36.345Z] [✓] #3929 03929_158132257_1372335883105340_7211248327636373474_n.jpg
[2026-04-17T14:05:36.371Z] [✓] #3926 03926_158612233_1372335933105335_1015426705736552032_n.jpg
[2026-04-17T14:05:36.429Z] [✓] #3932 03932_157568645_1372335813105347_5339093618666265919_n.jpg
[2026-04-17T14:05:36.441Z] [✓] #3924 03924_157776690_1372335983105330_1629597009541318349_n.jpg
[2026-04-17T14:05:36.453Z] [✓] #3933 03933_157185626_1370527199952875_4397319799645983659_n.jpg
[2026-04-17T14:05:36.473Z] [✓] #3931 03931_157766164_1372335839772011_4945127847138834095_n.jpg
[2026-04-17T14:05:36.527Z] [✓] #3935 03935_156355480_1369756910029904_6049904455063243516_n.jpg
[2026-04-17T14:05:36.545Z] [✓] #3930 03930_158272787_1372335846438677_6816652002647672698_n.jpg
[2026-04-17T14:05:36.550Z] [✓] #3936 03936_155427558_1369118440093751_4585539341488821050_n.jpg
[2026-04-17T14:05:36.627Z] [✓] #3937 03937_155509459_1369118390093756_3936315659906046218_n.jpg
[2026-04-17T14:05:36.655Z] [✓] #3940 03940_156210410_1367780733560855_5489455783547590842_n.jpg
[2026-04-17T14:05:36.675Z] [✓] #3938 03938_156780794_1369118370093758_1589292958849720960_n.jpg
[2026-04-17T14:05:36.711Z] [✓] #3939 03939_156818835_1367780763560852_7713216961135181639_n.jpg
[2026-04-17T14:05:36.747Z] [✓] #3942 03942_153714020_1367780673560861_3023833745590455033_n.jpg
[2026-04-17T14:05:36.794Z] [✓] #3941 03941_155379342_1367780726894189_4923429221348249420_n.jpg
[2026-04-17T14:05:36.804Z] [✓] #3934 03934_157204156_1370525479953047_7540369769890618018_n.jpg
[2026-04-17T14:05:37.002Z] [✓] #3944 03944_152834003_1365678100437785_2612783143404073685_n.jpg
[2026-04-17T14:05:37.038Z] [✓] #3943 03943_154237269_1365678190437776_1556906799322189804_n.jpg
[2026-04-17T14:05:37.054Z] [✓] #3947 03947_153134208_1364729067199355_9108338296927811493_n.jpg
[2026-04-17T14:05:37.055Z] [✓] #3945 03945_149751728_1365678050437790_4977812163314378604_n.jpg
[2026-04-17T14:05:37.062Z] [✓] #3946 03946_150583168_1365383377133924_1534668677888940076_n.jpg
[2026-04-17T14:05:37.179Z] [✓] #3951 03951_153107794_1363720567300205_7917274127775372701_n.jpg
[2026-04-17T14:05:37.187Z] [✓] #3949 03949_151309201_1364296980575897_9089524563361076097_n.jpg
[2026-04-17T14:05:37.304Z] [✓] #3950 03950_153286106_1363720630633532_6369192918104011903_n.jpg
[2026-04-17T14:05:37.309Z] [✓] #3952 03952_154577775_1363720500633545_1147738686751951938_n.jpg
[2026-04-17T14:05:37.341Z] [✓] #3954 03954_152959879_1363720417300220_4246636872289902875_n.jpg
[2026-04-17T14:05:37.370Z] [✓] #3953 03953_152849429_1363720450633550_2589085115311966061_n.jpg
[2026-04-17T14:05:37.425Z] [✓] #3956 03956_152052091_1362214664117462_5761047751254693304_n.jpg
[2026-04-17T14:05:37.438Z] [✓] #3957 03957_153018930_1362214540784141_5102697937650087064_n.jpg
[2026-04-17T14:05:37.503Z] [✓] #3955 03955_153682831_1362941954044733_6115662916299991723_n.jpg
[2026-04-17T14:05:37.509Z] [✓] #3958 03958_152886218_1362214497450812_5643620003974023049_n.jpg
[2026-04-17T14:05:37.551Z] [✓] #3960 03960_151784501_1360885600917035_8095918348066599663_n.jpg
[2026-04-17T14:05:37.586Z] [✓] #3962 03962_152730709_1360885527583709_3728259594015538380_n.jpg
[2026-04-17T14:05:37.624Z] [✓] #3963 03963_151327913_1360885480917047_5537350633327710157_n.jpg
[2026-04-17T14:05:37.664Z] [✓] #3964 03964_150942745_1360885430917052_3389273366028848782_n.jpg
[2026-04-17T14:05:37.674Z] [✓] #3948 03948_148904053_1364297013909227_9094593944437866010_n.jpg
[2026-04-17T14:05:37.731Z] [✓] #3965 03965_151118703_1360885404250388_3173098581606715206_n.jpg
[2026-04-17T14:05:37.775Z] [✓] #3966 03966_151033871_1360255607646701_6744420643491757766_n.jpg
[2026-04-17T14:05:37.826Z] [✓] #3968 03968_150998911_1360255207646741_9104374822655162577_n.jpg
[2026-04-17T14:05:37.832Z] [✓] #3959 03959_152391299_1361578914181037_4511495047442999808_n.jpg
[2026-04-17T14:05:37.926Z] [✓] #3961 03961_152747637_1360885574250371_7789977306517135156_n.jpg
[2026-04-17T14:05:37.938Z] [✓] #3970 03970_151381345_1360254237646838_3085173721567536838_n.jpg
[2026-04-17T14:05:37.967Z] [✓] #3969 03969_150939616_1360255074313421_975025423516948938_n.jpg
[2026-04-17T14:05:37.999Z] [✓] #3971 03971_152023028_1360254104313518_968501931295703467_n.jpg
[2026-04-17T14:05:38.053Z] [✓] #3972 03972_151005715_1360253914313537_5396775318357701342_n.jpg
[2026-04-17T14:05:38.095Z] [✓] #3967 03967_150934892_1360255447646717_6956766009002265460_n.jpg
[2026-04-17T14:05:38.103Z] [✓] #3973 03973_151512158_1360253790980216_3753704235681483900_n.jpg
[2026-04-17T14:05:38.178Z] [✓] #3975 03975_151697464_1360253557646906_1367862731403702359_n.jpg
[2026-04-17T14:05:38.218Z] [✓] #3978 03978_151308544_1359627267709535_5442282800500884879_n.jpg
[2026-04-17T14:05:38.239Z] [✓] #3976 03976_150841292_1360253347646927_3329296818295862680_n.jpg
[2026-04-17T14:05:38.334Z] [✓] #3979 03979_152012445_1359626444376284_8023900802350391266_n.jpg
[2026-04-17T14:05:38.369Z] [✓] #3980 03980_151927937_1359626251042970_2800763327866190308_n.jpg
[2026-04-17T14:05:38.370Z] [✓] #3981 03981_152018963_1359626234376305_4881130094308205153_n.jpg
[2026-04-17T14:05:38.444Z] [✓] #3982 03982_150532469_1359626217709640_6035209782052484232_n.jpg
[2026-04-17T14:05:38.459Z] [✓] #3977 03977_152414559_1360253214313607_2246895079932550863_n.jpg
[2026-04-17T14:05:38.502Z] [✓] #3983 03983_150395193_1359626187709643_439930280620751761_n.jpg
[2026-04-17T14:05:38.587Z] [✓] #3974 03974_150742833_1360253670980228_3036608707970720742_n.jpg
[2026-04-17T14:05:38.590Z] [✓] #3986 03986_151240152_1358337421171853_4398910201430082351_n.jpg
[2026-04-17T14:05:38.591Z] [✓] #3984 03984_151058602_1359625631043032_4502283304540126047_n.jpg
[2026-04-17T14:05:38.617Z] [✓] #3985 03985_150904500_1359625554376373_5934843339716473441_n.jpg
[2026-04-17T14:05:38.637Z] [✓] #3987 03987_150244792_1358337387838523_3607102472759508877_n.jpg
[2026-04-17T14:05:38.857Z] [✓] #3992 03992_151261331_1358337117838550_4034901908873056136_n.jpg
[2026-04-17T14:05:38.861Z] [✓] #3989 03989_149818586_1358337267838535_4944002487011861727_n.jpg
[2026-04-17T14:05:38.876Z] [✓] #3988 03988_150568170_1358337354505193_4847059104821691129_n.jpg
[2026-04-17T14:05:38.881Z] [✓] #3991 03991_151240154_1358337141171881_2166659860818650852_n.jpg
[2026-04-17T14:05:38.916Z] [✓] #3990 03990_149397644_1358337204505208_1713160008320040560_n.jpg
[2026-04-17T14:05:39.003Z] [✓] #3996 03996_149296005_1357534507918811_8977260526214160816_n.jpg
[2026-04-17T14:05:39.151Z] [✓] #3995 03995_149387861_1357534634585465_6956017540091987367_n.jpg
[2026-04-17T14:05:39.154Z] [✓] #3997 03997_150180231_1357534384585490_3781700665746881126_n.jpg
[2026-04-17T14:05:39.159Z] [✓] #3994 03994_149800927_1357534794585449_1753620246767172455_n.jpg
[2026-04-17T14:05:39.164Z] [✓] #3993 03993_151594669_1358337074505221_5535160500329375509_n.jpg
[2026-04-17T14:05:39.306Z] [✓] #3998 03998_150499867_1357534297918832_6519298071844157515_n.jpg
[2026-04-17T14:05:39.369Z] [✓] #4001 04001_150532475_1356864441319151_2997242515298640317_n.jpg
[2026-04-17T14:05:39.393Z] [✓] #4000 04000_149041192_1357534091252186_9081054265554902392_n.jpg
[2026-04-17T14:05:39.411Z] [✓] #3999 03999_149578532_1357534164585512_666353501520238486_n.jpg
[2026-04-17T14:05:39.460Z] [✓] #4003 04003_148069499_1355495134789415_7731844426705600273_n.jpg
[2026-04-17T14:05:39.469Z] [✓] #4002 04002_148556161_1355705298101732_3456591001298253263_n.jpg
[2026-04-17T14:05:39.507Z] [✓] #4004 04004_148673187_1354300228242239_3101765739128806896_n.jpg
[2026-04-17T14:05:39.551Z] [✓] #4005 04005_147673558_1354057091599886_2623284866805005344_n.jpg
[2026-04-17T14:05:39.562Z] [✓] #4006 04006_147371661_1352963981709197_3115834545376869606_n.jpg
[2026-04-17T14:05:39.604Z] [✓] #4009 04009_147021576_1352879928384269_2812768301234334098_n.jpg
[2026-04-17T14:05:39.610Z] [✓] #4007 04007_147311546_1352960428376219_2003693113151011690_n.jpg
[2026-04-17T14:05:39.615Z] [✓] #4008 04008_147301289_1352960378376224_2301654177553386012_n.jpg
[2026-04-17T14:05:39.747Z] [✓] #4011 04011_148913428_1352879891717606_4118107282576018798_n.jpg
[2026-04-17T14:05:39.760Z] [✓] #4014 04014_147792353_1351613571844238_8548433987360323207_n.jpg
[2026-04-17T14:05:39.771Z] [✓] #4010 04010_147279485_1352879905050938_7679351269068933340_n.jpg
[2026-04-17T14:05:39.887Z] [✓] #4013 04013_145278532_1351613608510901_4141613207778337751_n.jpg
[2026-04-17T14:05:39.892Z] [✓] #4015 04015_145948715_1350992331906362_6468525630630065744_n.jpg
[2026-04-17T14:05:39.896Z] [✓] #4017 04017_144630455_1348397792165816_5287176670265971359_n.jpg
[2026-04-17T14:05:39.966Z] [✓] #4016 04016_144960805_1350373328634929_3448301819722924323_n.jpg
[2026-04-17T14:05:39.995Z] [✓] #4019 04019_144184112_1347667285572200_6268454089756513634_n.jpg
[2026-04-17T14:05:40.036Z] [✓] #4012 04012_146634494_1351613655177563_4280890441499061276_n.jpg
[2026-04-17T14:05:40.084Z] [✓] #4021 04021_143335677_1347666972238898_3975917346355685855_n.jpg
[2026-04-17T14:05:40.088Z] [✓] #4018 04018_145372969_1348397092165886_3681290478579715589_n.jpg
[2026-04-17T14:05:40.104Z] [✓] #4022 04022_144556058_1347666965572232_1515751037579188126_n.jpg
[2026-04-17T14:05:40.123Z] [✓] #4023 04023_143982836_1347666908905571_6443586045303202547_n.jpg
[2026-04-17T14:05:40.138Z] [✓] #4020 04020_143332676_1347666998905562_6339266097727802613_n.jpg
[2026-04-17T14:05:40.171Z] [✓] #4025 04025_144262846_1347666862238909_6411138243233445374_n.jpg
[2026-04-17T14:05:40.189Z] [✓] #4026 04026_144232332_1347666832238912_3027013800406937701_n.jpg
[2026-04-17T14:05:40.214Z] [✓] #4027 04027_143736943_1347110638961198_6313461612417792111_n.jpg
[2026-04-17T14:05:40.218Z] [✓] #4024 04024_143419229_1347666878905574_846792674508796628_n.jpg
[2026-04-17T14:05:40.356Z] [✓] #4031 04031_144073880_1345710389101223_7320631239195723028_n.jpg
[2026-04-17T14:05:40.379Z] [✓] #4028 04028_143182796_1346128685726060_4664157218032895312_n.jpg
[2026-04-17T14:05:40.388Z] [✓] #4029 04029_142883514_1345710612434534_3747080860670663568_n.jpg
[2026-04-17T14:05:40.391Z] [✓] #4032 04032_142167099_1345400732465522_8765866268610415379_n.jpg
[2026-04-17T14:05:40.454Z] [✓] #4035 04035_141610691_1344249439247318_5273356991127341185_n.jpg
[2026-04-17T14:05:40.495Z] [✓] #4034 04034_142130189_1344324625906466_286609448604196801_n.jpg
[2026-04-17T14:05:40.508Z] [✓] #4030 04030_142797937_1345710482434547_2354875607301981883_n.jpg
[2026-04-17T14:05:40.560Z] [✓] #4037 04037_141474826_1343639419308320_1831255539506641214_n.jpg
[2026-04-17T14:05:40.566Z] [✓] #4033 04033_141719162_1344768049195457_1278030980633012459_n.jpg
[2026-04-17T14:05:40.594Z] [✓] #4038 04038_142197219_1343639335974995_1511531213733677200_n.jpg
[2026-04-17T14:05:40.604Z] [✓] #4036 04036_141513435_1343639435974985_4882217874616196619_n.jpg
[2026-04-17T14:05:40.622Z] [✓] #4039 04039_142164695_1343639275975001_1313037788032514424_n.jpg
[2026-04-17T14:05:40.698Z] [✓] #4040 04040_141936019_1343639222641673_3860395241815312141_n.jpg
[2026-04-17T14:05:40.722Z] [✓] #4043 04043_141025909_1343638985975030_3154077590025587569_n.jpg
[2026-04-17T14:05:40.735Z] [✓] #4042 04042_142919884_1343638999308362_1065477588959352986_n.jpg
[2026-04-17T14:05:40.758Z] [✓] #4041 04041_142446395_1343639199308342_3065390740230446489_n.jpg
[2026-04-17T14:05:40.763Z] [✓] #4044 04044_142007740_1342242136114715_8200217408476272058_n.jpg
[2026-04-17T14:05:40.847Z] [✓] #4046 04046_139878527_1342242082781387_250175912050500873_n.jpg
[2026-04-17T14:05:40.860Z] [✓] #4047 04047_140356321_1342242072781388_913304804886179729_n.jpg
[2026-04-17T14:05:40.888Z] [✓] #4048 04048_140631984_1341510439521218_2588013708799437810_n.jpg
[2026-04-17T14:05:40.896Z] [✓] #4045 04045_142501533_1342242099448052_4291341113736714384_n.jpg
[2026-04-17T14:05:40.942Z] [✓] #4049 04049_140849212_1341510432854552_2350279375602165474_n.jpg
[2026-04-17T14:05:41.005Z] [✓] #4052 04052_139883995_1340964122909183_6140011491807771274_n.jpg
[2026-04-17T14:05:41.039Z] [✓] #4050 04050_140488123_1341510409521221_2773329131824904099_n.jpg
[2026-04-17T14:05:41.053Z] [✓] #4053 04053_140783739_1340964109575851_1344817538021348615_n.jpg
[2026-04-17T14:05:41.086Z] [✓] #4051 04051_140919463_1340964162909179_851951323575062689_n.jpg
[2026-04-17T14:05:41.097Z] [✓] #4054 04054_139722659_1340964119575850_5360272967873697364_n.jpg
[2026-04-17T14:05:41.139Z] [✓] #4055 04055_139477083_1339657283039867_5648982195366692719_n.jpg
[2026-04-17T14:05:41.253Z] [✓] #4057 04057_139412665_1338918123113783_8696928896354032296_n.jpg
[2026-04-17T14:05:41.267Z] [✓] #4058 04058_139670689_1338918099780452_1540012831395349146_n.jpg
[2026-04-17T14:05:41.279Z] [✓] #4056 04056_139902054_1339615199710742_7626526520713928079_n.jpg
[2026-04-17T14:05:41.290Z] [✓] #4059 04059_139980759_1338918049780457_3174902028425580497_n.jpg
[2026-04-17T14:05:41.304Z] [✓] #4060 04060_139330191_1338917979780464_2180997679316655546_n.jpg
[2026-04-17T14:05:41.437Z] [✓] #4064 04064_139411868_1337691046569824_5633929433103733211_n.jpg
[2026-04-17T14:05:41.537Z] [✓] #4066 04066_139726468_1336993103306285_6863300587967842529_n.jpg
[2026-04-17T14:05:41.539Z] [✓] #4063 04063_139758065_1338335099838752_1233157811944860557_n.jpg
[2026-04-17T14:05:41.540Z] [✓] #4061 04061_139085328_1338917946447134_5483269935622545284_n.jpg
[2026-04-17T14:05:41.542Z] [✓] #4065 04065_138373420_1337690983236497_7779875995644278069_n.jpg
[2026-04-17T14:05:41.604Z] [✓] #4062 04062_139712903_1338917909780471_6170823606762821715_n.jpg
[2026-04-17T14:05:41.615Z] [✓] #4067 04067_139122501_1336294843376111_3237218526143706509_n.jpg
[2026-04-17T14:05:41.634Z] [✓] #4068 04068_138307753_1335032056835723_6076565695058340730_n.jpg
[2026-04-17T14:05:41.675Z] [✓] #4070 04070_138658879_1335032016835727_6022406870241446127_n.jpg
[2026-04-17T14:05:41.679Z] [✓] #4069 04069_137272817_1335032036835725_8695798690356372167_n.jpg
[2026-04-17T14:05:41.690Z] [✓] #4071 04071_136972285_1335031990169063_2871329901714142336_n.jpg
[2026-04-17T14:05:41.710Z] [✓] #4072 04072_139196262_1335031966835732_6397999320327109328_n.jpg
[2026-04-17T14:05:41.715Z] [✓] #4073 04073_137306374_1335031943502401_25313435504062399_n.jpg
[2026-04-17T14:05:41.797Z] [✓] #4075 04075_137316683_1335031900169072_641778109886336520_n.jpg
[2026-04-17T14:05:41.827Z] [✓] #4074 04074_139264964_1335031920169070_7595048944229990345_n.jpg
[2026-04-17T14:05:41.831Z] [✓] #4077 04077_137071065_1335031860169076_1209590983983686817_n.jpg
[2026-04-17T14:05:41.874Z] [✓] #4078 04078_137604395_1334416106897318_1575274156539279393_n.jpg
[2026-04-17T14:05:41.902Z] [✓] #4076 04076_137594639_1335031880169074_6893021817720788575_n.jpg
[2026-04-17T14:05:41.946Z] [✓] #4080 04080_137049857_1334416056897323_2480837972382923735_n.jpg
[2026-04-17T14:05:41.960Z] [✓] #4079 04079_136494881_1334416080230654_3031198334885364649_n.jpg
[2026-04-17T14:05:42.055Z] [✓] #4083 04083_136472514_1334415996897329_5821012892912298609_n.jpg
[2026-04-17T14:05:42.071Z] [✓] #4081 04081_136145449_1334416033563992_3366891064284862974_n.jpg
[2026-04-17T14:05:42.079Z] [✓] #4082 04082_138201560_1334416013563994_4885558898523837941_n.jpg
[2026-04-17T14:05:42.152Z] [✓] #4084 04084_136677621_1334415973563998_184595954423998152_n.jpg
[2026-04-17T14:05:42.207Z] [✓] #4088 04088_137291047_1332151477123781_577240782453994921_n.jpg
[2026-04-17T14:05:42.263Z] [✓] #4087 04087_137209413_1332858020386460_4418436856762820872_n.jpg
[2026-04-17T14:05:42.269Z] [✓] #4089 04089_135181601_1330990507239878_6898180469483221158_n.jpg
[2026-04-17T14:05:42.338Z] [✓] #4090 04090_136423336_1330316340640628_7310947022123035251_n.jpg
[2026-04-17T14:05:42.362Z] [✓] #4086 04086_136969355_1333782523627343_6498983445993378534_n.jpg
[2026-04-17T14:05:42.385Z] [✓] #4091 04091_134656817_1330316330640629_2255865644834724468_n.jpg
[2026-04-17T14:05:42.424Z] [✓] #4092 04092_135513026_1330316307307298_5980780573548120163_n.jpg
[2026-04-17T14:05:42.452Z] [✓] #4085 04085_138182481_1334415953564000_7125601596573178552_n.jpg
[2026-04-17T14:05:42.458Z] [✓] #4093 04093_135206983_1330316283973967_242775684920912334_n.jpg
[2026-04-17T14:05:42.495Z] [✓] #4094 04094_135215302_1330316267307302_272095960453759770_n.jpg
[2026-04-17T14:05:42.573Z] [✓] #4096 04096_134415862_1329583870713875_927102237489455800_n.jpg
[2026-04-17T14:05:42.585Z] [✓] #4095 04095_134393141_1330316247307304_5183165275501781265_n.jpg
[2026-04-17T14:05:42.601Z] [✓] #4098 04098_135815393_1329583834047212_7046814005556015820_n.jpg
[2026-04-17T14:05:42.608Z] [✓] #4097 04097_134333308_1329583860713876_491548505604828481_n.jpg
[2026-04-17T14:05:42.691Z] [✓] #4102 04102_134424903_1329583747380554_5483851619959578169_n.jpg
[2026-04-17T14:05:42.699Z] [✓] #4099 04099_134928889_1329583807380548_7123164056841125075_n.jpg
[2026-04-17T14:05:42.704Z] [✓] #4103 04103_134530774_1328178447521084_2838811106027998783_n.jpg
[2026-04-17T14:05:42.719Z] [✓] #4100 04100_135027647_1329583800713882_2350984624454415211_n.jpg
[2026-04-17T14:05:42.725Z] [✓] #4101 04101_135493522_1329583777380551_8872677290657885213_n.jpg
[2026-04-17T14:05:42.855Z] [✓] #4107 04107_133708004_1326992427639686_2333427851582469037_n.jpg
[2026-04-17T14:05:42.858Z] [✓] #4106 04106_133529671_1326992480973014_8189651933945156381_n.jpg
[2026-04-17T14:05:42.926Z] [✓] #4108 04108_134673371_1326992380973024_6566736156693811264_n.jpg
[2026-04-17T14:05:42.937Z] [✓] #4104 04104_132951917_1326992574306338_3521284751346194564_n.jpg
[2026-04-17T14:05:42.958Z] [✓] #4109 04109_133329971_1326992337639695_120440225113256786_n.jpg
[2026-04-17T14:05:42.965Z] [✓] #4110 04110_134128102_1326992307639698_7306293487565903699_n.jpg
[2026-04-17T14:05:42.968Z] [✓] #4105 04105_134348060_1326992524306343_6798164776255392181_n.jpg
[2026-04-17T14:05:43.040Z] [✓] #4111 04111_133512300_1326992287639700_7032124839772591086_n.jpg
[2026-04-17T14:05:43.069Z] [✓] #4112 04112_135343268_1326992264306369_4332541542607201329_n.jpg
[2026-04-17T14:05:43.100Z] [✓] #4114 04114_134995745_1326992220973040_8447329897838701450_n.jpg
[2026-04-17T14:05:43.120Z] [✓] #4113 04113_133636312_1326992234306372_1046066286130845648_n.jpg
[2026-04-17T14:05:43.154Z] [✓] #4115 04115_133725612_1326992200973042_2493004475816896351_n.jpg
[2026-04-17T14:05:43.173Z] [✓] #4116 04116_134127157_1326992164306379_9167811414850830778_n.jpg
[2026-04-17T14:05:43.209Z] [✓] #4117 04117_133811402_1326992120973050_3408720667144010591_n.jpg
[2026-04-17T14:05:43.212Z] [✓] #4118 04118_134437545_1326992110973051_771866953420235665_n.jpg
[2026-04-17T14:05:43.255Z] [✓] #4120 04120_134689621_1326992017639727_5894921892137918486_n.jpg
[2026-04-17T14:05:43.325Z] [✓] #4119 04119_134076049_1326992040973058_4524166133712009682_n.jpg
[2026-04-17T14:05:43.358Z] [✓] #4123 04123_134248781_1326009611071301_7788380325847104446_n.jpg
[2026-04-17T14:05:43.384Z] [✓] #4122 04122_134163555_1326009647737964_8219138775462960380_n.jpg
[2026-04-17T14:05:43.405Z] [✓] #4121 04121_134921148_1326991980973064_4647583239476111308_n.jpg
[2026-04-17T14:05:43.414Z] [✓] #4124 04124_133199092_1326009571071305_5860125346389967559_n.jpg
[2026-04-17T14:05:43.464Z] [✓] #4126 04126_133623792_1325374111134851_6789393499179551185_n.jpg
[2026-04-17T14:05:43.481Z] [✓] #4127 04127_133802999_1324774977861431_266114338034539047_n.jpg
[2026-04-17T14:05:43.534Z] [✓] #4129 04129_134042737_1324196554585940_6228589307746076383_n.jpg
[2026-04-17T14:05:43.593Z] [✓] #4130 04130_133714474_1324196534585942_342876254966052000_n.jpg
[2026-04-17T14:05:43.597Z] [✓] #4128 04128_132392056_1324196591252603_450513998300772222_n.jpg
[2026-04-17T14:05:43.660Z] [✓] #4132 04132_133133408_1322804391391823_3088878226546216600_n.jpg
[2026-04-17T14:05:43.665Z] [✓] #4131 04131_132747441_1322804418058487_2073635829325371285_n.jpg
[2026-04-17T14:05:43.723Z] [✓] #4133 04133_133362769_1322804364725159_961329364745187966_n.jpg
[2026-04-17T14:05:43.768Z] [✓] #4125 04125_133794852_1325979354407660_85816611413584870_n.jpg
[2026-04-17T14:05:43.789Z] [✓] #4135 04135_132314063_1322804311391831_153045422906842750_n.jpg
[2026-04-17T14:05:43.805Z] [✓] #4134 04134_133114830_1322804341391828_1421664243189265733_n.jpg
[2026-04-17T14:05:43.807Z] [✓] #4136 04136_133048177_1322804291391833_3744811143462288989_n.jpg
[2026-04-17T14:05:43.881Z] [✓] #4137 04137_132266778_1322804264725169_8002065064198525756_n.jpg
[2026-04-17T14:05:43.896Z] [✓] #4138 04138_133544861_1322804241391838_7862931643585874936_n.jpg
[2026-04-17T14:05:43.969Z] [✓] #4141 04141_133619929_1322562314749364_1545732224673514916_n.jpg
[2026-04-17T14:05:43.981Z] [✓] #4143 04143_132324659_1322055574800038_5583715271403605452_n.jpg
[2026-04-17T14:05:44.007Z] [✓] #4142 04142_132190972_1322055604800035_6658450883635266563_n.jpg
[2026-04-17T14:05:44.062Z] [✓] #4144 04144_132198111_1322055548133374_4848355670766678578_n.jpg
[2026-04-17T14:05:44.070Z] [✓] #4140 04140_133090891_1322804184725177_8565648051509085940_n.jpg
[2026-04-17T14:05:44.097Z] [✓] #4145 04145_132338717_1322055514800044_5376751049351151612_n.jpg
[2026-04-17T14:05:44.237Z] [✓] #4149 04149_132284740_1321373648201564_4143419994712423511_n.jpg
[2026-04-17T14:05:44.240Z] [✓] #4147 04147_132706029_1321373708201558_3056218449909946642_n.jpg
[2026-04-17T14:05:44.243Z] [✓] #4146 04146_132280776_1321373724868223_4768472771835560378_n.jpg
[2026-04-17T14:05:44.267Z] [✓] #4148 04148_131968861_1321373691534893_421246891303495487_n.jpg
[2026-04-17T14:05:44.275Z] [✓] #4139 04139_133567466_1322804204725175_3582949624025398324_n.jpg
[2026-04-17T14:05:44.392Z] [✓] #4151 04151_131947431_1321373611534901_6333056102203414002_n.jpg
[2026-04-17T14:05:44.408Z] [✓] #4154 04154_131675396_1321373538201575_1763363479418925970_n.jpg
[2026-04-17T14:05:44.485Z] [✓] #4150 04150_132682283_1321373618201567_3529231970530130918_n.jpg
[2026-04-17T14:05:44.489Z] [✓] #4153 04153_131970637_1321373561534906_1768006996755946241_n.jpg
[2026-04-17T14:05:44.493Z] [✓] #4152 04152_131977839_1321373584868237_1585292944161259054_n.jpg
[2026-04-17T14:05:44.509Z] [✓] #4155 04155_132004669_1321373494868246_7805810871991761224_n.jpg
[2026-04-17T14:05:44.583Z] [✓] #4156 04156_132202382_1321373474868248_2683003516156205765_n.jpg
[2026-04-17T14:05:44.590Z] [✓] #4158 04158_132870904_1320620474943548_7285978063851843823_n.jpg
[2026-04-17T14:05:44.607Z] [✓] #4157 04157_132069488_1321373441534918_2144668891557938769_n.jpg
[2026-04-17T14:05:44.618Z] [✓] #4160 04160_131988026_1319885571683705_7424220585774580464_n.jpg
[2026-04-17T14:05:44.622Z] [✓] #4159 04159_131331136_1319885601683702_6562597441555845244_n.jpg
[2026-04-17T14:05:44.715Z] [✓] #4164 04164_131930207_1318693998469529_7882803595630992081_n.jpg
[2026-04-17T14:05:44.728Z] [✓] #4161 04161_132300767_1319885548350374_3181630693683572803_n.jpg
[2026-04-17T14:05:44.736Z] [✓] #4162 04162_131942153_1319885518350377_2540078109133351672_n.jpg
[2026-04-17T14:05:44.740Z] [✓] #4165 04165_131046322_1317744808564448_1879892526871729564_n.jpg
[2026-04-17T14:05:44.752Z] [✓] #4163 04163_131356932_1319489215056674_3721583319933907186_n.jpg
[2026-04-17T14:05:45.003Z] [✓] #4167 04167_131348479_1317085915297004_6643147779210107602_n.jpg
[2026-04-17T14:05:45.026Z] [✓] #4168 04168_131581226_1317085885297007_1584312785135679504_n.jpg
[2026-04-17T14:05:45.028Z] [✓] #4170 04170_131466492_1317085758630353_43796450172997673_n.jpg
[2026-04-17T14:05:45.030Z] [✓] #4166 04166_131499214_1317085938630335_8635679949073188225_n.jpg
[2026-04-17T14:05:45.049Z] [✓] #4169 04169_131474650_1317085845297011_8188787889195897179_n.jpg
[2026-04-17T14:05:45.128Z] [✓] #4172 04172_131503558_1317085638630365_5097136793579785467_n.jpg
[2026-04-17T14:05:45.161Z] [✓] #4174 04174_131494969_1316286678710261_5559767100538241821_n.jpg
[2026-04-17T14:05:45.175Z] [✓] #4175 04175_131929433_1316286622043600_192064671549262428_n.jpg
[2026-04-17T14:05:45.179Z] [✓] #4173 04173_131787051_1316286728710256_5544272428382513421_n.jpg
[2026-04-17T14:05:45.235Z] [✓] #4176 04176_131494955_1314961468842782_153665775534992493_n.jpg
[2026-04-17T14:05:45.279Z] [✓] #4179 04179_130908597_1314961392176123_8164675729815609042_n.jpg
[2026-04-17T14:05:45.331Z] [✓] #4177 04177_130783708_1314961448842784_8735929239453270293_n.jpg
[2026-04-17T14:05:45.347Z] [✓] #4178 04178_131324606_1314961422176120_1273944776517680198_n.jpg
[2026-04-17T14:05:45.363Z] [✓] #4180 04180_131539656_1314961372176125_7258822323684147473_n.jpg
[2026-04-17T14:05:45.388Z] [✓] #4181 04181_131472161_1314961342176128_5478349497953600888_n.jpg
[2026-04-17T14:05:45.458Z] [✓] #4171 04171_131757971_1317085675297028_7972418288807534783_n.jpg
[2026-04-17T14:05:45.499Z] [✓] #4182 04182_130575847_1313587352313527_1856839285015638389_n.jpg
[2026-04-17T14:05:45.508Z] [✓] #4184 04184_130541153_1313586772313585_7235117719061042806_n.jpg
[2026-04-17T14:05:45.533Z] [✓] #4183 04183_130556127_1313587328980196_8485283922147002747_n.jpg
[2026-04-17T14:05:45.578Z] [✓] #4187 04187_130728718_1313586702313592_8796720822170935462_n.jpg
[2026-04-17T14:05:45.610Z] [✓] #4188 04188_130690585_1313586645646931_6298009335637008289_n.jpg
[2026-04-17T14:05:45.630Z] [✓] #4186 04186_130717528_1313586712313591_9104655335449361125_n.jpg
[2026-04-17T14:05:45.665Z] [✓] #4190 04190_130605509_1313586632313599_930334578740305309_n.jpg
[2026-04-17T14:05:45.725Z] [✓] #4191 04191_130579124_1313586628980266_1277888190809207427_n.jpg
[2026-04-17T14:05:45.730Z] [✓] #4192 04192_130575841_1313585588980370_2827736254655492976_n.jpg
[2026-04-17T14:05:45.740Z] [✓] #4193 04193_130552950_1313584122313850_935096201087970618_n.jpg
[2026-04-17T14:05:45.745Z] [✓] #4189 04189_130581804_1313586638980265_4159782704193037761_n.jpg
[2026-04-17T14:05:45.783Z] [✓] #4194 04194_130602553_1313584085647187_5977076794748016494_n.jpg
[2026-04-17T14:05:45.806Z] [✓] #4196 04196_130301520_1313584022313860_7307952299634503725_n.jpg
[2026-04-17T14:05:45.822Z] [✓] #4195 04195_130575850_1313584098980519_1742953559946462303_n.jpg
[2026-04-17T14:05:45.827Z] [✓] #4197 04197_130537048_1313583998980529_7255340721353399460_n.jpg
[2026-04-17T14:05:45.842Z] [✓] #4185 04185_130709839_1313586742313588_8571873445763972323_n.jpg
[2026-04-17T14:05:45.870Z] [✓] #4198 04198_130708508_1313583992313863_1823394575724159257_n.jpg
[2026-04-17T14:05:45.886Z] [✓] #4200 04200_130736684_1313583912313871_538846743370326380_n.jpg
[2026-04-17T14:05:45.924Z] [✓] #4199 04199_130567632_1313583918980537_3343462018276821404_n.jpg
[2026-04-17T14:05:45.928Z] [✓] #4201 04201_130583514_1313583855647210_348136754670875099_n.jpg
[2026-04-17T14:05:45.957Z] [✓] #4202 04202_130572440_1313583848980544_2402991666068569147_n.jpg
[2026-04-17T14:05:45.960Z] [✓] #4204 04204_130581804_1313583782313884_8763773879957801719_n.jpg
[2026-04-17T14:05:45.997Z] [✓] #4203 04203_130569941_1313583822313880_4809761440342788327_n.jpg
[2026-04-17T14:05:46.038Z] [✓] #4205 04205_130581805_1313583775647218_438354587452738601_n.jpg
[2026-04-17T14:05:46.043Z] [✓] #4206 04206_130538890_1313583755647220_6171523199737873993_n.jpg
[2026-04-17T14:05:46.069Z] [✓] #4208 04208_130541221_1313583432313919_1966834216530097515_n.jpg
[2026-04-17T14:05:46.112Z] [✓] #4207 04207_130713339_1313583462313916_703037534629789868_n.jpg
[2026-04-17T14:05:46.151Z] [✓] #4209 04209_130664839_1313583425647253_102688780665456083_n.jpg
[2026-04-17T14:05:46.218Z] [✓] #4210 04210_130721570_1313583405647255_1482489289429507759_n.jpg
[2026-04-17T14:05:46.235Z] [✓] #4213 04213_130575372_1313583338980595_1607519742987365819_n.jpg
[2026-04-17T14:05:46.239Z] [✓] #4211 04211_130584704_1313583365647259_2382708278761806350_n.jpg
[2026-04-17T14:05:46.248Z] [✓] #4212 04212_130531718_1313583358980593_7980346545252056335_n.jpg
[2026-04-17T14:05:46.266Z] [✓] #4214 04214_130581804_1313583318980597_2990018946411449016_n.jpg
[2026-04-17T14:05:46.329Z] [✓] #4215 04215_131415383_1313583042313958_2420502809442812379_n.jpg
[2026-04-17T14:05:46.342Z] [✓] #4217 04217_131517124_1313221095683486_7169257035062583755_n.jpg
[2026-04-17T14:05:46.408Z] [✓] #4219 04219_131249719_1311977115807884_8413837593974795185_n.jpg
[2026-04-17T14:05:46.423Z] [✓] #4218 04218_130749301_1312431092429153_5020216195853663706_n.jpg
[2026-04-17T14:05:46.432Z] [✓] #4216 04216_131406632_1313582908980638_7363714303408301072_n.jpg
[2026-04-17T14:05:46.449Z] [✓] #4221 04221_130243743_1310951282577134_8693917434876697225_n.jpg
[2026-04-17T14:05:46.454Z] [✓] #4220 04220_131026889_1311977102474552_355875146888818762_n.jpg
[2026-04-17T14:05:46.515Z] [✓] #4224 04224_129674964_1309647796040816_2793464980153425786_n.jpg
[2026-04-17T14:05:46.546Z] [✓] #4222 04222_129939005_1310951242577138_1658766097159414909_n.jpg
[2026-04-17T14:05:46.672Z] [✓] #4223 04223_130241312_1310359332636329_3182631136538406573_n.jpg
[2026-04-17T14:05:46.701Z] [✓] #4227 04227_129333707_1308071816198414_9071161588817068323_n.jpg
[2026-04-17T14:05:46.725Z] [✓] #4228 04228_129171020_1307993686206227_790547777933661379_n.jpg
[2026-04-17T14:05:46.836Z] [✓] #4225 04225_130048335_1309647759374153_1453160924881519124_n.jpg
[2026-04-17T14:05:46.910Z] [✓] #4229 04229_129670943_1307172052955057_3196154739379794315_n.jpg
[2026-04-17T14:05:46.940Z] [✓] #4230 04230_128337125_1306015696404026_9143664905456786212_n.jpg
[2026-04-17T14:05:46.949Z] [✓] #4231 04231_128446116_1306015629737366_1510034808269533801_n.jpg
[2026-04-17T14:05:46.972Z] [✓] #4232 04232_129160573_1305771139761815_3183508390325355129_n.jpg
[2026-04-17T14:05:47.028Z] [✓] #4233 04233_128934133_1305771109761818_3740252901082173815_n.jpg
[2026-04-17T14:05:47.029Z] [✓] #4226 04226_130025603_1308802706125325_2310399862528323379_n.jpg
[2026-04-17T14:05:47.065Z] [✓] #4234 04234_128646542_1305771073095155_267798306297698100_n.jpg
[2026-04-17T14:05:47.095Z] [✓] #4236 04236_129099589_1305092446496351_1488233861473551328_n.jpg
[2026-04-17T14:05:47.111Z] [✓] #4235 04235_128758910_1305092463163016_4444552837375479344_n.jpg
[2026-04-17T14:05:47.204Z] [✓] #4238 04238_128142147_1305092396496356_9001948394718778608_n.jpg
[2026-04-17T14:05:47.206Z] [✓] #4240 04240_128708594_1305092359829693_505014562172931187_n.jpg
[2026-04-17T14:05:47.220Z] [✓] #4237 04237_128722954_1305092426496353_1725896828536687301_n.jpg
[2026-04-17T14:05:47.232Z] [✓] #4239 04239_128350252_1305092386496357_5013068148692522119_n.jpg
[2026-04-17T14:05:47.242Z] [✓] #4241 04241_128618822_1305092349829694_1748632350796219462_n.jpg
[2026-04-17T14:05:47.313Z] [✓] #4244 04244_128649491_1304214623250800_3176486415810885750_n.jpg
[2026-04-17T14:05:47.366Z] [✓] #4242 04242_128034213_1304942003178062_8211333668799666473_n.jpg
[2026-04-17T14:05:47.456Z] [✓] #4247 04247_127217055_1301419833530279_1684552376286538670_n.jpg
[2026-04-17T14:05:47.463Z] [✓] #4243 04243_128785309_1304214666584129_4763575641642603243_n.jpg
[2026-04-17T14:05:47.468Z] [✓] #4246 04246_128939207_1303578526647743_2102686949598471079_n.jpg
[2026-04-17T14:05:47.471Z] [✓] #4245 04245_128361600_1304214596584136_4975649049130712182_n.jpg
[2026-04-17T14:05:47.493Z] [✓] #4248 04248_127123444_1301419806863615_6542295774319221477_n.jpg
[2026-04-17T14:05:47.594Z] [✓] #4251 04251_127027021_1301419430196986_7380734189700730309_n.jpg
[2026-04-17T14:05:47.637Z] [✓] #4249 04249_126946216_1301419780196951_7642641309413236035_n.jpg
[2026-04-17T14:05:47.703Z] [✓] #4253 04253_126954309_1301419373530325_6989942893848097407_n.jpg
[2026-04-17T14:05:47.748Z] [✓] #4255 04255_127053320_1301419306863665_8295405370774204064_n.jpg
[2026-04-17T14:05:47.750Z] [✓] #4252 04252_127944951_1301419383530324_6420982140919815544_n.jpg
[2026-04-17T14:05:47.859Z] [✓] #4258 04258_126838053_1299152733756989_6879077193596955686_n.jpg
[2026-04-17T14:05:47.864Z] [✓] #4257 04257_126877913_1299152790423650_7916184452954349804_n.jpg
[2026-04-17T14:05:47.884Z] [✓] #4256 04256_126838053_1300677556937840_4445985996100576134_n.jpg
[2026-04-17T14:05:47.887Z] [✓] #4254 04254_127242086_1301419350196994_2899522185341047669_n.jpg
[2026-04-17T14:05:47.981Z] [✓] #4259 04259_126323726_1295884577417138_1921543069842551063_n.jpg
[2026-04-17T14:05:47.992Z] [✓] #4260 04260_125449089_1294940400844889_5940674498933518145_n.jpg
[2026-04-17T14:05:48.026Z] [✓] #4261 04261_125423762_1294253677580228_147230595233476196_n.jpg
[2026-04-17T14:05:48.066Z] [✓] #4262 04262_125961533_1294253640913565_2597467790320696401_n.jpg
[2026-04-17T14:05:48.088Z] [✓] #4250 04250_127036814_1301419740196955_7834058321408524341_n.jpg
[2026-04-17T14:05:48.125Z] [✓] #4265 04265_125561474_1294253570913572_1900466956549089243_n.jpg
[2026-04-17T14:05:48.183Z] [✓] #4263 04263_126288155_1294253634246899_6142956407054898007_n.jpg
[2026-04-17T14:05:48.234Z] [✓] #4266 04266_125473164_1294253560913573_2911568919228363193_n.jpg
[2026-04-17T14:05:48.235Z] [✓] #4268 04268_125376928_1293380147667581_3141423651260888622_n.jpg
[2026-04-17T14:05:48.264Z] [✓] #4264 04264_125864969_1294253614246901_6233576828341442028_n.jpg
[2026-04-17T14:05:48.274Z] [✓] #4269 04269_125237874_1292584334413829_3282364358250461754_n.jpg
[2026-04-17T14:05:48.299Z] [✓] #4267 04267_125877261_1294253524246910_7500608195498626059_n.jpg
[2026-04-17T14:05:48.341Z] [✓] #4270 04270_125216318_1290884864583776_7271800797763998664_n.jpg
[2026-04-17T14:05:48.382Z] [✓] #4273 04273_125037477_1288981794774083_9008225443900121436_n.jpg
[2026-04-17T14:05:48.414Z] [✓] #4271 04271_124761672_1290884734583789_8699617377616387684_n.jpg
[2026-04-17T14:05:48.546Z] [✓] #4272 04272_124989487_1290884661250463_4652945517934627738_n.jpg
[2026-04-17T14:05:48.610Z] [✓] #4274 04274_124133197_1288246531514276_4218444665708813682_n.jpg
[2026-04-17T14:05:48.631Z] [✓] #4276 04276_124335451_1288246471514282_4828679819953332940_n.jpg
[2026-04-17T14:05:48.661Z] [✓] #4275 04275_124174685_1288246511514278_1192252484773198269_n.jpg
[2026-04-17T14:05:48.662Z] [✓] #4277 04277_124175171_1288246428180953_2548274502869141451_n.jpg
[2026-04-17T14:05:48.806Z] [✓] #4281 04281_123870269_1286265088379087_3463943482131893772_n.jpg
[2026-04-17T14:05:48.903Z] [✓] #4283 04283_124025649_1285343875137875_2144928151810413479_n.jpg
[2026-04-17T14:05:48.913Z] [✓] #4282 04282_123926729_1286265045045758_687785029984250821_n.jpg
[2026-04-17T14:05:48.958Z] [✓] #4280 04280_123727018_1286265138379082_2298645012935849549_n.jpg
[2026-04-17T14:05:49.193Z] [✓] #4278 04278_123927282_1286265251712404_1876471681122793874_n.jpg
[2026-04-17T14:05:49.198Z] [✓] #4285 04285_123949881_1284424161896513_6036318396103420636_n.jpg
[2026-04-17T14:05:49.208Z] [✓] #4279 04279_123771098_1286265178379078_5606037428388823827_n.jpg
[2026-04-17T14:05:49.213Z] [✓] #4286 04286_123609525_1283826918622904_8888300811173765212_n.jpg
[2026-04-17T14:05:49.217Z] [✓] #4284 04284_123918645_1284424218563174_4157507579541127917_n.jpg
[2026-04-17T14:05:49.336Z] [✓] #4289 04289_123495171_1282065742132355_7724142463895397219_n.jpg
[2026-04-17T14:05:49.469Z] [✓] #4291 04291_123647473_1281201415552121_3500886193865545477_n.jpg
[2026-04-17T14:05:49.473Z] [✓] #4290 04290_123346184_1282065722132357_7094887161391042967_n.jpg
[2026-04-17T14:05:49.480Z] [✓] #4287 04287_123584565_1283826855289577_4095107241174827891_n.jpg
[2026-04-17T14:05:49.496Z] [✓] #4288 04288_123359411_1282065768799019_6382413315699666083_n.jpg
[2026-04-17T14:05:49.500Z] [✓] #4292 04292_123138483_1280332045639058_7776397121112204264_n.jpg
[2026-04-17T14:05:49.626Z] [✓] #4293 04293_123189350_1279703512368578_1047098607093944209_n.jpg
[2026-04-17T14:05:49.649Z] [✓] #4297 04297_123168783_1279703422368587_3931587813601287595_n.jpg
[2026-04-17T14:05:49.662Z] [✓] #4296 04296_123095784_1279703445701918_3176838589988799333_n.jpg
[2026-04-17T14:05:49.663Z] [✓] #4294 04294_123135473_1279703489035247_3735965309243001269_n.jpg
[2026-04-17T14:05:49.681Z] [✓] #4295 04295_123341900_1279703459035250_7013134794366897536_n.jpg
[2026-04-17T14:05:49.754Z] [✓] #4301 04301_123318009_1279703295701933_8543885264029946885_n.jpg
[2026-04-17T14:05:49.787Z] [✓] #4298 04298_123516082_1279703365701926_9101683809203536779_n.jpg
[2026-04-17T14:05:49.795Z] [✓] #4299 04299_123171158_1279703352368594_4015419385842341004_n.jpg
[2026-04-17T14:05:49.803Z] [✓] #4300 04300_123247700_1279703345701928_5549622032552518679_n.jpg
[2026-04-17T14:05:49.805Z] [✓] #4302 04302_123139268_1279703289035267_1212176541772249357_n.jpg
[2026-04-17T14:05:49.841Z] [✓] #4303 04303_123341068_1279703282368601_7376786463993195766_n.jpg
[2026-04-17T14:05:49.913Z] [✓] #4307 04307_123297902_1278768859128710_8152959643282006288_n.jpg
[2026-04-17T14:05:49.917Z] [✓] #4306 04306_123095532_1278769309128665_6177515451079898665_n.jpg
[2026-04-17T14:05:49.920Z] [✓] #4305 04305_123315103_1279702935701969_7487620702596433319_n.jpg
[2026-04-17T14:05:49.924Z] [✓] #4304 04304_123335286_1279703242368605_1442895068288630366_n.jpg
[2026-04-17T14:05:50.123Z] [✓] #4311 04311_123246831_1278768019128794_7271236543598074258_n.jpg
[2026-04-17T14:05:50.201Z] [✓] #4309 04309_123392521_1278768062462123_1778304750615891364_n.jpg
[2026-04-17T14:05:50.223Z] [✓] #4313 04313_123251824_1278767669128829_7510067530296506241_n.jpg
[2026-04-17T14:05:50.228Z] [✓] #4312 04312_123102917_1278767809128815_4954395133342984380_n.jpg
[2026-04-17T14:05:50.233Z] [✓] #4308 04308_123286687_1278768559128740_5375232529588717754_n.jpg
[2026-04-17T14:05:50.341Z] [✓] #4314 04314_123137570_1278767609128835_841536917972119159_n.jpg
[2026-04-17T14:05:50.612Z] [✓] #4316 04316_123106193_1276838889321707_8964370469578864015_n.jpg
[2026-04-17T14:05:50.638Z] [✓] #4317 04317_122761338_1276838882655041_520193611851122738_n.jpg
[2026-04-17T14:05:50.677Z] [✓] #4315 04315_122854728_1276838929321703_6985640593859148851_n.jpg
[2026-04-17T14:05:50.806Z] [✓] #4321 04321_122970685_1276838715988391_7960901868774783987_n.jpg
[2026-04-17T14:05:50.846Z] [✓] #4310 04310_123083233_1278768025795460_7307550217054357603_n.jpg
[2026-04-17T14:05:50.856Z] [✓] #4319 04319_122902276_1276838819321714_3610110724431665656_n.jpg
[2026-04-17T14:05:50.857Z] [✓] #4320 04320_122724668_1276838769321719_4190570770495373310_n.jpg
[2026-04-17T14:05:50.924Z] [✓] #4318 04318_122794059_1276838832655046_192618588681642978_n.jpg
[2026-04-17T14:05:51.076Z] [✓] #4322 04322_123034434_1276838712655058_4022320642887955459_n.jpg
[2026-04-17T14:05:51.085Z] [✓] #4326 04326_122780127_1276838605988402_6810821628764222949_n.jpg
[2026-04-17T14:05:51.097Z] [✓] #4325 04325_122848641_1276838619321734_6607628691844091760_n.jpg
[2026-04-17T14:05:51.105Z] [✓] #4324 04324_123139705_1276838669321729_6686050328894878775_n.jpg
[2026-04-17T14:05:51.324Z] [✓] #4329 04329_122724964_1276838512655078_5313316611186834230_n.jpg
[2026-04-17T14:05:51.343Z] [✓] #4328 04328_122800748_1276838532655076_5915229565817970233_n.jpg
[2026-04-17T14:05:51.352Z] [✓] #4327 04327_122792550_1276838579321738_7175650517791857113_n.jpg
[2026-04-17T14:05:51.358Z] [✓] #4330 04330_123168503_1276838472655082_5299329635885807873_n.jpg
[2026-04-17T14:05:51.460Z] [✓] #4332 04332_122820901_1276838429321753_4790168209072055440_n.jpg
[2026-04-17T14:05:51.475Z] [✓] #4334 04334_122624438_1274993692839560_7497056097696629237_n.jpg
[2026-04-17T14:05:51.498Z] [✓] #4333 04333_122762603_1275894529416143_4968052603758732544_n.jpg
[2026-04-17T14:05:51.506Z] [✓] #4331 04331_122750448_1276838445988418_1723465925872769774_n.jpg
[2026-04-17T14:05:51.551Z] [✓] #4335 04335_122620032_1274993649506231_419571702521552737_n.jpg
[2026-04-17T14:05:51.593Z] [✓] #4338 04338_122468233_1273159879689608_2056555434364876413_n.jpg
[2026-04-17T14:05:51.614Z] [✓] #4336 04336_122321438_1273160123022917_1264210874627752013_n.jpg
[2026-04-17T14:05:51.620Z] [✓] #4337 04337_122450205_1273159973022932_43631152812651311_n.jpg
[2026-04-17T14:05:51.682Z] [✓] #4340 04340_122232698_1271493733189556_3163002484894697619_n.jpg
[2026-04-17T14:05:51.737Z] [✓] #4339 04339_122154789_1271493763189553_7568838445704250250_n.jpg
[2026-04-17T14:05:51.742Z] [✓] #4341 04341_122384660_1271493326522930_5812582277446448237_n.jpg
[2026-04-17T14:05:51.757Z] [✓] #4342 04342_122119752_1271493293189600_7713295708961163143_n.jpg
[2026-04-17T14:05:51.850Z] [✓] #4346 04346_122036911_1268828590122737_4788869669782447629_n.jpg
[2026-04-17T14:05:51.856Z] [✓] #4343 04343_122239506_1268828643456065_3986457429076536505_n.jpg
[2026-04-17T14:05:51.872Z] [✓] #4344 04344_121801543_1268828626789400_5315512059090088195_n.jpg
[2026-04-17T14:05:51.876Z] [✓] #4345 04345_121995336_1268828596789403_6285684939231259159_n.jpg
[2026-04-17T14:05:51.969Z] [✓] #4350 04350_121335131_1266376050367991_7654822837199181247_n.jpg
[2026-04-17T14:05:51.987Z] [✓] #4348 04348_122097144_1267129533625976_7495373803007472690_n.jpg
[2026-04-17T14:05:52.024Z] [✓] #4351 04351_121481780_1266374493701480_6650488260224355829_n.jpg
[2026-04-17T14:05:52.029Z] [✓] #4349 04349_122079356_1267129413625988_1185520894538845972_n.jpg
[2026-04-17T14:05:52.070Z] [✓] #4352 04352_121734383_1265107273828202_5286483481695560937_n.jpg
[2026-04-17T14:05:52.125Z] [✓] #4347 04347_121653574_1267130016959261_8975086253464956170_n.jpg
[2026-04-17T14:05:52.161Z] [✓] #4355 04355_121600509_1265107177161545_5306408589655556830_n.jpg
[2026-04-17T14:05:52.164Z] [✓] #4353 04353_121592302_1265107243828205_4383344331078975910_n.jpg
[2026-04-17T14:05:52.197Z] [✓] #4354 04354_121560772_1265107213828208_3785849453244514578_n.jpg
[2026-04-17T14:05:52.217Z] [✓] #4356 04356_121487658_1265107160494880_481145746558767368_n.jpg
[2026-04-17T14:05:52.270Z] [✓] #4357 04357_121467351_1265107137161549_482807380863449115_n.jpg
[2026-04-17T14:05:52.329Z] [✓] #4360 04360_121488350_1265107063828223_5254364475333319812_n.jpg
[2026-04-17T14:05:52.334Z] [✓] #4358 04358_121543339_1265107110494885_488079559677533543_n.jpg
[2026-04-17T14:05:52.377Z] [✓] #4359 04359_121520890_1265107103828219_4173550206205141511_n.jpg
[2026-04-17T14:05:52.401Z] [✓] #4361 04361_121701956_1265107030494893_7073131754706960542_n.jpg
[2026-04-17T14:05:52.468Z] [✓] #4364 04364_121634704_1264188903920039_9189520339013056629_n.jpg
[2026-04-17T14:05:52.539Z] [✓] #4365 04365_121295814_1263384747333788_4855973168769977358_n.jpg
[2026-04-17T14:05:52.541Z] [✓] #4362 04362_121618784_1264189023920027_4368398180839448116_n.jpg
[2026-04-17T14:05:52.597Z] [✓] #4366 04366_121452788_1263384714000458_5006192939950785975_n.jpg
[2026-04-17T14:05:52.644Z] [✓] #4368 04368_121233423_1263384684000461_1955009790825920023_n.jpg
[2026-04-17T14:05:52.650Z] [✓] #4363 04363_121491046_1264188970586699_7725728632005244836_n.jpg
[2026-04-17T14:05:52.672Z] [✓] #4367 04367_121613571_1263384704000459_4663630114014845686_n.jpg
[2026-04-17T14:05:52.708Z] [✓] #4369 04369_121618652_1263384644000465_3109154517357655956_n.jpg
[2026-04-17T14:05:52.751Z] [✓] #4371 04371_121254890_1263384604000469_8712398293767645766_n.jpg
[2026-04-17T14:05:52.793Z] [✓] #4370 04370_121352196_1263384634000466_5558254361435092478_n.jpg
[2026-04-17T14:05:52.805Z] [✓] #4373 04373_120970591_1262546560750940_7864839477125810416_n.jpg
[2026-04-17T14:05:52.900Z] [✓] #4323 04323_122792552_1276838695988393_8271040640305368824_n.jpg
[2026-04-17T14:05:52.925Z] [✓] #4374 04374_121000203_1262546554084274_2911384686484462313_n.jpg
[2026-04-17T14:05:52.979Z] [✓] #4376 04376_121099543_1260890870916509_8242553212868582298_n.jpg
[2026-04-17T14:05:52.983Z] [✓] #4375 04375_121127842_1262546517417611_5407142404797833973_n.jpg
[2026-04-17T14:05:53.042Z] [✓] #4377 04377_121120295_1260890837583179_7121974516463190638_n.jpg
[2026-04-17T14:05:53.125Z] [✓] #4378 04378_121143350_1260890814249848_8113399123264406228_n.jpg
[2026-04-17T14:05:53.134Z] [✓] #4372 04372_121240436_1262548687417394_8211071224112892530_n.jpg
[2026-04-17T14:05:53.136Z] [✓] #4379 04379_121150997_1260890800916516_580552692995357245_n.jpg
[2026-04-17T14:05:53.169Z] [✓] #4380 04380_121010546_1260103540995242_4058916118709586370_n.jpg
[2026-04-17T14:05:53.174Z] [✓] #4381 04381_120938788_1260103534328576_5942394517071268424_n.jpg
[2026-04-17T14:05:53.231Z] [✓] #4383 04383_120972059_1260103290995267_6213589468535477760_n.jpg
[2026-04-17T14:05:53.277Z] [✓] #4386 04386_120896310_1259224801083116_3038038187697675749_n.jpg
[2026-04-17T14:05:53.290Z] [✓] #4382 04382_120960772_1260103297661933_1683006149956109040_n.jpg
[2026-04-17T14:05:53.309Z] [✓] #4384 04384_121198112_1259224861083110_8988586223808668937_n.jpg
[2026-04-17T14:05:53.316Z] [✓] #4387 04387_120916711_1258581664480763_2603976655103518644_n.jpg
[2026-04-17T14:05:53.368Z] [✓] #4389 04389_121028339_1258581074480822_7769343873329820179_n.jpg
[2026-04-17T14:05:53.421Z] [✓] #4391 04391_120966152_1258447817827481_986519395593529177_n.jpg
[2026-04-17T14:05:53.425Z] [✓] #4390 04390_120970607_1258580997814163_1419723053907946864_n.jpg
[2026-04-17T14:05:53.448Z] [✓] #4388 04388_121071106_1258581637814099_6382550530833335424_n.jpg
[2026-04-17T14:05:53.509Z] [✓] #4392 04392_120928189_1258447754494154_6874005304802468382_n.jpg
[2026-04-17T14:05:53.537Z] [✓] #4395 04395_120821020_1257763591229237_2814090525057661722_n.jpg
[2026-04-17T14:05:53.565Z] [✓] #4393 04393_120885280_1258447701160826_5326748557263847041_n.jpg
[2026-04-17T14:05:53.571Z] [✓] #4394 04394_121081853_1258447644494165_3903543483430820575_n.jpg
[2026-04-17T14:05:53.626Z] [✓] #4398 04398_120726362_1256871634651766_3268072216780225636_n.jpg
[2026-04-17T14:05:53.633Z] [✓] #4397 04397_120845122_1257763247895938_4913393333104173852_n.jpg
[2026-04-17T14:05:53.666Z] [✓] #4399 04399_120727802_1256871544651775_9088253563169514452_n.jpg
[2026-04-17T14:05:53.674Z] [✓] #4385 04385_120895963_1259224827749780_233511167069427822_n.jpg
[2026-04-17T14:05:53.725Z] [✓] #4396 04396_120807122_1257763391229257_8112204550740344773_n.jpg
[2026-04-17T14:05:53.808Z] [✓] #4400 04400_120701542_1256871507985112_4837788578898247265_n.jpg
[2026-04-17T14:05:53.821Z] [✓] #4401 04401_120703953_1256871464651783_2450275250476817754_n.jpg
[2026-04-17T14:05:53.826Z] [✓] #4402 04402_120664435_1256871437985119_4251037974483124194_n.jpg
[2026-04-17T14:05:53.876Z] [✓] #4403 04403_120728523_1256853011320295_9124199833071331522_n.jpg
[2026-04-17T14:05:53.910Z] [✓] #4407 04407_120489614_1255304921475104_4861769635146425232_n.jpg
[2026-04-17T14:05:54.010Z] [✓] #4408 04408_120522904_1255304884808441_2472815426664191866_n.jpg
[2026-04-17T14:05:54.106Z] [✓] #4410 04410_120814360_1255304828141780_993801604339537440_n.jpg
[2026-04-17T14:05:54.144Z] [✓] #4404 04404_120814875_1255316774807252_7024686200579616261_n.jpg
[2026-04-17T14:05:54.206Z] [✓] #4411 04411_120575661_1255304801475116_4679762127258936024_n.jpg
[2026-04-17T14:05:54.229Z] [✓] #4409 04409_120614225_1255304878141775_6980501395662646409_n.jpg
[2026-04-17T14:05:54.240Z] [✓] #4405 04405_120771170_1255304984808431_7936672859776338948_n.jpg
[2026-04-17T14:05:54.265Z] [✓] #4412 04412_120577368_1255304738141789_3736897840088704965_n.jpg
[2026-04-17T14:05:54.302Z] [✓] #4413 04413_120715882_1255304724808457_6766479172311894482_n.jpg
[2026-04-17T14:05:54.324Z] [✓] #4415 04415_120452970_1254614591544137_8750767141406125608_n.jpg
[2026-04-17T14:05:54.334Z] [✓] #4406 04406_120642490_1255304978141765_7664863647256111111_n.jpg
[2026-04-17T14:05:54.391Z] [✓] #4417 04417_120356381_1253483711657225_599844440380875326_n.jpg
[2026-04-17T14:05:54.405Z] [✓] #4416 04416_120570382_1254294708242792_5126505229494759109_n.jpg
[2026-04-17T14:05:54.429Z] [✓] #4414 04414_120564531_1255304711475125_2311212145918472429_n.jpg
[2026-04-17T14:05:54.433Z] [✓] #4419 04419_120142790_1251515655187364_4561780483163793436_n.jpg
[2026-04-17T14:05:54.461Z] [✓] #4420 04420_120235708_1250600788612184_2510872475157566104_n.jpg
[2026-04-17T14:05:54.467Z] [✓] #4418 04418_120365304_1252602951745301_6029085171563628812_n.jpg
[2026-04-17T14:05:54.520Z] [✓] #4423 04423_120286190_1248928668779396_6698569634660870411_n.jpg
[2026-04-17T14:05:54.591Z] [✓] #4421 04421_120199524_1248928755446054_5863523764530850717_n.jpg
[2026-04-17T14:05:54.639Z] [✓] #4426 04426_120026043_1247149548957308_4525702699847320030_n.jpg
[2026-04-17T14:05:54.660Z] [✓] #4425 04425_120202778_1247149625623967_2399725625685979595_n.jpg
[2026-04-17T14:05:54.666Z] [✓] #4422 04422_120202063_1248928715446058_9136606741711917352_n.jpg
[2026-04-17T14:05:54.703Z] [✓] #4427 04427_119973757_1247149542290642_1885845133420042081_n.jpg
[2026-04-17T14:05:54.733Z] [✓] #4424 04424_120036680_1247961102209486_3767981757903377843_n.jpg
[2026-04-17T14:05:54.739Z] [✓] #4428 04428_120190483_1247149535623976_7756970212026970588_n.jpg
[2026-04-17T14:05:54.780Z] [✓] #4430 04430_120064333_1247149488957314_4579337673263491826_n.jpg
[2026-04-17T14:05:54.794Z] [✓] #4431 04431_120050183_1247149475623982_6307211625765014080_n.jpg
[2026-04-17T14:05:54.798Z] [✓] #4429 04429_119993192_1247149485623981_3626550515295440195_n.jpg
[2026-04-17T14:05:54.843Z] [✓] #4433 04433_119962809_1246299799042283_2934830517465767686_n.jpg
[2026-04-17T14:05:54.903Z] [✓] #4434 04434_120069849_1246299762375620_4230977292610719179_n.jpg
[2026-04-17T14:05:55.056Z] [✓] #4435 04435_120133084_1245375562468040_796643668761428738_n.jpg
[2026-04-17T14:05:55.078Z] [✓] #4436 04436_119760909_1245375525801377_6233207492182396449_n.jpg
[2026-04-17T14:05:55.118Z] [✓] #4438 04438_120013680_1245375372468059_3743040965809105871_n.jpg
[2026-04-17T14:05:55.123Z] [✓] #4437 04437_119774021_1245375472468049_1015338942535258859_n.jpg
[2026-04-17T14:05:55.165Z] [✓] #4440 04440_119907842_1243691012636495_5739892237235262974_n.jpg
[2026-04-17T14:05:55.179Z] [✓] #4439 04439_119884977_1244693862536210_4424756652325107030_n.jpg
[2026-04-17T14:05:55.204Z] [✓] #4432 04432_120217848_1246299849042278_1959613433766926625_n.jpg
[2026-04-17T14:05:55.212Z] [✓] #4441 04441_119740809_1243690992636497_6843430970215113570_n.jpg
[2026-04-17T14:05:55.259Z] [✓] #4443 04443_119765651_1242963336042596_4365427790157303551_n.jpg
[2026-04-17T14:05:55.287Z] [✓] #4445 04445_119761900_1241100659562197_3712128267308091994_n.jpg
[2026-04-17T14:05:55.364Z] [✓] #4444 04444_119568978_1242054466133483_8586102770774817422_n.jpg
[2026-04-17T14:05:55.367Z] [✓] #4447 04447_119170530_1239535859718677_7197344109876249510_n.jpg
[2026-04-17T14:05:55.371Z] [✓] #4442 04442_119595247_1242963389375924_359736716652798419_n.jpg
[2026-04-17T14:05:55.372Z] [✓] #4446 04446_119761148_1240380929634170_7999559668636334161_n.jpg
[2026-04-17T14:05:55.384Z] [✓] #4448 04448_119204092_1238673593138237_6731885526219341349_n.jpg
[2026-04-17T14:05:55.513Z] [✓] #4450 04450_119214423_1237096716629258_7003886248907402397_n.jpg
[2026-04-17T14:05:55.631Z] [✓] #4452 04452_119219633_1237096176629312_5576592453619838718_n.jpg
[2026-04-17T14:05:55.650Z] [✓] #4451 04451_119138840_1237096226629307_2160450171377606692_n.jpg
[2026-04-17T14:05:55.664Z] [✓] #4453 04453_119021863_1236451166693813_3410861085390772359_n.jpg
[2026-04-17T14:05:55.707Z] [✓] #4455 04455_118995309_1234487760223487_8467872343678765444_n.jpg
[2026-04-17T14:05:55.716Z] [✓] #4454 04454_118991915_1235457133459883_3735137151482756221_n.jpg
[2026-04-17T14:05:55.818Z] [✓] #4459 04459_118996983_1233839956954934_5019102338454109528_n.jpg
[2026-04-17T14:05:55.853Z] [✓] #4458 04458_118862467_1233839976954932_5155873215258340186_n.jpg
[2026-04-17T14:05:55.863Z] [✓] #4457 04457_118995902_1233840030288260_311209617814508473_n.jpg
[2026-04-17T14:05:55.887Z] [✓] #4449 04449_119152783_1237096803295916_1625439536547551334_n.jpg
[2026-04-17T14:05:55.950Z] [✓] #4461 04461_118995309_1233839870288276_162609753222028366_n.jpg
[2026-04-17T14:05:55.997Z] [✓] #4462 04462_119004829_1233839896954940_3742356394974791072_n.jpg
[2026-04-17T14:05:56.027Z] [✓] #4460 04460_119103511_1233839940288269_1747869892216101620_n.jpg
[2026-04-17T14:05:56.124Z] [✓] #4466 04466_118641206_1229498534055743_1152784646873362635_n.jpg
[2026-04-17T14:05:56.137Z] [✓] #4464 04464_118637470_1230369007302029_3720782462983220379_n.jpg
[2026-04-17T14:05:56.145Z] [✓] #4456 04456_118866098_1233840036954926_354692133233212201_n.jpg
[2026-04-17T14:05:56.197Z] [✓] #4467 04467_118592811_1229498510722412_9059889359585082095_n.jpg
[2026-04-17T14:05:56.244Z] [✓] #4468 04468_118841153_1229498487389081_2294297869752036382_n.jpg
[2026-04-17T14:05:56.254Z] [✓] #4469 04469_118781248_1229498457389084_8065088169695518709_n.jpg
[2026-04-17T14:05:56.290Z] [✓] #4470 04470_118481251_1229498447389085_4897275653878829145_n.jpg
[2026-04-17T14:05:56.344Z] [✓] #4472 04472_118746511_1229498360722427_6222629570297134907_n.jpg
[2026-04-17T14:05:56.349Z] [✓] #4471 04471_118595284_1229498417389088_5829638936964753855_n.jpg
[2026-04-17T14:05:56.380Z] [✓] #4473 04473_118811807_1229498357389094_7373905405624570467_n.jpg
[2026-04-17T14:05:56.390Z] [✓] #4465 04465_118600986_1229498570722406_908243224698372625_n.jpg
[2026-04-17T14:05:56.417Z] [✓] #4474 04474_118726344_1229498344055762_5968273514705077153_n.jpg
[2026-04-17T14:05:56.483Z] [✓] #4475 04475_118457630_1228636267475303_4627857377946683966_n.jpg
[2026-04-17T14:05:56.568Z] [✓] #4463 04463_118825383_1233839876954942_6956501177214782929_n.jpg
[2026-04-17T14:05:56.571Z] [✓] #4477 04477_118814529_1228636194141977_7848071509507502419_n.jpg
[2026-04-17T14:05:56.598Z] [✓] #4476 04476_118604755_1228636234141973_359753303843769667_n.jpg
[2026-04-17T14:05:56.622Z] [✓] #4478 04478_118490193_1228636174141979_3435862367825876428_n.jpg
[2026-04-17T14:05:56.705Z] [✓] #4482 04482_118773160_1228636077475322_4528441269536896057_n.jpg
[2026-04-17T14:05:56.748Z] [✓] #4481 04481_118536630_1228636087475321_2995607965987525369_n.jpg
[2026-04-17T14:05:56.770Z] [✓] #4483 04483_118357128_1228636004141996_3360325164912641907_n.jpg
[2026-04-17T14:05:56.842Z] [✓] #4485 04485_118621356_1228635984141998_3681783176297192522_n.jpg
[2026-04-17T14:05:56.889Z] [✓] #4486 04486_118361454_1226893817649548_5945328990552600807_n.jpg
[2026-04-17T14:05:56.929Z] [✓] #4487 04487_118407558_1226893794316217_4770038538277236709_n.jpg
[2026-04-17T14:05:56.931Z] [✓] #4479 04479_118679561_1228636154141981_4966608748683072917_n.jpg
[2026-04-17T14:05:56.961Z] [✓] #4484 04484_118497012_1228635997475330_1219737874994664879_n.jpg
[2026-04-17T14:05:57.096Z] [✓] #4491 04491_118516999_1226893660982897_4353173749934737359_n.jpg
[2026-04-17T14:05:57.109Z] [✓] #4489 04489_118204208_1226893730982890_8913113328240156873_n.jpg
[2026-04-17T14:05:57.154Z] [✓] #4488 04488_118703537_1226893737649556_4221396488785338425_n.jpg
[2026-04-17T14:05:57.163Z] [✓] #4480 04480_118799872_1228636110808652_850298485828690879_n.jpg
[2026-04-17T14:05:57.243Z] [✓] #4493 04493_118296043_1226893647649565_4363181385567692489_n.jpg
[2026-04-17T14:05:57.309Z] [✓] #4492 04492_118403556_1226893654316231_2035910072963472495_n.jpg
[2026-04-17T14:05:57.316Z] [✓] #4495 04495_118604136_1226893577649572_1677316301787540671_n.jpg
[2026-04-17T14:05:57.321Z] [✓] #4490 04490_118268260_1226893720982891_7407138810686459562_n.jpg
[2026-04-17T14:05:57.348Z] [✓] #4494 04494_118346296_1226893587649571_6037941579937977990_n.jpg
[2026-04-17T14:05:57.403Z] [✓] #4496 04496_118495210_1226893570982906_5952373977548110491_n.jpg
[2026-04-17T14:05:57.467Z] [✓] #4500 04500_118279880_1225692107769719_6649618121915429392_n.jpg
[2026-04-17T14:05:57.545Z] [✓] #4501 04501_118420424_1225692074436389_5992716254165854171_n.jpg
[2026-04-17T14:05:57.550Z] [✓] #4499 04499_118146145_1225692127769717_8388710582365476503_n.jpg
[2026-04-17T14:05:57.569Z] [✓] #4497 04497_118456867_1225692261103037_112182551291040668_n.jpg
[2026-04-17T14:05:57.590Z] [✓] #4498 04498_118379145_1225692217769708_2350675920058150958_n.jpg
[2026-04-17T14:05:57.615Z] [✓] #4503 04503_118284954_1225691994436397_1421607934612980613_n.jpg
[2026-04-17T14:05:57.619Z] [✓] #4502 04502_118495188_1225692044436392_5060747825216143169_n.jpg
[2026-04-17T14:05:57.661Z] [✓] #4504 04504_118580778_1225691944436402_4535604068766013175_n.jpg
[2026-04-17T14:05:57.681Z] [✓] #4506 04506_118371661_1225691871103076_4739283027025936057_n.jpg
[2026-04-17T14:05:57.711Z] [✓] #4507 04507_118673538_1225691824436414_3658952661670905202_n.jpg
[2026-04-17T14:05:57.723Z] [✓] #4505 04505_118587789_1225691904436406_4110564651564810060_n.jpg
[2026-04-17T14:05:57.785Z] [✓] #4510 04510_118168740_1224406401231623_8767543795809083981_n.jpg
[2026-04-17T14:05:57.797Z] [✓] #4509 04509_118470202_1224881121184151_403499110145434949_n.jpg
[2026-04-17T14:05:57.834Z] [✓] #4511 04511_118253325_1224406364564960_6429164096124567068_n.jpg
[2026-04-17T14:05:57.861Z] [✓] #4512 04512_118310218_1224406341231629_1344472910973498782_n.jpg
[2026-04-17T14:05:57.922Z] [✓] #4515 04515_118188380_1224406234564973_5324280206441995006_n.jpg
[2026-04-17T14:05:57.930Z] [✓] #4513 04513_118539771_1224406314564965_5083223548274265553_n.jpg
[2026-04-17T14:05:57.956Z] [✓] #4516 04516_118342507_1224406217898308_5976761739942273684_n.jpg
[2026-04-17T14:05:58.005Z] [✓] #4517 04517_118307841_1224406187898311_6024114175198278398_n.jpg
[2026-04-17T14:05:58.021Z] [✓] #4518 04518_118373659_1224406154564981_7118107612963786377_n.jpg
[2026-04-17T14:05:58.030Z] [✓] #4514 04514_118357984_1224406274564969_1350981907018044207_n.jpg
[2026-04-17T14:05:58.064Z] [✓] #4519 04519_118405668_1224406134564983_347006608031361040_n.jpg
[2026-04-17T14:05:58.107Z] [✓] #4508 04508_118310670_1224881187850811_9103554657847481520_n.jpg
[2026-04-17T14:05:58.117Z] [✓] #4520 04520_118190580_1224406111231652_4856668159252150577_n.jpg
[2026-04-17T14:05:58.182Z] [✓] #4522 04522_118120329_1224406061231657_6681013374307294276_n.jpg
[2026-04-17T14:05:58.231Z] [✓] #4523 04523_118391956_1223417164663880_7537642875420308019_n.jpg
[2026-04-17T14:05:58.290Z] [✓] #4526 04526_118159561_1223416974663899_5761749080286490494_n.jpg
[2026-04-17T14:05:58.300Z] [✓] #4524 04524_118489754_1223417091330554_8463864971415865210_n.jpg
[2026-04-17T14:05:58.301Z] [✓] #4525 04525_118248201_1223417044663892_7255657642829023583_n.jpg
[2026-04-17T14:05:58.369Z] [✓] #4528 04528_118436107_1223416904663906_5208047748469977474_n.jpg
[2026-04-17T14:05:58.442Z] [✓] #4529 04529_118225346_1222626361409627_1236389083191212207_n.jpg
[2026-04-17T14:05:58.518Z] [✓] #4531 04531_118112534_1221915791480684_3268761480663074684_n.jpg
[2026-04-17T14:05:58.521Z] [✓] #4527 04527_118342506_1223416914663905_7002988070493999548_n.jpg
[2026-04-17T14:05:58.531Z] [✓] #4521 04521_118322322_1224406081231655_5438152005127440535_n.jpg
[2026-04-17T14:05:58.534Z] [✓] #4530 04530_117971782_1221915921480671_6914755389740227771_n.jpg
[2026-04-17T14:05:58.591Z] [✓] #4532 04532_118627105_1221915784814018_4261161264438556440_n.jpg
[2026-04-17T14:05:58.665Z] [✓] #4535 04535_118276082_1221915708147359_9118665080836949216_n.jpg
[2026-04-17T14:05:58.799Z] [✓] #4537 04537_118229146_1221915554814041_2902629223325809554_n.jpg
[2026-04-17T14:05:58.807Z] [✓] #4534 04534_118491685_1221915718147358_2274223282327987248_n.jpg
[2026-04-17T14:05:58.819Z] [✓] #4536 04536_118143968_1221915621480701_5935481579351704641_n.jpg
[2026-04-17T14:05:58.843Z] [✓] #4533 04533_118146567_1221915731480690_7253870792777379127_n.jpg
[2026-04-17T14:05:58.897Z] [✓] #4539 04539_118081109_1221915498147380_3593338129672152128_n.jpg
[2026-04-17T14:05:59.032Z] [✓] #4540 04540_117768866_1221915441480719_4146145267737559150_n.jpg
[2026-04-17T14:05:59.128Z] [✓] #4543 04543_117832963_1221915331480730_2220019074258831134_n.jpg
[2026-04-17T14:05:59.145Z] [✓] #4541 04541_118324515_1221915418147388_3420713049653024154_n.jpg
[2026-04-17T14:05:59.195Z] [✓] #4544 04544_118247532_1221915328147397_6383309766791239990_n.jpg
[2026-04-17T14:05:59.283Z] [✓] #4546 04546_118086970_1221915204814076_9075067748427642369_n.jpg
[2026-04-17T14:05:59.308Z] [✓] #4545 04545_118404000_1221915301480733_2927322284345648962_n.jpg
[2026-04-17T14:05:59.345Z] [✓] #4538 04538_118140236_1221915548147375_1996797787694359890_n.jpg
[2026-04-17T14:05:59.369Z] [✓] #4542 04542_118076347_1221915391480724_7954546145927079882_n.jpg
[2026-04-17T14:05:59.453Z] [✓] #4548 04548_118155183_1221915164814080_7837332988356273397_n.jpg
[2026-04-17T14:05:59.513Z] [✓] #4550 04550_117877441_1220965468242383_4666536831260002598_n.jpg
[2026-04-17T14:05:59.580Z] [✓] #4549 04549_118256343_1220965568242373_2692408693497350179_n.jpg
[2026-04-17T14:05:59.585Z] [✓] #4551 04551_118032819_1220965334909063_7328162148584386437_n.jpg
[2026-04-17T14:05:59.716Z] [✓] #4554 04554_117765997_1219209518417978_2775813969281351643_n.jpg
[2026-04-17T14:05:59.729Z] [✓] #4552 04552_117870038_1220965238242406_6557924306711614318_n.jpg
[2026-04-17T14:05:59.765Z] [✓] #4555 04555_117771693_1219209468417983_6628748105402117372_n.jpg
[2026-04-17T14:05:59.853Z] [✓] #4557 04557_118085295_1218085078530422_1027062466118628215_n.jpg
[2026-04-17T14:05:59.862Z] [✓] #4556 04556_118471232_1218915608447369_3668520225932349124_n.jpg
[2026-04-17T14:05:59.871Z] [✓] #4553 04553_118168532_1220790291593234_5185290406858522918_n.jpg
[2026-04-17T14:05:59.893Z] [✓] #4558 04558_118114951_1217465155259081_5821256588173172366_n.jpg
[2026-04-17T14:05:59.944Z] [✓] #4547 04547_118235416_1221915178147412_3924214975631666223_n.jpg
[2026-04-17T14:06:00.122Z] [✓] #4562 04562_117990845_1216670922005171_1857447857275601555_n.jpg
[2026-04-17T14:06:00.140Z] [✓] #4560 04560_118131593_1216670992005164_5682425756137829354_n.jpg
[2026-04-17T14:06:00.159Z] [✓] #4561 04561_117968479_1216670962005167_5468653576091696799_n.jpg
[2026-04-17T14:06:00.167Z] [✓] #4563 04563_117715389_1216670888671841_6537164972753867884_n.jpg
[2026-04-17T14:06:00.222Z] [✓] #4564 04564_117625526_1215728362099427_6541583293574547305_n.jpg
[2026-04-17T14:06:00.237Z] [✓] #4566 04566_118049292_1213081145697482_6387202183256593104_n.jpg
[2026-04-17T14:06:00.293Z] [✓] #4567 04567_117643490_1213081109030819_4411280214989847635_n.jpg
[2026-04-17T14:06:00.328Z] [✓] #4568 04568_117246544_1211443359194594_4187310048051969976_n.jpg
[2026-04-17T14:06:00.342Z] [✓] #4569 04569_117287680_1211443149194615_7309385804271021949_n.jpg
[2026-04-17T14:06:00.361Z] [✓] #4570 04570_117177658_1211443075861289_3982240724447019980_n.jpg
[2026-04-17T14:06:00.404Z] [✓] #4571 04571_117913187_1211443012527962_8871853554183866558_n.jpg
[2026-04-17T14:06:00.435Z] [✓] #4572 04572_116938332_1209758066029790_1840617677837173092_n.jpg
[2026-04-17T14:06:00.514Z] [✓] #4575 04575_117261011_1209757212696542_7408166707386535398_n.jpg
[2026-04-17T14:06:00.520Z] [✓] #4559 04559_117653881_1216671012005162_3870843248883378555_n.jpg
[2026-04-17T14:06:00.539Z] [✓] #4573 04573_117608604_1209757849363145_1133300569401669441_n.jpg
[2026-04-17T14:06:00.553Z] [✓] #4574 04574_116712358_1209757449363185_3630967338245179679_n.jpg
[2026-04-17T14:06:00.670Z] [✓] #4579 04579_116433011_1208220552850208_7371746841093141823_n.jpg
[2026-04-17T14:06:00.678Z] [✓] #4578 04578_117534513_1208238112848452_8308252130934486165_n.jpg
[2026-04-17T14:06:00.686Z] [✓] #4577 04577_117113648_1208238149515115_3777145225025512299_n.jpg
[2026-04-17T14:06:00.689Z] [✓] #4565 04565_117866147_1213990025606594_8248124951439096137_n.jpg
[2026-04-17T14:06:00.752Z] [✓] #4580 04580_117363513_1208219769516953_8860637186976999912_n.jpg
[2026-04-17T14:06:00.804Z] [✓] #4582 04582_117127109_1207326402939623_5091988657830823237_n.jpg
[2026-04-17T14:06:00.810Z] [✓] #4576 04576_117303763_1208238202848443_940428283271443826_n.jpg
[2026-04-17T14:06:00.838Z] [✓] #4581 04581_117125574_1207326509606279_7233265549277018687_n.jpg
[2026-04-17T14:06:00.854Z] [✓] #4583 04583_116975592_1206554486350148_8723163981272501334_n.jpg
[2026-04-17T14:06:00.904Z] [✓] #4586 04586_116418721_1203926509946279_7702034251986086347_n.jpg
[2026-04-17T14:06:00.952Z] [✓] #4587 04587_116521840_1203926493279614_7900624086723560759_n.jpg
[2026-04-17T14:06:00.962Z] [✓] #4584 04584_117126220_1203926596612937_9160993345246403518_n.jpg
[2026-04-17T14:06:00.971Z] [✓] #4585 04585_116896236_1203926536612943_6982788480702972511_n.jpg
[2026-04-17T14:06:01.012Z] [✓] #4589 04589_116797547_1203926429946287_2916379613140994339_n.jpg
[2026-04-17T14:06:01.054Z] [✓] #4591 04591_117135948_1203926376612959_6595743079600680739_n.jpg
[2026-04-17T14:06:01.075Z] [✓] #4590 04590_116610198_1203926416612955_3275369153356977829_n.jpg
[2026-04-17T14:06:01.085Z] [✓] #4588 04588_116698937_1203926459946284_6816398733844670358_n.jpg
[2026-04-17T14:06:01.096Z] [✓] #4593 04593_116797666_1203926339946296_1116606416686249283_n.jpg
[2026-04-17T14:06:01.144Z] [✓] #4594 04594_116698533_1203926306612966_3640963938948790658_n.jpg
[2026-04-17T14:06:01.181Z] [✓] #4595 04595_115467134_1203926286612968_3562048727637555500_n.jpg
[2026-04-17T14:06:01.186Z] [✓] #4596 04596_116628525_1203926256612971_3358853626267625379_n.jpg
[2026-04-17T14:06:01.204Z] [✓] #4597 04597_116449459_1203926206612976_7456451051102902799_n.jpg
[2026-04-17T14:06:01.226Z] [✓] #4592 04592_117301451_1203926346612962_4839587959245686745_n.jpg
[2026-04-17T14:06:01.277Z] [✓] #4599 04599_113680554_1203926139946316_2482616401545662780_n.jpg
[2026-04-17T14:06:01.285Z] [✓] #4600 04600_113936151_1203926116612985_5538214789827405461_n.jpg
[2026-04-17T14:06:01.329Z] [✓] #4601 04601_116703704_1203926059946324_8844621890241365786_n.jpg
[2026-04-17T14:06:01.331Z] [✓] #4598 04598_116337133_1203926156612981_2651809005641211117_n.jpg
[2026-04-17T14:06:01.364Z] [✓] #4602 04602_116360749_1203926043279659_6895159750673701134_n.jpg
[2026-04-17T14:06:01.378Z] [✓] #4603 04603_116720999_1203926019946328_1393847847151078087_n.jpg
[2026-04-17T14:06:01.402Z] [✓] #4606 04606_116380822_1202442796761317_4562277928086013508_n.jpg
[2026-04-17T14:06:01.406Z] [✓] #4604 04604_116648866_1203925976612999_605173594454978420_n.jpg
[2026-04-17T14:06:01.453Z] [✓] #4605 04605_117292740_1203925953279668_4994690349384693913_n.jpg
[2026-04-17T14:06:01.458Z] [✓] #4608 04608_116779974_1202442710094659_4416864961464524194_n.jpg
[2026-04-17T14:06:01.480Z] [✓] #4610 04610_116698524_1199593357046261_4915565801747695131_n.jpg
[2026-04-17T14:06:01.514Z] [✓] #4609 04609_116712603_1202442666761330_4869434813081324531_n.jpg
[2026-04-17T14:06:01.597Z] [✓] #4614 04614_112961910_1196782230660707_1246239131238069515_n.jpg
[2026-04-17T14:06:01.604Z] [✓] #4613 04613_110186247_1198287003843563_7040810672472785570_n.jpg
[2026-04-17T14:06:01.606Z] [✓] #4611 04611_116263654_1199593303712933_7159404247804616793_n.jpg
[2026-04-17T14:06:01.702Z] [✓] #4616 04616_109462868_1192809834391280_590628401525317197_n.jpg
[2026-04-17T14:06:01.726Z] [✓] #4615 04615_115821850_1194211960917734_3615359766564029138_n.jpg
[2026-04-17T14:06:01.757Z] [✓] #4607 04607_116702753_1202442756761321_3299171334247304287_n.jpg
[2026-04-17T14:06:01.797Z] [✓] #4617 04617_115837339_1192729754399288_5372182233330430012_n.jpg
[2026-04-17T14:06:01.842Z] [✓] #4618 04618_110336323_1191136991225231_2920795128987961522_n.jpg
[2026-04-17T14:06:01.888Z] [✓] #4621 04621_108198439_1189572808048316_6499849964145723440_n.jpg
[2026-04-17T14:06:01.897Z] [✓] #4612 04612_110315420_1199593270379603_354723561374482175_n.jpg
[2026-04-17T14:06:01.930Z] [✓] #4619 04619_110743196_1189586348046962_3321881565710828689_n.jpg
[2026-04-17T14:06:01.951Z] [✓] #4620 04620_109566729_1189572851381645_2037464936547736236_n.jpg
[2026-04-17T14:06:01.961Z] [✓] #4622 04622_110153332_1189572534715010_1042003334534273596_n.jpg
[2026-04-17T14:06:02.053Z] [✓] #4625 04625_108851580_1187783594893904_5640851810008456935_n.jpg
[2026-04-17T14:06:02.057Z] [✓] #4623 04623_109526055_1188823271456603_8099242571744530924_n.jpg
[2026-04-17T14:06:02.087Z] [✓] #4626 04626_107703331_1187783494893914_7478869366721667624_n.jpg
[2026-04-17T14:06:02.101Z] [✓] #4624 04624_108667226_1187783641560566_7755995868613428375_n.jpg
[2026-04-17T14:06:02.165Z] [✓] #4627 04627_108779082_1187783428227254_5206452039235424136_n.jpg
[2026-04-17T14:06:02.183Z] [✓] #4630 04630_107700240_1186524968353100_1000506337887331151_n.jpg
[2026-04-17T14:06:02.218Z] [✓] #4628 04628_107828713_1187154014956862_5794991764614110008_n.jpg
[2026-04-17T14:06:02.266Z] [✓] #4632 04632_109409272_1186499518355645_5008494583878740634_n.jpg
[2026-04-17T14:06:02.284Z] [✓] #4629 04629_107817535_1186525018353095_6527734094445393167_n.jpg
[2026-04-17T14:06:02.307Z] [✓] #4634 04634_107540463_1184451271893803_8848344848994867727_n.jpg
[2026-04-17T14:06:02.338Z] [✓] #4631 04631_107698537_1186524935019770_4556791220698864338_n.jpg
[2026-04-17T14:06:02.423Z] [✓] #4637 04637_107596675_1182452365427027_6208059794742173632_n.jpg
[2026-04-17T14:06:02.464Z] [✓] #4638 04638_107567015_1182452348760362_549661021878853980_n.jpg
[2026-04-17T14:06:02.508Z] [✓] #4636 04636_107136157_1182452405427023_5483383936722934144_n.jpg
[2026-04-17T14:06:02.541Z] [✓] #4635 04635_106555753_1182452435427020_5528538846268165825_n.jpg
[2026-04-17T14:06:02.542Z] [✓] #4633 04633_109143281_1186492255023038_3902334435732737807_n.jpg
[2026-04-17T14:06:02.546Z] [✓] #4639 04639_107814814_1182452325427031_9094541685057237324_n.jpg
[2026-04-17T14:06:02.573Z] [✓] #4640 04640_107612815_1182452275427036_4567489166702154614_n.jpg
[2026-04-17T14:06:02.697Z] [✓] #4641 04641_106733515_1182452265427037_6024340556819200769_n.jpg
[2026-04-17T14:06:02.712Z] [✓] #4644 04644_106633329_1180283362310594_977444434274979463_n.jpg
[2026-04-17T14:06:02.715Z] [✓] #4642 04642_106469999_1182452248760372_3726550015176571176_n.jpg
[2026-04-17T14:06:02.729Z] [✓] #4643 04643_106700929_1180862738919323_6099342308032395898_n.jpg
[2026-04-17T14:06:02.824Z] [✓] #4645 04645_106327188_1180283255643938_5921610685058888238_n.jpg
[2026-04-17T14:06:02.845Z] [✓] #4649 04649_106268615_1180283168977280_4891743471902408717_n.jpg
[2026-04-17T14:06:02.855Z] [✓] #4647 04647_106476448_1180283242310606_837984408268740423_n.jpg
[2026-04-17T14:06:02.935Z] [✓] #4648 04648_106986624_1180283175643946_3418971518415101962_n.jpg
[2026-04-17T14:06:02.943Z] [✓] #4646 04646_75424609_1180283252310605_1528620232432151730_n.jpg
[2026-04-17T14:06:02.994Z] [✓] #4652 04652_106958598_1180283085643955_3081844298052903748_n.jpg
[2026-04-17T14:06:02.996Z] [✓] #4651 04651_107653760_1180283092310621_8111424620295813404_n.jpg
[2026-04-17T14:06:03.057Z] [✓] #4650 04650_106488109_1180283162310614_9030174493177277695_n.jpg
[2026-04-17T14:06:03.081Z] [✓] #4654 04654_106511207_1178985679107029_2482029880157634044_n.jpg
[2026-04-17T14:06:03.137Z] [✓] #4655 04655_106212072_1178250882513842_4476169184523479954_n.jpg
[2026-04-17T14:06:03.159Z] [✓] #4656 04656_106800865_1178250819180515_7218304638194208176_n.jpg
[2026-04-17T14:06:03.318Z] [✓] #4658 04658_80248945_1177149115957352_1773729027945863328_n.jpg
[2026-04-17T14:06:03.328Z] [✓] #4657 04657_106181026_1178250762513854_2569584873902007681_n.jpg
[2026-04-17T14:06:03.350Z] [✓] #4653 04653_106575480_1180283078977289_3217445615140789898_n.jpg
[2026-04-17T14:06:03.372Z] [✓] #4659 04659_106019178_1177149035957360_5560430132477949428_n.jpg
[2026-04-17T14:06:03.382Z] [✓] #4660 04660_106142987_1176073072731623_6689679670851711481_n.jpg
[2026-04-17T14:06:03.453Z] [✓] #4661 04661_106927812_1176073029398294_3667904124898864406_n.jpg
[2026-04-17T14:06:03.558Z] [✓] #4665 04665_106796237_1176072926064971_4577846849819806097_n.jpg
[2026-04-17T14:06:03.610Z] [✓] #4666 04666_106483877_1176072919398305_6968192472571630210_n.jpg
[2026-04-17T14:06:03.623Z] [✓] #4662 04662_105682821_1176073012731629_2780602741860023236_n.jpg
[2026-04-17T14:06:03.627Z] [✓] #4664 04664_106206836_1176072959398301_8032623092663743255_n.jpg
[2026-04-17T14:06:03.650Z] [✓] #4667 04667_106462337_1174537016218562_3243229004423838340_n.jpg
[2026-04-17T14:06:03.706Z] [✓] #4668 04668_104886317_1172113689794228_7647460670720427286_n.jpg
[2026-04-17T14:06:03.755Z] [✓] #4670 04670_104588863_1170407299964867_5671368066373546144_n.jpg
[2026-04-17T14:06:03.763Z] [✓] #4669 04669_84640172_1172113663127564_8349313161176235718_n.jpg
[2026-04-17T14:06:03.770Z] [✓] #4671 04671_105704050_1169651283373802_7442935673693232586_n.jpg
[2026-04-17T14:06:03.865Z] [✓] #4674 04674_103385294_1159699477702316_2554699748044061528_n.jpg
[2026-04-17T14:06:03.878Z] [✓] #4675 04675_101532216_1154990128173251_4831423881094889472_n.jpg
[2026-04-17T14:06:03.882Z] [✓] #4672 04672_105594855_1168677580137839_4349170773147604870_n.jpg
[2026-04-17T14:06:03.885Z] [✓] #4663 04663_106423852_1176072986064965_3683077065025213298_n.jpg
[2026-04-17T14:06:03.943Z] [✓] #4676 04676_101053080_1151533021852295_600196188985098240_n.jpg
[2026-04-17T14:06:04.007Z] [✓] #4677 04677_100900134_1151532971852300_1649820238314733568_n.jpg
[2026-04-17T14:06:04.011Z] [✓] #4679 04679_101402582_1151532895185641_2945624176599236608_n.jpg
[2026-04-17T14:06:04.122Z] [✓] #4681 04681_100925351_1151532775185653_6412495690299080704_n.jpg
[2026-04-17T14:06:04.127Z] [✓] #4678 04678_101510849_1151532905185640_8620539498159144960_n.jpg
[2026-04-17T14:06:04.136Z] [✓] #4682 04682_101141124_1151532735185657_5085867785343467520_n.jpg
[2026-04-17T14:06:04.244Z] [✓] #4684 04684_101809435_1151532625185668_3206381098657382400_n.jpg
[2026-04-17T14:06:04.260Z] [✓] #4685 04685_101213039_1151532601852337_8554629621524463616_n.jpg
[2026-04-17T14:06:04.295Z] [✓] #4680 04680_100853583_1151532855185645_1199459373634551808_n.jpg
[2026-04-17T14:06:04.373Z] [✓] #4688 04688_101462189_1151532451852352_7452490276922195968_n.jpg
[2026-04-17T14:06:04.402Z] [✓] #4683 04683_101247237_1151532645185666_408380024673009664_n.jpg
[2026-04-17T14:06:04.405Z] [✓] #4673 04673_104155535_1160773910928206_6601043049986071586_n.jpg
[2026-04-17T14:06:04.417Z] [✓] #4686 04686_100895554_1151532488519015_4331503805397991424_n.jpg
[2026-04-17T14:06:04.468Z] [✓] #4689 04689_101373016_1149205648751699_7264160848665378816_n.jpg
[2026-04-17T14:06:04.553Z] [✓] #4692 04692_100991623_1146876855651245_4769284616378908672_n.jpg
[2026-04-17T14:06:04.627Z] [✓] #4690 04690_100531171_1146876922317905_7794337680472408064_n.jpg
[2026-04-17T14:06:04.649Z] [✓] #4691 04691_100545174_1146876888984575_1329026030010105856_n.jpg
[2026-04-17T14:06:04.713Z] [✓] #4695 04695_99109334_1143823385956592_5863478460462137344_n.jpg
[2026-04-17T14:06:04.765Z] [✓] #4693 04693_99159493_1146876835651247_789790051318890496_n.jpg
[2026-04-17T14:06:04.802Z] [✓] #4696 04696_100084498_1143823362623261_3134514896952098816_n.jpg
[2026-04-17T14:06:04.807Z] [✓] #4687 04687_83768703_1151532478519016_4231111225481625600_n.jpg
[2026-04-17T14:06:04.881Z] [✓] #4694 04694_101197937_1146876798984584_2322758145203503104_n.jpg
[2026-04-17T14:06:04.905Z] [✓] #4697 04697_98170657_1143823332623264_5333374119113129984_n.jpg
[2026-04-17T14:06:04.916Z] [✓] #4700 04700_98920542_1143823209289943_6078138709713092608_n.jpg
[2026-04-17T14:06:04.932Z] [✓] #4698 04698_100509537_1143823295956601_5073691325426040832_n.jpg
[2026-04-17T14:06:04.956Z] [✓] #4699 04699_100052033_1143823239289940_8418388762064584704_n.jpg
[2026-04-17T14:06:05.024Z] [✓] #4703 04703_100549510_1143823119289952_203638169168510976_n.jpg
[2026-04-17T14:06:05.086Z] [✓] #4702 04702_98036723_1143823145956616_1622165695515066368_n.jpg
[2026-04-17T14:06:05.109Z] [✓] #4704 04704_97529468_1143015539370710_6067544129200455680_n.jpg
[2026-04-17T14:06:05.112Z] [✓] #4701 04701_98181329_1143823179289946_6318658570506207232_n.jpg
[2026-04-17T14:06:05.159Z] [✓] #4705 04705_99102738_1142039689468295_2613893246392205312_n.jpg
[2026-04-17T14:06:05.170Z] [✓] #4706 04706_99097012_1140596486279282_117737728031850496_n.jpg
[2026-04-17T14:06:05.253Z] [✓] #4708 04708_97998776_1140596412945956_1594923860417839104_n.jpg
[2026-04-17T14:06:05.385Z] [✓] #4707 04707_98599751_1140596449612619_711602765855457280_n.jpg
[2026-04-17T14:06:05.394Z] [✓] #4712 04712_97262177_1140596269612637_8035290817566343168_n.jpg
[2026-04-17T14:06:05.401Z] [✓] #4711 04711_98078228_1140596309612633_4468166357631893504_n.jpg
[2026-04-17T14:06:05.410Z] [✓] #4710 04710_98966478_1140596342945963_629079247050244096_n.jpg
[2026-04-17T14:06:05.416Z] [✓] #4709 04709_97466778_1140596376279293_8262686310569869312_n.jpg
[2026-04-17T14:06:05.503Z] [✓] #4713 04713_99142335_1140596229612641_3779455986507448320_n.jpg
[2026-04-17T14:06:05.664Z] [✓] #4718 04718_97998639_1140596032945994_6914978469902286848_n.jpg
[2026-04-17T14:06:05.670Z] [✓] #4714 04714_97468614_1140596199612644_5569701022378491904_n.jpg
[2026-04-17T14:06:05.687Z] [✓] #4715 04715_97492408_1140596159612648_2625833319899594752_n.jpg
[2026-04-17T14:06:05.688Z] [✓] #4717 04717_97051471_1140596082945989_2816276816958849024_n.jpg
[2026-04-17T14:06:05.705Z] [✓] #4716 04716_97251183_1140596122945985_2378131973139857408_n.jpg
[2026-04-17T14:06:05.747Z] [✓] #4719 04719_96822956_1140596019612662_8832562766339375104_n.jpg
[2026-04-17T14:06:05.876Z] [✓] #4724 04724_95833898_1132700793735518_7678056779577556992_n.jpg
[2026-04-17T14:06:05.880Z] [✓] #4721 04721_97472359_1139975349674729_2147351101014278144_n.jpg
[2026-04-17T14:06:05.887Z] [✓] #4722 04722_96740521_1136581046680826_7962519283999703040_n.jpg
[2026-04-17T14:06:05.891Z] [✓] #4720 04720_98623223_1140595992945998_1473438661751078912_n.jpg
[2026-04-17T14:06:06.006Z] [✓] #4726 04726_96522624_1132700733735524_6414563553843347456_n.jpg
[2026-04-17T14:06:06.010Z] [✓] #4725 04725_95753019_1132700767068854_3000718896085860352_n.jpg
[2026-04-17T14:06:06.060Z] [✓] #4727 04727_95695007_1132700673735530_1562204421599789056_n.jpg
[2026-04-17T14:06:06.072Z] [✓] #4728 04728_96372446_1132700640402200_6405798625103839232_n.jpg
[2026-04-17T14:06:06.117Z] [✓] #4730 04730_97051902_1132700583735539_5248510500261593088_n.jpg
[2026-04-17T14:06:06.164Z] [✓] #4731 04731_95898179_1132700550402209_2169578355634995200_n.jpg
[2026-04-17T14:06:06.235Z] [✓] #4732 04732_96721771_1132700520402212_7909830897250074624_n.jpg
[2026-04-17T14:06:06.263Z] [✓] #4723 04723_96724877_1135132823492315_4076636597762654208_n.jpg
[2026-04-17T14:06:06.267Z] [✓] #4733 04733_95688938_1132700500402214_8288887771444019200_n.jpg
[2026-04-17T14:06:06.274Z] [✓] #4729 04729_95997324_1132700613735536_336995851442323456_n.jpg
[2026-04-17T14:06:06.364Z] [✓] #4734 04734_96087910_1132700467068884_2766705614393442304_n.jpg
[2026-04-17T14:06:06.419Z] [✓] #4735 04735_95667097_1132700443735553_5175125357602275328_n.jpg
[2026-04-17T14:06:06.500Z] [✓] #4739 04739_95419140_1130399583965639_6981201806135132160_n.jpg
[2026-04-17T14:06:06.517Z] [✓] #4737 04737_95663357_1130399653965632_2485237432321048576_n.jpg
[2026-04-17T14:06:06.527Z] [✓] #4738 04738_96364640_1130399640632300_7804575568246079488_n.jpg
[2026-04-17T14:06:06.538Z] [✓] #4736 04736_96513289_1130399673965630_437250893620969472_n.jpg
[2026-04-17T14:06:06.636Z] [✓] #4741 04741_95939564_1130399487298982_2826992038807863296_n.jpg
[2026-04-17T14:06:06.641Z] [✓] #4743 04743_94711566_1124846134520984_6434385905951178752_n.jpg
[2026-04-17T14:06:06.680Z] [✓] #4744 04744_94779908_1124846101187654_61391665528569856_n.jpg
[2026-04-17T14:06:06.718Z] [✓] #4742 04742_95189895_1128131860859078_676631239460913152_n.jpg
[2026-04-17T14:06:06.727Z] [✓] #4746 04746_94640442_1124846054520992_2731081691056570368_n.jpg
[2026-04-17T14:06:06.767Z] [✓] #4747 04747_95097811_1124846014520996_4772126544699064320_n.jpg
[2026-04-17T14:06:06.774Z] [✓] #4745 04745_95099514_1124846067854324_6881264771925016576_n.jpg
[2026-04-17T14:06:06.833Z] [✓] #4748 04748_94886963_1124845981187666_1269157407129337856_n.jpg
[2026-04-17T14:06:06.870Z] [✓] #4749 04749_95125771_1124845967854334_775296327696252928_n.jpg
[2026-04-17T14:06:06.881Z] [✓] #4750 04750_94889296_1124845931187671_749668030207754240_n.jpg
[2026-04-17T14:06:06.902Z] [✓] #4751 04751_94573452_1124845907854340_3236254954138107904_n.jpg
[2026-04-17T14:06:06.929Z] [✓] #4752 04752_94785208_1124845897854341_6837238427973320704_n.jpg
[2026-04-17T14:06:06.975Z] [✓] #4753 04753_94269022_1122627328076198_5774287052174524416_n.jpg
[2026-04-17T14:06:07.030Z] [✓] #4755 04755_94385981_1122626708076260_8196877679199256576_n.jpg
[2026-04-17T14:06:07.060Z] [✓] #4756 04756_94397307_1122626484742949_3368735720054194176_n.jpg
[2026-04-17T14:06:07.098Z] [✓] #4757 04757_94231897_1122625438076387_4781421755870740480_n.jpg
[2026-04-17T14:06:07.104Z] [✓] #4754 04754_94510981_1122626868076244_242926442638213120_n.jpg
[2026-04-17T14:06:07.133Z] [✓] #4758 04758_93953547_1120059434999654_4040316829594288128_n.jpg
[2026-04-17T14:06:07.216Z] [✓] #4760 04760_94640437_1120058571666407_5601821759935348736_n.jpg
[2026-04-17T14:06:07.226Z] [✓] #4761 04761_94393178_1120057568333174_5455570989565870080_n.jpg
[2026-04-17T14:06:07.231Z] [✓] #4759 04759_94707347_1120058981666366_2040100257190117376_n.jpg
[2026-04-17T14:06:07.326Z] [✓] #4765 04765_93476392_1117437751928489_8957172811412013056_n.jpg
[2026-04-17T14:06:07.333Z] [✓] #4764 04764_93800349_1118909441781320_3705044140505956352_n.jpg
[2026-04-17T14:06:07.375Z] [✓] #4762 04762_92838460_1118915788447352_1103060353094254592_n.jpg
[2026-04-17T14:06:07.387Z] [✓] #4763 04763_93838207_1118913138447617_2618844918482731008_n.jpg
[2026-04-17T14:06:07.406Z] [✓] #4766 04766_93562953_1117437691928495_3227398392271339520_n.jpg
[2026-04-17T14:06:07.457Z] [✓] #4768 04768_94138090_1117437588595172_4013053137408491520_n.jpg
[2026-04-17T14:06:07.499Z] [✓] #4767 04767_93483615_1117437631928501_322605219919691776_n.jpg
[2026-04-17T14:06:07.519Z] [✓] #4770 04770_93840248_1117437431928521_6018491238993362944_n.jpg
[2026-04-17T14:06:07.623Z] [✓] #4772 04772_93426664_1113189905686607_8491941322549100544_n.jpg
[2026-04-17T14:06:07.629Z] [✓] #4771 04771_93279838_1114009952271269_9204376517491032064_n.jpg
[2026-04-17T14:06:07.728Z] [✓] #4774 04774_92810778_1113189825686615_3646030443750359040_n.jpg
[2026-04-17T14:06:07.747Z] [✓] #4775 04775_92573356_1113189785686619_153374531975643136_n.jpg
[2026-04-17T14:06:07.817Z] [✓] #4769 04769_93903965_1117437511928513_5308194731606409216_n.jpg
[2026-04-17T14:06:07.864Z] [✓] #4777 04777_93282366_1113189699019961_3628088024597790720_n.jpg
[2026-04-17T14:06:07.943Z] [✓] #4776 04776_93779180_1113189712353293_8715038068685406208_n.jpg
[2026-04-17T14:06:07.965Z] [✓] #4779 04779_92877002_1112413465764251_774028539249819648_n.jpg
[2026-04-17T14:06:07.991Z] [✓] #4778 04778_93418494_1113189685686629_5276593560538316800_n.jpg
[2026-04-17T14:06:08.000Z] [✓] #4773 04773_92978759_1113189849019946_2491482752856096768_n.jpg
[2026-04-17T14:06:08.077Z] [✓] #4781 04781_92395080_1109733229365608_1779399062332637184_n.jpg
[2026-04-17T14:06:08.097Z] [✓] #4780 04780_92745538_1111416092530655_2137816660164214784_n.jpg
[2026-04-17T14:06:08.129Z] [✓] #4782 04782_92573356_1108927419446189_458373323739365376_n.jpg
[2026-04-17T14:06:08.146Z] [✓] #4783 04783_92458943_1108152842856980_9084422998651305984_n.jpg
[2026-04-17T14:06:08.234Z] [✓] #4785 04785_92265098_1107423829596548_9047923756684541952_n.jpg
[2026-04-17T14:06:08.253Z] [✓] #4784 04784_92354563_1107423852929879_8967584808569929728_n.jpg
[2026-04-17T14:06:08.316Z] [✓] #4787 04787_92458514_1107423766263221_15800604861399040_n.jpg
[2026-04-17T14:06:08.354Z] [✓] #4788 04788_92492176_1107423749596556_500859535368388608_n.jpg
[2026-04-17T14:06:08.384Z] [✓] #4789 04789_92570906_1107423682929896_6792557170228461568_n.jpg
[2026-04-17T14:06:08.392Z] [✓] #4786 04786_92811010_1107423786263219_9221769910974152704_n.jpg
[2026-04-17T14:06:08.418Z] [✓] #4790 04790_92144646_1107423662929898_3045607295808438272_n.jpg
[2026-04-17T14:06:08.442Z] [✓] #4791 04791_92354890_1107423642929900_416166950704513024_n.jpg
[2026-04-17T14:06:08.483Z] [✓] #4793 04793_91749798_1104179243254340_4059758699139301376_n.jpg
[2026-04-17T14:06:08.561Z] [✓] #4794 04794_92131027_1104179203254344_3882478611122356224_n.jpg
[2026-04-17T14:06:08.573Z] [✓] #4795 04795_91183531_1100256063646658_6702073273137496064_n.jpg
[2026-04-17T14:06:08.666Z] [✓] #4796 04796_90988794_1098845707121027_7198207021630357504_n.jpg
[2026-04-17T14:06:08.691Z] [✓] #4798 04798_90358124_1098031097202488_1341481237600010240_n.jpg
[2026-04-17T14:06:08.710Z] [✓] #4797 04797_90982816_1098845593787705_1960618331144716288_n.jpg
[2026-04-17T14:06:08.794Z] [✓] #4799 04799_91007476_1097052770633654_7940909233359290368_n.jpg
[2026-04-17T14:06:08.837Z] [✓] #4800 04800_90211894_1096212364051028_5686811496206565376_n.jpg
[2026-04-17T14:06:08.844Z] [✓] #4801 04801_90286061_1096212284051036_8264063487538364416_n.jpg
[2026-04-17T14:06:08.883Z] [✓] #4792 04792_91616100_1105767336428864_1311523355379105792_n.jpg
[2026-04-17T14:06:08.902Z] [✓] #4802 04802_90945818_1096211894051075_1955957819182153728_n.jpg
[2026-04-17T14:06:09.029Z] [✓] #4805 04805_90653055_1094490154223249_4457959277658636288_n.jpg
[2026-04-17T14:06:09.035Z] [✓] #4803 04803_90176574_1095457387459859_5916813969934254080_n.jpg
[2026-04-17T14:06:09.051Z] [✓] #4806 04806_90560551_1094489977556600_2251768421769281536_n.jpg
[2026-04-17T14:06:09.101Z] [✓] #4808 04808_90426177_1093676287637969_5160728335168307200_n.jpg
[2026-04-17T14:06:09.152Z] [✓] #4809 04809_90136800_1092765957729002_8749484711421673472_n.jpg
[2026-04-17T14:06:09.202Z] [✓] #4804 04804_90622955_1094490304223234_8452908015517958144_n.jpg
[2026-04-17T14:06:09.215Z] [✓] #4810 04810_90241186_1092765247729073_7804396244771536896_n.jpg
[2026-04-17T14:06:09.245Z] [✓] #4807 04807_89858740_1094489927556605_8621940112764174336_n.jpg
[2026-04-17T14:06:09.279Z] [✓] #4811 04811_90091592_1092765164395748_5827006886674694144_n.jpg
[2026-04-17T14:06:09.378Z] [✓] #4814 04814_90079818_1090586654613599_5055460838521962496_n.jpg
[2026-04-17T14:06:09.393Z] [✓] #4812 04812_90241186_1092765101062421_7134104660507361280_n.jpg
[2026-04-17T14:06:09.436Z] [✓] #4813 04813_90207321_1090586734613591_3340188339453034496_n.jpg
[2026-04-17T14:06:09.500Z] [✓] #4817 04817_90257069_1090577121281219_245104772741332992_n.jpg
[2026-04-17T14:06:09.523Z] [✓] #4815 04815_90196981_1090586591280272_5211748178663047168_n.jpg
[2026-04-17T14:06:09.607Z] [✓] #4818 04818_89560158_1089641334708131_4695821348264476672_n.jpg
[2026-04-17T14:06:09.623Z] [✓] #4819 04819_89553692_1089169504755314_6391588115919667200_n.jpg
[2026-04-17T14:06:09.659Z] [✓] #4816 04816_90236168_1090578474614417_7522051008902463488_n.jpg
[2026-04-17T14:06:09.732Z] [✓] #4820 04820_89554640_1089169438088654_7054732805883822080_n.jpg
[2026-04-17T14:06:09.753Z] [✓] #4822 04822_89722653_1087249661613965_659108241044668416_n.jpg
[2026-04-17T14:06:09.774Z] [✓] #4821 04821_89940174_1089169318088666_1682390955300225024_n.jpg
[2026-04-17T14:06:09.874Z] [✓] #4824 04824_89257169_1086819724990292_8372925622703357952_n.jpg
[2026-04-17T14:06:09.885Z] [✓] #4825 04825_89381402_1086819701656961_2732410755801415680_n.jpg
[2026-04-17T14:06:09.931Z] [✓] #4826 04826_89744180_1086819644990300_5696564349028532224_n.jpg
[2026-04-17T14:06:09.985Z] [✓] #4827 04827_89615156_1086819634990301_5761951571092963328_n.jpg
[2026-04-17T14:06:09.994Z] [✓] #4828 04828_89490574_1086819594990305_4358046926625570816_n.jpg
[2026-04-17T14:06:09.998Z] [✓] #4823 04823_89640999_1086819751656956_4612803384234213376_n.jpg
[2026-04-17T14:06:10.030Z] [✓] #4829 04829_89318137_1086819564990308_6432870065963532288_n.jpg
[2026-04-17T14:06:10.062Z] [✓] #4831 04831_89124247_1085693928436205_5356332759419715584_n.jpg
[2026-04-17T14:06:10.101Z] [✓] #4830 04830_89666665_1086819554990309_316952119540187136_n.jpg
[2026-04-17T14:06:10.157Z] [✓] #4832 04832_87804618_1082512915420973_4783717536149536768_n.jpg
[2026-04-17T14:06:10.197Z] [✓] #4834 04834_88280850_1080975152241416_3916826692949114880_n.jpg
[2026-04-17T14:06:10.333Z] [✓] #4837 04837_87657366_1075727369432861_7641163345512366080_n.jpg
[2026-04-17T14:06:10.335Z] [✓] #4835 04835_87509226_1080975105574754_6975912734298734592_n.jpg
[2026-04-17T14:06:10.363Z] [✓] #4833 04833_88253721_1080975235574741_759992440097603584_n.jpg
[2026-04-17T14:06:10.429Z] [✓] #4740 04740_95492363_1130399497298981_547605826274066432_n.jpg
[2026-04-17T14:06:10.476Z] [✓] #4838 04838_88261620_1074972849508313_8033788257617575936_n.jpg
[2026-04-17T14:06:10.518Z] [✓] #4841 04841_87543429_1074972659508332_4453130892604342272_n.jpg
[2026-04-17T14:06:10.570Z] [✓] #4839 04839_87458057_1074972792841652_2123649384120844288_n.jpg
[2026-04-17T14:06:10.585Z] [✓] #4840 04840_87806363_1074972726174992_6045847882861379584_n.jpg
[2026-04-17T14:06:10.650Z] [✓] #4842 04842_87547063_1074972652841666_7090570163325501440_n.jpg
[2026-04-17T14:06:10.654Z] [✓] #4836 04836_88010253_1078820942456837_8157036428690194432_n.jpg
[2026-04-17T14:06:10.674Z] [✓] #4843 04843_87585175_1074972626175002_2294308204525387776_n.jpg
[2026-04-17T14:06:10.743Z] [✓] #4844 04844_87790357_1074972562841675_417844019469484032_n.jpg
[2026-04-17T14:06:10.807Z] [✓] #4846 04846_87506788_1074972502841681_2653117520554229760_n.jpg
[2026-04-17T14:06:10.830Z] [✓] #4848 04848_87895880_1074972386175026_2048347509226471424_n.jpg
[2026-04-17T14:06:10.859Z] [✓] #4849 04849_88153229_1074972349508363_7617962052438458368_n.jpg
[2026-04-17T14:06:10.988Z] [✓] #4851 04851_87291459_1072225243116407_1713369373290266624_n.jpg
[2026-04-17T14:06:11.000Z] [✓] #4850 04850_87450836_1073136476358617_3571331049688399872_n.jpg
[2026-04-17T14:06:11.039Z] [✓] #4852 04852_87265816_1071188026553462_7639976577329004544_n.jpg
[2026-04-17T14:06:11.098Z] [✓] #4854 04854_87008314_1068915050114093_2726122481298440192_n.jpg
[2026-04-17T14:06:11.107Z] [✓] #4847 04847_87703343_1074972389508359_72810265581715456_n.jpg
[2026-04-17T14:06:11.201Z] [✓] #4857 04857_87039892_1068914910114107_5207796447973474304_n.jpg
[2026-04-17T14:06:11.273Z] [✓] #4856 04856_87071461_1068914923447439_4588111496990425088_n.jpg
[2026-04-17T14:06:11.275Z] [✓] #4858 04858_87295003_1068914900114108_7931798108780888064_n.jpg
[2026-04-17T14:06:11.369Z] [✓] #4855 04855_87033508_1068915003447431_805319712463388672_n.jpg
[2026-04-17T14:06:11.380Z] [✓] #4859 04859_87153488_1068914826780782_4947637930823778304_n.jpg
[2026-04-17T14:06:11.438Z] [✓] #4860 04860_87265223_1068914820114116_7525028945951981568_n.jpg
[2026-04-17T14:06:11.446Z] [✓] #4853 04853_87049471_1070689309936667_8622623059808878592_n.jpg
[2026-04-17T14:06:11.455Z] [✓] #4861 04861_86932280_1068914806780784_442623803218984960_n.jpg
[2026-04-17T14:06:11.542Z] [✓] #4863 04863_84011464_1064238350581763_771308639540477952_n.jpg
[2026-04-17T14:06:11.551Z] [✓] #4865 04865_85085368_1061107004228231_5216513814245146624_n.jpg
[2026-04-17T14:06:11.604Z] [✓] #4866 04866_84505631_1061106957561569_5445466739699613696_n.jpg
[2026-04-17T14:06:11.638Z] [✓] #4864 04864_84231474_1061980950807503_3307092403801817088_n.jpg
[2026-04-17T14:06:11.642Z] [✓] #4867 04867_83867738_1061106920894906_3000225022091460608_n.jpg
[2026-04-17T14:06:11.720Z] [✓] #4868 04868_84622724_1058371887835076_8482116516140023808_n.jpg
[2026-04-17T14:06:11.779Z] [✓] #4870 04870_84282421_1058371814501750_4337989107230703616_n.jpg
[2026-04-17T14:06:11.784Z] [✓] #4862 04862_84285824_1066750246997240_4444379222428876800_n.jpg
[2026-04-17T14:06:11.801Z] [✓] #4871 04871_84734665_1058371721168426_6299949207633526784_n.jpg
[2026-04-17T14:06:11.811Z] [✓] #4869 04869_84866060_1058371874501744_8840088197582028800_n.jpg
[2026-04-17T14:06:11.856Z] [✓] #4873 04873_83916721_1058371694501762_939666607309848576_n.jpg
[2026-04-17T14:06:11.891Z] [✓] #4872 04872_85026758_1058371704501761_7399206620590243840_n.jpg
[2026-04-17T14:06:11.903Z] [✓] #4875 04875_84932876_1057747251230873_1699425328172105728_n.jpg
[2026-04-17T14:06:11.906Z] [✓] #4874 04874_83895849_1057747281230870_3202199101886169088_n.jpg
[2026-04-17T14:06:11.931Z] [✓] #4876 04876_84917962_1057747214564210_5177584028810739712_n.jpg
[2026-04-17T14:06:12.005Z] [✓] #4878 04878_83475060_1055337878138477_7745452508738224128_n.jpg
[2026-04-17T14:06:12.042Z] [✓] #4880 04880_83763714_1054476018224663_7048598179540893696_n.jpg
[2026-04-17T14:06:12.051Z] [✓] #4879 04879_84137922_1054476078224657_8896537214746361856_n.jpg
[2026-04-17T14:06:12.053Z] [✓] #4877 04877_83278205_1055449638127301_7857683491696148480_n.jpg
[2026-04-17T14:06:12.107Z] [✓] #4882 04882_83105273_1050028848669380_5899788852716896256_n.jpg
[2026-04-17T14:06:12.114Z] [✓] #4881 04881_83471847_1053409141664684_741331064894521344_n.jpg
[2026-04-17T14:06:12.145Z] [✓] #4884 04884_83894045_1050028782002720_1220505456414294016_n.jpg
[2026-04-17T14:06:12.208Z] [✓] #4886 04886_83408527_1046357689036496_1073541416531001344_n.jpg
[2026-04-17T14:06:12.229Z] [✓] #4845 04845_87602822_1074972526175012_5236979646943199232_n.jpg
[2026-04-17T14:06:12.240Z] [✓] #4883 04883_84018901_1050028818669383_2784951382791159808_n.jpg
[2026-04-17T14:06:12.248Z] [✓] #4887 04887_82853125_1046098799062385_2795889212795125760_n.jpg
[2026-04-17T14:06:12.358Z] [✓] #4885 04885_83675871_1048698088802456_2284109443903782912_n.jpg
[2026-04-17T14:06:12.370Z] [✓] #4888 04888_82627654_1044689429203322_8368929958793314304_n.jpg
[2026-04-17T14:06:12.504Z] [✓] #4892 04892_82565104_1042243256114606_4941637818561593344_n.jpg
[2026-04-17T14:06:12.519Z] [✓] #4890 04890_83844652_1044689292536669_1877034749986340864_n.jpg
[2026-04-17T14:06:12.544Z] [✓] #4889 04889_83048593_1044689349203330_1498692180393328640_n.jpg
[2026-04-17T14:06:12.546Z] [✓] #4891 04891_83069253_1044689252536673_187805266153046016_n.jpg
[2026-04-17T14:06:12.549Z] [✓] #4893 04893_82368466_1040072556331676_4474717604392468480_n.jpg
[2026-04-17T14:06:12.674Z] [✓] #4898 04898_81545682_1032384857100446_9021331286282731520_n.jpg
[2026-04-17T14:06:12.678Z] [✓] #4896 04896_81811710_1037063916632540_8658428260830412800_n.jpg
[2026-04-17T14:06:12.782Z] [✓] #4899 04899_81911452_1032384793767119_7648707550057070592_n.jpg
[2026-04-17T14:06:12.787Z] [✓] #4895 04895_81795997_1038313519840913_5499385986766864384_n.jpg
[2026-04-17T14:06:12.801Z] [✓] #4894 04894_82800550_1039384093067189_5972145432313200640_n.jpg
[2026-04-17T14:06:12.873Z] [✓] #4902 04902_81377436_1032384693767129_386676219191492608_n.jpg
[2026-04-17T14:06:12.982Z] [✓] #4904 04904_81161209_1032384667100465_2895037532095905792_n.jpg
[2026-04-17T14:06:12.990Z] [✓] #4903 04903_81272959_1032384683767130_8935886635665457152_n.jpg
[2026-04-17T14:06:12.993Z] [✓] #4900 04900_81597971_1032384770433788_7342491105000161280_n.jpg
[2026-04-17T14:06:12.996Z] [✓] #4901 04901_81728759_1032384747100457_3707087591456112640_n.jpg
[2026-04-17T14:06:13.055Z] [✓] #4905 04905_81795954_1029039317435000_2731723969055948800_n.jpg
[2026-04-17T14:06:13.108Z] [✓] #4906 04906_80787199_1026371264368472_620644146029264896_n.jpg
[2026-04-17T14:06:13.141Z] [✓] #4897 04897_81856299_1032384863767112_4882955491417784320_n.jpg
[2026-04-17T14:06:13.213Z] [✓] #4908 04908_80856084_1023295478009384_529948094733746176_n.jpg
[2026-04-17T14:06:13.288Z] [✓] #4911 04911_80367818_1021320318206900_4455791564714672128_n.jpg
[2026-04-17T14:06:13.313Z] [✓] #4909 04909_80422404_1021328778206054_346965428314046464_n.jpg
[2026-04-17T14:06:13.362Z] [✓] #4912 04912_80527602_1021320261540239_6540543491619946496_n.jpg
[2026-04-17T14:06:13.432Z] [✓] #4913 04913_80620906_1021320208206911_1483056661189885952_n.jpg
[2026-04-17T14:06:13.493Z] [✓] #4914 04914_80298270_1021320141540251_6457463585571340288_n.jpg
[2026-04-17T14:06:13.499Z] [✓] #4915 04915_79865159_1021320114873587_2147088047152300032_n.jpg
[2026-04-17T14:06:13.535Z] [✓] #4907 04907_80648621_1025850254420573_9039989706548314112_n.jpg
[2026-04-17T14:06:13.575Z] [✓] #4916 04916_80295169_1021320094873589_1735418996653555712_n.jpg
[2026-04-17T14:06:13.633Z] [✓] #4919 04919_80268358_1021319994873599_2666728383584403456_n.jpg
[2026-04-17T14:06:13.687Z] [✓] #4920 04920_80119197_1021320214873577_7787639532945408000_n.jpg
[2026-04-17T14:06:13.692Z] [✓] #4918 04918_81121779_1021320004873598_232966318989508608_n.jpg
[2026-04-17T14:06:13.743Z] [✓] #4921 04921_80319848_1020363864969212_815079557492113408_n.jpg
[2026-04-17T14:06:13.757Z] [✓] #4917 04917_80253757_1021320011540264_445335151648440320_n.jpg
[2026-04-17T14:06:13.815Z] [✓] #4923 04923_80880194_1019332331739032_1530266812858499072_n.jpg
[2026-04-17T14:06:13.877Z] [✓] #4922 04922_80251013_1019332418405690_5376482100272693248_n.jpg
[2026-04-17T14:06:13.979Z] [✓] #4924 04924_80583155_1019332301739035_121663989565358080_n.jpg
[2026-04-17T14:06:13.984Z] [✓] #4926 04926_79877044_1018305761841689_949365287709310976_n.jpg
[2026-04-17T14:06:14.069Z] [✓] #4925 04925_80991228_1019332291739036_4731155004826583040_n.jpg
[2026-04-17T14:06:14.103Z] [✓] #4927 04927_80404612_1017587741913491_6658124586489479168_n.jpg
[2026-04-17T14:06:14.108Z] [✓] #4910 04910_80853173_1021320441540221_3818688068920016896_n.jpg
[2026-04-17T14:06:14.113Z] [✓] #4928 04928_74610985_1017587691913496_7931258587874066432_n.jpg
[2026-04-17T14:06:14.166Z] [✓] #4931 04931_79887176_1017587515246847_5990762985964961792_n.jpg
[2026-04-17T14:06:14.239Z] [✓] #4932 04932_79926537_1016950301977235_5791479415418388480_n.jpg
[2026-04-17T14:06:14.261Z] [✓] #4933 04933_80039002_1015256165479982_1662326057799254016_n.jpg
[2026-04-17T14:06:14.291Z] [✓] #4929 04929_80872918_1017587645246834_2076253582490861568_n.jpg
[2026-04-17T14:06:14.387Z] [✓] #4937 04937_79411059_1012774499061482_4786714237911171072_n.jpg
[2026-04-17T14:06:14.389Z] [✓] #4935 04935_80349034_1013694148969517_2402938682039336960_n.jpg
[2026-04-17T14:06:14.430Z] [✓] #4936 04936_80261613_1012774549061477_1442404353351614464_n.jpg
[2026-04-17T14:06:14.515Z] [✓] #4940 04940_79459270_1012774369061495_4173688367432597504_n.jpg
[2026-04-17T14:06:14.535Z] [✓] #4939 04939_79682247_1012774435728155_6418963769312935936_n.jpg
[2026-04-17T14:06:14.657Z] [✓] #4942 04942_80121714_1012774322394833_4792049154228486144_n.jpg
[2026-04-17T14:06:14.688Z] [✓] #4930 04930_80335515_1017587565246842_3190780604912238592_n.jpg
[2026-04-17T14:06:14.697Z] [✓] #4941 04941_79456896_1012774362394829_8907292676143972352_n.jpg
[2026-04-17T14:06:14.717Z] [✓] #4934 04934_79429008_1014589985546600_8871289150712578048_n.jpg
[2026-04-17T14:06:14.724Z] [✓] #4938 04938_79327341_1012774482394817_5045765009980784640_n.jpg
[2026-04-17T14:06:14.806Z] [✓] #4943 04943_80248369_1012774282394837_4683537140502495232_n.jpg
[2026-04-17T14:06:14.990Z] [✓] #4945 04945_80521469_1011496479189284_4177292248720867328_n.jpg
[2026-04-17T14:06:15.008Z] [✓] #4944 04944_80979691_1012774275728171_7468314976550125568_n.jpg
[2026-04-17T14:06:15.015Z] [✓] #4946 04946_80575736_1011496399189292_3839733700728193024_n.jpg
[2026-04-17T14:06:15.020Z] [✓] #4947 04947_79272339_1011496309189301_8090400384754909184_n.jpg
[2026-04-17T14:06:15.128Z] [✓] #4950 04950_79287655_1010433419295590_7703899932805038080_n.jpg
[2026-04-17T14:06:15.170Z] [✓] #4952 04952_79855571_1007954382876827_727265128604499968_n.jpg
[2026-04-17T14:06:15.194Z] [✓] #4948 04948_79371874_1011496249189307_4172859408679698432_n.jpg
[2026-04-17T14:06:15.213Z] [✓] #4951 04951_80083562_1009435199395412_6135127419582939136_n.jpg
[2026-04-17T14:06:15.370Z] [✓] #4956 04956_79755070_1007954259543506_5340871091902480384_n.jpg
[2026-04-17T14:06:15.372Z] [✓] #4954 04954_80262065_1007954306210168_2785822316259442688_n.jpg
[2026-04-17T14:06:15.391Z] [✓] #4953 04953_79372447_1007954369543495_4048928234727800832_n.jpg
[2026-04-17T14:06:15.395Z] [✓] #4949 04949_79366966_1010433442628921_6041682005102428160_n.jpg
[2026-04-17T14:06:15.398Z] [✓] #4955 04955_78770540_1007954272876838_2243810010578550784_n.jpg
[2026-04-17T14:06:15.505Z] [✓] #4959 04959_78500139_1007954142876851_1771217360087154688_n.jpg
[2026-04-17T14:06:15.550Z] [✓] #4957 04957_79769100_1007954166210182_5012422100825145344_n.jpg
[2026-04-17T14:06:15.554Z] [✓] #4958 04958_79840828_1007954159543516_7056342336288063488_n.jpg
[2026-04-17T14:06:15.595Z] [✓] #4961 04961_80014363_1007077152964550_2008316189234692096_n.jpg
[2026-04-17T14:06:15.712Z] [✓] #4963 04963_78582167_1007077062964559_9017029279535333376_n.jpg
[2026-04-17T14:06:15.729Z] [✓] #4965 04965_79249263_1007077046297894_5968462987483152384_n.jpg
[2026-04-17T14:06:15.798Z] [✓] #4962 04962_78512229_1007077136297885_4731779974107758592_n.jpg
[2026-04-17T14:06:15.837Z] [✓] #4966 04966_79601971_1005840736421525_598909687366156288_n.jpg
[2026-04-17T14:06:15.891Z] [✓] #4964 04964_78826882_1007077052964560_3405335262392221696_n.jpg
[2026-04-17T14:06:15.903Z] [✓] #4960 04960_78811147_1007077166297882_6088532693778169856_n.jpg
[2026-04-17T14:06:15.909Z] [✓] #4968 04968_76916723_1005005999838332_6288371633660887040_n.jpg
[2026-04-17T14:06:16.012Z] [✓] #4969 04969_78493321_1003974619941470_1794643121036853248_n.jpg
[2026-04-17T14:06:16.044Z] [✓] #4972 04972_78667313_1003974526608146_2815207017914826752_n.jpg
[2026-04-17T14:06:16.089Z] [✓] #4967 04967_79144839_1005829799755952_1845936047142207488_n.jpg
[2026-04-17T14:06:16.121Z] [✓] #4970 04970_79087947_1003974606608138_5526949020993323008_n.jpg
[2026-04-17T14:06:16.181Z] [✓] #4971 04971_78953216_1003974593274806_5262102976536772608_n.jpg
[2026-04-17T14:06:16.209Z] [✓] #4973 04973_78598031_1003974516608147_8683432847463153664_n.jpg
[2026-04-17T14:06:16.229Z] [✓] #4974 04974_78699384_1003974509941481_4049963867306983424_n.jpg
[2026-04-17T14:06:16.287Z] [✓] #4976 04976_78775225_999387870400145_6737645356219105280_n.jpg
[2026-04-17T14:06:16.300Z] [✓] #4975 04975_78836761_1001770990161833_679012974920204288_n.jpg
[2026-04-17T14:06:16.319Z] [✓] #4978 04978_78591911_996868963985369_224826303696601088_n.jpg
[2026-04-17T14:06:16.330Z] [✓] #4977 04977_78202034_997336070605325_8781926549323513856_n.jpg
[2026-04-17T14:06:16.345Z] [✓] #4979 04979_78503727_995701944102071_4990556929127350272_n.jpg
[2026-04-17T14:06:16.376Z] [✓] #4980 04980_76643690_989927998012799_7228725465802866688_n.jpg
[2026-04-17T14:06:16.396Z] [✓] #4982 04982_73153811_989927898012809_866340236983009280_n.jpg
[2026-04-17T14:06:16.443Z] [✓] #4981 04981_74265362_989927951346137_7462382127770763264_n.jpg
[2026-04-17T14:06:16.452Z] [✓] #4983 04983_75519344_989927831346149_3670582005822652416_n.jpg
[2026-04-17T14:06:16.461Z] [✓] #4985 04985_72643227_989003908105208_5938707956567638016_n.jpg
[2026-04-17T14:06:16.514Z] [✓] #4987 04987_75627557_989003798105219_4852107331195895808_n.jpg
[2026-04-17T14:06:16.528Z] [✓] #4988 04988_76914422_989003768105222_5995462229942599680_n.jpg
[2026-04-17T14:06:16.605Z] [✓] #4986 04986_76186716_989003848105214_479306483238961152_n.jpg
[2026-04-17T14:06:16.684Z] [✓] #4990 04990_75649378_988132261525706_706722793948971008_n.jpg
[2026-04-17T14:06:16.687Z] [✓] #4991 04991_74478970_984927711846161_7304918597950767104_n.jpg
[2026-04-17T14:06:16.758Z] [✓] #4992 04992_77045116_983923525279913_1638955375510159360_n.jpg
[2026-04-17T14:06:16.830Z] [✓] #4984 04984_76682078_989003954771870_4386047021019037696_n.jpg
[2026-04-17T14:06:16.874Z] [✓] #4993 04993_74575403_983923461946586_519773454648475648_n.jpg
[2026-04-17T14:06:16.884Z] [✓] #4989 04989_78250159_988132304859035_8993602642412306432_n.jpg
[2026-04-17T14:06:16.948Z] [✓] #4995 04995_75398312_983923361946596_7655988460221628416_n.jpg
[2026-04-17T14:06:17.072Z] [✓] #4999 04999_76775158_982070092131923_5838328957337862144_n.jpg
[2026-04-17T14:06:17.082Z] [✓] #4997 04997_75456955_983923255279940_8794846072942886912_n.jpg
[2026-04-17T14:06:17.091Z] [✓] #4998 04998_74582308_982797962059136_310149539883384832_n.jpg
[2026-04-17T14:06:17.101Z] [✓] #4996 04996_72632542_983923295279936_7223100209696342016_n.jpg
[2026-04-17T14:06:17.125Z] [✓] #4994 04994_74575403_983923461946586_519773454648475648_n.jpg
[2026-04-17T14:06:17.186Z] [✓] #5003 05003_74406150_982069908798608_4387581415265402880_n.jpg
[2026-04-17T14:06:17.193Z] [✓] #5000 05000_76705146_982070022131930_4895961640232550400_n.jpg
[2026-04-17T14:06:17.196Z] [✓] #5004 05004_74489531_981180325554233_7435028632113774592_n.jpg
[2026-04-17T14:06:17.213Z] [✓] #5002 05002_75627513_982069945465271_8720477893873893376_n.jpg
[2026-04-17T14:06:17.273Z] [✓] #5001 05001_74186676_982069985465267_8000742036212809728_n.jpg
[2026-04-17T14:06:17.286Z] [✓] #5005 05005_75584996_975960756076190_919577597862477824_n.jpg
[2026-04-17T14:06:17.301Z] [✓] #5008 05008_74693508_975960639409535_460048597208006656_n.jpg
[2026-04-17T14:06:17.424Z] [✓] #5006 05006_73358343_975960746076191_1949205924434411520_n.jpg
[2026-04-17T14:06:17.448Z] [✓] #5009 05009_76697438_975960632742869_6508177245142515712_n.jpg
[2026-04-17T14:06:17.490Z] [✓] #5011 05011_75429525_975960539409545_6519568271505620992_n.jpg
[2026-04-17T14:06:17.497Z] [✓] #5007 05007_72148224_975960696076196_2284458023449526272_n.jpg
[2026-04-17T14:06:17.538Z] [✓] #5012 05012_76706881_975960519409547_336680102626590720_n.jpg
[2026-04-17T14:06:17.572Z] [✓] #5013 05013_73280495_974118909593708_1968787547920269312_n.jpg
[2026-04-17T14:06:17.598Z] [✓] #5010 05010_75580336_975960562742876_5625902043836186624_n.jpg
[2026-04-17T14:06:17.641Z] [✓] #5016 05016_74309375_974118816260384_5875416244751958016_n.jpg
[2026-04-17T14:06:17.706Z] [✓] #5018 05018_74394219_973470122991920_564609928216444928_n.jpg
[2026-04-17T14:06:17.744Z] [✓] #5015 05015_75224750_974118829593716_5239064595867369472_n.jpg
[2026-04-17T14:06:17.798Z] [✓] #5019 05019_76686414_973470079658591_3209311584908214272_n.jpg
[2026-04-17T14:06:17.812Z] [✓] #5017 05017_73472589_973470172991915_2988601861335941120_n.jpg
[2026-04-17T14:06:17.892Z] [✓] #5021 05021_73446220_973470002991932_1638541027130212352_n.jpg
[2026-04-17T14:06:17.921Z] [✓] #5020 05020_75354905_973470016325264_7739165170538119168_n.jpg
[2026-04-17T14:06:17.925Z] [✓] #5014 05014_74906723_974118846260381_8725764899831021568_n.jpg
[2026-04-17T14:06:17.928Z] [✓] #5022 05022_75513433_973469909658608_2346807050073276416_n.jpg
[2026-04-17T14:06:17.939Z] [✓] #5023 05023_75442912_973469892991943_72721462837903360_n.jpg
[2026-04-17T14:06:18.024Z] [✓] #5028 05028_73482530_968998543439078_7702249321038610432_n.jpg
[2026-04-17T14:06:18.032Z] [✓] #5027 05027_73318243_970593256612940_58482095768469504_n.jpg
[2026-04-17T14:06:18.140Z] [✓] #5029 05029_72851370_968998510105748_8442640728693145600_n.jpg
[2026-04-17T14:06:18.184Z] [✓] #5025 05025_75567410_972543916417874_1419208600785518592_n.jpg
[2026-04-17T14:06:18.246Z] [✓] #5026 05026_72757984_971148949890704_9165455893221867520_n.jpg
[2026-04-17T14:06:18.266Z] [✓] #5030 05030_75429372_968998446772421_8418390364087386112_n.jpg
[2026-04-17T14:06:18.307Z] [✓] #5031 05031_73235545_968998420105757_7652339597740867584_n.jpg
[2026-04-17T14:06:18.404Z] [✓] #5032 05032_73212340_968998410105758_4915012684933496832_n.jpg
[2026-04-17T14:06:18.409Z] [✓] #5033 05033_74162230_967764353562497_7553979078521389056_n.jpg
[2026-04-17T14:06:18.440Z] [✓] #5034 05034_75224730_967189296953336_7055046209647411200_n.jpg
[2026-04-17T14:06:18.459Z] [✓] #5035 05035_75486123_966179297054336_1541949330062049280_n.jpg
[2026-04-17T14:06:18.466Z] [✓] #5024 05024_76765558_973469942991938_697610329340772352_n.jpg
[2026-04-17T14:06:18.495Z] [✓] #5036 05036_74936924_962761450729454_3493031360635863040_n.jpg
[2026-04-17T14:06:18.558Z] [✓] #5037 05037_71909770_956750904663842_3592560115254820864_n.jpg
[2026-04-17T14:06:18.577Z] [✓] #5039 05039_73357423_955056924833240_7777537400498028544_n.jpg
[2026-04-17T14:06:18.580Z] [✓] #5040 05040_73110627_954200504918882_7226248712782086144_n.jpg
[2026-04-17T14:06:18.782Z] [✓] #5042 05042_72746697_952333978438868_8359964991951994880_n.jpg
[2026-04-17T14:06:18.787Z] [✓] #5043 05043_71780265_951535598518706_7131219730974638080_n.jpg
[2026-04-17T14:06:18.799Z] [✓] #5044 05044_71918127_950411848631081_6463542059511840768_n.jpg
[2026-04-17T14:06:18.876Z] [✓] #5038 05038_72552163_956060338066232_8136739023134654464_n.jpg
[2026-04-17T14:06:18.895Z] [✓] #5041 05041_72281489_953164308355835_2524921079005184_n.jpg
[2026-04-17T14:06:18.961Z] [✓] #5046 05046_72315756_949635512042048_4596912911477112832_n.jpg
[2026-04-17T14:06:18.981Z] [✓] #5047 05047_71500046_948747865464146_1899428185481674752_n.jpg
[2026-04-17T14:06:19.026Z] [✓] #5048 05048_72629406_947667015572231_4983675867533148160_n.jpg
[2026-04-17T14:06:19.068Z] [✓] #5049 05049_71795493_946999015639031_5483623160437800960_n.jpg
[2026-04-17T14:06:19.118Z] [✓] #5050 05050_71265595_945663612439238_8097896541500473344_n.jpg
[2026-04-17T14:06:19.122Z] [✓] #5052 05052_71179661_943060942699505_3900432716880936960_n.jpg
[2026-04-17T14:06:19.200Z] [✓] #5045 05045_71901959_950411785297754_7919708815224733696_n.jpg
[2026-04-17T14:06:19.214Z] [✓] #5051 05051_72108313_944763722529227_3547533499189690368_n.jpg
[2026-04-17T14:06:19.218Z] [✓] #5053 05053_70623671_934839423521657_2966205646996766720_n.jpg
[2026-04-17T14:06:19.241Z] [✓] #5054 05054_71389708_932725053733094_2597990855100858368_n.jpg
[2026-04-17T14:06:19.245Z] [✓] #5055 05055_70513292_932511287087804_5846640036883202048_n.jpg
[2026-04-17T14:06:19.281Z] [✓] #5057 05057_70640071_932511200421146_4492389131367743488_n.jpg
[2026-04-17T14:06:19.342Z] [✓] #5058 05058_70344964_932511190421147_6338641279513001984_n.jpg
[2026-04-17T14:06:19.364Z] [✓] #5061 05061_70670334_932511110421155_4578189293607976960_n.jpg
[2026-04-17T14:06:19.378Z] [✓] #5056 05056_70108793_932511267087806_6372845024668811264_n.jpg
[2026-04-17T14:06:19.383Z] [✓] #5059 05059_70358397_932511183754481_2572616175431188480_n.jpg
[2026-04-17T14:06:19.446Z] [✓] #5062 05062_70124732_932511097087823_2455269624430723072_n.jpg
[2026-04-17T14:06:19.450Z] [✓] #5063 05063_69998255_931806580491608_8825919482724614144_n.jpg
[2026-04-17T14:06:19.476Z] [✓] #5064 05064_70657806_931358270536439_4509902509057245184_n.jpg
[2026-04-17T14:06:19.497Z] [✓] #5060 05060_70342911_932511127087820_4686469014027763712_n.jpg
[2026-04-17T14:06:19.534Z] [✓] #5068 05068_70705480_929772477361685_7206376564823425024_n.jpg
[2026-04-17T14:06:19.604Z] [✓] #5069 05069_69828102_929772447361688_395598713101221888_n.jpg
[2026-04-17T14:06:19.635Z] [✓] #5065 05065_70292845_929772707361662_4736803208943370240_n.jpg
[2026-04-17T14:06:19.652Z] [✓] #5067 05067_70940195_929772527361680_4034021270826778624_n.jpg
[2026-04-17T14:06:19.662Z] [✓] #5070 05070_69279389_921229144882685_5625807417116721152_n.jpg
[2026-04-17T14:06:19.727Z] [✓] #5072 05072_69849974_919764025029197_523128464056778752_n.jpg
[2026-04-17T14:06:19.729Z] [✓] #5066 05066_70706618_929772594028340_1836011399923367936_n.jpg
[2026-04-17T14:06:19.742Z] [✓] #5071 05071_69519939_921229124882687_1329092795276722176_n.jpg
[2026-04-17T14:06:19.793Z] [✓] #5074 05074_69218810_913888988950034_7846589097249341440_n.jpg
[2026-04-17T14:06:19.816Z] [✓] #5075 05075_68788783_912971299041803_5751283422085513216_n.jpg
[2026-04-17T14:06:19.843Z] [✓] #5077 05077_68854870_911954849143448_2489410066063556608_n.jpg
[2026-04-17T14:06:19.847Z] [✓] #5076 05076_68623806_911954855810114_4077586318111014912_n.jpg
[2026-04-17T14:06:19.888Z] [✓] #5078 05078_68507302_911954789143454_6064191774081941504_n.jpg
[2026-04-17T14:06:19.934Z] [✓] #5079 05079_68292358_911954782476788_4733958561908916224_n.jpg
[2026-04-17T14:06:19.937Z] [✓] #5080 05080_68374144_911954772476789_3077814250538795008_n.jpg
[2026-04-17T14:06:19.944Z] [✓] #5073 05073_69567729_917250058613927_8420796933047582720_n.jpg
[2026-04-17T14:06:19.953Z] [✓] #5081 05081_68952601_911588925846707_4485295451712520192_n.jpg
[2026-04-17T14:06:19.956Z] [✓] #5082 05082_67965581_910288285976771_8901291335521140736_n.jpg
[2026-04-17T14:06:19.968Z] [✓] #5083 05083_68609959_909118229427110_8709587918395539456_n.jpg
[2026-04-17T14:06:19.972Z] [✓] #5084 05084_67826683_909118239427109_2556123492424613888_n.jpg
[2026-04-17T14:06:19.978Z] [✓] #5085 05085_69068171_909118236093776_401065141317140480_n.jpg
[2026-04-17T14:06:20.000Z] [✓] #5086 05086_68607271_909066386098961_7994074185385115648_n.jpg
[2026-04-17T14:06:20.085Z] [✓] #5090 05090_67932744_907789936226606_152096212269400064_n.jpg
[2026-04-17T14:06:20.100Z] [✓] #5089 05089_67921975_907790016226598_5231253519234760704_n.jpg
[2026-04-17T14:06:20.106Z] [✓] #5091 05091_68382369_907789866226613_3232634425556598784_n.jpg
[2026-04-17T14:06:20.135Z] [✓] #5088 05088_68256409_907790072893259_7006365693104881664_n.jpg
[2026-04-17T14:06:20.200Z] [✓] #5093 05093_67757357_907789672893299_5084594430619418624_n.jpg
[2026-04-17T14:06:20.243Z] [✓] #5087 05087_67747905_907790146226585_2237849953181368320_n.jpg
[2026-04-17T14:06:20.411Z] [✓] #5097 05097_67841050_907789326226667_6574492429250985984_n.jpg
[2026-04-17T14:06:20.424Z] [✓] #5094 05094_68240464_907789622893304_5601869949468409856_n.jpg
[2026-04-17T14:06:20.505Z] [✓] #5095 05095_67848594_907789532893313_3576510651398356992_n.jpg
[2026-04-17T14:06:20.568Z] [✓] #5099 05099_68682897_906830069655926_4185529935865053184_n.jpg
[2026-04-17T14:06:20.584Z] [✓] #5098 05098_67825092_907506732921593_912404487082082304_n.jpg
[2026-04-17T14:06:20.590Z] [✓] #5092 05092_67790922_907789819559951_2665713792050003968_n.jpg
[2026-04-17T14:06:20.672Z] [✓] #5096 05096_68263096_907789426226657_667871932833595392_n.jpg
[2026-04-17T14:06:20.700Z] [✓] #5101 05101_67680665_905874679751465_7784165200755687424_n.jpg
[2026-04-17T14:06:20.717Z] [✓] #5102 05102_67652121_905874663084800_13677005526532096_n.jpg
[2026-04-17T14:06:20.742Z] [✓] #5103 05103_67784331_905874599751473_7493842943602589696_n.jpg
[2026-04-17T14:06:20.759Z] [✓] #5104 05104_67731308_905874586418141_6544198521673744384_n.jpg
[2026-04-17T14:06:20.828Z] [✓] #5100 05100_68538329_906312143041052_3894272883374948352_n.jpg
[2026-04-17T14:06:20.829Z] [✓] #5105 05105_68834297_905874576418142_6486885756521414656_n.jpg
[2026-04-17T14:06:20.837Z] [✓] #5106 05106_67886008_905874506418149_3730593986121826304_n.jpg
[2026-04-17T14:06:20.847Z] [✓] #5107 05107_67742107_905874499751483_7200191257866403840_n.jpg
[2026-04-17T14:06:20.875Z] [✓] #5108 05108_67906901_905874486418151_4981615979743150080_n.jpg
[2026-04-17T14:06:20.914Z] [✓] #5111 05111_67910091_905003766505223_4233543207763312640_n.jpg
[2026-04-17T14:06:20.954Z] [✓] #5110 05110_68670975_905003829838550_5524711033794461696_n.jpg
[2026-04-17T14:06:20.982Z] [✓] #5109 05109_67706218_905003909838542_3029972485274599424_n.jpg
[2026-04-17T14:06:21.028Z] [✓] #5115 05115_67702550_904575439881389_9045974515842023424_n.jpg
[2026-04-17T14:06:21.032Z] [✓] #5114 05114_68339970_905003433171923_7414335045889949696_n.jpg
[2026-04-17T14:06:21.043Z] [✓] #5113 05113_67914586_905003496505250_890232208042754048_n.jpg
[2026-04-17T14:06:21.058Z] [✓] #5112 05112_67627035_905003703171896_3832573719662821376_n.jpg
[2026-04-17T14:06:21.108Z] [✓] #5119 05119_67630313_904302523242014_5590628546880995328_n.jpg
[2026-04-17T14:06:21.129Z] [✓] #5118 05118_68510850_904302556575344_4641511448151851008_n.jpg
[2026-04-17T14:06:21.137Z] [✓] #5116 05116_68461048_904302616575338_1196517299561955328_n.jpg
[2026-04-17T14:06:21.140Z] [✓] #5117 05117_67798817_904302593242007_5848661497600802816_n.jpg
[2026-04-17T14:06:21.161Z] [✓] #5120 05120_67783543_904302509908682_5464318682601619456_n.jpg
[2026-04-17T14:06:21.184Z] [✓] #5123 05123_67641291_904302423242024_4500389409899675648_n.jpg
[2026-04-17T14:06:21.217Z] [✓] #5121 05121_68403686_904302449908688_5848249425553522688_n.jpg
[2026-04-17T14:06:21.234Z] [✓] #5124 05124_67579707_903734316632168_2994704683446042624_n.jpg
[2026-04-17T14:06:21.256Z] [✓] #5122 05122_68443002_904302436575356_8240091707396325376_n.jpg
[2026-04-17T14:06:21.321Z] [✓] #5127 05127_69009086_903734209965512_5930188618353082368_n.jpg
[2026-04-17T14:06:21.326Z] [✓] #5128 05128_67634431_903734189965514_8717000576681902080_n.jpg
[2026-04-17T14:06:21.342Z] [✓] #5129 05129_67557552_903734179965515_9053547067170881536_n.jpg
[2026-04-17T14:06:21.357Z] [✓] #5125 05125_67891690_903734303298836_1205690602381901824_n.jpg
[2026-04-17T14:06:21.426Z] [✓] #5130 05130_68272445_903075136698086_6494104686012923904_n.jpg
[2026-04-17T14:06:21.482Z] [✓] #5126 05126_67822629_903734266632173_9095214481939628032_n.jpg
[2026-04-17T14:06:21.521Z] [✓] #5132 05132_67684880_903075056698094_8023073576934440960_n.jpg
[2026-04-17T14:06:21.536Z] [✓] #5134 05134_67761884_903075033364763_2114232762813644800_n.jpg
[2026-04-17T14:06:21.562Z] [✓] #5133 05133_67521126_903075046698095_3035578504222605312_n.jpg
[2026-04-17T14:06:21.600Z] [✓] #5137 05137_67636963_903074943364772_2069051424846643200_n.jpg
[2026-04-17T14:06:21.609Z] [✓] #5131 05131_67690325_903075116698088_8831755746279424000_n.jpg
[2026-04-17T14:06:21.612Z] [✓] #5135 05135_68546957_903074956698104_6997448314501201920_n.jpg
[2026-04-17T14:06:21.664Z] [✓] #5139 05139_67518407_901823803489886_2932957480524709888_n.jpg
[2026-04-17T14:06:21.714Z] [✓] #5138 05138_67432495_902539130085020_5154338364429697024_n.jpg
[2026-04-17T14:06:21.719Z] [✓] #5142 05142_67392063_899745793697687_4907488739749527552_n.jpg
[2026-04-17T14:06:21.734Z] [✓] #5140 05140_67423762_900996016905998_4514713422184579072_n.jpg
[2026-04-17T14:06:21.764Z] [✓] #5145 05145_67092232_898896700449263_6150757046091251712_n.jpg
[2026-04-17T14:06:21.819Z] [✓] #5146 05146_67811533_898896597115940_4482199484666740736_n.jpg
[2026-04-17T14:06:21.830Z] [✓] #5141 05141_67547474_900995950239338_6521252740499243008_n.jpg
[2026-04-17T14:06:21.912Z] [✓] #5147 05147_67323238_898896530449280_7063705078464512_n.jpg
[2026-04-17T14:06:21.918Z] [✓] #5144 05144_67249748_898896790449254_4599129896285896704_n.jpg
[2026-04-17T14:06:21.921Z] [✓] #5143 05143_67271070_898896883782578_738821515503468544_n.jpg
[2026-04-17T14:06:21.939Z] [✓] #5136 05136_67699548_903074946698105_2663981301027045376_n.jpg
[2026-04-17T14:06:22.000Z] [✓] #5151 05151_67700078_898896220449311_2388744047054290944_n.jpg
[2026-04-17T14:06:22.017Z] [✓] #5152 05152_67310477_898896170449316_2149078219033149440_n.jpg
[2026-04-17T14:06:22.039Z] [✓] #5149 05149_67617094_898896377115962_6262078247601700864_n.jpg
[2026-04-17T14:06:22.099Z] [✓] #5148 05148_67560250_898896450449288_7906399746661548032_n.jpg
[2026-04-17T14:06:22.103Z] [✓] #5150 05150_67617545_898896287115971_1862445055319474176_n.jpg
[2026-04-17T14:06:22.106Z] [✓] #5154 05154_67368723_898896040449329_3677589889211170816_n.jpg
[2026-04-17T14:06:22.108Z] [✓] #5153 05153_67383719_898896107115989_64539601678630912_n.jpg
[2026-04-17T14:06:22.116Z] [✓] #5155 05155_67585156_898896013782665_576682067673219072_n.jpg
[2026-04-17T14:06:22.142Z] [✓] #5156 05156_67325181_898895950449338_8443266294974775296_n.jpg
[2026-04-17T14:06:22.189Z] [✓] #5157 05157_67614030_898895913782675_1555023536928587776_n.jpg
[2026-04-17T14:06:22.206Z] [✓] #5158 05158_67161712_898206077184992_3506847325534289920_n.jpg
[2026-04-17T14:06:22.236Z] [✓] #5161 05161_67087878_895014960837437_738273456201662464_n.jpg
[2026-04-17T14:06:22.250Z] [✓] #5160 05160_67210080_895014984170768_5124876469327101952_n.jpg
[2026-04-17T14:06:22.256Z] [✓] #5162 05162_67025818_895014947504105_6841031828988493824_n.jpg
[2026-04-17T14:06:22.271Z] [✓] #5163 05163_67457519_895014870837446_270182644401045504_n.jpg
[2026-04-17T14:06:22.315Z] [✓] #5164 05164_67403747_895014860837447_5990805909868118016_n.jpg
[2026-04-17T14:06:22.328Z] [✓] #5165 05165_67221461_895014854170781_5601670048805552128_n.jpg
[2026-04-17T14:06:22.332Z] [✓] #5159 05159_67310478_897593197246280_2946394994379849728_n.jpg
[2026-04-17T14:06:22.348Z] [✓] #5167 05167_66748097_890193194652947_2121187268348608512_n.jpg
[2026-04-17T14:06:22.359Z] [✓] #5166 05166_66722784_891519114520355_6076115934735499264_n.jpg
[2026-04-17T14:06:22.385Z] [✓] #5169 05169_66505010_886271995045067_2745358480176054272_n.jpg
[2026-04-17T14:06:22.411Z] [✓] #5170 05170_65526170_881688108836789_6170615737917374464_n.jpg
[2026-04-17T14:06:22.414Z] [✓] #5168 05168_66674653_888375161501417_7985204687076851712_n.jpg
[2026-04-17T14:06:22.462Z] [✓] #5172 05172_65318301_877804465891820_2318101228128567296_n.jpg
[2026-04-17T14:06:22.507Z] [✓] #5175 05175_62372382_865585460447054_1719200229481250816_n.jpg
[2026-04-17T14:06:22.573Z] [✓] #5176 05176_61603393_860658897606377_5982827385345540096_n.jpg
[2026-04-17T14:06:22.584Z] [✓] #5173 05173_64955636_874119986260268_6113380037363236864_n.jpg
[2026-04-17T14:06:22.645Z] [✓] #5174 05174_64275694_870546549950945_3837362161521262592_n.jpg
[2026-04-17T14:06:22.683Z] [✓] #5177 05177_61492498_860389917633275_1536829441282408448_n.jpg
[2026-04-17T14:06:22.718Z] [✓] #5178 05178_61754256_860389880966612_7105822313748103168_n.jpg
[2026-04-17T14:06:22.733Z] [✓] #5181 05181_61682880_860389770966623_2251938966330671104_n.jpg
[2026-04-17T14:06:22.811Z] [✓] #5182 05182_62144073_860389764299957_5070587301021614080_n.jpg
[2026-04-17T14:06:22.823Z] [✓] #5183 05183_61681833_860389747633292_7434101889840447488_n.jpg
[2026-04-17T14:06:22.834Z] [✓] #5179 05179_62195628_860389840966616_2174448517836177408_n.jpg
[2026-04-17T14:06:22.838Z] [✓] #5171 05171_65624477_881163162222617_4667340019965362176_n.jpg
[2026-04-17T14:06:22.842Z] [✓] #5180 05180_61639970_860389807633286_8341731279527477248_n.jpg
[2026-04-17T14:06:22.912Z] [✓] #5186 05186_60922150_854793018192965_890687319957307392_n.jpg
[2026-04-17T14:06:22.966Z] [✓] #5184 05184_61204819_857425154596418_6489375059436634112_n.jpg
[2026-04-17T14:06:22.973Z] [✓] #5185 05185_61276635_855421774796756_799600688630857728_n.jpg
[2026-04-17T14:06:23.026Z] [✓] #5191 05191_60874243_852877148384552_3063759296480149504_n.jpg
[2026-04-17T14:06:23.089Z] [✓] #5190 05190_60574056_853214268350840_6007823094280880128_n.jpg
[2026-04-17T14:06:23.092Z] [✓] #5188 05188_60637605_853214298350837_149932523709792256_n.jpg
[2026-04-17T14:06:23.191Z] [✓] #5194 05194_60712422_851274161878184_3332766227943653376_n.jpg
[2026-04-17T14:06:23.197Z] [✓] #5189 05189_60805640_853214288350838_5220603628133285888_n.jpg
[2026-04-17T14:06:23.222Z] [✓] #5193 05193_60424140_851460558526211_4562817476806574080_n.jpg
[2026-04-17T14:06:23.273Z] [✓] #5196 05196_60630989_851274058544861_8284227624553676800_n.jpg
[2026-04-17T14:06:23.283Z] [✓] #5192 05192_60496422_851460621859538_3402203148901679104_n.jpg
[2026-04-17T14:06:23.311Z] [✓] #5187 05187_60864684_853214365017497_3600625595685273600_n.jpg
[2026-04-17T14:06:23.350Z] [✓] #5199 05199_60845905_850559768616290_8884911056103669760_n.jpg
[2026-04-17T14:06:23.404Z] [✓] #5197 05197_60335286_850559888616278_6289453806505689088_n.jpg
[2026-04-17T14:06:23.434Z] [✓] #5200 05200_60333852_849537078718559_3224557645067190272_n.jpg
[2026-04-17T14:06:23.497Z] [✓] #5195 05195_60549580_851274121878188_3665053682833031168_n.jpg
[2026-04-17T14:06:23.523Z] [✓] #5201 05201_60618345_849537022051898_6145851802597195776_n.jpg
[2026-04-17T14:06:23.600Z] [✓] #5204 05204_60359715_849536918718575_7894500660027064320_n.jpg
[2026-04-17T14:06:23.645Z] [✓] #5205 05205_60499487_849536892051911_6047165879475503104_n.jpg
[2026-04-17T14:06:23.658Z] [✓] #5203 05203_60271019_849536978718569_3613486050619424768_n.jpg
[2026-04-17T14:06:23.715Z] [✓] #5198 05198_60943856_850559825282951_827425058732376064_n.jpg
[2026-04-17T14:06:23.767Z] [✓] #5206 05206_60805313_848779615460972_9031898052587159552_n.jpg
[2026-04-17T14:06:23.852Z] [✓] #5208 05208_60259095_848055582200042_863704540107505664_n.jpg
[2026-04-17T14:06:23.899Z] [✓] #5209 05209_60226677_848053825533551_7318439167883476992_n.jpg
[2026-04-17T14:06:23.950Z] [✓] #5210 05210_60713779_848053775533556_3081676298016260096_n.jpg
[2026-04-17T14:06:23.984Z] [✓] #5211 05211_60091218_848053762200224_3767136366740111360_n.jpg
[2026-04-17T14:06:23.988Z] [✓] #5207 05207_60333780_848779582127642_8549789193381871616_n.jpg
[2026-04-17T14:06:24.015Z] [✓] #5212 05212_60078898_848053752200225_2795857743569747968_n.jpg
[2026-04-17T14:06:24.032Z] [✓] #5213 05213_59972670_847467905592143_2507564450442117120_n.jpg
[2026-04-17T14:06:24.044Z] [✓] #5215 05215_60097054_847467842258816_8706369583436529664_n.jpg
[2026-04-17T14:06:24.049Z] [✓] #5202 05202_60611773_849536998718567_3618033823985434624_n.jpg
[2026-04-17T14:06:24.118Z] [✓] #5217 05217_59981835_847467822258818_7190113726991695872_n.jpg
[2026-04-17T14:06:24.131Z] [✓] #5218 05218_60236262_846691389003128_5065157977028165632_n.jpg
[2026-04-17T14:06:24.159Z] [✓] #5216 05216_60206394_847467832258817_6582569707956600832_n.jpg
[2026-04-17T14:06:24.168Z] [✓] #5214 05214_60327141_847467895592144_2759529995352145920_n.jpg
[2026-04-17T14:06:24.270Z] [✓] #5222 05222_60242637_844933945845539_693478373233524736_n.jpg
[2026-04-17T14:06:24.337Z] [✓] #5220 05220_60003692_845844132421187_2115600933235720192_n.jpg
[2026-04-17T14:06:24.370Z] [✓] #5223 05223_60044863_844933915845542_3598660703981928448_n.jpg
[2026-04-17T14:06:24.380Z] [✓] #5221 05221_60039538_845620219110245_3164367041373143040_n.jpg
[2026-04-17T14:06:24.381Z] [✓] #5219 05219_59800671_845844169087850_7778200401714610176_n.jpg
[2026-04-17T14:06:24.416Z] [✓] #5226 05226_59624677_843707985968135_7131554356171636736_n.jpg
[2026-04-17T14:06:24.444Z] [✓] #5224 05224_60236256_844933889178878_1237306333389127680_n.jpg
[2026-04-17T14:06:24.475Z] [✓] #5227 05227_59921802_843707935968140_990811700640874496_n.jpg
[2026-04-17T14:06:24.507Z] [✓] #5229 05229_59632152_841881442817456_7929891096056823808_n.jpg
[2026-04-17T14:06:24.533Z] [✓] #5228 05228_59611821_843707902634810_4414488796964323328_n.jpg
[2026-04-17T14:06:24.558Z] [✓] #5230 05230_59538899_841881232817477_3009574216707080192_n.jpg
[2026-04-17T14:06:24.585Z] [✓] #5225 05225_60140597_844933879178879_5101101222593560576_n.jpg
[2026-04-17T14:06:24.611Z] [✓] #5232 05232_59436500_841881212817479_6631454076531900416_n.jpg
[2026-04-17T14:06:24.665Z] [✓] #5231 05231_59295896_841881222817478_8996967689159180288_n.jpg
[2026-04-17T14:06:24.698Z] [✓] #5236 05236_58784826_839567399715527_38743740336046080_n.jpg
[2026-04-17T14:06:24.783Z] [✓] #5237 05237_59342922_839567353048865_9066952192677642240_n.jpg
[2026-04-17T14:06:24.798Z] [✓] #5238 05238_58441450_838316439840623_2166537858091843584_n.jpg
[2026-04-17T14:06:24.914Z] [✓] #5235 05235_58666121_839567459715521_5281165987016605696_n.jpg
[2026-04-17T14:06:24.930Z] [✓] #5233 05233_59039421_841222516216682_6257526939477606400_n.jpg
[2026-04-17T14:06:24.943Z] [✓] #5240 05240_58671901_838316369840630_2383478996969979904_n.jpg
[2026-04-17T14:06:24.963Z] [✓] #5239 05239_59388660_838316379840629_3212365942310830080_n.jpg
[2026-04-17T14:06:25.012Z] [✓] #5241 05241_59064496_838316363173964_5544160561266163712_n.jpg
[2026-04-17T14:06:25.034Z] [✓] #5244 05244_58656802_836494173356183_6223618052416602112_n.jpg
[2026-04-17T14:06:25.040Z] [✓] #5242 05242_58443587_836571460015121_1679805986283454464_n.jpg
[2026-04-17T14:06:25.045Z] [✓] #5234 05234_58679360_839567489715518_1219476828926771200_n.jpg
[2026-04-17T14:06:25.061Z] [✓] #5243 05243_58382126_836571440015123_5148955069600759808_n.jpg
[2026-04-17T14:06:25.099Z] [✓] #5246 05246_58380401_835222800149987_2192119400566358016_n.jpg
[2026-04-17T14:06:25.110Z] [✓] #5247 05247_57882573_834512146887719_8200700857222692864_n.jpg
[2026-04-17T14:06:25.120Z] [✓] #5245 05245_58032958_836490846689849_6259310480481845248_n.png
[2026-04-17T14:06:25.150Z] [✓] #5251 05251_56608911_825786101093657_4670302173010067456_n.jpg
[2026-04-17T14:06:25.189Z] [✓] #5252 05252_56533738_823366278002306_2590954895511126016_n.jpg
[2026-04-17T14:06:25.210Z] [✓] #5253 05253_55576421_817514951920772_3845393363817725952_n.jpg
[2026-04-17T14:06:25.222Z] [✓] #5250 05250_56852924_827326920939575_4581883738576650240_n.jpg
[2026-04-17T14:06:25.257Z] [✓] #5254 05254_54114840_814342158904718_2583953570537668608_n.jpg
[2026-04-17T14:06:25.305Z] [✓] #5255 05255_53687163_811324829206451_1147498726143557632_n.jpg
[2026-04-17T14:06:25.329Z] [✓] #5249 05249_56478685_827326944272906_2425283026058477568_n.jpg
[2026-04-17T14:06:25.378Z] [✓] #5258 05258_54435353_811324649206469_469187368490893312_n.jpg
[2026-04-17T14:06:25.390Z] [✓] #5248 05248_57410767_831447047194229_2798566712587321344_n.jpg
[2026-04-17T14:06:25.425Z] [✓] #5256 05256_54114873_811324732539794_5369502280200486912_n.jpg
[2026-04-17T14:06:25.475Z] [✓] #5259 05259_53685677_811324609206473_699039608557535232_n.jpg
[2026-04-17T14:06:25.500Z] [✓] #5261 05261_54432845_811324532539814_867262280562114560_n.jpg
[2026-04-17T14:06:25.561Z] [✓] #5257 05257_53567228_811324705873130_6236091045466079232_n.jpg
[2026-04-17T14:06:25.619Z] [✓] #5260 05260_53617034_811324589206475_1834581111389290496_n.jpg
[2026-04-17T14:06:25.629Z] [✓] #5264 05264_53516242_810170019321932_572600031970852864_n.jpg
[2026-04-17T14:06:25.635Z] [✓] #5262 05262_53725698_811324519206482_2295457138341838848_n.jpg
[2026-04-17T14:06:25.640Z] [✓] #5263 05263_53761280_811324502539817_4810641535076925440_n.jpg
[2026-04-17T14:06:25.715Z] [✓] #5265 05265_52983108_803646243307643_825303473737170944_n.jpg
[2026-04-17T14:06:25.721Z] [✓] #5269 05269_52598841_799665810372353_7879738591142739968_n.jpg
[2026-04-17T14:06:25.749Z] [✓] #5267 05267_51669876_799665900372344_7317956044192219136_n.jpg
[2026-04-17T14:06:25.760Z] [✓] #5268 05268_52378368_799665873705680_8463610983825276928_n.jpg
[2026-04-17T14:06:25.795Z] [✓] #5266 05266_52685570_800255196980081_38562840608505856_n.jpg
[2026-04-17T14:06:25.805Z] [✓] #5270 05270_52498753_799665770372357_8665150112281919488_n.jpg
[2026-04-17T14:06:25.823Z] [✓] #5272 05272_52415926_798978030441131_7646286949438717952_n.jpg
[2026-04-17T14:06:25.829Z] [✓] #5271 05271_52868336_799665757039025_6681266278302220288_n.jpg
[2026-04-17T14:06:25.844Z] [✓] #5274 05274_52562644_798977457107855_8951122323478413312_n.jpg
[2026-04-17T14:06:25.864Z] [✓] #5273 05273_52520525_798977500441184_5427327529440509952_n.jpg
[2026-04-17T14:06:25.914Z] [✓] #5277 05277_52188138_798977337107867_3675606013752377344_n.jpg
[2026-04-17T14:06:25.938Z] [✓] #5275 05275_52327098_798977427107858_1186680119352098816_n.jpg
[2026-04-17T14:06:25.972Z] [✓] #5276 05276_52350887_798977400441194_1675407836693135360_n.jpg
[2026-04-17T14:06:25.990Z] [✓] #5279 05279_52403879_798977287107872_6361467755085955072_n.jpg
[2026-04-17T14:06:26.012Z] [✓] #5278 05278_52550248_798977313774536_2414723969220345856_n.jpg
[2026-04-17T14:06:26.039Z] [WARN] #5284 attempt 1/3 failed: HTTP 403
[2026-04-17T14:06:26.067Z] [✓] #5283 05283_52109814_798321597173441_8613712432893788160_n.jpg
[2026-04-17T14:06:26.109Z] [✓] #5285 05285_52596478_796145867391014_4458082113723301888_n.jpg
[2026-04-17T14:06:26.113Z] [✓] #5280 05280_52551332_798977260441208_5387197635654320128_n.jpg
[2026-04-17T14:06:26.154Z] [✓] #5282 05282_52141239_798977187107882_1721497946790297600_n.jpg
[2026-04-17T14:06:26.207Z] [✓] #5287 05287_51952967_796145817391019_941765201345118208_n.jpg
[2026-04-17T14:06:26.228Z] [✓] #5286 05286_51749978_796145840724350_8453132010947346432_n.jpg
[2026-04-17T14:06:26.233Z] [✓] #5288 05288_52120263_796145774057690_7138656853394718720_n.jpg
[2026-04-17T14:06:26.291Z] [✓] #5289 05289_52364618_796145747391026_1980613495556669440_n.jpg
[2026-04-17T14:06:26.311Z] [✓] #5290 05290_51805381_796145710724363_8929602505805922304_n.jpg
[2026-04-17T14:06:26.333Z] [✓] #5291 05291_51828319_796145690724365_1294266554740899840_n.jpg
[2026-04-17T14:06:26.366Z] [✓] #5292 05292_51912961_796145667391034_5365461802601676800_n.jpg
[2026-04-17T14:06:26.393Z] [✓] #5294 05294_52569209_796145594057708_4091349141379088384_n.jpg
[2026-04-17T14:06:26.417Z] [✓] #5293 05293_51900611_796145607391040_7615367548594290688_n.jpg
[2026-04-17T14:06:26.455Z] [✓] #5296 05296_52025810_795530840785850_212524044187074560_n.jpg
[2026-04-17T14:06:26.459Z] [✓] #5295 05295_51895257_796145584057709_7535841500349857792_n.jpg
[2026-04-17T14:06:26.463Z] [✓] #5281 05281_52480850_798977210441213_6555491957789949952_n.jpg
[2026-04-17T14:06:26.547Z] [✓] #5298 05298_50517200_782261925446075_4783435674625769472_n.jpg
[2026-04-17T14:06:26.551Z] [✓] #5299 05299_50803404_782261892112745_7108339890433032192_n.jpg
[2026-04-17T14:06:26.562Z] [✓] #5297 05297_50791526_791143807891220_1571162658227355648_n.jpg
[2026-04-17T14:06:26.613Z] [✓] #5300 05300_50962038_782261868779414_7468891962456670208_n.jpg
[2026-04-17T14:06:26.740Z] [✓] #5302 05302_50277578_782261818779419_5925285028421435392_n.jpg
[2026-04-17T14:06:26.742Z] [✓] #5303 05303_50567770_782261765446091_4427994802662932480_n.jpg
[2026-04-17T14:06:26.744Z] [✓] #5301 05301_50556444_782261848779416_2929091254044065792_n.jpg
[2026-04-17T14:06:26.746Z] [✓] #5304 05304_51121306_782261782112756_7236780599657103360_n.jpg
[2026-04-17T14:06:26.812Z] [✓] #5307 05307_49719501_776265056045762_8935892446756208640_n.jpg
[2026-04-17T14:06:26.854Z] [✓] #5306 05306_50681589_782261748779426_6048829732626104320_n.jpg
[2026-04-17T14:06:26.910Z] [✓] #5305 05305_50681589_782261748779426_6048829732626104320_n.jpg
[2026-04-17T14:06:26.970Z] [✓] #5310 05310_47688690_757570707915197_4215854659832643584_n.jpg
[2026-04-17T14:06:26.974Z] [✓] #5311 05311_48244254_757570611248540_6438983642671742976_n.jpg
[2026-04-17T14:06:26.976Z] [✓] #5309 05309_48046811_757570951248506_1881543984610803712_n.jpg
[2026-04-17T14:06:27.006Z] [✓] #5313 05313_48056347_757570451248556_6462049850434256896_n.jpg
[2026-04-17T14:06:27.042Z] [✓] #5312 05312_47573124_757570511248550_334618415245295616_n.jpg
[2026-04-17T14:06:27.064Z] [✓] #5315 05315_47685935_757570361248565_3423378969758531584_n.jpg
[2026-04-17T14:06:27.096Z] [✓] #5308 05308_48422349_765217287150539_5363839842562080768_n.jpg
[2026-04-17T14:06:27.117Z] [✓] #5317 05317_48371048_757570187915249_682290992744759296_n.jpg
[2026-04-17T14:06:27.176Z] [✓] #5316 05316_48355492_757570264581908_6012925292090228736_n.jpg
[2026-04-17T14:06:27.194Z] [✓] #5318 05318_48358638_757570151248586_3158080901468913664_n.jpg
[2026-04-17T14:06:27.226Z] [✓] #5320 05320_48059199_757569947915273_2203688839870939136_n.jpg
[2026-04-17T14:06:27.229Z] [✓] #5314 05314_48243129_757570421248559_1231552344227840000_n.jpg
[2026-04-17T14:06:27.295Z] [✓] #5319 05319_48235369_757570001248601_3696861849849954304_n.jpg
[2026-04-17T14:06:27.312Z] [✓] #5321 05321_48357699_757569787915289_3589067456439648256_n.jpg
[2026-04-17T14:06:27.320Z] [✓] #5322 05322_48197935_757569701248631_3208983320557780992_n.jpg
[2026-04-17T14:06:27.364Z] [✓] #5323 05323_48176028_757569654581969_916372908014567424_n.jpg
[2026-04-17T14:06:27.397Z] [✓] #5325 05325_47685315_757569337915334_5825549917803773952_n.jpg
[2026-04-17T14:06:27.414Z] [✓] #5326 05326_47684317_757569227915345_2654838870432022528_n.jpg
[2026-04-17T14:06:27.481Z] [✓] #5329 05329_47686395_757569071248694_6322174297590726656_n.jpg
[2026-04-17T14:06:27.486Z] [✓] #5327 05327_47572450_757569147915353_6643406321976606720_n.jpg
[2026-04-17T14:06:27.504Z] [✓] #5328 05328_48277866_757569107915357_878885802094886912_n.jpg
[2026-04-17T14:06:27.512Z] [✓] #5324 05324_48350178_757569571248644_3707305492326907904_n.jpg
[2026-04-17T14:06:27.536Z] [✓] #5331 05331_48202612_757568874582047_1340977639799652352_n.jpg
[2026-04-17T14:06:27.657Z] [✓] #5334 05334_48321952_757568577915410_4485403199557074944_n.jpg
[2026-04-17T14:06:27.673Z] [✓] #5330 05330_47577545_757568954582039_348216492157829120_n.jpg
[2026-04-17T14:06:27.682Z] [✓] #5333 05333_48358522_757568651248736_6449867218648825856_n.jpg
[2026-04-17T14:06:27.831Z] [✓] #5336 05336_48360398_757568197915448_8251475591228817408_n.jpg
[2026-04-17T14:06:27.836Z] [✓] #5337 05337_48045663_757568134582121_2713360991000723456_n.jpg
[2026-04-17T14:06:27.848Z] [✓] #5335 05335_48084340_757568377915430_1262063684524441600_n.jpg
[2026-04-17T14:06:27.852Z] [✓] #5332 05332_48364814_757568734582061_5363195876640555008_n.jpg
[2026-04-17T14:06:27.885Z] [✓] #5338 05338_48373929_757568041248797_515434283549065216_n.jpg
[2026-04-17T14:06:27.941Z] [✓] #5341 05341_48266695_757567417915526_7865590114171224064_n.jpg
[2026-04-17T14:06:27.968Z] [✓] #5342 05342_48386499_757567374582197_411767839041519616_n.jpg
[2026-04-17T14:06:27.995Z] [✓] #5339 05339_48174593_757567841248817_7632474437693997056_n.jpg
[2026-04-17T14:06:28.014Z] [✓] #5340 05340_48374775_757567811248820_2252552175991390208_n.jpg
[2026-04-17T14:06:28.037Z] [✓] #5343 05343_47290704_757567201248881_5698422029758234624_n.jpg
[2026-04-17T14:06:28.074Z] [WARN] #5284 attempt 2/3 failed: HTTP 403
[2026-04-17T14:06:28.092Z] [✓] #5344 05344_48368808_757567187915549_4140732254441701376_n.jpg
[2026-04-17T14:06:28.161Z] [✓] #5347 05347_47580182_756645734674361_6567685838094729216_n.jpg
[2026-04-17T14:06:28.168Z] [✓] #5345 05345_48252782_756645888007679_7335263598458961920_n.jpg
[2026-04-17T14:06:28.193Z] [✓] #5346 05346_48266701_756645814674353_2839829592976392192_n.jpg
[2026-04-17T14:06:28.269Z] [✓] #5350 05350_48045688_754968911508710_2508617554948259840_n.jpg
[2026-04-17T14:06:28.306Z] [✓] #5351 05351_47380518_754345444904390_1027828095324782592_n.jpg
[2026-04-17T14:06:28.310Z] [✓] #5348 05348_48350175_756645674674367_3600155258111655936_n.jpg
[2026-04-17T14:06:28.317Z] [✓] #5352 05352_45693909_738656779806590_1575890506687184896_n.jpg
[2026-04-17T14:06:28.326Z] [✓] #5349 05349_47581150_755890084749926_7270250730039017472_n.jpg
[2026-04-17T14:06:28.333Z] [✓] #5353 05353_45737643_738656759806592_8893949058863857664_n.jpg
[2026-04-17T14:06:28.354Z] [✓] #5354 05354_45643931_738640846474850_1320437718915743744_n.jpg
[2026-04-17T14:06:28.358Z] [✓] #5355 05355_45797977_738640513141550_6773492016559947776_n.jpg
[2026-04-17T14:06:28.372Z] [✓] #5356 05356_45696403_738640429808225_2414817028276748288_n.jpg
[2026-04-17T14:06:28.389Z] [✓] #5359 05359_45860115_738639826474952_5492407841731903488_n.jpg
[2026-04-17T14:06:28.418Z] [✓] #5360 05360_45841121_738639806474954_7397211363468115968_n.jpg
[2026-04-17T14:06:28.430Z] [✓] #5358 05358_45907962_738639999808268_7056998156319326208_n.jpg
[2026-04-17T14:06:28.465Z] [✓] #5362 05362_45707986_738639359808332_5790306610173706240_n.jpg
[2026-04-17T14:06:28.485Z] [✓] #5363 05363_45801824_738639226475012_3970166063596830720_n.jpg
[2026-04-17T14:06:28.525Z] [✓] #5357 05357_45665145_738640419808226_2677557520851009536_n.jpg
[2026-04-17T14:06:28.555Z] [✓] #5365 05365_45483829_736391473366454_7916061992853438464_n.jpg
[2026-04-17T14:06:28.564Z] [✓] #5366 05366_45424054_736391423366459_5517684304089448448_n.jpg
[2026-04-17T14:06:28.649Z] [✓] #5368 05368_45252664_735376546801280_5025646326604365824_n.jpg
[2026-04-17T14:06:28.669Z] [✓] #5367 05367_45280746_735376646801270_8980516096104726528_n.jpg
[2026-04-17T14:06:28.720Z] [✓] #5361 05361_45665844_738639466474988_8391880339877789696_n.jpg
[2026-04-17T14:06:28.733Z] [✓] #5364 05364_45383228_736391516699783_4031262909685301248_n.jpg
[2026-04-17T14:06:28.749Z] [✓] #5370 05370_45449508_735376423467959_4277808699789017088_n.jpg
[2026-04-17T14:06:28.829Z] [✓] #5371 05371_45424927_735376350134633_6716924870615105536_n.jpg
[2026-04-17T14:06:28.853Z] [✓] #5369 05369_45231185_735376493467952_679885656440176640_n.jpg
[2026-04-17T14:06:28.860Z] [✓] #5372 05372_45290536_735376256801309_2737805711466561536_n.jpg
[2026-04-17T14:06:28.919Z] [✓] #5373 05373_45410546_735376166801318_4533566829670432768_n.jpg
[2026-04-17T14:06:29.023Z] [✓] #5376 05376_45393973_735375900134678_953519951308652544_n.jpg
[2026-04-17T14:06:29.039Z] [✓] #5377 05377_45381838_735375846801350_7377874329779830784_n.jpg
[2026-04-17T14:06:29.048Z] [✓] #5375 05375_45414770_735375986801336_5172293273347162112_n.jpg
[2026-04-17T14:06:29.053Z] [✓] #5374 05374_45359149_735376043467997_5579251479161602048_n.jpg
[2026-04-17T14:06:29.086Z] [✓] #5378 05378_45289469_734939920178276_2936121101895335936_n.jpg
[2026-04-17T14:06:29.228Z] [✓] #5382 05382_45345815_734939703511631_1189574858590126080_n.jpg
[2026-04-17T14:06:29.239Z] [✓] #5379 05379_45228723_734939863511615_1814915276479660032_n.jpg
[2026-04-17T14:06:29.242Z] [✓] #5380 05380_45208127_734939820178286_6430449662913675264_n.jpg
[2026-04-17T14:06:29.244Z] [✓] #5381 05381_45184356_734939723511629_6579775135945850880_n.jpg
[2026-04-17T14:06:29.283Z] [✓] #5383 05383_45371610_734939666844968_6751642727651213312_n.jpg
[2026-04-17T14:06:29.371Z] [✓] #5384 05384_45282907_734939620178306_6615998005357051904_n.jpg
[2026-04-17T14:06:29.419Z] [✓] #5385 05385_45328000_734939550178313_6457169848462999552_n.jpg
[2026-04-17T14:06:29.475Z] [✓] #5386 05386_45265688_734939526844982_2735544041818030080_n.jpg
[2026-04-17T14:06:29.527Z] [✓] #5388 05388_45232398_734939323511669_6497823702489497600_n.jpg
[2026-04-17T14:06:29.590Z] [✓] #5389 05389_45213304_734939316845003_266531978034020352_n.jpg
[2026-04-17T14:06:29.645Z] [✓] #5390 05390_45261580_734939283511673_891680848972087296_n.jpg
[2026-04-17T14:06:29.676Z] [✓] #5391 05391_45222723_734938563511745_7602985793535082496_n.jpg
[2026-04-17T14:06:29.686Z] [✓] #5392 05392_45284381_734938556845079_6490382401066237952_n.jpg
[2026-04-17T14:06:29.770Z] [✓] #5387 05387_45201159_734939466844988_6499645357033521152_n.jpg
[2026-04-17T14:06:29.811Z] [✓] #5393 05393_45329586_734938493511752_6960339234423046144_n.jpg
[2026-04-17T14:06:29.831Z] [✓] #5395 05395_45276549_734938423511759_482175955184386048_n.jpg
[2026-04-17T14:06:29.888Z] [✓] #5394 05394_45208541_734938406845094_2393402570446995456_n.jpg
[2026-04-17T14:06:29.941Z] [✓] #5397 05397_45221565_734938293511772_1205241022385225728_n.jpg
[2026-04-17T14:06:29.991Z] [✓] #5399 05399_45166289_734938223511779_6956781317874778112_n.jpg
[2026-04-17T14:06:30.014Z] [✓] #5396 05396_45194050_734938380178430_4498782297562021888_n.jpg
[2026-04-17T14:06:30.045Z] [✓] #5400 05400_45163725_734938130178455_3364044430355988480_n.jpg
[2026-04-17T14:06:30.058Z] [✓] #5398 05398_45291709_734938260178442_3872521081633898496_n.jpg
[2026-04-17T14:06:30.099Z] [✓] #5401 05401_45222643_734938120178456_4178750738010210304_n.jpg
[2026-04-17T14:06:30.133Z] [✓] #5403 05403_45326877_734937846845150_1601397707572772864_n.jpg
[2026-04-17T14:06:30.143Z] [✓] #5404 05404_45219343_734937770178491_1793267876803641344_n.jpg
[2026-04-17T14:06:30.172Z] [✓] #5407 05407_45155483_733746556964279_3654789466909835264_n.jpg
[2026-04-17T14:06:30.184Z] [✓] #5402 05402_45196136_734938086845126_8202308008215052288_n.jpg
[2026-04-17T14:06:30.200Z] [✓] #5408 05408_45114039_733746486964286_3377062227122061312_n.jpg
[2026-04-17T14:06:30.205Z] [✓] #5406 05406_45250658_734937703511831_450968941854982144_n.jpg
[2026-04-17T14:06:30.222Z] [✓] #5409 05409_45095162_733746403630961_8327875977023586304_n.jpg
[2026-04-17T14:06:30.228Z] [✓] #5410 05410_45085739_733746356964299_281571957072199680_n.jpg
[2026-04-17T14:06:30.303Z] [✓] #5411 05411_45163762_733274223678179_3011848556509134848_n.jpg
[2026-04-17T14:06:30.305Z] [✓] #5413 05413_44996430_733274147011520_7644103770317520896_n.jpg
[2026-04-17T14:06:30.312Z] [✓] #5412 05412_45085111_733274187011516_1481250283844534272_n.jpg
[2026-04-17T14:06:30.398Z] [✓] #5415 05415_42761311_718213551850913_4881168072058077184_n.jpg
[2026-04-17T14:06:30.404Z] [✓] #5414 05414_45126478_733274097011525_6675415721096249344_n.jpg
[2026-04-17T14:06:30.480Z] [✓] #5416 05416_42707489_717249825280619_6214453644473925632_n.jpg
[2026-04-17T14:06:30.552Z] [✓] #5417 05417_42635999_717249801947288_6462487971458187264_n.jpg
[2026-04-17T14:06:30.575Z] [✓] #5418 05418_42730742_717249761947292_3285678096295919616_n.jpg
[2026-04-17T14:06:30.628Z] [✓] #5420 05420_42394594_715522725453329_3106343519262867456_n.jpg
[2026-04-17T14:06:30.631Z] [✓] #5419 05419_42620002_717249725280629_232877241367789568_n.jpg
[2026-04-17T14:06:30.641Z] [✓] #5405 05405_45254730_734937750178493_2813880435661078528_n.jpg
[2026-04-17T14:06:30.680Z] [✓] #5421 05421_42394651_715522695453332_4603373427053559808_n.jpg
[2026-04-17T14:06:30.698Z] [✓] #5423 05423_42438141_715522632120005_7238694918120538112_n.jpg
[2026-04-17T14:06:30.728Z] [✓] #5422 05422_42372639_715522658786669_5562429196069765120_n.jpg
[2026-04-17T14:06:30.773Z] [✓] #5424 05424_42190359_713205282351740_3465052461906001920_n.jpg
[2026-04-17T14:06:30.883Z] [✓] #5428 05428_42059126_713202562352012_8689052756335394816_n.jpg
[2026-04-17T14:06:31.000Z] [✓] #5425 05425_42107428_713205122351756_7426872373254553600_n.jpg
[2026-04-17T14:06:31.028Z] [✓] #5426 05426_42124194_713204869018448_1549039221556117504_n.jpg
[2026-04-17T14:06:31.101Z] [✓] #5429 05429_42158382_713202355685366_603178365167337472_n.jpg
[2026-04-17T14:06:31.126Z] [✓] #5430 05430_42125592_713202089018726_7554529762048212992_n.jpg
[2026-04-17T14:06:31.218Z] [✓] #5427 05427_42132818_713203029018632_6942354698821173248_n.jpg
[2026-04-17T14:06:31.235Z] [✓] #5431 05431_42223546_713201939018741_3112281333024423936_n.jpg
[2026-04-17T14:06:31.260Z] [✓] #5433 05433_41916539_713201432352125_5482269756113289216_n.jpg
[2026-04-17T14:06:31.443Z] [✓] #5436 05436_42194352_713200729018862_6344856380658155520_n.jpg
[2026-04-17T14:06:31.461Z] [✓] #5432 05432_42059582_713201702352098_709603819356422144_n.jpg
[2026-04-17T14:06:31.473Z] [✓] #5435 05435_42120737_713200999018835_2062547972482138112_n.jpg
[2026-04-17T14:06:31.523Z] [✓] #5434 05434_42090051_713201409018794_380905479657750528_n.jpg
[2026-04-17T14:06:31.652Z] [✓] #5438 05438_42142884_713199862352282_6454374576372580352_n.jpg
[2026-04-17T14:06:31.655Z] [✓] #5439 05439_42132847_713199732352295_8157946369051459584_n.jpg
[2026-04-17T14:06:31.706Z] [✓] #5437 05437_42117768_713200619018873_2467654656549978112_n.jpg
[2026-04-17T14:06:31.723Z] [✓] #5440 05440_42144616_713199615685640_2074142653309517824_n.jpg
[2026-04-17T14:06:31.828Z] [✓] #5444 05444_42202466_713199172352351_1383934897671897088_n.jpg
[2026-04-17T14:06:31.868Z] [✓] #5442 05442_42156885_713199409018994_1651285724105801728_n.jpg
[2026-04-17T14:06:31.891Z] [✓] #5441 05441_42119053_713199529018982_648466506086088704_n.jpg
[2026-04-17T14:06:31.955Z] [✓] #5445 05445_42045306_713198852352383_8280793519027650560_n.jpg
[2026-04-17T14:06:32.010Z] [✓] #5447 05447_42135623_713198592352409_3996112768485818368_n.jpg
[2026-04-17T14:06:32.094Z] [✓] #5449 05449_42058405_712556952416573_1490103186399166464_n.jpg
[2026-04-17T14:06:32.103Z] [✓] #5446 05446_42088786_713198709019064_1249358277909676032_n.jpg
[2026-04-17T14:06:32.105Z] [✓] #5448 05448_42096573_713198562352412_445301745392812032_n.jpg
[2026-04-17T14:06:32.106Z] [WARN] #5284 attempt 3/3 failed: HTTP 403
[2026-04-17T14:06:32.107Z] [✗] #5284 FAILED: HTTP 403
[2026-04-17T14:06:32.108Z] [✓] #5443 05443_42143640_713199255685676_6766228084401111040_n.jpg
[2026-04-17T14:06:32.169Z] [✓] #5453 05453_40026363_699620307043571_2723072002251292672_n.jpg
[2026-04-17T14:06:32.195Z] [✓] #5452 05452_40063660_701107583561510_2875310605571457024_n.jpg
[2026-04-17T14:06:32.277Z] [✓] #5450 05450_41761450_711118472560421_3991629681622253568_n.jpg
[2026-04-17T14:06:32.298Z] [✓] #5455 05455_39804947_697646380574297_8087749376320995328_n.jpg
[2026-04-17T14:06:32.394Z] [✓] #5451 05451_40549203_703517609987174_2605979425551941632_n.jpg
[2026-04-17T14:06:32.396Z] [✓] #5456 05456_39270916_692191731119762_7907873637703614464_n.jpg
[2026-04-17T14:06:32.405Z] [✓] #5457 05457_39285754_690058747999727_747622479018590208_n.jpg
[2026-04-17T14:06:32.444Z] [✓] #5458 05458_39109208_690058631333072_2397173427178831872_n.jpg
[2026-04-17T14:06:32.543Z] [✓] #5454 05454_39913657_698508200488115_2929946639730737152_n.jpg
[2026-04-17T14:06:32.581Z] [✓] #5459 05459_39138621_690058567999745_975720925024485376_n.jpg
[2026-04-17T14:06:32.587Z] [✓] #5460 05460_39161513_690058497999752_4802470368386220032_n.jpg
[2026-04-17T14:06:32.619Z] [✓] #5461 05461_39169605_690058431333092_3517618777095143424_n.jpg
[2026-04-17T14:06:32.650Z] [✓] #5462 05462_39137824_690058344666434_6549309794748989440_n.jpg
[2026-04-17T14:06:32.652Z] [✓] #5465 05465_38999953_690058134666455_319193302194716672_n.jpg
[2026-04-17T14:06:32.744Z] [✓] #5466 05466_39090069_690058037999798_4454527547249524736_n.jpg
[2026-04-17T14:06:32.766Z] [✓] #5464 05464_39145618_690058214666447_5432914263985356800_n.jpg
[2026-04-17T14:06:32.771Z] [✓] #5467 05467_39137663_690057994666469_2562733524402569216_n.jpg
[2026-04-17T14:06:32.844Z] [✓] #5463 05463_39200061_690058294666439_5824616655770091520_n.jpg
[2026-04-17T14:06:32.873Z] [✓] #5468 05468_39253509_690057927999809_6547357895321714688_n.jpg
[2026-04-17T14:06:32.880Z] [✓] #5469 05469_39253465_690057891333146_8857737661310304256_n.jpg
[2026-04-17T14:06:32.917Z] [✓] #5472 05472_39091703_689030918102510_6200444805479137280_n.jpg
[2026-04-17T14:06:32.932Z] [✓] #5471 05471_39273566_690057767999825_2975354859345149952_n.jpg
[2026-04-17T14:06:32.935Z] [✓] #5470 05470_39245320_690057834666485_8028054231464280064_n.jpg
[2026-04-17T14:06:32.936Z] [✓] #5473 05473_38935483_686332125039056_1016708227426942976_n.jpg
[2026-04-17T14:06:33.043Z] [✓] #5478 05478_38528631_679894935682775_2147325189476581376_n.jpg
[2026-04-17T14:06:33.058Z] [✓] #5477 05477_38985024_685370595135209_5382710945313193984_n.jpg
[2026-04-17T14:06:33.061Z] [✓] #5475 05475_38996299_686332025039066_4704061668223614976_n.jpg
[2026-04-17T14:06:33.066Z] [✓] #5476 05476_38882245_685370681801867_2344609594480787456_n.jpg
[2026-04-17T14:06:33.117Z] [✓] #5481 05481_38085291_673814966290772_1561980649508700160_n.jpg
[2026-04-17T14:06:33.120Z] [✓] #5480 05480_38406440_677302565942012_5680924161195638784_n.jpg
[2026-04-17T14:06:33.139Z] [✓] #5474 05474_39005904_686332071705728_2734959629913030656_n.jpg
[2026-04-17T14:06:33.200Z] [✓] #5482 05482_38158064_673814912957444_1253653202256003072_n.jpg
[2026-04-17T14:06:33.204Z] [✓] #5483 05483_38029029_672487593090176_8022338398792450048_n.jpg
[2026-04-17T14:06:33.254Z] [✓] #5484 05484_37989593_672487543090181_5533287181541441536_n.jpg
[2026-04-17T14:06:33.316Z] [✓] #5485 05485_37963583_672487476423521_8359090064164126720_n.jpg
[2026-04-17T14:06:33.319Z] [✓] #5487 05487_37966064_672487423090193_7500321833049128960_n.jpg
[2026-04-17T14:06:33.322Z] [✓] #5486 05486_37985158_672487433090192_1930277561179308032_n.jpg
[2026-04-17T14:06:33.346Z] [✓] #5488 05488_38036880_672487179756884_3390758521346719744_n.jpg
[2026-04-17T14:06:33.405Z] [✓] #5489 05489_37960507_672487129756889_2105506505959669760_n.jpg
[2026-04-17T14:06:33.437Z] [✓] #5490 05490_37954482_672487059756896_1558727430825312256_n.jpg
[2026-04-17T14:06:33.463Z] [✓] #5491 05491_38003140_672486953090240_1347181166007943168_n.jpg
[2026-04-17T14:06:33.465Z] [✓] #5479 05479_38392446_677302639275338_1696562307267559424_n.jpg
[2026-04-17T14:06:33.518Z] [✓] #5494 05494_38002660_672486823090253_6776920895110774784_n.jpg
[2026-04-17T14:06:33.522Z] [✓] #5492 05492_38017300_672486936423575_4691292537179078656_n.jpg
[2026-04-17T14:06:33.528Z] [✓] #5493 05493_37984142_672486916423577_4140088516153442304_n.jpg
[2026-04-17T14:06:33.541Z] [✓] #5496 05496_37964963_672486809756921_8970520234033152000_n.jpg
[2026-04-17T14:06:33.573Z] [✓] #5495 05495_37978437_672486839756918_732216890889338880_n.jpg
[2026-04-17T14:06:33.606Z] [✓] #5497 05497_37985272_672486573090278_8945489254826377216_n.jpg
[2026-04-17T14:06:33.609Z] [✓] #5499 05499_38019117_672486436423625_7729764380480372736_n.jpg
[2026-04-17T14:06:33.612Z] [✓] #5500 05500_38030591_672486423090293_1481073056314032128_n.jpg
[2026-04-17T14:06:33.641Z] [✓] #5502 05502_37872823_669821236690145_1476156611545268224_n.jpg
[2026-04-17T14:06:33.678Z] [✓] #5503 05503_37851555_669821186690150_7828626448800808960_n.jpg
[2026-04-17T14:06:33.691Z] [✓] #5504 05504_37660308_665261570479445_4259844582461669376_n.jpg
[2026-04-17T14:06:33.695Z] [✓] #5498 05498_38003692_672486463090289_1773573707994759168_n.jpg
[2026-04-17T14:06:33.707Z] [✓] #5501 05501_37872590_670404589965143_2964088485817876480_n.jpg
[2026-04-17T14:06:33.719Z] [✓] #5505 05505_37594970_664373563901579_4517966808371691520_n.jpg
[2026-04-17T14:06:33.720Z] [✓] #5506 05506_37277230_657515554587380_7334603573654716416_n.jpg
[2026-04-17T14:06:33.803Z] [✓] #5507 05507_37189694_657513467920922_822938823657783296_n.jpg
[2026-04-17T14:06:33.817Z] [✓] #5508 05508_37243144_657513351254267_9046821612241813504_n.jpg
[2026-04-17T14:06:33.823Z] [✓] #5511 05511_37147488_657512391254363_7594629290415620096_n.jpg
[2026-04-17T14:06:33.868Z] [✓] #5512 05512_37226817_657512317921037_3539028871238123520_n.jpg
[2026-04-17T14:06:33.909Z] [✓] #5509 05509_37183198_657513324587603_6608777770195484672_n.jpg
[2026-04-17T14:06:33.924Z] [✓] #5513 05513_37192309_657512294587706_1723080152612601856_n.jpg
[2026-04-17T14:06:33.942Z] [✓] #5510 05510_37189514_657513267920942_4231195995251146752_n.jpg
[2026-04-17T14:06:34.000Z] [✓] #5515 05515_37207849_657512191254383_9216389502363238400_n.jpg
[2026-04-17T14:06:34.005Z] [✓] #5518 05518_37227018_657512057921063_7226634594118795264_n.jpg
[2026-04-17T14:06:34.008Z] [✓] #5514 05514_37188658_657512271254375_6768389183095439360_n.jpg
[2026-04-17T14:06:34.010Z] [✓] #5517 05517_37179879_657512147921054_5916715645247946752_n.jpg
[2026-04-17T14:06:34.057Z] [✓] #5520 05520_37125253_657512021254400_8718496672704888832_n.jpg
[2026-04-17T14:06:34.082Z] [✓] #5522 05522_37038482_653035131702089_3411454907889221632_n.jpg
[2026-04-17T14:06:34.089Z] [✓] #5519 05519_37104464_657512054587730_1572989221918998528_n.jpg
[2026-04-17T14:06:34.100Z] [✓] #5523 05523_36893884_653035038368765_1574479987887570944_n.jpg
[2026-04-17T14:06:34.117Z] [✓] #5524 05524_36994352_653034871702115_7581640961420165120_n.jpg
[2026-04-17T14:06:34.134Z] [✓] #5521 05521_37033753_655902604748675_4903745555491979264_n.jpg
[2026-04-17T14:06:34.138Z] [✓] #5516 05516_37171443_657512207921048_772522457427869696_n.jpg
[2026-04-17T14:06:34.141Z] [✓] #5526 05526_36885996_653034855035450_3917295793572151296_n.jpg
[2026-04-17T14:06:34.150Z] [✓] #5525 05525_36907321_653034865035449_5581401041573773312_n.jpg
[2026-04-17T14:06:34.164Z] [✓] #5529 05529_36939208_653034761702126_4507321353971433472_n.jpg
[2026-04-17T14:06:34.170Z] [✓] #5528 05528_36914088_653034765035459_2473353893468176384_n.jpg
[2026-04-17T14:06:34.216Z] [✓] #5527 05527_36887399_653034785035457_7161422812878471168_n.jpg
[2026-04-17T14:06:34.245Z] [✓] #5530 05530_36692118_650509345288001_1106255112977776640_n.jpg
[2026-04-17T14:06:34.261Z] [✓] #5533 05533_36715183_649577558714513_6142456695374217216_n.jpg
[2026-04-17T14:06:34.264Z] [✓] #5531 05531_36792777_649585025380433_5768394477303496704_n.jpg
[2026-04-17T14:06:34.291Z] [✓] #5532 05532_36726845_649577568714512_2182055656536670208_n.jpg
[2026-04-17T14:06:34.357Z] [✓] #5536 05536_36728137_649577472047855_5873813049424478208_n.jpg
[2026-04-17T14:06:34.387Z] [✓] #5537 05537_36805413_649577408714528_5732206431487131648_n.jpg
[2026-04-17T14:06:34.397Z] [✓] #5534 05534_36729135_649577488714520_4137638984635383808_n.jpg
[2026-04-17T14:06:34.406Z] [✓] #5535 05535_36783067_649577482047854_4862603634266865664_n.jpg
[2026-04-17T14:06:34.407Z] [✓] #5538 05538_36547124_649577395381196_2157000110116962304_n.jpg
[2026-04-17T14:06:34.428Z] [✓] #5539 05539_36741683_649577382047864_3749925822899683328_n.jpg
[2026-04-17T14:06:34.469Z] [✓] #5543 05543_36650085_649576655381270_2983697176187633664_n.jpg
[2026-04-17T14:06:34.490Z] [✓] #5544 05544_36736071_649575585381377_3945035187745718272_n.jpg
[2026-04-17T14:06:34.505Z] [✓] #5540 05540_36826298_649577328714536_790608719330148352_n.jpg
[2026-04-17T14:06:34.516Z] [✓] #5545 05545_36750432_649575538714715_3414090536045248512_n.jpg
[2026-04-17T14:06:34.526Z] [✓] #5541 05541_36760824_649577322047870_4610646125240647680_n.jpg
[2026-04-17T14:06:34.528Z] [✓] #5542 05542_36827667_649577312047871_8709848034499887104_n.jpg
[2026-04-17T14:06:34.540Z] [✓] #5547 05547_36728159_649575512048051_3901628770783592448_n.jpg
[2026-04-17T14:06:34.558Z] [✓] #5546 05546_36780787_649575522048050_8869514152398290944_n.jpg
[2026-04-17T14:06:34.571Z] [✓] #5548 05548_36736093_649573668714902_5609874145010515968_n.jpg
[2026-04-17T14:06:34.598Z] [✓] #5550 05550_36701153_649573608714908_162375263009636352_n.jpg
[2026-04-17T14:06:34.651Z] [✓] #5554 05554_36745274_648780205460915_7812764988547792896_n.jpg
[2026-04-17T14:06:34.687Z] [✓] #5549 05549_36738194_649573638714905_336100690063523840_n.jpg
[2026-04-17T14:06:34.718Z] [✓] #5555 05555_36682569_648769345462001_7281919700915716096_n.jpg
[2026-04-17T14:06:34.725Z] [✓] #5553 05553_36736095_649569822048620_3960832683050795008_n.jpg
[2026-04-17T14:06:34.734Z] [✓] #5552 05552_36711061_649571318715137_6396214268143861760_n.jpg
[2026-04-17T14:06:34.740Z] [✓] #5551 05551_36735792_649571412048461_4795685002958340096_n.jpg
[2026-04-17T14:06:34.818Z] [✓] #5556 05556_672677315_1500626341424459_8280433191639789303_n.jpg
[2026-04-17T14:06:34.859Z] [WARN] #5557 attempt 1/3 failed: HTTP 403
[2026-04-17T14:06:35.139Z] [✓] #5559 05559_475765497_1160710682082695_2850782583528063109_n.jpg
[2026-04-17T14:06:35.180Z] [✓] #5561 05561_471498665_2351435528528699_622384085671917585_n.jpg
[2026-04-17T14:06:35.238Z] [✓] #5560 05560_473108908_1143705343783229_780618094399059643_n.jpg
[2026-04-17T14:06:35.270Z] [✓] #5558 05558_634089875_1451401006346993_7958458384415950949_n.jpg
[2026-04-17T14:06:35.348Z] [✓] #5564 05564_470482448_2351435251862060_3684461673343706791_n.jpg
[2026-04-17T14:06:35.373Z] [✓] #5565 05565_470520786_2351435421862043_4935078035297709136_n.jpg
[2026-04-17T14:06:35.487Z] [✓] #5562 05562_471632979_2351435401862045_4741227053108150395_n.jpg
[2026-04-17T14:06:35.493Z] [✓] #5567 05567_472066107_2351435271862058_7645978412867142493_n.jpg
[2026-04-17T14:06:35.575Z] [✓] #5568 05568_470496802_2351435308528721_5324064954639059360_n.jpg
[2026-04-17T14:06:35.594Z] [✓] #5569 05569_472063899_2351435501862035_3617261752382941523_n.jpg
[2026-04-17T14:06:35.596Z] [✓] #5563 05563_470527761_2351435231862062_2544556402990389337_n.jpg
[2026-04-17T14:06:35.678Z] [✓] #5572 05572_471093423_2345018509170401_7590647612133583017_n.jpg
[2026-04-17T14:06:35.679Z] [✓] #5566 05566_470525955_2351435541862031_6590767766247546232_n.jpg
[2026-04-17T14:06:35.763Z] [✓] #5574 05574_470693792_2345015515837367_1722649086568177839_n.jpg
[2026-04-17T14:06:35.775Z] [✓] #5573 05573_471303296_2345018489170403_2831167337883409484_n.jpg
[2026-04-17T14:06:35.882Z] [✓] #5576 05576_471204757_2345012249171027_201992019654620582_n.jpg
[2026-04-17T14:06:35.912Z] [✓] #5571 05571_471282292_2345018632503722_1581227323574521469_n.jpg
[2026-04-17T14:06:35.923Z] [✓] #5575 05575_471044231_2345012242504361_2380664688169182256_n.jpg
[2026-04-17T14:06:35.958Z] [✓] #5570 05570_470988905_2345018482503737_4169702118287884942_n.jpg
[2026-04-17T14:06:36.027Z] [✓] #5579 05579_471171491_2345006012504984_8952076742457481732_n.jpg
[2026-04-17T14:06:36.072Z] [✓] #5578 05578_471354301_2345009912504594_1825474378703459817_n.jpg
[2026-04-17T14:06:36.077Z] [✓] #5580 05580_471204856_2345003785838540_4261657898895041182_n.jpg
[2026-04-17T14:06:36.204Z] [✓] #5583 05583_471168387_2345004015838517_2589504034534798010_n.jpg
[2026-04-17T14:06:36.216Z] [✓] #5581 05581_471247115_2345003792505206_3903080532148973469_n.jpg
[2026-04-17T14:06:36.300Z] [✓] #5585 05585_471059065_2345003819171870_2410902901088616501_n.jpg
[2026-04-17T14:06:36.331Z] [✓] #5577 05577_471124679_2345012259171026_4848375647199561233_n.jpg
[2026-04-17T14:06:36.429Z] [✓] #5586 05586_470891739_2344994182506167_1010404924840930073_n.jpg
[2026-04-17T14:06:36.499Z] [✓] #5587 05587_470136019_2339721193033466_8712001891459004531_n.jpg
[2026-04-17T14:06:36.528Z] [✓] #5588 05588_470175613_2339721079700144_5960440284883503170_n.jpg
[2026-04-17T14:06:36.574Z] [✓] #5589 05589_470179203_2339721163033469_4284085299552538710_n.jpg
[2026-04-17T14:06:36.603Z] [✓] #5582 05582_471260529_2345003822505203_2030346170804179876_n.jpg
[2026-04-17T14:06:36.617Z] [✓] #5584 05584_471226157_2345003825838536_6412828643295535596_n.jpg
[2026-04-17T14:06:36.678Z] [✓] #5592 05592_470184461_2339721126366806_2906942066392113130_n.jpg
[2026-04-17T14:06:36.687Z] [✓] #5591 05591_470209932_2339721096366809_4446988961934199620_n.jpg
[2026-04-17T14:06:36.798Z] [✓] #5593 05593_470184416_2339721073033478_609102380964833020_n.jpg
[2026-04-17T14:06:36.803Z] [✓] #5595 05595_470204418_2339716336367285_1206953069909512096_n.jpg
[2026-04-17T14:06:36.808Z] [✓] #5594 05594_470176649_2339716066367312_2261352082991206294_n.jpg
[2026-04-17T14:06:36.939Z] [✓] #5596 05596_470192390_2339716423033943_2887514385999839546_n.jpg
[2026-04-17T14:06:36.952Z] [✓] #5598 05598_470165499_2338917253113860_2147444405518802034_n.jpg
[2026-04-17T14:06:36.959Z] [WARN] #5557 attempt 2/3 failed: HTTP 403
[2026-04-17T14:06:36.980Z] [✓] #5597 05597_470230368_2339716356367283_6789802108551973090_n.jpg
[2026-04-17T14:06:37.048Z] [✓] #5600 05600_470214022_2338911723114413_1942970998942039294_n.jpg
[2026-04-17T14:06:37.065Z] [✓] #5601 05601_470211595_2338911696447749_2179199113992118037_n.jpg
[2026-04-17T14:06:37.070Z] [✓] #5590 05590_470168746_2339721156366803_224165958288691101_n.jpg
[2026-04-17T14:06:37.178Z] [✓] #5603 05603_470192736_2338911726447746_1645342731003034726_n.jpg
[2026-04-17T14:06:37.183Z] [✓] #5604 05604_470196428_2338911319781120_4223678206337434667_n.jpg
[2026-04-17T14:06:37.298Z] [✓] #5606 05606_470204960_2338911313114454_989151278344710168_n.jpg
[2026-04-17T14:06:37.307Z] [✓] #5599 05599_470230617_2338914829780769_3048062348284575744_n.jpg
[2026-04-17T14:06:37.365Z] [✓] #5607 05607_470206364_2338911306447788_1875766197204692388_n.jpg
[2026-04-17T14:06:37.391Z] [✓] #5602 05602_470174472_2338911709781081_159193261324292503_n.jpg
[2026-04-17T14:06:37.437Z] [✓] #5608 05608_470180224_2338907633114822_1117246472973566675_n.jpg
[2026-04-17T14:06:37.441Z] [✓] #5609 05609_470217189_2338891269783125_7347386504212126717_n.jpg
[2026-04-17T14:06:37.510Z] [✓] #5610 05610_470168776_2338884789783773_3050094793214823002_n.jpg
[2026-04-17T14:06:37.534Z] [✓] #5611 05611_470195577_2338882603117325_3029534059410434293_n.jpg
[2026-04-17T14:06:37.578Z] [✓] #5612 05612_470208779_2338878273117758_6714403751427064458_n.jpg
[2026-04-17T14:06:37.589Z] [✓] #5613 05613_470148836_2338878516451067_4930679337349759200_n.jpg
[2026-04-17T14:06:37.593Z] [✓] #5605 05605_470203649_2338911316447787_7196451025940786817_n.jpg
[2026-04-17T14:06:37.623Z] [✓] #5614 05614_470148486_2338878563117729_3602710688212372341_n.jpg
[2026-04-17T14:06:37.693Z] [✓] #5617 05617_469478041_2335070680165184_6721221244283453026_n.jpg
[2026-04-17T14:06:37.699Z] [✓] #5616 05616_469606603_2335072673498318_3401378937224970661_n.jpg
[2026-04-17T14:06:37.704Z] [✓] #5615 05615_470188920_2338878249784427_4709404950874469171_n.jpg
[2026-04-17T14:06:37.766Z] [✓] #5619 05619_469640797_2335070623498523_2397518027753759301_n.jpg
[2026-04-17T14:06:37.804Z] [✓] #5620 05620_469444992_2335070646831854_8423889938897659681_n.jpg
[2026-04-17T14:06:37.839Z] [✓] #5621 05621_469553545_2335067513498834_5418673556146919848_n.jpg
[2026-04-17T14:06:37.892Z] [✓] #5623 05623_469374982_2335067553498830_4266745912709178086_n.jpg
[2026-04-17T14:06:37.931Z] [✓] #5624 05624_469414931_2335063346832584_306220791823843493_n.jpg
[2026-04-17T14:06:37.941Z] [✓] #5622 05622_469393577_2335067483498837_8477308837007901135_n.jpg
[2026-04-17T14:06:38.016Z] [✓] #5626 05626_469488607_2335059983499587_7670519744603125137_n.jpg
[2026-04-17T14:06:38.046Z] [✓] #5627 05627_469477233_2335059850166267_9032639343760604905_n.jpg
[2026-04-17T14:06:38.053Z] [✓] #5618 05618_469478062_2335070676831851_6333467810166460439_n.jpg
[2026-04-17T14:06:38.056Z] [✓] #5625 05625_469465280_2335059973499588_3418613691246986545_n.jpg
[2026-04-17T14:06:38.111Z] [✓] #5628 05628_469695138_2335054683500117_8964681802039598160_n.jpg
[2026-04-17T14:06:38.181Z] [✓] #5631 05631_469579643_2335054996833419_1275075834731162405_n.jpg
[2026-04-17T14:06:38.187Z] [✓] #5629 05629_469505463_2335055050166747_4764375031175689560_n.jpg
[2026-04-17T14:06:38.244Z] [✓] #5630 05630_469484042_2335054950166757_3247715178232628756_n.jpg
[2026-04-17T14:06:38.277Z] [✓] #5634 05634_469582325_2335052460167006_8747976787270547537_n.jpg
[2026-04-17T14:06:38.293Z] [✓] #5633 05633_469580747_2335054673500118_53908586797762918_n.jpg
[2026-04-17T14:06:38.333Z] [✓] #5635 05635_469524524_2335048340167418_1025366607659516005_n.jpg
[2026-04-17T14:06:38.392Z] [✓] #5637 05637_469530211_2335048370167415_2948595451867401234_n.jpg
[2026-04-17T14:06:38.424Z] [✓] #5636 05636_469477674_2335048666834052_4624860811319746813_n.jpg
[2026-04-17T14:06:38.455Z] [✓] #5638 05638_469488617_2335046183500967_1286718619266423703_n.jpg
[2026-04-17T14:06:38.486Z] [✓] #5639 05639_469510947_2335044360167816_3260601448411479972_n.jpg
[2026-04-17T14:06:38.525Z] [✓] #5640 05640_469650811_2335044363501149_5133172895325901692_n.jpg
[2026-04-17T14:06:38.542Z] [✓] #5632 05632_469380781_2335055030166749_3928532893158118892_n.jpg
[2026-04-17T14:06:38.583Z] [✓] #5642 05642_469124457_2334452893560296_7899980573346529842_n.jpg
[2026-04-17T14:06:38.603Z] [✓] #5641 05641_469658412_2334457170226535_8211004792540624950_n.jpg
[2026-04-17T14:06:38.680Z] [✓] #5643 05643_469364603_2334448563560729_4489610473699335752_n.jpg
[2026-04-17T14:06:38.698Z] [✓] #5645 05645_469112849_2334443173561268_7186733476586648913_n.jpg
[2026-04-17T14:06:38.709Z] [✓] #5646 05646_469338188_2334443260227926_2729737129057510264_n.jpg
[2026-04-17T14:06:38.727Z] [✓] #5644 05644_469397710_2334445703561015_2245043278339793763_n.jpg
[2026-04-17T14:06:38.774Z] [✓] #5648 05648_469480553_2334443580227894_248976463302787862_n.jpg
[2026-04-17T14:06:38.801Z] [✓] #5650 05650_469407278_2334442520228000_8457972601082299683_n.jpg
[2026-04-17T14:06:38.805Z] [✓] #5647 05647_469673569_2334443573561228_38095797308113808_n.jpg
[2026-04-17T14:06:38.846Z] [✓] #5651 05651_469124463_2334438390228413_813241542591262785_n.jpg
[2026-04-17T14:06:38.912Z] [✓] #5653 05653_469583149_2334438250228427_7019427230489117403_n.jpg
[2026-04-17T14:06:38.917Z] [✓] #5652 05652_469395077_2334438256895093_3275196061581913594_n.jpg
[2026-04-17T14:06:38.935Z] [✓] #5654 05654_469495420_2334435916895327_4548478408801142143_n.jpg
[2026-04-17T14:06:38.973Z] [✓] #5655 05655_469578000_2334433473562238_164096775508063787_n.jpg
[2026-04-17T14:06:38.993Z] [✓] #5656 05656_469478748_2334432123562373_3370597125426344289_n.jpg
[2026-04-17T14:06:39.073Z] [✓] #5659 05659_469124200_2333741976964721_288901817188200620_n.jpg
[2026-04-17T14:06:39.083Z] [✓] #5649 05649_469626186_2334443510227901_8172251794049906249_n.jpg
[2026-04-17T14:06:39.085Z] [✓] #5657 05657_469476586_2334426800229572_3289535051792374321_n.jpg
[2026-04-17T14:06:39.086Z] [✓] #5658 05658_469423169_2333741966964722_1170788647996590904_n.jpg
[2026-04-17T14:06:39.137Z] [✓] #5660 05660_469335800_2333741950298057_3774810215411342122_n.jpg
[2026-04-17T14:06:39.171Z] [✓] #5661 05661_469380422_2333741940298058_9165240036435606343_n.jpg
[2026-04-17T14:06:39.181Z] [✓] #5663 05663_469396310_2333741960298056_7857952368764013345_n.jpg
[2026-04-17T14:06:39.205Z] [✓] #5664 05664_469515407_2333741963631389_5564891676251877503_n.jpg
[2026-04-17T14:06:39.244Z] [✓] #5665 05665_469022993_2333736943631891_4662014331422462337_n.jpg
[2026-04-17T14:06:39.249Z] [✓] #5662 05662_469291974_2333742050298047_4700168658100617973_n.jpg
[2026-04-17T14:06:39.265Z] [✓] #5666 05666_469256356_2333733990298853_4479159708544000711_n.jpg
[2026-04-17T14:06:39.286Z] [✓] #5667 05667_469056296_2333733846965534_7984154262023563325_n.jpg
[2026-04-17T14:06:39.333Z] [✓] #5669 05669_469065417_2333733913632194_2602843575414885801_n.jpg
[2026-04-17T14:06:39.339Z] [✓] #5670 05670_469051240_2333728073632778_416137920847354459_n.jpg
[2026-04-17T14:06:39.350Z] [✓] #5668 05668_469487033_2333733870298865_7029589044104650855_n.jpg
[2026-04-17T14:06:39.361Z] [✓] #5671 05671_469194966_2333727706966148_703583830272165320_n.jpg
[2026-04-17T14:06:39.394Z] [✓] #5672 05672_469456069_2333727793632806_363185013434041272_n.jpg
[2026-04-17T14:06:39.407Z] [✓] #5673 05673_469321210_2333727746966144_7413059131804993605_n.jpg
[2026-04-17T14:06:39.434Z] [✓] #5674 05674_469513092_2333722633633322_3820388701499779441_n.jpg
[2026-04-17T14:06:39.450Z] [✓] #5675 05675_469365045_2333722923633293_8853103514950740230_n.jpg
[2026-04-17T14:06:39.468Z] [✓] #5676 05676_469481542_2333722906966628_4076173882349435617_n.jpg
[2026-04-17T14:06:39.501Z] [✓] #5678 05678_469461796_2333716473633938_6397801202797045842_n.jpg
[2026-04-17T14:06:39.533Z] [✓] #5679 05679_469064155_2333710933634492_5036800185796587995_n.jpg
[2026-04-17T14:06:39.575Z] [✓] #5681 05681_469395821_2333710283634557_3848179541809110312_n.jpg
[2026-04-17T14:06:39.579Z] [✓] #5677 05677_469451116_2333722973633288_5093856500720236447_n.jpg
[2026-04-17T14:06:39.585Z] [✓] #5680 05680_469495051_2333710430301209_8398656439383821980_n.jpg
[2026-04-17T14:06:39.604Z] [✓] #5682 05682_469067130_2333710303634555_5659645810742359796_n.jpg
[2026-04-17T14:06:39.657Z] [✓] #5684 05684_469398319_2333115550360697_3652397600920887327_n.jpg
[2026-04-17T14:06:39.662Z] [✓] #5683 05683_469554079_2333704306968488_1099846243462217692_n.jpg
[2026-04-17T14:06:39.696Z] [✓] #5686 05686_205971681_1453172608355000_5531966682997008756_n.jpg
[2026-04-17T14:06:39.726Z] [✓] #5687 05687_205892418_1450385781967016_2299035633867171109_n.jpg
[2026-04-17T14:06:39.730Z] [✓] #5685 05685_469286330_2333111100361142_6014295613916219798_n.jpg
[2026-04-17T14:06:39.841Z] [✓] #5690 05690_208334348_1449026265436301_2763423273790586646_n.jpg
[2026-04-17T14:06:39.851Z] [✓] #5691 05691_200649641_1449026248769636_6200260293723584342_n.jpg
[2026-04-17T14:06:39.929Z] [✓] #5693 05693_131535410_1446208462384748_3609350832996113528_n.jpg
[2026-04-17T14:06:40.001Z] [✓] #5694 05694_200597726_1446208455718082_2133116417040020673_n.jpg
[2026-04-17T14:06:40.081Z] [✓] #5695 05695_200499499_1446208429051418_8414694825138993821_n.jpg
[2026-04-17T14:06:40.164Z] [✓] #5689 05689_202593439_1449026262102968_6837973002635621790_n.jpg
[2026-04-17T14:06:40.165Z] [✓] #5696 05696_200946121_1446208399051421_6332617451081553845_n.jpg
[2026-04-17T14:06:40.170Z] [✓] #5692 05692_202177065_1446208515718076_8663587098306719695_n.jpg
[2026-04-17T14:06:40.175Z] [✓] #5688 05688_204549667_1449026268769634_2649032580327277327_n.jpg
[2026-04-17T14:06:40.248Z] [✓] #5697 05697_198876252_1446208345718093_214767638494459684_n.jpg
[2026-04-17T14:06:40.276Z] [✓] #5698 05698_202723297_1446208342384760_1970585766790794539_n.jpg
[2026-04-17T14:06:40.282Z] [✓] #5699 05699_199515880_1446208332384761_454528500361337263_n.jpg
[2026-04-17T14:06:40.288Z] [✓] #5700 05700_205281520_1446208325718095_5581852501051254209_n.jpg
[2026-04-17T14:06:40.347Z] [✓] #5701 05701_204808811_1446208295718098_24836305753271022_n.jpg
[2026-04-17T14:06:40.360Z] [✓] #5702 05702_198652973_1444813552524239_941078000448753189_n.jpg
[2026-04-17T14:06:40.457Z] [✓] #5705 05705_197713105_1443454885993439_5138308337265679823_n.jpg
[2026-04-17T14:06:40.461Z] [✓] #5704 05704_200973355_1443454919326769_6070080991794181670_n.jpg
[2026-04-17T14:06:40.466Z] [✓] #5706 05706_197847257_1443454852660109_397553612723557208_n.jpg
[2026-04-17T14:06:40.471Z] [✓] #5703 05703_203004491_1443454925993435_7155665772156874914_n.jpg
[2026-04-17T14:06:40.715Z] [✓] #5709 05709_197706330_1443454775993450_383836509976537774_n.jpg
[2026-04-17T14:06:40.776Z] [✓] #5710 05710_196732146_1443454765993451_4315637953285637063_n.jpg
[2026-04-17T14:06:40.836Z] [✓] #5711 05711_199944129_1443454709326790_6816249782782126222_n.jpg
[2026-04-17T14:06:40.891Z] [✓] #5707 05707_199225607_1443454839326777_8240509222257191602_n.jpg
[2026-04-17T14:06:40.926Z] [✓] #5712 05712_200567003_1443454699326791_5763944887448965636_n.jpg
[2026-04-17T14:06:40.932Z] [✓] #5713 05713_198556683_1443454695993458_8967241577385358023_n.jpg
[2026-04-17T14:06:40.996Z] [✓] #5714 05714_200138948_1442188502786744_28135736265799523_n.jpg
[2026-04-17T14:06:41.003Z] [✓] #5716 05716_200411273_1440871442918450_518431659021720284_n.jpg
[2026-04-17T14:06:41.008Z] [WARN] #5557 attempt 3/3 failed: HTTP 403
[2026-04-17T14:06:41.009Z] [✗] #5557 FAILED: HTTP 403
[2026-04-17T14:06:41.024Z] [✓] #5708 05708_195475829_1443454779326783_4356005531446383690_n.jpg
[2026-04-17T14:06:41.032Z] [✓] #5715 05715_195265238_1440871942918400_8749840105944184033_n.jpg
[2026-04-17T14:06:41.063Z] [✓] #5717 05717_195670986_1440871439585117_6879638671935655681_n.jpg
[2026-04-17T14:06:41.086Z] [✓] #5720 05720_196623086_1440871349585126_8883546094051213151_n.jpg
[2026-04-17T14:06:41.108Z] [✓] #5718 05718_195827521_1440871429585118_3832267333637504932_n.jpg
[2026-04-17T14:06:41.177Z] [✓] #5723 05723_193643365_1439627756376152_3781637567774794498_n.jpg
[2026-04-17T14:06:41.188Z] [✓] #5722 05722_195637813_1440871306251797_3790337047491821503_n.jpg
[2026-04-17T14:06:41.213Z] [✓] #5724 05724_197095248_1439627226376205_6350333516355959150_n.jpg
[2026-04-17T14:06:41.307Z] [✓] #5727 05727_198091079_1438238919848369_1554979649662249480_n.jpg
[2026-04-17T14:06:41.315Z] [✓] #5726 05726_197562759_1438869506451977_1294437842597668325_n.jpg
[2026-04-17T14:06:41.318Z] [✓] #5725 05725_131316166_1439627143042880_5708987927965555464_n.jpg
[2026-04-17T14:06:41.321Z] [✓] #5719 05719_200069333_1440871416251786_3778712319358641884_n.jpg
[2026-04-17T14:06:41.386Z] [✓] #5728 05728_197254454_1437039149968346_1604998053391323301_n.jpg
[2026-04-17T14:06:41.415Z] [✓] #5729 05729_192810316_1437039093301685_1165052184697244466_n.jpg
[2026-04-17T14:06:41.430Z] [✓] #5721 05721_197484444_1440871326251795_4746958196988632307_n.jpg
[2026-04-17T14:06:41.439Z] [✓] #5730 05730_192280631_1437039086635019_3419686238311767404_n.jpg
[2026-04-17T14:06:41.471Z] [✓] #5732 05732_193725865_1437039043301690_1170462813140007786_n.jpg
[2026-04-17T14:06:41.489Z] [✓] #5733 05733_195942670_1437038956635032_778613572962216423_n.jpg
[2026-04-17T14:06:41.524Z] [✓] #5734 05734_196267563_1437038946635033_961312843625030716_n.jpg
[2026-04-17T14:06:41.538Z] [✓] #5735 05735_200346822_1437038939968367_1516233315733883825_n.jpg
[2026-04-17T14:06:41.564Z] [✓] #5736 05736_195357307_1437038933301701_7365705796718559908_n.jpg
[2026-04-17T14:06:41.589Z] [✓] #5737 05737_192108111_1437038926635035_8185416779928247136_n.jpg
[2026-04-17T14:06:41.621Z] [✓] #5739 05739_197305757_1434982863507308_6281203702102027362_n.jpg
[2026-04-17T14:06:41.643Z] [✓] #5740 05740_194655358_1434982726840655_4914069577501455398_n.jpg
[2026-04-17T14:06:41.657Z] [✓] #5731 05731_197993467_1437039049968356_3199813828732022124_n.jpg
[2026-04-17T14:06:41.665Z] [✓] #5741 05741_191665369_1434982706840657_6360181028603624107_n.jpg
[2026-04-17T14:06:41.730Z] [✓] #5742 05742_189066393_1433631733642421_2219545858461305887_n.jpg
[2026-04-17T14:06:41.760Z] [✓] #5743 05743_191271240_1433631710309090_5078227695210016905_n.jpg
[2026-04-17T14:06:41.775Z] [✓] #5738 05738_196650248_1435645846774343_2174462481131904716_n.jpg
[2026-04-17T14:06:41.784Z] [✓] #5745 05745_192768965_1433631663642428_6827357942317310769_n.jpg
[2026-04-17T14:06:41.800Z] [✓] #5744 05744_191157987_1433631683642426_3687519145096661448_n.jpg
[2026-04-17T14:06:41.858Z] [✓] #5747 05747_192668468_1433631626975765_6805275953117561554_n.jpg
[2026-04-17T14:06:41.866Z] [✓] #5746 05746_191800486_1433631633642431_2452971422798513584_n.jpg
[2026-04-17T14:06:41.876Z] [✓] #5749 05749_194005065_1433631590309102_5253596544532229237_n.jpg
[2026-04-17T14:06:41.900Z] [✓] #5750 05750_192210043_1431508837188044_9000551936686030006_n.jpg
[2026-04-17T14:06:41.938Z] [✓] #5751 05751_190990183_1431508263854768_3975255552217352220_n.jpg
[2026-04-17T14:06:41.971Z] [✓] #5752 05752_193711541_1431030763902518_9139170413847490225_n.jpg
[2026-04-17T14:06:42.005Z] [✓] #5753 05753_188875800_1431030733902521_123900653499171681_n.jpg
[2026-04-17T14:06:42.019Z] [✓] #5754 05754_193161737_1431030710569190_158704327419347490_n.jpg
[2026-04-17T14:06:42.092Z] [✓] #5756 05756_188702425_1430360577302870_7458161404665195295_n.jpg
[2026-04-17T14:06:42.096Z] [✓] #5757 05757_190083308_1430360563969538_7636203360940931444_n.jpg
[2026-04-17T14:06:42.133Z] [✓] #5758 05758_193154196_1429221017416826_6445414936773071345_n.jpg
[2026-04-17T14:06:42.197Z] [✓] #5760 05760_187140715_1427606154244979_4260563259713881586_n.jpg
[2026-04-17T14:06:42.246Z] [✓] #5759 05759_191812087_1428168017522126_2405880577255221124_n.jpg
[2026-04-17T14:06:42.256Z] [✓] #5761 05761_188371148_1427606124244982_7690143984311830098_n.jpg
[2026-04-17T14:06:42.356Z] [✓] #5763 05763_186530629_1427606060911655_5285577171906337502_n.jpg
[2026-04-17T14:06:42.358Z] [✓] #5764 05764_188335813_1427606050911656_5357832607868436128_n.jpg
[2026-04-17T14:06:42.361Z] [✓] #5755 05755_192269768_1430360613969533_8506789393774415585_n.jpg
[2026-04-17T14:06:42.364Z] [✓] #5748 05748_191479505_1433631596975768_1566763611306448922_n.jpg
[2026-04-17T14:06:42.370Z] [✓] #5762 05762_189169374_1427606107578317_1319641855288467079_n.jpg
[2026-04-17T14:06:42.468Z] [✓] #5765 05765_189206208_1427605997578328_7560920609974672457_n.jpg
[2026-04-17T14:06:42.488Z] [✓] #5766 05766_187418514_1427605974244997_4910031225830691721_n.jpg
[2026-04-17T14:06:42.590Z] [✓] #5768 05768_190902916_1426236861048575_1371474338878485595_n.jpg
[2026-04-17T14:06:42.606Z] [✓] #5771 05771_190367412_1426236787715249_7156326257371696907_n.jpg
[2026-04-17T14:06:42.614Z] [✓] #5767 05767_188280532_1426946207644307_4554406756687953352_n.jpg
[2026-04-17T14:06:42.675Z] [✓] #5770 05770_189834786_1426236794381915_2328149047658229797_n.jpg
[2026-04-17T14:06:42.710Z] [✓] #5774 05774_187962634_1424764597862468_1850352394565539744_n.jpg
[2026-04-17T14:06:42.736Z] [✓] #5773 05773_189121062_1426236701048591_8734737912770513051_n.jpg
[2026-04-17T14:06:42.740Z] [✓] #5769 05769_186551733_1426236814381913_2296701352096681597_n.jpg
[2026-04-17T14:06:42.767Z] [✓] #5775 05775_186498676_1424764561195805_4172684315548932726_n.jpg
[2026-04-17T14:06:42.800Z] [✓] #5776 05776_187091721_1424764534529141_6047935403851005785_n.jpg
[2026-04-17T14:06:42.804Z] [✓] #5772 05772_188715074_1426236714381923_1194831773921830092_n.jpg
[2026-04-17T14:06:42.873Z] [✓] #5779 05779_186498516_1424764471195814_2582568646190929566_n.jpg
[2026-04-17T14:06:42.887Z] [✓] #5777 05777_186527014_1424764507862477_1731852730105896602_n.jpg
[2026-04-17T14:06:42.891Z] [✓] #5780 05780_186484453_1424764421195819_2230074781761611805_n.jpg
[2026-04-17T14:06:42.914Z] [✓] #5781 05781_186551695_1424764414529153_723188934662798342_n.jpg
[2026-04-17T14:06:42.989Z] [✓] #5783 05783_186486472_1424764354529159_4552280220627836000_n.jpg
[2026-04-17T14:06:43.001Z] [✓] #5784 05784_186495002_1424764327862495_2847475367656772591_n.jpg
[2026-04-17T14:06:43.009Z] [✓] #5782 05782_186548080_1424764374529157_6683521787257859460_n.jpg
[2026-04-17T14:06:43.011Z] [✓] #5778 05778_188465094_1424764491195812_6482813125422649788_n.jpg
[2026-04-17T14:06:43.079Z] [✓] #5786 05786_186498680_1424764284529166_182942158469910790_n.jpg
[2026-04-17T14:06:43.085Z] [✓] #5787 05787_186629895_1424764261195835_8474345277038118340_n.jpg
[2026-04-17T14:06:43.130Z] [✓] #5788 05788_185764432_1423466714658923_8786499839446465956_n.jpg
[2026-04-17T14:06:43.156Z] [✓] #5789 05789_186488185_1422743504731244_7477318696355349092_n.jpg
[2026-04-17T14:06:43.158Z] [✓] #5785 05785_186448905_1424764294529165_5403320417965063875_n.jpg
[2026-04-17T14:06:43.198Z] [✓] #5791 05791_187972456_1421417311530530_7537079264559856255_n.jpg
[2026-04-17T14:06:43.227Z] [✓] #5790 05790_187107554_1422085701463691_5939892398742567471_n.jpg
[2026-04-17T14:06:43.229Z] [✓] #5792 05792_184396964_1420171964988398_8792303346369441815_n.jpg
[2026-04-17T14:06:43.264Z] [✓] #5793 05793_186480942_1420171911655070_4301707957015714726_n.jpg
[2026-04-17T14:06:43.282Z] [✓] #5794 05794_185046074_1420171891655072_1825970707704046649_n.jpg
[2026-04-17T14:06:43.319Z] [✓] #5795 05795_185951562_1417927001879561_366476034704667024_n.jpg
[2026-04-17T14:06:43.378Z] [✓] #5797 05797_185123387_1417926945212900_332049849001058498_n.jpg
[2026-04-17T14:06:43.412Z] [✓] #5798 05798_183850601_1417926925212902_5689952568764560485_n.jpg
[2026-04-17T14:06:43.449Z] [✓] #5796 05796_186065999_1417926995212895_5034056358879890318_n.jpg
[2026-04-17T14:06:43.495Z] [✓] #5801 05801_186464430_1417926901879571_1081668718489041361_n.jpg
[2026-04-17T14:06:43.500Z] [✓] #5799 05799_183471237_1417926918546236_1870118739732796667_n.jpg
[2026-04-17T14:06:43.508Z] [✓] #5800 05800_185844839_1417926915212903_854698870234143438_n.jpg
[2026-04-17T14:06:43.535Z] [✓] #5802 05802_186522417_1417926895212905_1752888266303729289_n.jpg
[2026-04-17T14:06:43.550Z] [✓] #5803 05803_184112585_1417166121955649_6459563619390970935_n.jpg
[2026-04-17T14:06:43.580Z] [✓] #5805 05805_184065587_1417166091955652_852063807278819684_n.jpg
[2026-04-17T14:06:43.664Z] [✓] #5808 05808_184892878_1417166008622327_4883589318043040490_n.jpg
[2026-04-17T14:06:43.672Z] [✓] #5804 05804_184065587_1417166091955652_852063807278819684_n.jpg
[2026-04-17T14:06:43.699Z] [✓] #5807 05807_186508494_1417166015288993_6324253687614441475_n.jpg
[2026-04-17T14:06:43.718Z] [✓] #5809 05809_183353883_1417166001955661_7859898237259863176_n.jpg
[2026-04-17T14:06:43.775Z] [✓] #5811 05811_185248612_1417165981955663_5982549875604153964_n.jpg
[2026-04-17T14:06:43.804Z] [✓] #5810 05810_186367252_1417165985288996_1694949776393147013_n.jpg
[2026-04-17T14:06:43.834Z] [✓] #5813 05813_183139385_1416460368692891_8602296727048944759_n.jpg
[2026-04-17T14:06:43.893Z] [✓] #5814 05814_184146183_1416460345359560_3894475239292937376_n.jpg
[2026-04-17T14:06:43.908Z] [✓] #5812 05812_184142685_1416460378692890_5623553662463590795_n.jpg
[2026-04-17T14:06:43.922Z] [✓] #5815 05815_185980363_1416460322026229_283806492343939234_n.jpg
[2026-04-17T14:06:43.931Z] [✓] #5816 05816_184124222_1414382465567348_2157771768859292824_n.jpg
[2026-04-17T14:06:43.934Z] [✓] #5806 05806_185421770_1417166068622321_2797543947116731851_n.jpg
[2026-04-17T14:06:44.030Z] [✓] #5817 05817_183205335_1411618425843752_4940064330338536475_n.jpg
[2026-04-17T14:06:44.143Z] [✓] #5820 05820_181382034_1411617422510519_2225668900673497784_n.jpg
[2026-04-17T14:06:44.147Z] [✓] #5822 05822_179483228_1409114772760784_6726216625601522631_n.jpg
[2026-04-17T14:06:44.158Z] [✓] #5819 05819_181814673_1411617445843850_5474341975884811271_n.jpg
[2026-04-17T14:06:44.207Z] [✓] #5823 05823_179675309_1409114739427454_7366341346762758556_n.jpg
[2026-04-17T14:06:44.222Z] [✓] #5821 05821_179284481_1410405102631751_680126561174979318_n.jpg
[2026-04-17T14:06:44.248Z] [✓] #5825 05825_178946585_1409114656094129_2117921171414072211_n.jpg
[2026-04-17T14:06:44.264Z] [✓] #5826 05826_178912830_1409114626094132_5825174992336957487_n.jpg
[2026-04-17T14:06:44.503Z] [✓] #5818 05818_182131258_1411617502510511_8397764911288234275_n.jpg
[2026-04-17T14:06:44.512Z] [✓] #5828 05828_180599412_1408825609456367_5937748759711704191_n.jpg
[2026-04-17T14:06:44.524Z] [✓] #5829 05829_180783628_1408130649525863_6648712532473527736_n.jpg
[2026-04-17T14:06:44.534Z] [✓] #5827 05827_178515236_1409114602760801_521779088049945485_n.jpg
[2026-04-17T14:06:44.623Z] [✓] #5831 05831_178653064_1404196016585993_4394759876098012677_n.jpg
[2026-04-17T14:06:44.643Z] [✓] #5830 05830_177528762_1406215673050694_2375752028195632237_n.jpg
[2026-04-17T14:06:44.720Z] [✓] #5832 05832_177678337_1404195979919330_3833720767289755073_n.jpg
[2026-04-17T14:06:44.725Z] [✓] #5833 05833_178211656_1404195973252664_2893110117226339923_n.jpg
[2026-04-17T14:06:44.770Z] [✓] #5835 05835_177752774_1404195929919335_2609730530724872257_n.jpg
[2026-04-17T14:06:44.772Z] [✓] #5834 05834_178375770_1404195953252666_1756946102832227512_n.jpg
[2026-04-17T14:06:44.779Z] [✓] #5824 05824_179221946_1409114716094123_5008061060558673275_n.jpg
[2026-04-17T14:06:44.863Z] [✓] #5837 05837_176525236_1404195863252675_4116102049117562921_n.jpg
[2026-04-17T14:06:44.897Z] [✓] #5838 05838_178127507_1404195819919346_3351870806014211152_n.jpg
[2026-04-17T14:06:44.906Z] [✓] #5840 05840_177388205_1404195756586019_8502886547915722348_n.jpg
[2026-04-17T14:06:44.976Z] [✓] #5836 05836_176297075_1404195886586006_668356500946202821_n.jpg
[2026-04-17T14:06:44.990Z] [✓] #5839 05839_174289702_1404195769919351_7116617693202124959_n.jpg
[2026-04-17T14:06:45.011Z] [✓] #5842 05842_175722924_1404195659919362_2274595617504610485_n.jpg
[2026-04-17T14:06:45.025Z] [✓] #5843 05843_179052090_1404195676586027_8017811715882135061_n.jpg
[2026-04-17T14:06:45.032Z] [✓] #5841 05841_176344989_1404195686586026_4458066674384702396_n.jpg
[2026-04-17T14:06:45.070Z] [✓] #5844 05844_175671710_1404195619919366_7077886397024745621_n.jpg
[2026-04-17T14:06:45.125Z] [✓] #5847 05847_175681403_1404195539919374_7745610919600969920_n.jpg
[2026-04-17T14:06:45.140Z] [✓] #5848 05848_176503664_1404195519919376_2047211497333066834_n.jpg
[2026-04-17T14:06:45.183Z] [✓] #5849 05849_176982334_1404195496586045_5163428677643531080_n.jpg
[2026-04-17T14:06:45.187Z] [✓] #5845 05845_175722924_1404195579919370_3826905130207803663_n.jpg
[2026-04-17T14:06:45.227Z] [✓] #5850 05850_176074045_1402617980077130_2146582393979605578_n.jpg
[2026-04-17T14:06:45.274Z] [✓] #5851 05851_175940658_1402617956743799_4131059323779686597_n.jpg
[2026-04-17T14:06:45.278Z] [✓] #5852 05852_175443104_1402617936743801_6351826910989017416_n.jpg
[2026-04-17T14:06:45.300Z] [✓] #5854 05854_176612573_1402617900077138_1343105650009790905_n.jpg
[2026-04-17T14:06:45.318Z] [✓] #5846 05846_176031342_1404195569919371_1178813157872154808_n.jpg
[2026-04-17T14:06:45.435Z] [✓] #5857 05857_176043129_1401209840217944_6833274511994921503_n.jpg
[2026-04-17T14:06:45.472Z] [✓] #5856 05856_174251286_1401209876884607_7100521447777197188_n.jpg
[2026-04-17T14:06:45.518Z] [✓] #5859 05859_175130964_1401209743551287_9205919955930580045_n.jpg
[2026-04-17T14:06:45.553Z] [✓] #5860 05860_175954717_1401209716884623_6739625250869789268_n.jpg
[2026-04-17T14:06:45.591Z] [✓] #5861 05861_174268883_1401209696884625_3382324261213502852_n.jpg
[2026-04-17T14:06:45.598Z] [✓] #5858 05858_174614147_1401209766884618_2331403811195152037_n.jpg
[2026-04-17T14:06:45.657Z] [✓] #5862 05862_175934338_1401209660217962_1249570785361300326_n.jpg
[2026-04-17T14:06:45.704Z] [✓] #5864 05864_175930781_1401209630217965_1498338037923849627_n.jpg
[2026-04-17T14:06:45.762Z] [✓] #5865 05865_174113537_1401209560217972_7442218176974772526_n.jpg
[2026-04-17T14:06:45.799Z] [✓] #5866 05866_176120320_1401209550217973_3938188095206793678_n.jpg
[2026-04-17T14:06:45.832Z] [✓] #5855 05855_175695003_1402617873410474_1133203535424709502_n.jpg
[2026-04-17T14:06:45.912Z] [✓] #5868 05868_174395206_1399204323751829_6896984776586228498_n.jpg
[2026-04-17T14:06:45.940Z] [✓] #5869 05869_173438963_1399204307085164_8847742277696634040_n.jpg
[2026-04-17T14:06:45.946Z] [✓] #5867 05867_174480892_1399785037027091_8839383599413335318_n.jpg
[2026-04-17T14:06:46.028Z] [✓] #5863 05863_176241658_1401209653551296_2107823273154626733_n.jpg
[2026-04-17T14:06:46.053Z] [✓] #5870 05870_174593469_1399204277085167_7556303351037952416_n.jpg
[2026-04-17T14:06:46.074Z] [✓] #5871 05871_174166897_1399204257085169_1531640613307744143_n.jpg
[2026-04-17T14:06:46.091Z] [✓] #5872 05872_173725546_1399204233751838_7487002268844819448_n.jpg
[2026-04-17T14:06:46.232Z] [✓] #5876 05876_172704424_1396481854024076_9136845130593796308_n.jpg
[2026-04-17T14:06:46.261Z] [✓] #5875 05875_173502493_1399204147085180_1571185626633475980_n.jpg
[2026-04-17T14:06:46.316Z] [✓] #5874 05874_173278966_1399204170418511_8323020427578041251_n.jpg
[2026-04-17T14:06:46.363Z] [✓] #5853 05853_175994039_1402617920077136_7491162308147946039_n.jpg
[2026-04-17T14:06:46.413Z] [✓] #5877 05877_171677262_1395627024109559_593942770002686389_n.jpg
[2026-04-17T14:06:46.458Z] [✓] #5878 05878_170378317_1395627017442893_5644976129062137245_n.jpg
[2026-04-17T14:06:46.483Z] [✓] #5873 05873_174151364_1399204197085175_3041462566362696967_n.jpg
[2026-04-17T14:06:46.488Z] [✓] #5879 05879_170332105_1395627000776228_832693019815306959_n.jpg
[2026-04-17T14:06:46.553Z] [✓] #5883 05883_169699243_1393771197628475_7974946607919660353_n.jpg
[2026-04-17T14:06:46.578Z] [✓] #5881 05881_169538280_1393771277628467_579607806823241739_n.jpg
[2026-04-17T14:06:46.591Z] [✓] #5882 05882_171002482_1393771250961803_6695433982897633203_n.jpg
[2026-04-17T14:06:46.645Z] [✓] #5884 05884_169134274_1393071971031731_5391989271949015764_n.jpg
[2026-04-17T14:06:46.646Z] [✓] #5885 05885_170273012_1393071934365068_7363770490732856943_n.jpg
[2026-04-17T14:06:46.654Z] [✓] #5880 05880_169599759_1393771544295107_4379891592207256484_n.jpg
[2026-04-17T14:06:46.714Z] [✓] #5889 05889_169607416_1391107487894846_6860737612690034743_n.jpg
[2026-04-17T14:06:46.734Z] [✓] #5888 05888_169247310_1391107511228177_6588609348356573818_n.jpg
[2026-04-17T14:06:46.754Z] [✓] #5890 05890_167588420_1391107461228182_1063456265626684246_n.jpg
[2026-04-17T14:06:46.796Z] [✓] #5891 05891_167992514_1390419531296975_601983124348018361_n.jpg
[2026-04-17T14:06:46.879Z] [✓] #5894 05894_167395117_1390419467963648_7971180669930901015_n.jpg
[2026-04-17T14:06:46.883Z] [✓] #5892 05892_167858839_1390419501296978_7280314217412631095_n.jpg
[2026-04-17T14:06:46.895Z] [✓] #5886 05886_170037981_1393071911031737_7709477624852696753_n.jpg
[2026-04-17T14:06:46.933Z] [✓] #5893 05893_168330985_1390419494630312_6083855434522741685_n.jpg
[2026-04-17T14:06:46.984Z] [✓] #5896 05896_168079199_1389075938098001_2794539981206375838_n.jpg
[2026-04-17T14:06:46.992Z] [✓] #5895 05895_168494310_1389846958020899_3199621235718527514_n.jpg
[2026-04-17T14:06:47.004Z] [✓] #5887 05887_169258686_1392415014430760_6515798659054117977_n.jpg
[2026-04-17T14:06:47.046Z] [✓] #5898 05898_168265175_1389075874764674_109471332054622944_n.jpg
[2026-04-17T14:06:47.117Z] [✓] #5899 05899_166776783_1389075834764678_7056734067251072252_n.jpg
[2026-04-17T14:06:47.163Z] [✓] #5902 05902_166102177_1388113878194207_4347064501502090110_n.jpg
[2026-04-17T14:06:47.269Z] [✓] #5901 05901_165941504_1388212721517656_8720965271481919361_n.jpg
[2026-04-17T14:06:47.272Z] [✓] #5903 05903_165920759_1388113041527624_6616632430638168159_n.jpg
[2026-04-17T14:06:47.291Z] [✓] #5900 05900_166237185_1388212731517655_3899552937154926649_n.jpg
[2026-04-17T14:06:47.292Z] [✓] #5904 05904_166008147_1387035994968662_4886389701450966020_n.jpg
[2026-04-17T14:06:47.300Z] [✓] #5897 05897_167098549_1389075911431337_6053660750212115285_n.jpg
[2026-04-17T14:06:47.353Z] [✓] #5906 05906_165901637_1387035948302000_7042503994897332720_n.jpg
[2026-04-17T14:06:47.383Z] [✓] #5905 05905_166649177_1387035954968666_5603093239568544245_n.jpg
[2026-04-17T14:06:47.493Z] [✓] #5907 05907_165769209_1387035941635334_9182748698518066453_n.jpg
[2026-04-17T14:06:47.499Z] [✓] #5911 05911_167292524_1387035854968676_939871603170588257_n.jpg
[2026-04-17T14:06:47.508Z] [✓] #5909 05909_166701811_1387035891635339_666546464583678284_n.jpg
[2026-04-17T14:06:47.614Z] [✓] #5913 05913_164505557_1385718248433770_5565165414508486223_n.jpg
[2026-04-17T14:06:47.631Z] [✓] #5914 05914_163487571_1383715051967423_5386734584714953366_n.jpg
[2026-04-17T14:06:47.690Z] [✓] #5915 05915_163505298_1383715028634092_8549268050259604372_n.jpg
[2026-04-17T14:06:47.746Z] [✓] #5910 05910_166703952_1387035874968674_7226704355059463725_n.jpg
[2026-04-17T14:06:47.774Z] [✓] #5917 05917_163630338_1383714961967432_490539279459659379_n.jpg
[2026-04-17T14:06:47.839Z] [✓] #5912 05912_165369525_1386486658356929_877543756509263959_n.jpg
[2026-04-17T14:06:47.842Z] [✓] #5916 05916_165223222_1383715005300761_1580003727151531927_n.jpg
[2026-04-17T14:06:47.890Z] [✓] #5919 05919_163531189_1383714938634101_2496658144483795700_n.jpg
[2026-04-17T14:06:47.899Z] [✓] #5918 05918_164007301_1383714968634098_4339939843844996112_n.jpg
[2026-04-17T14:06:47.902Z] [✓] #5908 05908_166919175_1387035901635338_2754943382804867707_n.jpg
[2026-04-17T14:06:47.974Z] [✓] #5920 05920_165092170_1383714915300770_7992677929026684560_n.jpg
[2026-04-17T14:06:48.110Z] [✓] #5921 05921_165073544_1383714895300772_7454874698761110432_n.jpg
[2026-04-17T14:06:48.120Z] [✓] #5922 05922_163534648_1383714868634108_2571889209650008521_n.jpg
[2026-04-17T14:06:48.128Z] [✓] #5924 05924_163835591_1383114252027503_7891763009590539659_n.jpg
[2026-04-17T14:06:48.132Z] [✓] #5925 05925_165294461_1383114228694172_8604318954939575864_n.jpg
[2026-04-17T14:06:48.136Z] [✓] #5923 05923_163823849_1383714848634110_8530081770916476821_n.jpg
[2026-04-17T14:06:48.205Z] [✓] #5928 05928_163636871_1382498915422370_1376641519473895345_n.jpg
[2026-04-17T14:06:48.237Z] [✓] #5930 05930_163630751_1380983512240577_8703891848740567426_n.jpg
[2026-04-17T14:06:48.260Z] [✓] #5929 05929_162535407_1382367885435473_8615631453925489747_n.jpg
[2026-04-17T14:06:48.315Z] [✓] #5931 05931_162104253_1379698785702383_7803676393233294928_n.jpg
[2026-04-17T14:06:48.338Z] [✓] #5932 05932_162045957_1378245355847726_1196395664618505016_n.jpg
[2026-04-17T14:06:48.348Z] [✓] #5933 05933_160574704_1378245335847728_3983366223429726783_n.jpg
[2026-04-17T14:06:48.404Z] [✓] #5934 05934_159902863_1378245312514397_4668650800438784855_n.jpg
[2026-04-17T14:06:48.439Z] [✓] #5935 05935_160558019_1378245292514399_8317766674958768538_n.jpg
[2026-04-17T14:06:48.447Z] [✓] #5936 05936_160715416_1377641185908143_3772513857812921446_n.jpg
[2026-04-17T14:06:48.487Z] [✓] #5937 05937_160850568_1377641165908145_4062481839172539901_n.jpg
[2026-04-17T14:06:48.536Z] [✓] #5938 05938_161879049_1377641145908147_6720403901653097514_n.jpg
[2026-04-17T14:06:48.627Z] [✓] #5941 05941_161283602_1377641092574819_8444230366060334636_n.jpg
[2026-04-17T14:06:48.632Z] [✓] #5926 05926_163627718_1383114205360841_3771888405493565690_n.jpg
[2026-04-17T14:06:48.718Z] [✓] #5939 05939_159862507_1377641109241484_7691298679512562643_n.jpg
[2026-04-17T14:06:48.735Z] [✓] #5942 05942_160651615_1377641065908155_4047766971803376321_n.jpg
[2026-04-17T14:06:48.821Z] [✓] #5945 05945_160562914_1377640972574831_1913517169831770160_n.jpg
[2026-04-17T14:06:48.826Z] [✓] #5943 05943_161377596_1377641035908158_937955381331169898_n.jpg
[2026-04-17T14:06:48.851Z] [✓] #5944 05944_159954043_1377640999241495_1302475645403789141_n.jpg
[2026-04-17T14:06:48.906Z] [✓] #5946 05946_162230476_1377640952574833_735997842015362401_n.jpg
[2026-04-17T14:06:48.932Z] [✓] #5948 05948_159622310_1375432379462357_1361761550500118888_n.jpg
[2026-04-17T14:06:48.934Z] [✓] #5927 05927_162543791_1383114175360844_3728043655676101535_n.jpg
[2026-04-17T14:06:48.988Z] [✓] #5949 05949_158696207_1373800722958856_3603987518038235538_n.jpg
[2026-04-17T14:06:49.023Z] [✓] #5951 05951_159108623_1373102706361991_706706979532293187_n.jpg
[2026-04-17T14:06:49.086Z] [✓] #5952 05952_159559561_1373102686361993_2633561295744103525_n.jpg
[2026-04-17T14:06:49.169Z] [✓] #5950 05950_159995046_1373102733028655_7717039420398802305_n.jpg
[2026-04-17T14:06:49.174Z] [✓] #5947 05947_159535970_1376122052726723_2124851394425754151_n.jpg
[2026-04-17T14:06:49.304Z] [✓] #5956 05956_158612233_1372335933105335_1015426705736552032_n.jpg
[2026-04-17T14:06:49.309Z] [✓] #5954 05954_157776690_1372335983105330_1629597009541318349_n.jpg
[2026-04-17T14:06:49.317Z] [✓] #5955 05955_157596873_1372335959771999_1846174994419631465_n.jpg
[2026-04-17T14:06:49.399Z] [✓] #5958 05958_157687603_1372335899772005_6990101705726346369_n.jpg
[2026-04-17T14:06:49.439Z] [✓] #5959 05959_158132257_1372335883105340_7211248327636373474_n.jpg
[2026-04-17T14:06:49.442Z] [✓] #5957 05957_158708768_1372335916438670_6176246006678351146_n.jpg
[2026-04-17T14:06:49.513Z] [✓] #5940 05940_160921234_1377641099241485_4384464163143132807_n.jpg
[2026-04-17T14:06:49.529Z] [✓] #5962 05962_157568645_1372335813105347_5339093618666265919_n.jpg
[2026-04-17T14:06:49.549Z] [✓] #5961 05961_157766164_1372335839772011_4945127847138834095_n.jpg
[2026-04-17T14:06:49.552Z] [✓] #5953 05953_158962685_1373102663028662_5959247291414336625_n.jpg
[2026-04-17T14:06:49.642Z] [✓] #5964 05964_157204156_1370525479953047_7540369769890618018_n.jpg
[2026-04-17T14:06:49.650Z] [✓] #5965 05965_156355480_1369756910029904_6049904455063243516_n.jpg
[2026-04-17T14:06:49.659Z] [✓] #5960 05960_158272787_1372335846438677_6816652002647672698_n.jpg
[2026-04-17T14:06:49.723Z] [✓] #5966 05966_155427558_1369118440093751_4585539341488821050_n.jpg
[2026-04-17T14:06:49.732Z] [✓] #5968 05968_156780794_1369118370093758_1589292958849720960_n.jpg
[2026-04-17T14:06:49.801Z] [✓] #5963 05963_157185626_1370527199952875_4397319799645983659_n.jpg
[2026-04-17T14:06:49.814Z] [✓] #5970 05970_156210410_1367780733560855_5489455783547590842_n.jpg
[2026-04-17T14:06:49.837Z] [✓] #5971 05971_155379342_1367780726894189_4923429221348249420_n.jpg
[2026-04-17T14:06:50.070Z] [✓] #5974 05974_152834003_1365678100437785_2612783143404073685_n.jpg
[2026-04-17T14:06:50.106Z] [✓] #5973 05973_154237269_1365678190437776_1556906799322189804_n.jpg
[2026-04-17T14:06:50.142Z] [✓] #5972 05972_153714020_1367780673560861_3023833745590455033_n.jpg
[2026-04-17T14:06:50.145Z] [✓] #5969 05969_156818835_1367780763560852_7713216961135181639_n.jpg
[2026-04-17T14:06:50.199Z] [✓] #5976 05976_150583168_1365383377133924_1534668677888940076_n.jpg
[2026-04-17T14:06:50.401Z] [✓] #5967 05967_155509459_1369118390093756_3936315659906046218_n.jpg
[2026-04-17T14:06:50.406Z] [✓] #5977 05977_153134208_1364729067199355_9108338296927811493_n.jpg
[2026-04-17T14:06:50.410Z] [✓] #5978 05978_148904053_1364297013909227_9094593944437866010_n.jpg
[2026-04-17T14:06:50.413Z] [✓] #5975 05975_149751728_1365678050437790_4977812163314378604_n.jpg
[2026-04-17T14:06:50.440Z] [✓] #5979 05979_151309201_1364296980575897_9089524563361076097_n.jpg
[2026-04-17T14:06:50.550Z] [✓] #5984 05984_152959879_1363720417300220_4246636872289902875_n.jpg
[2026-04-17T14:06:50.586Z] [✓] #5983 05983_152849429_1363720450633550_2589085115311966061_n.jpg
[2026-04-17T14:06:50.642Z] [✓] #5985 05985_153682831_1362941954044733_6115662916299991723_n.jpg
[2026-04-17T14:06:50.675Z] [✓] #5981 05981_153107794_1363720567300205_7917274127775372701_n.jpg
[2026-04-17T14:06:50.726Z] [✓] #5986 05986_152052091_1362214664117462_5761047751254693304_n.jpg
[2026-04-17T14:06:50.728Z] [✓] #5987 05987_153018930_1362214540784141_5102697937650087064_n.jpg
[2026-04-17T14:06:50.736Z] [✓] #5982 05982_154577775_1363720500633545_1147738686751951938_n.jpg
[2026-04-17T14:06:50.803Z] [✓] #5988 05988_152886218_1362214497450812_5643620003974023049_n.jpg
[2026-04-17T14:06:50.814Z] [✓] #5990 05990_151784501_1360885600917035_8095918348066599663_n.jpg
[2026-04-17T14:06:50.899Z] [✓] #5992 05992_152730709_1360885527583709_3728259594015538380_n.jpg
[2026-04-17T14:06:50.902Z] [✓] #5989 05989_152391299_1361578914181037_4511495047442999808_n.jpg
[2026-04-17T14:06:50.954Z] [✓] #5993 05993_151327913_1360885480917047_5537350633327710157_n.jpg
[2026-04-17T14:06:50.975Z] [✓] #5991 05991_152747637_1360885574250371_7789977306517135156_n.jpg
[2026-04-17T14:06:50.985Z] [✓] #5994 05994_150942745_1360885430917052_3389273366028848782_n.jpg
[2026-04-17T14:06:51.001Z] [✓] #5995 05995_151118703_1360885404250388_3173098581606715206_n.jpg
[2026-04-17T14:06:51.151Z] [✓] #5980 05980_153286106_1363720630633532_6369192918104011903_n.jpg
[2026-04-17T14:06:51.153Z] [✓] #5999 05999_150939616_1360255074313421_975025423516948938_n.jpg
[2026-04-17T14:06:51.159Z] [✓] #5998 05998_150998911_1360255207646741_9104374822655162577_n.jpg
[2026-04-17T14:06:51.263Z] [✓] #6000 06000_151381345_1360254237646838_3085173721567536838_n.jpg
[2026-04-17T14:06:51.380Z] [✓] #6003 06003_151512158_1360253790980216_3753704235681483900_n.jpg
[2026-04-17T14:06:51.388Z] [✓] #6002 06002_151005715_1360253914313537_5396775318357701342_n.jpg
[2026-04-17T14:06:51.391Z] [✓] #5997 05997_150934892_1360255447646717_6956766009002265460_n.jpg
[2026-04-17T14:06:51.488Z] [✓] #6004 06004_150742833_1360253670980228_3036608707970720742_n.jpg
[2026-04-17T14:06:51.532Z] [✓] #6005 06005_151697464_1360253557646906_1367862731403702359_n.jpg
[2026-04-17T14:06:51.548Z] [✓] #6006 06006_150841292_1360253347646927_3329296818295862680_n.jpg
[2026-04-17T14:06:51.603Z] [✓] #5996 05996_151033871_1360255607646701_6744420643491757766_n.jpg
[2026-04-17T14:06:51.664Z] [✓] #6009 06009_152012445_1359626444376284_8023900802350391266_n.jpg
[2026-04-17T14:06:51.734Z] [✓] #6008 06008_151308544_1359627267709535_5442282800500884879_n.jpg
[2026-04-17T14:06:51.771Z] [✓] #6010 06010_151927937_1359626251042970_2800763327866190308_n.jpg
[2026-04-17T14:06:51.779Z] [✓] #6011 06011_152018963_1359626234376305_4881130094308205153_n.jpg
[2026-04-17T14:06:51.789Z] [✓] #6001 06001_152023028_1360254104313518_968501931295703467_n.jpg
[2026-04-17T14:06:51.816Z] [✓] #6007 06007_152414559_1360253214313607_2246895079932550863_n.jpg
[2026-04-17T14:06:51.858Z] [✓] #6012 06012_150532469_1359626217709640_6035209782052484232_n.jpg
[2026-04-17T14:06:51.983Z] [✓] #6016 06016_151240152_1358337421171853_4398910201430082351_n.jpg
[2026-04-17T14:06:52.034Z] [✓] #6014 06014_151058602_1359625631043032_4502283304540126047_n.jpg
[2026-04-17T14:06:52.062Z] [✓] #6013 06013_150395193_1359626187709643_439930280620751761_n.jpg
[2026-04-17T14:06:52.107Z] [✓] #6015 06015_150904500_1359625554376373_5934843339716473441_n.jpg
[2026-04-17T14:06:52.158Z] [✓] #6018 06018_150568170_1358337354505193_4847059104821691129_n.jpg
[2026-04-17T14:06:52.199Z] [✓] #6019 06019_149818586_1358337267838535_4944002487011861727_n.jpg
[2026-04-17T14:06:52.229Z] [✓] #6021 06021_151240154_1358337141171881_2166659860818650852_n.jpg
[2026-04-17T14:06:52.294Z] [✓] #6020 06020_149397644_1358337204505208_1713160008320040560_n.jpg
[2026-04-17T14:06:52.349Z] [✓] #6017 06017_150244792_1358337387838523_3607102472759508877_n.jpg
[2026-04-17T14:06:52.389Z] [✓] #6025 06025_149387861_1357534634585465_6956017540091987367_n.jpg
[2026-04-17T14:06:52.397Z] [✓] #6024 06024_149800927_1357534794585449_1753620246767172455_n.jpg
[2026-04-17T14:06:52.441Z] [✓] #6022 06022_151261331_1358337117838550_4034901908873056136_n.jpg
[2026-04-17T14:06:52.473Z] [✓] #6026 06026_149296005_1357534507918811_8977260526214160816_n.jpg
[2026-04-17T14:06:52.608Z] [✓] #6030 06030_149041192_1357534091252186_9081054265554902392_n.jpg
[2026-04-17T14:06:52.621Z] [✓] #6027 06027_150180231_1357534384585490_3781700665746881126_n.jpg
[2026-04-17T14:06:52.689Z] [✓] #6029 06029_149578532_1357534164585512_666353501520238486_n.jpg
[2026-04-17T14:06:52.694Z] [✓] #6023 06023_151594669_1358337074505221_5535160500329375509_n.jpg
[2026-04-17T14:06:52.775Z] [✓] #6031 06031_150532475_1356864441319151_2997242515298640317_n.jpg
[2026-04-17T14:06:52.787Z] [✓] #6033 06033_148069499_1355495134789415_7731844426705600273_n.jpg
[2026-04-17T14:06:52.841Z] [WARN] #6036 attempt 1/3 failed: HTTP 403
[2026-04-17T14:06:52.873Z] [✓] #6035 06035_147673558_1354057091599886_2623284866805005344_n.jpg
[2026-04-17T14:06:52.914Z] [✓] #6032 06032_148556161_1355705298101732_3456591001298253263_n.jpg
[2026-04-17T14:06:52.954Z] [✓] #6037 06037_147021576_1352879928384269_2812768301234334098_n.jpg
[2026-04-17T14:06:52.972Z] [✓] #6028 06028_150499867_1357534297918832_6519298071844157515_n.jpg
[2026-04-17T14:06:53.004Z] [✓] #6034 06034_148673187_1354300228242239_3101765739128806896_n.jpg
[2026-04-17T14:06:53.047Z] [✓] #6039 06039_148913428_1352879891717606_4118107282576018798_n.jpg
[2026-04-17T14:06:53.087Z] [✓] #6038 06038_147279485_1352879905050938_7679351269068933340_n.jpg
[2026-04-17T14:06:53.136Z] [✓] #6041 06041_145278532_1351613608510901_4141613207778337751_n.jpg
[2026-04-17T14:06:53.265Z] [✓] #6040 06040_146634494_1351613655177563_4280890441499061276_n.jpg
[2026-04-17T14:06:53.303Z] [✓] #6043 06043_145948715_1350992331906362_6468525630630065744_n.jpg
[2026-04-17T14:06:53.380Z] [✓] #6045 06045_144630455_1348397792165816_5287176670265971359_n.jpg
[2026-04-17T14:06:53.407Z] [✓] #6044 06044_144960805_1350373328634929_3448301819722924323_n.jpg
[2026-04-17T14:06:53.423Z] [✓] #6046 06046_143332676_1347666998905562_6339266097727802613_n.jpg
[2026-04-17T14:06:53.481Z] [✓] #6048 06048_144556058_1347666965572232_1515751037579188126_n.jpg
[2026-04-17T14:06:53.511Z] [✓] #6042 06042_147792353_1351613571844238_8548433987360323207_n.jpg
[2026-04-17T14:06:53.526Z] [✓] #6049 06049_143982836_1347666908905571_6443586045303202547_n.jpg
[2026-04-17T14:06:53.585Z] [✓] #6051 06051_144262846_1347666862238909_6411138243233445374_n.jpg
[2026-04-17T14:06:53.596Z] [✓] #6052 06052_144232332_1347666832238912_3027013800406937701_n.jpg
[2026-04-17T14:06:53.675Z] [✓] #6053 06053_143736943_1347110638961198_6313461612417792111_n.jpg
[2026-04-17T14:06:53.707Z] [✓] #6050 06050_143419229_1347666878905574_846792674508796628_n.jpg
[2026-04-17T14:06:53.729Z] [✓] #6054 06054_143182796_1346128685726060_4664157218032895312_n.jpg
[2026-04-17T14:06:53.774Z] [✓] #6047 06047_143335677_1347666972238898_3975917346355685855_n.jpg
[2026-04-17T14:06:53.812Z] [✓] #6055 06055_142883514_1345710612434534_3747080860670663568_n.jpg
[2026-04-17T14:06:53.851Z] [✓] #6056 06056_475798436_1160114018809028_837809245873021616_n.jpg
[2026-04-17T14:06:54.887Z] [WARN] #6036 attempt 2/3 failed: HTTP 403
[2026-04-17T14:06:59.029Z] [WARN] #6036 attempt 3/3 failed: HTTP 403
[2026-04-17T14:06:59.030Z] [✗] #6036 FAILED: HTTP 403
[2026-04-17T14:06:59.031Z] 
✅ Hoàn thành! Success: 6037 | Failed: 20
[2026-04-17T14:06:59.031Z]    Xem chi tiết lỗi trong download_status.json
