[2026-04-16T13:06:03.580Z] 
════════════════════════════════════════════════════════════
[2026-04-16T13:06:03.583Z]   Facebook Photo Crawler
[2026-04-16T13:06:03.583Z]   Target: https://www.facebook.com/photo.php?fbid=1500626338091126&set=pb.100044313229653.-2207520000&type=3
[2026-04-16T13:06:03.583Z]   Output: fb_images_v2.json
[2026-04-16T13:06:03.583Z]   Log:    fb_crawl.log
[2026-04-16T13:06:03.583Z] ════════════════════════════════════════════════════════════
[2026-04-16T13:06:04.346Z] ⚠️  ĐĂNG NHẬP: Điền email/password trong cửa sổ trình duyệt.
[2026-04-16T13:06:04.346Z]    Script chờ tối đa 5 phút. Nhấn Enter khi xong.
[2026-04-16T13:07:16.238Z] [NAV] Chuyển đến https://www.facebook.com/photo.php?fbid=1500626338091126&set=pb.100044313229653.-2207520000&type=3 ...
[2026-04-16T13:07:22.722Z] [VIEWER] Bắt đầu crawl từ ảnh đầu tiên...
[2026-04-16T13:07:26.236Z] [+] #1 | 672677315_1500626341424459_8280433191639789303_n.jpg
[2026-04-16T13:07:28.030Z] [+] #2 | 672681938_1500626091424484_5222694944713450005_n.jpg
[2026-04-16T13:07:29.822Z] [+] #3 | 672687003_1500626088091151_7177842899520226467_n.jpg
[2026-04-16T13:07:31.613Z] [+] #4 | 671019836_1499133688240391_8953172452514544324_n.jpg
[2026-04-16T13:07:33.406Z] [+] #5 | 670870635_1499131611573932_1913816962509896562_n.jpg
[2026-04-16T13:07:35.197Z] [+] #6 | 672670516_1499054761581617_5589414586773001617_n.jpg
[2026-04-16T13:07:36.989Z] [+] #7 | 671832881_1499054318248328_9145922667504509988_n.jpg
[2026-04-16T13:07:38.780Z] [+] #8 | 672001714_1499053488248411_8343836990359681504_n.jpg
[2026-04-16T13:07:40.571Z] [+] #9 | 672159968_1499053291581764_8546401038298121841_n.jpg
[2026-04-16T13:07:42.360Z] [+] #10 | 668783872_1497604441726649_6551250718590402953_n.jpg
[2026-04-16T13:07:44.148Z] [+] #11 | 668605861_1497604375059989_7462255084324196974_n.jpg
[2026-04-16T13:07:45.935Z] [+] #12 | 669016003_1497604231726670_7951659883759758895_n.jpg
[2026-04-16T13:07:47.728Z] [+] #13 | 668961893_1496062181880875_3565795217502444205_n.jpg
[2026-04-16T13:07:49.519Z] [+] #14 | 669678734_1496062178547542_1645293096963854230_n.jpg
[2026-04-16T13:07:51.311Z] [+] #15 | 668788361_1494487692038324_7254658756898792433_n.jpg
[2026-04-16T13:07:53.088Z] [+] #16 | 668748599_1494487462038347_571792107138187995_n.jpg
[2026-04-16T13:07:54.872Z] [+] #17 | 668758179_1494487438705016_152207823908382595_n.jpg
[2026-04-16T13:07:56.661Z] [+] #18 | 660520718_1492978012189292_8905466298874065593_n.jpg
[2026-04-16T13:07:58.459Z] [+] #19 | 662249414_1492977962189297_3966124725638254477_n.jpg
[2026-04-16T13:08:00.256Z] [+] #20 | 661737330_1492977928855967_8559979226647737900_n.jpg
[2026-04-16T13:08:00.533Z] [VIEWER] Round 20 | Collected: 20
[2026-04-16T13:08:02.039Z] [+] #21 | 666591661_1492977855522641_7454263834891303038_n.jpg
[2026-04-16T13:08:03.834Z] [+] #22 | 661463188_1492253795595047_6855068408250584339_n.jpg
[2026-04-16T13:08:05.614Z] [+] #23 | 661031179_1492252248928535_982808350259222930_n.jpg
[2026-04-16T13:08:07.408Z] [+] #24 | 660307540_1492252205595206_5353446607678616823_n.jpg
[2026-04-16T13:08:09.190Z] [+] #25 | 660489973_1492252138928546_7868076554697638755_n.jpg
[2026-04-16T13:08:10.983Z] [+] #26 | 658952365_1491256939028066_368121896195139981_n.jpg
[2026-04-16T13:08:12.779Z] [+] #27 | 661474882_1491256835694743_6963733148049749392_n.jpg
[2026-04-16T13:08:14.567Z] [+] #28 | 660493589_1491256782361415_5185742389668267456_n.jpg
[2026-04-16T13:08:16.362Z] [+] #29 | 659801553_1491256695694757_126478422509077136_n.jpg
[2026-04-16T13:08:18.153Z] [+] #30 | 660829999_1491256649028095_5766081348209219921_n.jpg
[2026-04-16T13:08:19.954Z] [+] #31 | 660404590_1490561649097595_8974032423829350915_n.jpg
[2026-04-16T13:08:21.741Z] [+] #32 | 662441116_1489686289185131_4788455447471191121_n.jpg
[2026-04-16T13:08:23.540Z] [+] #33 | 661458375_1489678055852621_1446980597774555142_n.jpg
[2026-04-16T13:08:25.327Z] [+] #34 | 658877363_1489678042519289_6549497811700503531_n.jpg
[2026-04-16T13:08:27.110Z] [+] #35 | 660024018_1489677965852630_6629839625200285288_n.jpg
[2026-04-16T13:08:28.901Z] [+] #36 | 659823673_1489677949185965_7087609567501393029_n.jpg
[2026-04-16T13:08:30.687Z] [+] #37 | 661394220_1488870582600035_2778052199227128084_n.jpg
[2026-04-16T13:08:32.482Z] [+] #38 | 658173612_1488854175935009_6909828587995126905_n.jpg
[2026-04-16T13:08:34.282Z] [+] #39 | 658978419_1488854182601675_5059555615528225552_n.jpg
[2026-04-16T13:08:36.076Z] [+] #40 | 658079715_1486572196163207_5363250472902478610_n.jpg
[2026-04-16T13:08:36.367Z] [VIEWER] Round 40 | Collected: 40
[2026-04-16T13:08:37.872Z] [+] #41 | 656352964_1484761859677574_3138268190966452607_n.jpg
[2026-04-16T13:08:39.665Z] [+] #42 | 656721330_1484761673010926_6659839342688086142_n.jpg
[2026-04-16T13:08:41.456Z] [+] #43 | 656835817_1484761096344317_1822739745538882726_n.jpg
[2026-04-16T13:08:43.245Z] [+] #44 | 657255862_1483043029849457_9747391806984702_n.jpg
[2026-04-16T13:08:45.029Z] [+] #45 | 656556621_1482272843259809_2436146561754122349_n.jpg
[2026-04-16T13:08:46.821Z] [+] #46 | 655014707_1481396680014092_6341253659035411985_n.jpg
[2026-04-16T13:08:48.614Z] [+] #47 | 655891148_1481396616680765_218595751912456188_n.jpg
[2026-04-16T13:08:50.393Z] [+] #48 | 654805804_1481396563347437_5317396729011743893_n.jpg
[2026-04-16T13:08:52.192Z] [+] #49 | 652668836_1478045787015848_9003951947235993712_n.jpg
[2026-04-16T13:08:53.984Z] [+] #50 | 652698827_1477909830362777_5032877765028567734_n.jpg
[2026-04-16T13:08:55.783Z] [+] #51 | 655008461_1477909783696115_1822142729171096129_n.jpg
[2026-04-16T13:08:57.582Z] [+] #52 | 652932864_1477909737029453_3521411519102660915_n.jpg
[2026-04-16T13:08:59.380Z] [+] #53 | 651890774_1477296520424108_6389094168374433583_n.jpg
[2026-04-16T13:10:31.920Z] [+] #54 | 653700908_1475639587256468_3321254449654983731_n.jpg
[2026-04-16T13:10:33.714Z] [+] #55 | 651153665_1475639570589803_5827274048078364530_n.jpg
[2026-04-16T13:10:38.839Z] [STUCK] URL không đổi sau ArrowRight round=55, tự reload...
[2026-04-16T13:10:43.568Z] [+] #56 | 651153665_1475639570589803_5827274048078364530_n.jpg
[2026-04-16T13:10:45.703Z] [+] #57 | 651202899_1475638927256534_2742887384726196026_n.jpg
[2026-04-16T13:10:47.669Z] [+] #58 | 653351013_1475638930589867_5385814727120422999_n.jpg
[2026-04-16T13:10:49.469Z] [+] #59 | 650125485_1474159330737827_4545393484221555873_n.jpg
[2026-04-16T13:10:51.256Z] [+] #60 | 650801973_1474158890737871_4896642690107533998_n.jpg
[2026-04-16T13:10:51.546Z] [VIEWER] Round 60 | Collected: 60
[2026-04-16T13:10:53.052Z] [+] #61 | 650053069_1474157337404693_6914960887233360040_n.jpg
[2026-04-16T13:10:54.845Z] [+] #62 | 650400300_1474157397404687_1737758372332838953_n.jpg
[2026-04-16T13:10:56.642Z] [+] #63 | 649631369_1474157387404688_4567928929326348762_n.jpg
[2026-04-16T13:10:58.434Z] [+] #64 | 651195856_1474157350738025_7250822211336066332_n.jpg
[2026-04-16T13:11:00.227Z] [+] #65 | 650493789_1474157347404692_5400812912784971926_n.jpg
[2026-04-16T13:11:02.022Z] [+] #66 | 651367835_1474157064071387_2991447211161852376_n.jpg
[2026-04-16T13:11:03.813Z] [+] #67 | 649521766_1471232577697169_7200258701026458685_n.jpg
[2026-04-16T13:11:05.604Z] [+] #68 | 649194895_1471232531030507_183805422966558691_n.jpg
[2026-04-16T13:11:07.385Z] [+] #69 | 649521766_1471232357697191_2082434023183400695_n.jpg
[2026-04-16T13:11:09.174Z] [+] #70 | 649207793_1471232294363864_5395071225351872592_n.jpg
[2026-04-16T13:11:10.959Z] [+] #71 | 649335397_1471232327697194_5869182405478606822_n.jpg
[2026-04-16T13:11:12.749Z] [+] #72 | 649086838_1471232217697205_7205325163861242858_n.jpg
[2026-04-16T13:11:14.536Z] [+] #73 | 649070489_1471232191030541_3683274375437119277_n.jpg
[2026-04-16T13:11:16.329Z] [+] #74 | 649075191_1471232164363877_7920475936196586107_n.jpg
[2026-04-16T13:11:18.126Z] [+] #75 | 649274136_1471232001030560_3229927230103532088_n.jpg
[2026-04-16T13:11:19.918Z] [+] #76 | 650127371_1471231967697230_3572873838040559859_n.jpg
[2026-04-16T13:11:21.705Z] [+] #77 | 648848982_1471231871030573_7496175678597542134_n.jpg
[2026-04-16T13:11:23.500Z] [+] #78 | 649486382_1471231844363909_1004283436436624410_n.jpg
[2026-04-16T13:11:25.288Z] [+] #79 | 650122631_1471231787697248_5260938095767449678_n.jpg
[2026-04-16T13:11:27.077Z] [+] #80 | 648186095_1470435387776888_6236931175425061375_n.jpg
[2026-04-16T13:11:27.365Z] [VIEWER] Round 80 | Collected: 80
[2026-04-16T13:11:28.869Z] [+] #81 | 643867763_1465840431569717_6334923085783620625_n.jpg
[2026-04-16T13:11:30.653Z] [+] #82 | 643864853_1465840388236388_7434029243214702143_n.jpg
[2026-04-16T13:11:32.441Z] [+] #83 | 643804646_1465840381569722_3307897936472818676_n.jpg
[2026-04-16T13:11:34.233Z] [+] #84 | 643913092_1465840368236390_3654493152929785920_n.jpg
[2026-04-16T13:11:36.024Z] [+] #85 | 645120656_1465666408253786_2931011107626684302_n.jpg
[2026-04-16T13:11:37.813Z] [+] #86 | 641687063_1462412118579215_121562031012190913_n.jpg
[2026-04-16T13:11:39.607Z] [+] #87 | 643426579_1462412061912554_2706389924524244863_n.jpg
[2026-04-16T13:11:41.394Z] [+] #88 | 643735728_1462412011912559_828906108475604178_n.jpg
[2026-04-16T13:11:43.182Z] [+] #89 | 642442053_1462411948579232_8152087469889374352_n.jpg
[2026-04-16T13:11:44.983Z] [+] #90 | 636010127_1455722395914854_4877413202151482381_n.jpg
[2026-04-16T13:11:46.778Z] [+] #91 | 635467768_1455722369248190_3119517314652541217_n.jpg
[2026-04-16T13:11:48.571Z] [+] #92 | 638275075_1455722245914869_8997560358910775631_n.jpg
[2026-04-16T13:11:50.359Z] [+] #93 | 636254736_1455722225914871_3065060843511968700_n.jpg
[2026-04-16T13:11:52.155Z] [+] #94 | 634780846_1454850409335386_1619654117433576365_n.jpg
[2026-04-16T13:11:53.951Z] [+] #95 | 636682482_1453209439499483_2715067784261373897_n.jpg
[2026-04-16T13:11:55.749Z] [+] #96 | 633436979_1452212852932475_3143252808736498482_n.jpg
[2026-04-16T13:11:57.533Z] [+] #97 | 634099207_1451401063013654_799070694093903280_n.jpg
[2026-04-16T13:11:59.328Z] [+] #98 | 634089875_1451401006346993_7958458384415950949_n.jpg
[2026-04-16T13:12:01.123Z] [+] #99 | 634089875_1451399153013845_310862952392772003_n.jpg
[2026-04-16T13:12:02.917Z] [+] #100 | 634073329_1451399099680517_3097485861075825308_n.jpg
[2026-04-16T13:12:03.203Z] [VIEWER] Round 100 | Collected: 100
[2026-04-16T13:12:04.710Z] [+] #101 | 631228276_1450789263074834_6181905299778644090_n.jpg
[2026-04-16T13:12:06.508Z] [+] #102 | 630462014_1448982239922203_2844123953326659358_n.jpg
[2026-04-16T13:12:08.306Z] [+] #103 | 630075199_1448982043255556_8319314017922514485_n.jpg
[2026-04-16T13:12:10.110Z] [+] #104 | 630630558_1448981376588956_6906710677795023373_n.jpg
[2026-04-16T13:12:11.906Z] [+] #105 | 631570542_1448981239922303_6347751904545054630_n.jpg
[2026-04-16T13:12:13.690Z] [+] #106 | 630948584_1448981209922306_230268306258663976_n.jpg
[2026-04-16T13:12:15.481Z] [+] #107 | 629520682_1448981106588983_9210589422093299899_n.jpg
[2026-04-16T13:12:17.274Z] [+] #108 | 630267731_1448981086588985_4035163919732978110_n.jpg
[2026-04-16T13:12:19.071Z] [+] #109 | 630407922_1448980989922328_5407524217759824793_n.jpg
[2026-04-16T13:12:20.861Z] [+] #110 | 631177726_1447040833449677_8928414273430933083_n.jpg
[2026-04-16T13:12:22.654Z] [+] #111 | 627657930_1446081093545651_7084778537365362600_n.jpg
[2026-04-16T13:12:24.446Z] [+] #112 | 626870404_1444532247033869_1118663469956602319_n.jpg
[2026-04-16T13:12:26.236Z] [+] #113 | 626389273_1444532197033874_8665088249669123387_n.jpg
[2026-04-16T13:17:35.774Z] [+] #114 | 627428099_1444532147033879_7138426190523283803_n.jpg
[2026-04-16T13:17:37.584Z] [+] #115 | 627164241_1444532080367219_4163783630361173330_n.jpg
[2026-04-16T13:17:44.212Z] [+] #116 | 627413942_1444532010367226_6362628786878075753_n.jpg
[2026-04-16T13:17:46.002Z] [+] #117 | 627500167_1444531963700564_6317322333407811238_n.jpg
[2026-04-16T13:17:47.789Z] [+] #118 | 627805109_1444531917033902_8493276566020836799_n.jpg
[2026-04-16T13:17:49.590Z] [+] #119 | 627401065_1444531857033908_3144842120139457504_n.jpg
[2026-04-16T13:17:51.377Z] [+] #120 | 627413771_1444394443714316_488047422378212494_n.jpg
[2026-04-16T13:17:51.670Z] [VIEWER] Round 120 | Collected: 120
[2026-04-16T13:17:53.176Z] [+] #121 | 628391118_1444393720381055_816397072632574220_n.jpg
[2026-04-16T13:17:54.976Z] [+] #122 | 626604577_1442777197209374_1796852741088376096_n.jpg
[2026-04-16T13:17:56.773Z] [+] #123 | 626885522_1442776827209411_8523019482782639696_n.jpg
[2026-04-16T13:17:58.560Z] [+] #124 | 627708839_1442776783876082_158967433684441437_n.jpg
[2026-04-16T13:18:00.353Z] [+] #125 | 623328498_1440494870770940_1251282956306337746_n.jpg
[2026-04-16T13:18:02.151Z] [+] #126 | 625255409_1440494797437614_4873238832607877645_n.jpg
[2026-04-16T13:18:03.952Z] [+] #127 | 624043692_1440494750770952_5939751263777196146_n.jpg
[2026-04-16T13:18:05.752Z] [+] #128 | 623262155_1440494707437623_4859672686606902870_n.jpg
[2026-04-16T13:18:07.547Z] [+] #129 | 623247192_1440494644104296_8158075933062736384_n.jpg
[2026-04-16T13:18:09.333Z] [+] #130 | 624847356_1439680477519046_787380298129062566_n.jpg
[2026-04-16T13:18:11.121Z] [+] #131 | 624684687_1439680460852381_5554748891628532547_n.jpg
[2026-04-16T13:18:12.922Z] [+] #132 | 624291746_1439680417519052_3075138191852243797_n.jpg
[2026-04-16T13:18:14.720Z] [+] #133 | 625190542_1439680390852388_4446463366807605018_n.jpg
[2026-04-16T13:18:16.506Z] [+] #134 | 623403462_1438760807611013_670316070978716414_n.jpg
[2026-04-16T13:18:18.302Z] [+] #135 | 622897468_1438760740944353_2944099742731318399_n.jpg
[2026-04-16T13:18:20.089Z] [+] #136 | 622130683_1438760670944360_2866779949611213549_n.jpg
[2026-04-16T13:18:21.879Z] [+] #137 | 623359053_1438760607611033_1816264946074751751_n.jpg
[2026-04-16T13:33:35.551Z] [+] #138 | 619330249_1436263934527367_2396019421541134079_n.jpg
[2026-04-16T13:33:37.363Z] [+] #139 | 622428602_1436263887860705_618948622673081518_n.jpg
[2026-04-16T13:33:43.783Z] [+] #140 | 622457021_1436263817860712_9179481604425475853_n.jpg
[2026-04-16T13:33:44.073Z] [VIEWER] Round 140 | Collected: 140
[2026-04-16T13:33:45.577Z] [+] #141 | 618888006_1435311004622660_7952197785984764871_n.jpg
[2026-04-16T13:33:47.367Z] [+] #142 | 618355011_1435310391289388_6666752794124206430_n.jpg
[2026-04-16T13:33:49.155Z] [+] #143 | 621214502_1435310371289390_3218067326346446629_n.jpg
[2026-04-16T13:33:50.946Z] [+] #144 | 619197199_1434551108031983_7640622676255680743_n.jpg
[2026-04-16T13:33:52.729Z] [+] #145 | 619185759_1434551014698659_2502782322807610038_n.jpg
[2026-04-16T13:33:54.518Z] [+] #146 | 619211261_1434550911365336_8039870629202589606_n.jpg
[2026-04-16T13:33:56.302Z] [+] #147 | 618211682_1433679074785853_5361651643142701352_n.jpg
[2026-04-16T13:33:58.086Z] [+] #148 | 621855490_1433679014785859_7860750580563937069_n.jpg
[2026-04-16T13:33:59.869Z] [+] #149 | 618069762_1433679004785860_9178008685569187073_n.jpg
[2026-04-16T13:34:01.650Z] [+] #150 | 616940480_1432049711615456_526744971833015941_n.jpg
[2026-04-16T13:34:03.434Z] [+] #151 | 616561229_1432049588282135_3210513356942579313_n.jpg
[2026-04-16T13:34:05.213Z] [+] #152 | 616831521_1432049581615469_7616021054496362290_n.jpg
[2026-04-16T13:34:06.995Z] [+] #153 | 618363330_1432049564948804_8741543777388378449_n.jpg
[2026-04-16T13:34:08.787Z] [+] #154 | 616826818_1431985564955204_2780565937360881263_n.jpg
[2026-04-16T13:34:10.574Z] [+] #155 | 616006280_1430501511770276_1323854321912338939_n.jpg
[2026-04-16T13:34:12.355Z] [+] #156 | 615784789_1430499131770514_3137974399960800608_n.jpg
[2026-04-16T13:34:14.141Z] [+] #157 | 616567814_1430499125103848_8476762872047959315_n.jpg
[2026-04-16T13:34:15.926Z] [+] #158 | 615810073_1428983051922122_4158076807966695784_n.jpg
[2026-04-16T13:34:17.709Z] [+] #159 | 615849393_1428983015255459_6788287970453253088_n.jpg
[2026-04-16T13:34:19.507Z] [+] #160 | 616827956_1428983011922126_7081302991150348699_n.jpg
[2026-04-16T13:34:19.802Z] [VIEWER] Round 160 | Collected: 160
[2026-04-16T13:34:21.307Z] [+] #161 | 616042674_1428982998588794_7861684227950898766_n.jpg
[2026-04-16T13:50:44.505Z] [+] #162 | 615440721_1428263165327444_4043109361837000332_n.jpg
[2026-04-16T13:50:46.311Z] [+] #163 | 616016978_1428263108660783_2826369798772912838_n.jpg
[2026-04-16T13:50:51.920Z] [+] #164 | 618196093_1428263061994121_7080161399545199627_n.jpg
[2026-04-16T13:50:53.705Z] [+] #165 | 615441296_1428263018660792_3391605493095593628_n.jpg
[2026-04-16T13:50:55.491Z] [+] #166 | 616381398_1428262941994133_957295131623222018_n.jpg
[2026-04-16T13:50:57.280Z] [+] #167 | 615424516_1428262868660807_3865990940950976607_n.jpg
[2026-04-16T13:50:59.070Z] [+] #168 | 618117688_1428262825327478_45999529886948704_n.jpg
[2026-04-16T13:51:00.862Z] [+] #169 | 616024374_1428262768660817_7160682869348289943_n.jpg
[2026-04-16T13:51:02.648Z] [+] #170 | 615816393_1427427155411045_5824452240022448445_n.jpg
[2026-04-16T13:51:04.433Z] [+] #171 | 617386898_1427427135411047_4445019217246243529_n.jpg
[2026-04-16T13:51:06.226Z] [+] #172 | 616668809_1427427132077714_8116691709864225847_n.jpg
[2026-04-16T13:51:08.015Z] [+] #173 | 615802338_1426639392156488_250111277265516527_n.jpg
[2026-04-16T13:51:09.808Z] [+] #174 | 615469061_1425959822224445_5414280310605176678_n.jpg
[2026-04-16T13:51:11.595Z] [+] #175 | 615873268_1425959818891112_3803415711587464882_n.jpg
[2026-04-16T13:51:13.379Z] [+] #176 | 615409529_1425959825557778_4627918898282220167_n.jpg
[2026-04-16T13:51:15.165Z] [+] #177 | 615288575_1425844285569332_3878152601367848446_n.jpg
[2026-04-16T13:51:16.947Z] [+] #178 | 615091049_1425844272236000_5100795435503996927_n.jpg
[2026-04-16T13:51:18.732Z] [+] #179 | 614440072_1425844278902666_895760423984849879_n.jpg
[2026-04-16T13:51:20.514Z] [+] #180 | 615796114_1425844275569333_7937312249329697999_n.jpg
[2026-04-16T13:51:20.797Z] [VIEWER] Round 180 | Collected: 180
[2026-04-16T13:51:22.302Z] [+] #181 | 615346711_1425844252236002_4250435949585804846_n.jpg
[2026-04-16T13:51:24.089Z] [+] #182 | 615689403_1425844255569335_3070684657081022262_n.jpg
[2026-04-16T13:51:25.883Z] [+] #183 | 615046107_1425844215569339_307169232465583416_n.jpg
[2026-04-16T13:51:27.685Z] [+] #184 | 615023799_1425324588954635_8888212908246820886_n.jpg
[2026-04-16T13:51:29.484Z] [+] #185 | 614132209_1425324218954672_6992544730248268761_n.jpg
[2026-04-16T13:51:31.279Z] [+] #186 | 615925467_1425324182288009_3361521784869959003_n.jpg
[2026-04-16T13:51:33.070Z] [+] #187 | 615761286_1425324185621342_5477569134651701125_n.jpg
[2026-04-16T13:51:34.863Z] [+] #188 | 615055064_1424562169030877_3165206736718467130_n.jpg
[2026-04-16T13:51:36.669Z] [+] #189 | 613914939_1423903105763450_720469207754779695_n.jpg
[2026-04-16T13:51:38.463Z] [+] #190 | 614461545_1423899085763852_1606320470336138564_n.jpg
[2026-04-16T13:51:40.254Z] [+] #191 | 613921219_1423899089097185_4838894969040633289_n.jpg
[2026-04-16T13:51:42.056Z] [+] #192 | 612611730_1423073455846415_6055997228538286421_n.jpg
[2026-04-16T13:51:43.857Z] [+] #193 | 613697740_1423073402513087_6171540612137273410_n.jpg
[2026-04-16T13:51:45.655Z] [+] #194 | 613067305_1423073342513093_6183124758979082159_n.jpg
[2026-04-16T13:51:47.457Z] [+] #195 | 613479413_1423073289179765_9081970338124589084_n.jpg
[2026-04-16T13:51:49.257Z] [+] #196 | 612479910_1423073202513107_4329942817330680221_n.jpg
[2026-04-16T13:51:51.051Z] [+] #197 | 614082432_1423073142513113_1387733677680549560_n.jpg
[2026-04-16T13:51:52.854Z] [+] #198 | 613548292_1423073095846451_8169742801382355942_n.jpg
[2026-04-16T13:51:54.655Z] [+] #199 | 614523865_1423073052513122_4121569473686569185_n.jpg
[2026-04-16T13:51:56.452Z] [+] #200 | 612357514_1423072995846461_7868606492077705253_n.jpg
[2026-04-16T13:51:56.747Z] [VIEWER] Round 200 | Collected: 200
[2026-04-16T13:51:58.254Z] [+] #201 | 613332571_1422329529254141_6052124767708786476_n.jpg
[2026-04-16T13:52:00.054Z] [+] #202 | 612230256_1422329432587484_215801358893322350_n.jpg
[2026-04-16T13:52:01.850Z] [+] #203 | 611604864_1420851776068583_2930009045642811852_n.jpg
[2026-04-16T13:52:03.649Z] [+] #204 | 612275671_1420851759401918_6368712044395166673_n.jpg
[2026-04-16T13:52:05.450Z] [+] #205 | 608915654_1419335252886902_2732809759056288391_n.jpg
[2026-04-16T13:52:07.251Z] [+] #206 | 611242930_1419335212886906_2009393896448786281_n.jpg
[2026-04-16T13:52:09.055Z] [+] #207 | 607448127_1417922393028188_5078745121684124590_n.jpg
[2026-04-16T13:52:10.850Z] [+] #208 | 607118492_1417922326361528_3552036358831805993_n.jpg
[2026-04-16T13:52:12.645Z] [+] #209 | 610951232_1417922306361530_4912575539091418156_n.jpg
[2026-04-16T13:52:14.444Z] [+] #210 | 605807626_1417007236453037_2994017661081449935_n.jpg
[2026-04-16T13:52:16.244Z] [+] #211 | 606071507_1416434823176945_4447945668707560161_n.jpg
[2026-04-16T13:52:18.047Z] [+] #212 | 607733202_1416434753176952_1626465919573970028_n.jpg
[2026-04-16T13:52:19.848Z] [+] #213 | 607643979_1416434633176964_5122039716049476794_n.jpg
[2026-04-16T13:52:21.646Z] [+] #214 | 607932892_1416434406510320_1203730090452997439_n.jpg
[2026-04-16T13:52:23.449Z] [+] #215 | 608054826_1415705676583193_3241957080295525931_n.jpg
[2026-04-16T13:52:25.246Z] [+] #216 | 607557688_1415705619916532_5558178903704719485_n.jpg
[2026-04-16T13:52:27.043Z] [+] #217 | 606423436_1415705556583205_1475715154372448731_n.jpg
[2026-04-16T13:52:28.846Z] [+] #218 | 606405351_1415426973277730_8698847487043795839_n.jpg
[2026-04-16T13:52:30.643Z] [+] #219 | 608195331_1415426919944402_8133566198209856806_n.jpg
[2026-04-16T13:52:32.438Z] [+] #220 | 606482370_1415426873277740_1115126306245477942_n.jpg
[2026-04-16T13:52:32.735Z] [VIEWER] Round 220 | Collected: 220
[2026-04-16T13:52:34.240Z] [+] #221 | 606408074_1415426823277745_669604746760077540_n.jpg
[2026-04-16T13:52:36.029Z] [+] #222 | 605259021_1413470630140031_3549308494385651563_n.jpg
[2026-04-16T13:52:37.823Z] [+] #223 | 605208412_1413470046806756_3998603799979682268_n.jpg
[2026-04-16T13:52:39.612Z] [+] #224 | 605134396_1411452870341807_6256521310796617809_n.jpg
[2026-04-16T13:52:41.409Z] [+] #225 | 605108553_1411452823675145_2159280797134806282_n.jpg
[2026-04-16T13:52:43.199Z] [+] #226 | 605111671_1411452767008484_2533489047192886493_n.jpg
[2026-04-16T13:52:44.994Z] [+] #227 | 606410357_1411452717008489_6445483767905393181_n.jpg
[2026-04-16T13:52:46.792Z] [+] #228 | 602339566_1410639100423184_8079073158761912758_n.jpg
[2026-04-16T13:52:48.589Z] [+] #229 | 602351639_1410639097089851_1578416110815983803_n.jpg
[2026-04-16T13:52:50.385Z] [+] #230 | 603850271_1410639090423185_6663035871887025706_n.jpg
[2026-04-16T13:52:52.181Z] [+] #231 | 603796960_1410639093756518_1092156939887019420_n.jpg
[2026-04-16T13:52:53.978Z] [+] #232 | 604648514_1410639050423189_2789293428263355618_n.jpg
[2026-04-16T13:52:55.780Z] [+] #233 | 605248718_1410639067089854_4844389708263466809_n.jpg
[2026-04-16T13:52:57.585Z] [+] #234 | 600396638_1409298357223925_7492278792074739059_n.jpg
[2026-04-16T13:52:59.382Z] [+] #235 | 603947738_1409289487224812_4350819418561754368_n.jpg
[2026-04-16T13:53:01.181Z] [+] #236 | 605042979_1409289297224831_2402819200023887605_n.jpg
[2026-04-16T13:53:02.982Z] [+] #237 | 603880449_1409289293891498_6430541526132361427_n.jpg
[2026-04-16T13:53:04.776Z] [+] #238 | 601368270_1409289287224832_2589659788240464889_n.jpg
[2026-04-16T13:53:06.571Z] [+] #239 | 603951024_1409174123903015_6122744792060733769_n.jpg
[2026-04-16T13:53:08.369Z] [+] #240 | 601343473_1407746987379062_5325178124924790000_n.jpg
[2026-04-16T13:53:08.658Z] [VIEWER] Round 240 | Collected: 240
[2026-04-16T13:53:10.166Z] [+] #241 | 600087929_1407743777379383_1988190244687657515_n.jpg
[2026-04-16T13:53:11.961Z] [+] #242 | 602899465_1407743770712717_1941338674733490098_n.jpg
[2026-04-16T13:53:13.754Z] [+] #243 | 600435853_1407083667445394_3703416563893107155_n.jpg
[2026-04-16T13:53:15.550Z] [+] #244 | 600706316_1407083640778730_6886438701002390165_n.jpg
[2026-04-16T13:53:17.341Z] [+] #245 | 600288157_1407083637445397_3272004380764771815_n.jpg
[2026-04-16T13:53:19.138Z] [+] #246 | 600874562_1406242710862823_97512284211039640_n.jpg
[2026-04-16T13:53:20.934Z] [+] #247 | 598953411_1405485457605215_2905129087525248918_n.jpg
[2026-04-16T13:53:22.725Z] [+] #248 | 600243742_1404833567670404_6940513600013871077_n.jpg
[2026-04-16T13:53:24.517Z] [+] #249 | 598838692_1404833177670443_7546363923988499146_n.jpg
[2026-04-16T13:53:26.317Z] [+] #250 | 599467619_1401860004634427_9044841653343798260_n.jpg
[2026-04-16T13:53:28.111Z] [+] #251 | 599226065_1401859651301129_6681194630797992203_n.jpg
[2026-04-16T13:53:29.904Z] [+] #252 | 598991459_1401859621301132_108627424790865529_n.jpg
[2026-04-16T13:53:31.701Z] [+] #253 | 595220751_1401859624634465_938987533980211954_n.jpg
[2026-04-16T13:53:33.500Z] [+] #254 | 595368303_1401859604634467_8525867998352734136_n.jpg
[2026-04-16T13:53:35.299Z] [+] #255 | 597695383_1401859577967803_3395630996359831143_n.jpg
[2026-04-16T13:53:37.104Z] [+] #256 | 596802120_1401859551301139_3948655264139566036_n.jpg
[2026-04-16T13:53:38.907Z] [+] #257 | 595240304_1399701938183567_2637373835349432547_n.jpg
[2026-04-16T13:53:40.696Z] [+] #258 | 595164914_1399701841516910_776253133993068702_n.jpg
[2026-04-16T13:53:42.491Z] [+] #259 | 595166775_1399701814850246_5503470410351341352_n.jpg
[2026-04-16T13:53:44.291Z] [+] #260 | 595077072_1399701808183580_4172881859161769426_n.jpg
[2026-04-16T13:53:44.578Z] [VIEWER] Round 260 | Collected: 260
[2026-04-16T13:53:46.084Z] [+] #261 | 595259628_1399701781516916_1552113301017489900_n.jpg
[2026-04-16T13:53:47.874Z] [+] #262 | 595097261_1399701751516919_2124086291621792990_n.jpg
[2026-04-16T13:53:49.671Z] [+] #263 | 595118964_1398114311675663_7725812336721387931_n.jpg
[2026-04-16T13:53:51.474Z] [+] #264 | 595134610_1398114298342331_7470156910542328613_n.jpg
[2026-04-16T13:53:53.268Z] [+] #265 | 595151176_1398114301675664_4501068522732856715_n.jpg
[2026-04-16T13:53:55.059Z] [+] #266 | 595250449_1398114255009002_2638869454883945207_n.jpg
[2026-04-16T13:53:56.860Z] [+] #267 | 594077770_1398114235009004_4058588763088903353_n.jpg
[2026-04-16T13:53:58.656Z] [+] #268 | 594075370_1396028558550905_1771373256526856642_n.jpg
[2026-04-16T13:54:00.456Z] [+] #269 | 594073536_1396027371884357_702984157034178548_n.jpg
[2026-04-16T13:54:02.266Z] [+] #270 | 594063653_1395988535221574_5295630825081692303_n.jpg
[2026-04-16T13:54:04.066Z] [+] #271 | 593424232_1395082401978854_1721331472052963007_n.jpg
[2026-04-16T13:54:05.866Z] [+] #272 | 592057883_1395082165312211_5812112687604588862_n.jpg
[2026-04-16T13:54:07.669Z] [+] #273 | 561132594_1395082128645548_4622695888007587126_n.jpg
[2026-04-16T13:54:09.470Z] [+] #274 | 594522369_1395082051978889_7030206551441445463_n.jpg
[2026-04-16T13:54:11.271Z] [+] #275 | 594012370_1395082018645559_4329480456742639172_n.jpg
[2026-04-16T13:54:13.064Z] [+] #276 | 594071401_1395081938645567_2327972901529307007_n.jpg
[2026-04-16T13:54:14.866Z] [+] #277 | 594194909_1395081605312267_2675565724772186480_n.jpg
[2026-04-16T13:54:16.666Z] [+] #278 | 593396355_1395081565312271_6087846512174770482_n.jpg
[2026-04-16T13:54:18.457Z] [+] #279 | 591256685_1393464382140656_7954698539389422554_n.jpg
[2026-04-16T13:54:20.254Z] [+] #280 | 591949979_1393464325473995_5249017994371678314_n.jpg
[2026-04-16T13:54:20.555Z] [VIEWER] Round 280 | Collected: 280
[2026-04-16T13:54:22.061Z] [+] #281 | 590801070_1392749218878839_1869995872685755481_n.jpg
[2026-04-16T13:54:23.862Z] [+] #282 | 591236761_1392749172212177_5279979408752872234_n.jpg
[2026-04-16T13:54:25.661Z] [+] #283 | 590734300_1392038888949872_3350604910239013666_n.jpg
[2026-04-16T13:54:27.465Z] [+] #284 | 591248841_1392038822283212_6464660996634603820_n.jpg
[2026-04-16T13:54:29.261Z] [+] #285 | 589100913_1389956865824741_1864117376916720743_n.jpg
[2026-04-16T13:54:31.057Z] [+] #286 | 589156976_1389950519158709_5674781666768288918_n.jpg
[2026-04-16T13:54:32.857Z] [+] #287 | 589113037_1389950515825376_5043770022099960366_n.jpg
[2026-04-16T13:54:34.651Z] [+] #288 | 590405547_1389950495825378_5056102961993151073_n.jpg
[2026-04-16T13:54:36.447Z] [+] #289 | 588468639_1388364205984007_3614187601002618785_n.jpg
[2026-04-16T13:54:38.248Z] [+] #290 | 585879598_1386724532814641_9111683755528252813_n.jpg
[2026-04-16T13:54:40.041Z] [+] #291 | 586526168_1386724419481319_3129364128384878273_n.jpg
[2026-04-16T13:54:41.838Z] [+] #292 | 586449957_1386724412814653_3649135926393656424_n.jpg
[2026-04-16T13:54:43.633Z] [+] #293 | 586419404_1386724416147986_4945686353946206492_n.jpg
[2026-04-16T13:54:45.421Z] [+] #294 | 586065866_1386724389481322_9127350691759579068_n.jpg
[2026-04-16T13:54:47.220Z] [+] #295 | 586219563_1386724349481326_1094903935511178182_n.jpg
[2026-04-16T13:54:49.018Z] [+] #296 | 586303976_1386724332814661_2598968171982340350_n.jpg
[2026-04-16T13:54:50.808Z] [+] #297 | 586291269_1386724312814663_8657842094462453700_n.jpg
[2026-04-16T13:54:52.608Z] [+] #298 | 586014682_1385845249569236_1473479541943251630_n.jpg
[2026-04-16T13:54:54.400Z] [+] #299 | 581972684_1382117013275393_4625216872197508490_n.jpg
[2026-04-16T13:54:56.202Z] [+] #300 | 583329107_1382116983275396_2569018188091969376_n.jpg
[2026-04-16T13:54:56.500Z] [VIEWER] Round 300 | Collected: 300
[2026-04-16T13:54:58.015Z] [+] #301 | 584691764_1382116956608732_4014302886352994977_n.jpg
[2026-04-16T13:54:59.808Z] [+] #302 | 582265548_1381377613349333_6927840165369268169_n.jpg
[2026-04-16T13:55:01.600Z] [+] #303 | 583916588_1381368236683604_1133602747190191394_n.jpg
[2026-04-16T13:55:03.401Z] [+] #304 | 582540991_1380768723410222_3975751748325095231_n.jpg
[2026-04-16T13:55:05.202Z] [+] #305 | 581934241_1380609120092849_4865694597894514052_n.jpg
[2026-04-16T13:55:06.993Z] [+] #306 | 581931784_1380609733426121_2347098349436416898_n.jpg
[2026-04-16T13:55:08.791Z] [+] #307 | 581313167_1380609493426145_561521050217241156_n.jpg
[2026-04-16T13:55:10.593Z] [+] #308 | 581076895_1380609450092816_7240548853460390319_n.jpg
[2026-04-16T13:55:12.392Z] [+] #309 | 581949828_1380609396759488_8870994887834575239_n.jpg
[2026-04-16T13:55:14.191Z] [+] #310 | 583204759_1380609343426160_6693470104912482974_n.jpg
[2026-04-16T13:55:15.994Z] [+] #311 | 580789799_1380609293426165_226138608577132343_n.jpg
[2026-04-16T13:55:17.790Z] [+] #312 | 581830811_1380609186759509_8576642050354715253_n.jpg
[2026-04-16T13:55:19.594Z] [+] #313 | 579891135_1378884400265321_6357676749482087468_n.jpg
[2026-04-16T13:55:21.399Z] [+] #314 | 581631093_1378884216932006_590727618235358438_n.jpg
[2026-04-16T13:55:23.200Z] [+] #315 | 579310672_1378883970265364_3847199604948053716_n.jpg
[2026-04-16T13:55:25.002Z] [+] #316 | 580043187_1377887027031725_2176084525496758431_n.jpg
[2026-04-16T13:55:26.802Z] [+] #317 | 578795821_1377886227031805_1941958003810475701_n.jpg
[2026-04-16T13:55:28.600Z] [+] #318 | 580125822_1377871213699973_7644503216648001325_n.jpg
[2026-04-16T13:55:30.392Z] [+] #319 | 580526794_1377871217033306_3500702891262445066_n.jpg
[2026-04-16T13:55:32.195Z] [+] #320 | 578007613_1376173500536411_1405340255801811497_n.jpg
[2026-04-16T13:55:32.487Z] [VIEWER] Round 320 | Collected: 320
[2026-04-16T13:55:33.994Z] [+] #321 | 577735918_1376173497203078_6446086012555155505_n.jpg
[2026-04-16T13:55:35.786Z] [+] #322 | 578069368_1375296933957401_4919071556859280684_n.jpg
[2026-04-16T13:55:37.590Z] [+] #323 | 575171394_1375296883957406_2143691690841011315_n.jpg
[2026-04-16T13:55:39.391Z] [+] #324 | 575129419_1375296840624077_7237644042832806773_n.jpg
[2026-04-16T13:55:41.189Z] [+] #325 | 576844034_1375296800624081_621726821185350030_n.jpg
[2026-04-16T13:55:42.991Z] [+] #326 | 576740846_1375296757290752_929821538992120314_n.jpg
[2026-04-16T13:55:44.793Z] [+] #327 | 576750566_1375296683957426_5710559835310082148_n.jpg
[2026-04-16T13:55:46.584Z] [+] #328 | 577062142_1374517057368722_553809821112782888_n.jpg
[2026-04-16T13:55:48.381Z] [+] #329 | 574349915_1374516994035395_6086906167425369126_n.jpg
[2026-04-16T13:55:50.179Z] [+] #330 | 575113106_1374516930702068_6715144270868469780_n.jpg
[2026-04-16T13:55:51.968Z] [+] #331 | 577454479_1374516904035404_2293241678237561871_n.jpg
[2026-04-16T13:55:53.762Z] [+] #332 | 576946323_1374516854035409_4646740209657445708_n.jpg
[2026-04-16T13:55:55.552Z] [+] #333 | 575135789_1374516777368750_9204758747749792578_n.jpg
[2026-04-16T13:55:57.347Z] [+] #334 | 577060822_1374516720702089_624679737192919922_n.jpg
[2026-04-16T13:55:59.146Z] [+] #335 | 574930615_1373129847507443_7000534375160039608_n.jpg
[2026-04-16T13:56:00.957Z] [+] #336 | 577597334_1372888634198231_6115748890747094424_n.jpg
[2026-04-16T13:56:02.753Z] [+] #337 | 577651440_1372888164198278_3796197926144408206_n.jpg
[2026-04-16T13:56:04.552Z] [+] #338 | 576616184_1372887570865004_8766839730182145323_n.jpg
[2026-04-16T13:56:06.350Z] [+] #339 | 574398912_1372887347531693_3292484290803035990_n.jpg
[2026-04-16T13:56:08.152Z] [+] #340 | 577108097_1372886627531765_2868770998265123940_n.jpg
[2026-04-16T13:56:08.447Z] [VIEWER] Round 340 | Collected: 340
[2026-04-16T13:56:09.953Z] [+] #341 | 576819246_1372886130865148_7192714963440789816_n.jpg
[2026-04-16T13:56:11.752Z] [+] #342 | 574104059_1372064850947276_8006419688123057130_n.jpg
[2026-04-16T13:56:13.553Z] [+] #343 | 575087962_1372063137614114_6698064775015083333_n.jpg
[2026-04-16T13:56:15.348Z] [+] #344 | 574277372_1372058297614598_4129316786431309892_n.jpg
[2026-04-16T14:12:28.499Z] [+] #345 | 576073424_1372058214281273_6232255570539838081_n.jpg
[2026-04-16T14:12:30.301Z] [RETRY] Không tìm thấy ảnh, reload lần 1 | url=https://www.facebook.com/photo/?fbid=1372058184281276&set=pb.100044313229653.-2207520000
[2026-04-16T14:12:37.463Z] [+] #346 | 574493423_1372058204281274_3027009174629269433_n.jpg
[2026-04-16T14:12:39.245Z] [+] #347 | 572385123_1370194294467665_8677273290958704326_n.jpg
[2026-04-16T14:12:41.036Z] [+] #348 | 571246959_1369394051214356_7806638388020500028_n.jpg
[2026-04-16T14:12:42.824Z] [+] #349 | 571337322_1369393991214362_4239488873972239007_n.jpg
[2026-04-16T14:12:44.611Z] [+] #350 | 571789089_1369393934547701_1290090572936371841_n.jpg
[2026-04-16T14:12:46.394Z] [+] #351 | 574888030_1369393894547705_311287226931957340_n.jpg
[2026-04-16T14:12:48.183Z] [+] #352 | 572064690_1369132744573820_8182918878904229265_n.jpg
[2026-04-16T14:12:49.970Z] [+] #353 | 572796197_1369132734573821_558113957111938147_n.jpg
[2026-04-16T14:12:51.762Z] [+] #354 | 572470129_1369132737907154_6747325252422450371_n.jpg
[2026-04-16T14:12:53.557Z] [+] #355 | 571099742_1366922428128185_334703391498358087_n.jpg
[2026-04-16T14:12:55.345Z] [+] #356 | 571239149_1366922378128190_2801718685245788769_n.jpg
[2026-04-16T14:12:57.137Z] [+] #357 | 571272138_1365297051624056_5600880673106409172_n.jpg
[2026-04-16T14:12:58.923Z] [+] #358 | 571568419_1365296598290768_8031561592595794439_n.jpg
[2026-04-16T14:13:00.706Z] [+] #359 | 572434533_1365287504958344_4371418579071010891_n.jpg
[2026-04-16T14:13:02.489Z] [+] #360 | 572969386_1365287501625011_3986741124672256366_n.jpg
[2026-04-16T14:13:02.774Z] [VIEWER] Round 360 | Collected: 360
[2026-04-16T14:13:04.279Z] [+] #361 | 570588818_1365287428291685_1630291411438621602_n.jpg
[2026-04-16T14:13:06.064Z] [+] #362 | 571255806_1365287394958355_3669061376064451505_n.jpg
[2026-04-16T14:13:07.844Z] [+] #363 | 572179552_1365287398291688_2069823814413955794_n.jpg
[2026-04-16T14:13:09.631Z] [+] #364 | 568519131_1362607715226323_5404439707470071803_n.jpg
[2026-04-16T14:13:11.419Z] [+] #365 | 571019223_1362607618559666_1132580162478821437_n.jpg
[2026-04-16T14:13:13.206Z] [+] #366 | 550189135_1362607528559675_3856274493455262613_n.jpg
[2026-04-16T14:13:15.000Z] [+] #367 | 567703112_1362607271893034_3431109976576683928_n.jpg
[2026-04-16T14:29:18.499Z] [+] #368 | 569075681_1362606985226396_381616881105900816_n.jpg
[2026-04-16T14:29:20.293Z] [+] #369 | 568038074_1361760095311085_705987565958052082_n.jpg
[2026-04-16T14:29:26.510Z] [+] #370 | 568920763_1360981485388946_8312373792083941546_n.jpg
[2026-04-16T14:29:28.297Z] [+] #371 | 555115551_1360981555388939_2217910516739411347_n.jpg
[2026-04-16T14:29:30.078Z] [+] #372 | 565267704_1360981558722272_6058968762338484081_n.jpg
[2026-04-16T14:29:31.861Z] [+] #373 | 569411580_1360981468722281_5622226867502829133_n.jpg
[2026-04-16T14:29:33.650Z] [+] #374 | 566381660_1360101355476959_1080818166712443653_n.jpg
[2026-04-16T14:29:35.439Z] [+] #375 | 565705875_1359273485559746_1118949615403377153_n.jpg
[2026-04-16T14:29:37.221Z] [+] #376 | 565118129_1359273358893092_7096389983241917288_n.jpg
[2026-04-16T14:29:39.003Z] [+] #377 | 566213423_1359273095559785_4576715338256767274_n.jpg
[2026-04-16T14:29:40.784Z] [+] #378 | 561857692_1355930649227363_7084123284494371322_n.jpg
[2026-04-16T14:29:42.567Z] [+] #379 | 565135334_1355929389227489_6068392729653513120_n.jpg
[2026-04-16T14:29:44.347Z] [+] #380 | 561325583_1355929382560823_8259953959582250619_n.jpg
[2026-04-16T14:29:44.630Z] [VIEWER] Round 380 | Collected: 380
[2026-04-16T14:29:46.133Z] [+] #381 | 561441515_1355926752561086_2443488460939845504_n.jpg
[2026-04-16T14:29:47.915Z] [+] #382 | 562371453_1355926732561088_2540073157603756266_n.jpg
[2026-04-16T14:29:49.692Z] [+] #383 | 565175323_1355926712561090_8969212565767977011_n.jpg
[2026-04-16T14:29:51.475Z] [+] #384 | 565075664_1355926699227758_5031394538853061966_n.jpg
[2026-04-16T14:29:53.254Z] [+] #385 | 561430935_1355926672561094_8208033158040643251_n.jpg
[2026-04-16T14:29:55.039Z] [+] #386 | 565833579_1355926612561100_8018623504864873460_n.jpg
[2026-04-16T14:29:56.828Z] [+] #387 | 565607342_1355926599227768_343744698554677121_n.jpg
[2026-04-16T14:29:58.616Z] [+] #388 | 560003242_1354396032714158_8748237514834728299_n.jpg
[2026-04-16T14:30:00.405Z] [+] #389 | 559411207_1354395969380831_2446389663917705224_n.jpg
[2026-04-16T14:30:02.203Z] [+] #390 | 564008983_1354395952714166_7817477290849877863_n.jpg
[2026-04-16T14:30:03.994Z] [+] #391 | 561797435_1354395922714169_5463720855396246224_n.jpg
[2026-04-16T14:30:05.787Z] [+] #392 | 560281533_1354395872714174_8613653346629144008_n.jpg
[2026-04-16T14:45:04.461Z] [+] #393 | 561892125_1353461482807613_95132158730630736_n.jpg
[2026-04-16T14:45:06.252Z] [+] #394 | 558971256_1353461439474284_8564989735158197747_n.jpg
[2026-04-16T14:45:12.259Z] [+] #395 | 558976265_1353461402807621_2859944785053415675_n.jpg
[2026-04-16T14:45:14.048Z] [+] #396 | 558891860_1352665202887241_4619624829031452565_n.jpg
[2026-04-16T14:45:15.838Z] [+] #397 | 559041903_1352665142887247_5832843781337273693_n.jpg
[2026-04-16T14:45:17.628Z] [+] #398 | 558918688_1352338182919943_2258554225471777079_n.jpg
[2026-04-16T14:45:19.414Z] [+] #399 | 560279821_1352338136253281_8494470743861214755_n.jpg
[2026-04-16T14:45:21.203Z] [+] #400 | 560039896_1352338086253286_3447800595559037023_n.jpg
[2026-04-16T14:45:21.485Z] [VIEWER] Round 400 | Collected: 400
[2026-04-16T14:45:22.991Z] [+] #401 | 561532842_1351752152978546_3467354788185286621_n.jpg
[2026-04-16T14:45:24.779Z] [+] #402 | 560014411_1351752129645215_4595551906037261794_n.jpg
[2026-04-16T14:45:26.566Z] [+] #403 | 558954612_1351752099645218_695852792953662347_n.jpg
[2026-04-16T14:45:28.353Z] [+] #404 | 558886642_1351752056311889_2543074058963148924_n.jpg
[2026-04-16T14:45:30.140Z] [+] #405 | 558172451_1351474143006347_3710577744161381126_n.jpg
[2026-04-16T14:45:31.921Z] [+] #406 | 558346815_1351474116339683_740621343525420392_n.jpg
[2026-04-16T14:45:33.708Z] [+] #407 | 559041950_1351474073006354_1698047912080419679_n.jpg
[2026-04-16T14:45:35.495Z] [+] #408 | 558978478_1351474053006356_9030389850830351113_n.jpg
[2026-04-16T14:45:37.290Z] [+] #409 | 559473727_1349603569860071_7724000082924773584_n.jpg
[2026-04-16T14:45:39.083Z] [+] #410 | 560071513_1349603306526764_6075686948640295418_n.jpg
[2026-04-16T14:45:40.866Z] [+] #411 | 515436239_1348666456620449_1358511010439500136_n.jpg
[2026-04-16T14:45:42.652Z] [+] #412 | 557605184_1348665996620495_6212886007436807218_n.jpg
[2026-04-16T14:45:44.446Z] [+] #413 | 557797915_1348665989953829_7391029254946320683_n.jpg
[2026-04-16T14:45:46.240Z] [+] #414 | 557633869_1348665933287168_57596672499013033_n.jpg
[2026-04-16T14:45:48.034Z] [+] #415 | 556648281_1346945973459164_7647229909181890655_n.jpg
[2026-04-16T14:45:49.826Z] [+] #416 | 557633841_1346940883459673_779840261829115370_n.jpg
[2026-04-16T14:45:51.618Z] [+] #417 | 558917291_1346939420126486_6256977660292495352_n.jpg
[2026-04-16T15:03:01.205Z] [+] #418 | 557632157_1346937956793299_7165420177382000930_n.jpg
[2026-04-16T15:03:06.304Z] [STUCK] URL không đổi sau ArrowRight round=418, tự reload...
[2026-04-16T15:03:10.908Z] [+] #419 | 557632157_1346937956793299_7165420177382000930_n.jpg
[2026-04-16T15:03:12.705Z] [+] #420 | 556599397_1346004846886610_3085145230011229525_n.jpg
[2026-04-16T15:03:12.992Z] [VIEWER] Round 420 | Collected: 420
[2026-04-16T15:03:14.498Z] [+] #421 | 559113505_1345136973640064_3247257120805426290_n.jpg
[2026-04-16T15:03:16.287Z] [+] #422 | 559412166_1345132986973796_3625153219231604524_n.jpg
[2026-04-16T15:03:18.073Z] [+] #423 | 557638083_1345132933640468_976725153959931697_n.jpg
[2026-04-16T15:03:19.863Z] [+] #424 | 557436529_1344231140397314_2729742739933539937_n.jpg
[2026-04-16T15:03:21.637Z] [+] #425 | 556849864_1344231113730650_3825995489030601423_n.jpg
[2026-04-16T15:03:23.422Z] [+] #426 | 558871547_1343387203815041_3934475923819663071_n.jpg
[2026-04-16T15:03:25.199Z] [+] #427 | 557060093_1343387207148374_8171675477096645017_n.jpg
[2026-04-16T15:03:26.987Z] [+] #428 | 556580530_1340844570735971_1625828037023389013_n.jpg
[2026-04-16T15:03:28.769Z] [+] #429 | 555252597_1340844540735974_234859962384750719_n.jpg
[2026-04-16T15:03:30.555Z] [+] #430 | 555613484_1340844474069314_1705189031225717114_n.jpg
[2026-04-16T15:03:32.337Z] [+] #431 | 555383536_1340844434069318_1347437190786152748_n.jpg
[2026-04-16T15:03:34.125Z] [+] #432 | 554863854_1337403534413408_1261618712025358907_n.jpg
[2026-04-16T15:03:35.918Z] [+] #433 | 554842157_1337403091080119_978784960710453910_n.jpg
[2026-04-16T15:03:37.714Z] [+] #434 | 554789756_1337403094413452_8421561012500311136_n.jpg
[2026-04-16T15:03:39.506Z] [+] #435 | 553025183_1336504221170006_4008843142340861456_n.jpg
[2026-04-16T15:03:41.299Z] [+] #436 | 550218811_1336504171170011_6431885429465610241_n.jpg
[2026-04-16T15:03:43.093Z] [+] #437 | 549186674_1336504131170015_4802680058294226624_n.jpg
[2026-04-16T15:03:44.894Z] [+] #438 | 549806413_1333865851433843_405416792110726703_n.jpg
[2026-04-16T15:03:46.685Z] [+] #439 | 549304681_1333865644767197_4817338797809129527_n.jpg
[2026-04-16T15:12:12.491Z] [+] #440 | 531846821_1333865641433864_8215163046638934871_n.jpg
[2026-04-16T15:12:12.773Z] [VIEWER] Round 440 | Collected: 440
[2026-04-16T15:12:14.281Z] [+] #441 | 549782064_1333865481433880_4982898160189387175_n.jpg
[2026-04-16T15:12:19.389Z] [STUCK] URL không đổi sau ArrowRight round=441, tự reload...
[2026-04-16T15:12:24.291Z] [+] #442 | 549782064_1333865481433880_4982898160189387175_n.jpg
[2026-04-16T15:12:26.092Z] [+] #443 | 549848580_1333865474767214_7781825839697980985_n.jpg
[2026-04-16T15:12:27.894Z] [+] #444 | 549806175_1333865444767217_6823548624257605869_n.jpg
[2026-04-16T15:12:29.678Z] [+] #445 | 549385846_1333865401433888_3273980784846952258_n.jpg
[2026-04-16T15:12:31.479Z] [+] #446 | 550497851_1333865368100558_8083374748154703405_n.jpg
[2026-04-16T15:12:33.275Z] [+] #447 | 549653649_1332962918190803_5559007671227490773_n.jpg
[2026-04-16T15:12:35.085Z] [+] #448 | 551371310_1332962588190836_8591620268643824597_n.jpg
[2026-04-16T15:12:36.886Z] [+] #449 | 550906484_1332962411524187_1503897039465742058_n.jpg
[2026-04-16T15:12:38.681Z] [+] #450 | 548276330_1331432368343858_7181657112308765051_n.jpg
[2026-04-16T15:12:40.483Z] [+] #451 | 547400447_1331432335010528_6101977718864608663_n.jpg
[2026-04-16T15:12:42.273Z] [+] #452 | 548264714_1329731358513959_8579705939872216168_n.jpg
[2026-04-16T15:12:44.059Z] [+] #453 | 548193656_1329729091847519_330777070189358882_n.jpg
[2026-04-16T15:12:45.865Z] [+] #454 | 548319604_1329728671847561_5058654727583402785_n.jpg
[2026-04-16T15:12:47.668Z] [+] #455 | 548198677_1329728635180898_9071767606298663220_n.jpg
[2026-04-16T15:12:49.461Z] [+] #456 | 547870007_1329728608514234_8538261900019222571_n.jpg
[2026-04-16T15:12:51.261Z] [+] #457 | 547820387_1329728598514235_1649308103012406498_n.jpg
[2026-04-16T15:12:53.062Z] [+] #458 | 547125752_1329728575180904_2908966307405769176_n.jpg
[2026-04-16T15:12:54.855Z] [+] #459 | 545611732_1325447545609007_5396304090327636506_n.jpg
[2026-04-16T15:12:56.650Z] [+] #460 | 545448199_1325447568942338_1938256014525419431_n.jpg
[2026-04-16T15:12:56.941Z] [VIEWER] Round 460 | Collected: 460
[2026-04-16T15:12:58.445Z] [+] #461 | 545564319_1325447515609010_6524586002397859817_n.jpg
[2026-04-16T15:30:01.490Z] [+] #462 | 545987729_1325447445609017_6086860426279383616_n.jpg
[2026-04-16T15:30:03.294Z] [+] #463 | 545580127_1325447495609012_6761556934074682891_n.jpg
[2026-04-16T15:30:09.905Z] [+] #464 | 546457730_1325447315609030_315921212532778500_n.jpg
[2026-04-16T15:30:11.688Z] [+] #465 | 536277692_1325447468942348_8672303099236786876_n.jpg
[2026-04-16T15:30:13.471Z] [+] #466 | 546583549_1325447575609004_6699788476556509659_n.jpg
[2026-04-16T15:30:15.260Z] [+] #467 | 546054386_1325489638938131_784555105490447443_n.jpg
[2026-04-16T15:30:17.052Z] [+] #468 | 545414008_1325489632271465_6246160800724750134_n.jpg
[2026-04-16T15:30:18.838Z] [+] #469 | 547244834_1325489618938133_4591290726389538334_n.jpg
[2026-04-16T15:30:20.625Z] [+] #470 | 545424090_1325489622271466_1523228361866007113_n.jpg
[2026-04-16T15:30:22.419Z] [+] #471 | 545947927_1325489608938134_5471389092761686586_n.jpg
[2026-04-16T15:30:24.209Z] [+] #472 | 545797030_1324740422346386_3345344481572494058_n.jpg
[2026-04-16T15:30:25.998Z] [+] #473 | 544634358_1324739929013102_1012598367029080831_n.jpg
[2026-04-16T15:30:27.780Z] [+] #474 | 545578479_1324739885679773_44992402368405895_n.jpg
[2026-04-16T15:30:29.563Z] [+] #475 | 544918505_1324739655679796_4995058556477267823_n.jpg
[2026-04-16T15:30:31.351Z] [+] #476 | 545542871_1323233482497080_3892584117807908632_n.jpg
[2026-04-16T15:30:33.139Z] [+] #477 | 544844564_1323233452497083_4742043573474929983_n.jpg
[2026-04-16T15:30:34.932Z] [+] #478 | 542003540_1320908542729574_7991061456490867683_n.jpg
[2026-04-16T15:30:36.722Z] [+] #479 | 543061515_1320908479396247_8831889667946424744_n.jpg
[2026-04-16T15:30:38.508Z] [+] #480 | 541341193_1320908449396250_2503100669071718434_n.jpg
[2026-04-16T15:30:38.791Z] [VIEWER] Round 480 | Collected: 480
[2026-04-16T15:30:40.298Z] [+] #481 | 539353199_1317985973021831_4853654882850665914_n.jpg
[2026-04-16T15:30:42.093Z] [+] #482 | 540967939_1317985946355167_6889760995984451636_n.jpg
[2026-04-16T15:30:43.888Z] [+] #483 | 540490226_1317206109766484_8212203113028569933_n.jpg
[2026-04-16T15:30:45.682Z] [+] #484 | 540274651_1316485889838506_7060335531978260026_n.jpg
[2026-04-16T15:30:47.473Z] [+] #485 | 540900580_1316485859838509_1007906188098173593_n.jpg
[2026-04-16T15:46:09.489Z] [+] #486 | 539593178_1315708946582867_9202843980779053377_n.jpg
[2026-04-16T15:46:11.296Z] [+] #487 | 540697868_1315708903249538_5640177676584788198_n.jpg
[2026-04-16T15:46:15.894Z] [+] #488 | 540006962_1315708859916209_1156508461670334639_n.jpg
[2026-04-16T15:46:17.686Z] [+] #489 | 539185754_1315707916582970_6516428888112814516_n.jpg
[2026-04-16T15:46:19.469Z] [+] #490 | 540493501_1315707853249643_2633596889587733109_n.jpg
[2026-04-16T15:46:21.254Z] [+] #491 | 539941685_1315707806582981_8382571125770960419_n.jpg
[2026-04-16T15:46:23.042Z] [+] #492 | 541270932_1315707723249656_5923894351948085649_n.jpg
[2026-04-16T15:46:24.834Z] [+] #493 | 539518927_1315707686582993_4887334300114531267_n.jpg
[2026-04-16T15:46:26.620Z] [+] #494 | 536268524_1314976859989409_6687017708849440598_n.jpg
[2026-04-16T15:46:28.404Z] [+] #495 | 536284057_1314976836656078_6287688072327626907_n.jpg
[2026-04-16T15:46:30.189Z] [+] #496 | 540509984_1314976833322745_3932565831208314751_n.jpg
[2026-04-16T15:46:31.975Z] [+] #497 | 536273437_1314976666656095_1882117960275057758_n.jpg
[2026-04-16T15:46:33.764Z] [+] #498 | 540376958_1314976636656098_7076147536840575799_n.jpg
[2026-04-16T15:46:35.551Z] [+] #499 | 540129544_1314976643322764_5783853284310543562_n.jpg
[2026-04-16T15:46:37.341Z] [+] #500 | 538988189_1314976596656102_5815119032910496993_n.jpg
[2026-04-16T15:46:37.626Z] [VIEWER] Round 500 | Collected: 500
[2026-04-16T15:46:39.129Z] [+] #501 | 540579899_1314976559989439_4525208042326051705_n.jpg
[2026-04-16T15:46:40.912Z] [+] #502 | 538941478_1314976399989455_209115398922183052_n.jpg
[2026-04-16T15:46:42.700Z] [+] #503 | 538903523_1314976396656122_1304637440582663413_n.jpg
[2026-04-16T15:46:44.483Z] [+] #504 | 536271509_1314976389989456_1874479473660872024_n.jpg
[2026-04-16T15:46:46.272Z] [+] #505 | 535887510_1314976383322790_5637451842106264291_n.jpg
[2026-04-16T15:46:48.062Z] [+] #506 | 540521549_1314976366656125_1914681017277029523_n.jpg
[2026-04-16T15:46:49.861Z] [+] #507 | 540686115_1314976336656128_678804746970979574_n.jpg
[2026-04-16T15:46:51.651Z] [+] #508 | 539039296_1314976299989465_6370310213453647048_n.jpg
[2026-04-16T15:46:53.436Z] [+] #509 | 539258136_1314976256656136_1706170820161563837_n.jpg
[2026-04-16T15:46:55.230Z] [+] #510 | 536272760_1314976236656138_8719997808089059778_n.jpg
[2026-04-16T15:46:57.031Z] [+] #511 | 515439121_1314976233322805_1536813097181879952_n.jpg
[2026-04-16T15:46:58.824Z] [+] #512 | 539621800_1313384666815295_2449048521185915613_n.jpg
[2026-04-16T15:47:00.617Z] [+] #513 | 538547542_1313384606815301_667828864786427487_n.jpg
[2026-04-16T15:47:02.400Z] [+] #514 | 536284602_1313384586815303_9108665674514406268_n.jpg
[2026-04-16T15:47:04.195Z] [+] #515 | 537694885_1313384570148638_6024815104815099021_n.jpg
[2026-04-16T15:47:05.983Z] [+] #516 | 536275006_1312618740225221_7122360047788373293_n.jpg
[2026-04-16T15:47:07.770Z] [+] #517 | 538327297_1312618690225226_6610738020383332652_n.jpg
[2026-04-16T15:47:09.562Z] [+] #518 | 536275571_1312618600225235_5318839067675058541_n.jpg
[2026-04-16T15:47:11.364Z] [+] #519 | 536272816_1312618546891907_6973134183137713662_n.jpg
[2026-04-16T15:47:13.165Z] [+] #520 | 536924115_1312343136919448_1213076803711859619_n.jpg
[2026-04-16T15:47:13.456Z] [VIEWER] Round 520 | Collected: 520
[2026-04-16T15:47:14.960Z] [+] #521 | 537306695_1311899330297162_3682633528996775590_n.jpg
[2026-04-16T15:47:16.743Z] [+] #522 | 538103037_1311897320297363_5571512807292205471_n.jpg
[2026-04-16T16:03:11.487Z] [+] #523 | 537667647_1311897010297394_5086604457934379608_n.jpg
[2026-04-16T16:03:13.295Z] [+] #524 | 537340016_1311896893630739_7294113325062828236_n.jpg
[2026-04-16T16:03:19.099Z] [+] #525 | 536276017_1311623046991457_7336503177092123700_n.jpg
[2026-04-16T16:03:20.892Z] [+] #526 | 537279367_1311026040384491_3045406192116703902_n.jpg
[2026-04-16T16:03:22.683Z] [+] #527 | 537328757_1311026027051159_1911677228710824240_n.jpg
[2026-04-16T16:03:24.475Z] [+] #528 | 538265257_1311026003717828_6848569929008975100_n.jpg
[2026-04-16T16:03:26.260Z] [+] #529 | 515929426_1310129533807475_4321786390543755099_n.jpg
[2026-04-16T16:03:28.047Z] [+] #530 | 536275995_1310129473807481_4022350272002560717_n.jpg
[2026-04-16T16:03:29.832Z] [+] #531 | 536270905_1310129430474152_5175787027040170487_n.jpg
[2026-04-16T16:03:31.620Z] [+] #532 | 536282824_1310129407140821_5119220070223682904_n.jpg
[2026-04-16T16:03:33.415Z] [+] #533 | 535735115_1308582410628854_3323344451325581371_n.jpg
[2026-04-16T16:03:35.204Z] [+] #534 | 535995417_1308581677295594_5307722937211400781_n.jpg
[2026-04-16T16:03:36.990Z] [+] #535 | 532464476_1306506014169827_7088543200118213240_n.jpg
[2026-04-16T16:03:38.771Z] [+] #536 | 533577142_1306505977503164_2767671200060708642_n.jpg
[2026-04-16T16:03:40.562Z] [+] #537 | 532836819_1306506004169828_1446680263416162553_n.jpg
[2026-04-16T16:03:42.346Z] [+] #538 | 532991001_1305414500945645_4662287787963224523_n.jpg
[2026-04-16T16:03:44.136Z] [+] #539 | 531764602_1305414294278999_4658290354293599760_n.jpg
[2026-04-16T16:03:45.928Z] [+] #540 | 532413058_1305414267612335_1124676175334905470_n.jpg
[2026-04-16T16:03:46.218Z] [VIEWER] Round 540 | Collected: 540
[2026-04-16T16:03:47.725Z] [+] #541 | 533245293_1304607431026352_6871280734937270317_n.jpg
[2026-04-16T16:03:49.511Z] [+] #542 | 533256787_1304607391026356_5475256860318527976_n.jpg
[2026-04-16T16:03:51.296Z] [+] #543 | 531433812_1303886607765101_5483051104567561758_n.jpg
[2026-04-16T16:03:53.099Z] [+] #544 | 531392765_1303884334431995_117569872257255840_n.jpg
[2026-04-16T16:03:54.896Z] [+] #545 | 528851957_1303884307765331_2820646448030317556_n.jpg
[2026-04-16T16:03:56.691Z] [+] #546 | 530872541_1303884304431998_7799796769318633752_n.jpg
[2026-04-16T16:03:58.497Z] [+] #547 | 530231848_1302240647929697_5500829598254378462_n.jpg
[2026-04-16T16:13:12.489Z] [+] #548 | 529954527_1302240587929703_284807071687615571_n.jpg
[2026-04-16T16:13:14.277Z] [RETRY] Không tìm thấy ảnh, reload lần 1 | url=https://www.facebook.com/photo/?fbid=1302240401263055&set=pb.100044313229653.-2207520000
[2026-04-16T16:13:20.339Z] [+] #549 | 530840516_1302240544596374_8431773846437785433_n.jpg
[2026-04-16T16:13:22.123Z] [+] #550 | 530134695_1300767754743653_3905963240005165093_n.jpg
[2026-04-16T16:13:23.919Z] [+] #551 | 529333616_1300767248077037_3689174651908131192_n.jpg
[2026-04-16T16:13:25.716Z] [+] #552 | 530297154_1300767204743708_5562963445716018103_n.jpg
[2026-04-16T16:13:27.511Z] [+] #553 | 528780328_1298478801639215_4570802430155168941_n.jpg
[2026-04-16T16:13:29.308Z] [+] #554 | 528145922_1297594801727615_6464639411450757802_n.jpg
[2026-04-16T16:13:31.122Z] [+] #555 | 527707736_1297591331727962_3565262416764444253_n.jpg
[2026-04-16T16:13:32.916Z] [+] #556 | 528256256_1297591048394657_3446859976245637832_n.jpg
[2026-04-16T16:13:34.714Z] [+] #557 | 527939819_1297589285061500_306327433102340339_n.jpg
[2026-04-16T16:13:36.514Z] [+] #558 | 528168193_1295880595232369_885826698401874216_n.jpg
[2026-04-16T16:13:38.322Z] [+] #559 | 527763482_1295176441969451_6526851651029524532_n.jpg
[2026-04-16T16:13:40.117Z] [+] #560 | 515492899_1295176031969492_9033362182097557058_n.jpg
[2026-04-16T16:13:40.410Z] [VIEWER] Round 560 | Collected: 560
[2026-04-16T16:13:41.919Z] [+] #561 | 527682239_1295175338636228_9013769018857790098_n.jpg
[2026-04-16T16:13:43.724Z] [+] #562 | 525714293_1294420395378389_391317175808850760_n.jpg
[2026-04-16T16:13:45.524Z] [+] #563 | 526018840_1294420375378391_2309572449581097096_n.jpg
[2026-04-16T16:13:47.324Z] [+] #564 | 526601323_1294420368711725_7919898766910660978_n.jpg
[2026-04-16T16:13:49.126Z] [+] #565 | 526782649_1294420348711727_3699044425614495977_n.jpg
[2026-04-16T16:13:50.921Z] [+] #566 | 526620973_1293558142131281_800450707491820407_n.jpg
[2026-04-16T16:13:52.708Z] [+] #567 | 525982075_1293558145464614_8205979168598238811_n.jpg
[2026-04-16T16:13:54.503Z] [+] #568 | 526455804_1293558125464616_7196548996080857017_n.jpg
[2026-04-16T16:13:56.303Z] [+] #569 | 526001603_1293558098797952_5542003585695043544_n.jpg
[2026-04-16T16:13:58.099Z] [+] #570 | 525654647_1293366022150493_4907090897791948106_n.jpg
[2026-04-16T16:13:59.894Z] [+] #571 | 525792591_1293362685484160_2366435073463200643_n.jpg
[2026-04-16T16:29:48.946Z] [+] #572 | 525789578_1292062672280828_3069379527464587449_n.jpg
[2026-04-16T16:29:54.071Z] [STUCK] URL không đổi sau ArrowRight round=572, tự reload...
[2026-04-16T16:29:54.132Z] [ERROR] reload after stuck round=572: page.reload: net::ERR_ABORTED; maybe frame was detached?
Call log:
[2m  - waiting for navigation until "domcontentloaded"[22m

[2026-04-16T16:29:57.411Z] [+] #573 | 525015623_1292062642280831_6961528612406154485_n.jpg
[2026-04-16T16:29:59.201Z] [+] #574 | 525450381_1292062578947504_2637458664143713736_n.jpg
[2026-04-16T16:30:00.993Z] [+] #575 | 515491609_1291258165694612_4121189862809021524_n.jpg
[2026-04-16T16:30:02.782Z] [+] #576 | 524990105_1291258125694616_8240532774084637152_n.jpg
[2026-04-16T16:30:04.566Z] [+] #577 | 524917650_1291258069027955_8343069680652450175_n.jpg
[2026-04-16T16:30:06.350Z] [+] #578 | 525115747_1291258032361292_7231771967745512581_n.jpg
[2026-04-16T16:30:08.129Z] [+] #579 | 524633039_1291257989027963_2161642625271531489_n.jpg
[2026-04-16T16:30:08.409Z] [VIEWER] Round 580 | Collected: 579
[2026-04-16T16:30:09.914Z] [+] #580 | 517690009_1291258375694591_5080740298231556804_n.jpg
[2026-04-16T16:30:11.697Z] [+] #581 | 524627384_1291258292361266_1196867590393611740_n.jpg
[2026-04-16T16:30:13.481Z] [+] #582 | 524638619_1291258222361273_3510264295637346104_n.jpg
[2026-04-16T16:30:15.266Z] [+] #583 | 523404521_1289056932581402_1710462722613210257_n.jpg
[2026-04-16T16:30:17.053Z] [+] #584 | 519208423_1289056259248136_3277954329529107380_n.jpg
[2026-04-16T16:30:18.841Z] [+] #585 | 522215939_1289055939248168_4474341104339704481_n.jpg
[2026-04-16T16:30:20.634Z] [+] #586 | 522182125_1289055892581506_8246467337384281349_n.jpg
[2026-04-16T16:30:22.422Z] [+] #587 | 518344559_1287505906069838_7613292634513619574_n.jpg
[2026-04-16T16:30:24.213Z] [+] #588 | 522631920_1287505909403171_7616430838592744664_n.jpg
[2026-04-16T16:30:26.012Z] [+] #589 | 522190591_1287505932736502_7739561854985306565_n.jpg
[2026-04-16T16:30:27.809Z] [+] #590 | 518405707_1286845189469243_8942105113695079090_n.jpg
[2026-04-16T16:30:29.612Z] [+] #591 | 520037625_1286112796209149_7027009411084637112_n.jpg
[2026-04-16T16:30:31.403Z] [+] #592 | 522442414_1286112789542483_5185834345895198411_n.jpg
[2026-04-16T16:30:33.201Z] [+] #593 | 520291465_1286112786209150_9107102828693923182_n.jpg
[2026-04-16T16:45:58.486Z] [+] #594 | 518378152_1285287019625060_4444311031720808983_n.jpg
[2026-04-16T16:46:00.294Z] [+] #595 | 518399922_1285286826291746_7398993746620305286_n.jpg
[2026-04-16T16:46:06.099Z] [+] #596 | 518378302_1285286339625128_375685532352070841_n.jpg
[2026-04-16T16:46:07.883Z] [+] #597 | 517987541_1283189413168154_2051921782279040218_n.jpg
[2026-04-16T16:46:09.670Z] [+] #598 | 518311697_1280933120060450_556732106864739571_n.jpg
[2026-04-16T16:46:11.459Z] [+] #599 | 518317829_1280933106727118_6662314939746255327_n.jpg
[2026-04-16T16:46:11.741Z] [VIEWER] Round 600 | Collected: 599
[2026-04-16T16:46:13.248Z] [+] #600 | 520234547_1280933096727119_4800352346470158569_n.jpg
[2026-04-16T16:46:15.033Z] [+] #601 | 518281169_1278564753630620_3014901959955270317_n.jpg
[2026-04-16T16:46:16.817Z] [+] #602 | 517034344_1278564620297300_5372149228971191144_n.jpg
[2026-04-16T16:46:18.609Z] [+] #603 | 518302050_1278564500297312_5869291143601813787_n.jpg
[2026-04-16T16:46:20.398Z] [+] #604 | 518307893_1277880580365704_2204515818050997793_n.jpg
[2026-04-16T16:46:22.179Z] [+] #605 | 517915295_1277880583699037_1918452045643954400_n.jpg
[2026-04-16T16:46:23.976Z] [+] #606 | 518276080_1277880577032371_1039688721434875796_n.jpg
[2026-04-16T16:46:25.765Z] [+] #607 | 518278019_1277004870453275_183549437418830929_n.jpg
[2026-04-16T16:46:27.552Z] [+] #608 | 516528927_1275594410594321_6409427471856005027_n.jpg
[2026-04-16T16:46:29.344Z] [+] #609 | 515744024_1275594260594336_701914272353866294_n.jpg
[2026-04-16T16:46:31.127Z] [+] #610 | 514414428_1272944417525987_2067110404683624103_n.jpg
[2026-04-16T16:46:32.907Z] [+] #611 | 515832408_1272944420859320_8964032474010128865_n.jpg
[2026-04-16T16:46:34.698Z] [+] #612 | 514406167_1272944390859323_8725007818608078404_n.jpg
[2026-04-16T16:46:36.486Z] [+] #613 | 514263262_1272944280859334_7134422717743334821_n.jpg
[2026-04-16T16:46:38.273Z] [+] #614 | 514066660_1272944277526001_821166402521037100_n.jpg
[2026-04-16T16:46:40.073Z] [+] #615 | 513991528_1272944274192668_3552672874393192662_n.jpg
[2026-04-16T16:46:41.862Z] [+] #616 | 515409261_1272944270859335_6237279762193614878_n.jpg
[2026-04-16T16:46:43.645Z] [+] #617 | 515262026_1272944240859338_6516689525084563547_n.jpg
[2026-04-16T16:46:45.435Z] [+] #618 | 515013694_1272944197526009_6251606081357568679_n.jpg
[2026-04-16T17:03:44.482Z] [+] #619 | 514264435_1272290877591341_2918023732343628109_n.jpg
[2026-04-16T17:03:44.814Z] [VIEWER] Round 620 | Collected: 619
[2026-04-16T17:03:46.322Z] [+] #620 | 515104997_1272290574258038_6507946203637373425_n.jpg
[2026-04-16T17:03:51.822Z] [+] #621 | 514229943_1272290564258039_1041926681676487714_n.jpg
[2026-04-16T17:03:53.608Z] [+] #622 | 513999406_1270685791085183_7904520908237816557_n.jpg
[2026-04-16T17:03:55.392Z] [+] #623 | 504380169_1270685767751852_5813934684257224723_n.jpg
[2026-04-16T17:03:57.183Z] [+] #624 | 504379095_1270685727751856_6264346389503231107_n.jpg
[2026-04-16T17:03:58.975Z] [+] #625 | 506760317_1270685677751861_5286011661434353164_n.jpg
[2026-04-16T17:04:00.767Z] [+] #626 | 514329130_1269949631158799_966553037526311139_n.jpg
[2026-04-16T17:04:02.555Z] [+] #627 | 513921683_1268200234667072_2596319052359461261_n.jpg
[2026-04-16T17:04:04.336Z] [+] #628 | 511055046_1268200254667070_3826324838278146558_n.jpg
[2026-04-16T17:04:06.127Z] [+] #629 | 513694272_1268200231333739_7125958402641735465_n.jpg
[2026-04-16T17:04:07.917Z] [+] #630 | 511973697_1268200181333744_7137779345610502169_n.jpg
[2026-04-16T17:04:09.709Z] [+] #631 | 511201445_1268200211333741_8370794992839499796_n.jpg
[2026-04-16T17:04:11.492Z] [+] #632 | 513910027_1268283044658791_5041386298657810814_n.jpg
[2026-04-16T17:04:13.280Z] [+] #633 | 513479927_1268283001325462_421613572805764967_n.jpg
[2026-04-16T17:04:15.069Z] [+] #634 | 513532410_1268282947992134_4162864894678936980_n.jpg
[2026-04-16T17:04:16.854Z] [+] #635 | 513522513_1266012151552547_4200487199427228312_n.jpg
[2026-04-16T17:04:18.643Z] [+] #636 | 504381328_1266012118219217_6180181186133610663_n.jpg
[2026-04-16T17:04:20.431Z] [+] #637 | 510408357_1266012051552557_3891006463032475576_n.jpg
[2026-04-16T17:04:22.219Z] [+] #638 | 511999473_1266012028219226_2472588418150431153_n.jpg
[2026-04-16T17:04:24.012Z] [+] #639 | 511277377_1265346404952455_4657443076894306410_n.jpg
[2026-04-16T17:04:24.295Z] [VIEWER] Round 640 | Collected: 639
[2026-04-16T17:04:25.803Z] [+] #640 | 511138118_1265346438285785_7023101671903730118_n.jpg
[2026-04-16T17:04:27.601Z] [+] #641 | 511026510_1265346531619109_6936407151583324179_n.jpg
[2026-04-16T17:04:29.393Z] [+] #642 | 513014909_1265346521619110_4002992420466506009_n.jpg
[2026-04-16T17:04:31.188Z] [+] #643 | 509436660_1265346541619108_5792052642574553461_n.jpg
[2026-04-16T17:14:12.378Z] [+] #644 | 511141071_1265346448285784_4675950765841934406_n.jpg
[2026-04-16T17:14:14.169Z] [+] #645 | 511097399_1265346504952445_4341153592082641737_n.jpg
[2026-04-16T17:14:20.391Z] [+] #646 | 511143721_1265346534952442_4356879892260128013_n.jpg
[2026-04-16T17:14:22.177Z] [+] #647 | 509440578_1262989551854807_244828694920008039_n.jpg
[2026-04-16T17:14:23.960Z] [+] #648 | 507979999_1260822748738154_2591468754344085721_n.jpg
[2026-04-16T17:14:25.763Z] [+] #649 | 508744160_1260822742071488_3092054469321160145_n.jpg
[2026-04-16T17:14:27.552Z] [+] #650 | 506490029_1260822732071489_3563066619135550293_n.jpg
[2026-04-16T17:14:29.348Z] [+] #651 | 508465548_1260822718738157_7490039764214400713_n.jpg
[2026-04-16T17:14:31.150Z] [+] #652 | 506493444_1260822688738160_2056885827827990909_n.jpg
[2026-04-16T17:14:32.937Z] [+] #653 | 508855169_1260155588804870_453465236149722137_n.jpg
[2026-04-16T17:14:34.734Z] [+] #654 | 506481867_1260153002138462_4530309547023982334_n.jpg
[2026-04-16T17:14:36.529Z] [+] #655 | 507725667_1257909599029469_4484387676967390262_n.jpg
[2026-04-16T17:14:38.325Z] [+] #656 | 506969354_1257909572362805_401115576062100496_n.jpg
[2026-04-16T17:14:40.119Z] [+] #657 | 506470296_1257909549029474_2919949517724280107_n.jpg
[2026-04-16T17:14:41.911Z] [+] #658 | 506451862_1257909552362807_5132840845907371481_n.jpg
[2026-04-16T17:14:43.703Z] [+] #659 | 506467469_1257909515696144_8464472639634780422_n.jpg
[2026-04-16T17:14:43.980Z] [VIEWER] Round 660 | Collected: 659
[2026-04-16T17:14:45.488Z] [+] #660 | 506485165_1257909495696146_6938516672709706232_n.jpg
[2026-04-16T17:14:47.280Z] [+] #661 | 506455529_1257909469029482_8317285646153963568_n.jpg
[2026-04-16T17:14:49.065Z] [+] #662 | 505748671_1256456932508069_6720959689209459598_n.jpg
[2026-04-16T17:14:50.859Z] [+] #663 | 504795393_1256456885841407_7402423314848205190_n.jpg
[2026-04-16T17:14:52.660Z] [+] #664 | 505986692_1256456872508075_331705927522257358_n.jpg
[2026-04-16T17:14:54.458Z] [+] #665 | 505730515_1255729089247520_3110918353980347706_n.jpg
[2026-04-16T17:14:56.257Z] [+] #666 | 505136011_1255729049247524_6782564089067454048_n.jpg
[2026-04-16T17:14:58.057Z] [+] #667 | 506441210_1255729022580860_9214276992725939445_n.jpg
[2026-04-16T17:31:42.366Z] [+] #668 | 503565485_1255728959247533_7564159086040738946_n.jpg
[2026-04-16T17:31:44.171Z] [+] #669 | 495602442_1255014952652267_8486925095588533259_n.jpg
[2026-04-16T17:31:49.966Z] [+] #670 | 502860094_1255014929318936_3970541591445569880_n.jpg
[2026-04-16T17:31:51.754Z] [+] #671 | 504426792_1253668206120275_5793387334664612687_n.jpg
[2026-04-16T17:31:53.559Z] [+] #672 | 503588880_1252781406208955_1699242210517138720_n.jpg
[2026-04-16T17:31:55.352Z] [+] #673 | 505104153_1252678552885907_300688339196792391_n.jpg
[2026-04-16T17:31:57.145Z] [+] #674 | 505032762_1252678549552574_6172968914529595198_n.jpg
[2026-04-16T17:31:58.938Z] [+] #675 | 503850880_1249899616497134_6636986307998599758_n.jpg
[2026-04-16T17:32:00.729Z] [+] #676 | 502836109_1248391573314605_5925566003281161991_n.jpg
[2026-04-16T17:32:02.514Z] [+] #677 | 502409154_1248391536647942_3177117211368766647_n.jpg
[2026-04-16T17:32:04.302Z] [+] #678 | 503043750_1248391523314610_5914672705381634688_n.jpg
[2026-04-16T17:32:06.094Z] [+] #679 | 503184849_1248391533314609_5313945924114346953_n.jpg
[2026-04-16T17:32:06.387Z] [VIEWER] Round 680 | Collected: 679
[2026-04-16T17:32:07.894Z] [+] #680 | 500949291_1248167293337033_4945551708211942836_n.jpg
[2026-04-16T17:32:09.684Z] [+] #681 | 501886376_1247698366717259_1717650611721293472_n.jpg
[2026-04-16T17:32:11.469Z] [+] #682 | 502674335_1247698306717265_421948515380251928_n.jpg
[2026-04-16T17:32:13.261Z] [+] #683 | 502257616_1247698303383932_4318253473862622201_n.jpg
[2026-04-16T17:32:15.059Z] [+] #684 | 502080549_1247698266717269_5625637961999898574_n.jpg
[2026-04-16T17:32:16.857Z] [+] #685 | 502254172_1245501420270287_1760747645324607622_n.jpg
[2026-04-16T17:32:18.652Z] [+] #686 | 499338583_1244666077020488_1629396196213407566_n.jpg
[2026-04-16T17:32:20.455Z] [+] #687 | 501513005_1243953937091702_2467080493569034702_n.jpg
[2026-04-16T17:32:22.260Z] [+] #688 | 500204319_1243953747091721_4234367681527623938_n.jpg
[2026-04-16T17:32:24.052Z] [+] #689 | 500136539_1242612260559203_3058945746448317688_n.jpg
[2026-04-16T17:32:25.845Z] [+] #690 | 500198384_1240348120785617_8892682065196193795_n.jpg
[2026-04-16T17:32:27.644Z] [+] #691 | 500087048_1238992244254538_2231046257998300072_n.jpg
[2026-04-16T17:32:29.449Z] [+] #692 | 499947608_1238991550921274_7144266116025927364_n.jpg
[2026-04-16T17:49:57.355Z] [+] #693 | 500086071_1238991284254634_227226753666063115_n.jpg
[2026-04-16T17:49:59.154Z] [+] #694 | 499862378_1238991254254637_3594507598691854466_n.jpg
[2026-04-16T17:50:04.758Z] [+] #695 | 497892078_1237496551070774_7251687454339799289_n.jpg
[2026-04-16T17:50:06.548Z] [+] #696 | 497901447_1237496541070775_6545283726569166887_n.jpg
[2026-04-16T17:50:08.338Z] [+] #697 | 497578167_1237496544404108_7910717649322302349_n.jpg
[2026-04-16T17:50:10.133Z] [+] #698 | 497777751_1237496511070778_6013542689996091567_n.jpg
[2026-04-16T17:50:11.925Z] [+] #699 | 499040605_1237496494404113_4660982950716573072_n.jpg
[2026-04-16T17:50:12.212Z] [VIEWER] Round 700 | Collected: 699
[2026-04-16T17:50:13.718Z] [+] #700 | 497403732_1236125554541207_8972333543413474460_n.jpg
[2026-04-16T17:50:15.501Z] [+] #701 | 496843799_1232652484888514_4769263189245324795_n.jpg
[2026-04-16T17:50:17.288Z] [+] #702 | 496760325_1232652271555202_4162339624294121109_n.jpg
[2026-04-16T17:50:19.079Z] [+] #703 | 496864100_1232652244888538_2599002042559424354_n.jpg
[2026-04-16T17:50:20.870Z] [+] #704 | 495967647_1232652231555206_8487162386612207483_n.jpg
[2026-04-16T17:50:22.658Z] [+] #705 | 495289762_1232652191555210_453231751374143207_n.jpg
[2026-04-16T17:50:24.446Z] [+] #706 | 493679843_1229009715252791_1931959362154684082_n.jpg
[2026-04-16T17:50:26.232Z] [+] #707 | 494682118_1229009675252795_278809566457988780_n.jpg
[2026-04-16T17:50:28.016Z] [+] #708 | 494681029_1229009628586133_7322713350053837618_n.jpg
[2026-04-16T17:50:29.811Z] [+] #709 | 494681456_1229009578586138_313599666192165395_n.jpg
[2026-04-16T17:50:31.608Z] [+] #710 | 494647747_1228200742000355_9182192730351404074_n.jpg
[2026-04-16T17:50:33.409Z] [+] #711 | 494646372_1227540172066412_6778297847100865117_n.jpg
[2026-04-16T17:50:35.200Z] [+] #712 | 495201135_1226890008798095_2193403031447200527_n.jpg
[2026-04-16T17:50:37.001Z] [+] #713 | 490473744_1226889968798099_1992839992600814512_n.jpg
[2026-04-16T17:50:38.802Z] [+] #714 | 493327522_1226889922131437_8146293896579848778_n.jpg
[2026-04-16T17:50:40.596Z] [+] #715 | 495197986_1226094965544266_3037636788954739272_n.jpg
[2026-04-16T17:50:42.397Z] [+] #716 | 494643855_1226094442210985_2447100134011430366_n.jpg
[2026-04-16T18:06:08.343Z] [+] #717 | 494693234_1226094105544352_8053826082619212667_n.jpg
[2026-04-16T18:06:10.186Z] [+] #718 | 494439030_1224583312362098_92624900360770329_n.jpg
[2026-04-16T18:06:16.205Z] [+] #719 | 493828620_1224583215695441_5858679432918025701_n.jpg
[2026-04-16T18:06:16.483Z] [VIEWER] Round 720 | Collected: 719
[2026-04-16T18:06:17.987Z] [+] #720 | 493758908_1224583169028779_7368913430686842297_n.jpg
[2026-04-16T18:06:19.775Z] [+] #721 | 494411435_1224583159028780_2382890156449217552_n.jpg
[2026-04-16T18:06:21.566Z] [+] #722 | 494520015_1224583129028783_1527236541205493567_n.jpg
[2026-04-16T18:06:23.359Z] [+] #723 | 493256630_1224583119028784_2064165519062515995_n.jpg
[2026-04-16T18:06:25.153Z] [+] #724 | 493274442_1224583122362117_4703555562204298015_n.jpg
[2026-04-16T18:06:26.933Z] [+] #725 | 494480285_1224583075695455_6541742796154940252_n.jpg
[2026-04-16T18:06:28.723Z] [+] #726 | 494183555_1224583065695456_9116361683534799806_n.jpg
[2026-04-16T18:06:30.507Z] [+] #727 | 493096969_1222651705888592_3625830360443222361_n.jpg
[2026-04-16T18:06:32.293Z] [+] #728 | 492483065_1222651529221943_3502938672517199416_n.jpg
[2026-04-16T18:06:34.075Z] [+] #729 | 492949779_1222651462555283_390202275448999432_n.jpg
[2026-04-16T18:06:35.859Z] [+] #730 | 492928055_1221863222634107_3674844154453955646_n.jpg
[2026-04-16T18:06:37.643Z] [+] #731 | 493983546_1221863402634089_6307491026118705176_n.jpg
[2026-04-16T18:06:39.431Z] [+] #732 | 493081309_1221863312634098_4664862785081353188_n.jpg
[2026-04-16T18:06:41.220Z] [+] #733 | 493261627_1221126442707785_2348988649112553344_n.jpg
[2026-04-16T18:06:43.005Z] [+] #734 | 492487025_1220345282785901_8907568255569982406_n.jpg
[2026-04-16T18:06:44.793Z] [+] #735 | 492271925_1220345279452568_6204328281035708183_n.jpg
[2026-04-16T18:06:46.587Z] [+] #736 | 492906839_1219557916197971_4640913857760654362_n.jpg
[2026-04-16T18:06:48.391Z] [+] #737 | 492093252_1219557896197973_25197873359141731_n.jpg
[2026-04-16T18:06:50.197Z] [+] #738 | 492060538_1218815356272227_211780884882844917_n.jpg
[2026-04-16T18:06:52.003Z] [+] #739 | 492618731_1218814532938976_6581840487821199369_n.jpg
[2026-04-16T18:06:52.294Z] [VIEWER] Round 740 | Collected: 739
[2026-04-16T18:06:53.801Z] [+] #740 | 493274351_1218812499605846_1331299193361432534_n.jpg
[2026-04-16T18:06:58.215Z] [+] #741 | 492068137_1218072769679819_5472757311417114345_n.jpg
[2026-04-16T18:07:00.012Z] [+] #742 | 493137192_1218072766346486_5844907802794246453_n.jpg
[2026-04-16T18:07:05.630Z] [+] #743 | 492088591_1218072726346490_562115687430722658_n.jpg
[2026-04-16T18:07:07.423Z] [+] #744 | 490093850_1217368033083626_2407377953946753360_n.jpg
[2026-04-16T18:07:09.212Z] [+] #745 | 490514637_1217368013083628_2515894816686582222_n.jpg
[2026-04-16T18:07:11.008Z] [+] #746 | 491910742_1217367956416967_2362679966785136995_n.jpg
[2026-04-16T18:07:12.801Z] [+] #747 | 491751396_1216613129825783_4756876911357725500_n.jpg
[2026-04-16T18:07:14.605Z] [+] #748 | 491998342_1216612766492486_6806813534798262568_n.jpg
[2026-04-16T18:07:16.408Z] [+] #749 | 491982150_1216612606492502_7403293602053986845_n.jpg
[2026-04-16T18:07:18.202Z] [+] #750 | 491829487_1215855699901526_4952848908897147210_n.jpg
[2026-04-16T18:07:19.986Z] [+] #751 | 492347458_1215853909901705_3335702389663114437_n.jpg
[2026-04-16T18:07:21.788Z] [+] #752 | 492065657_1215853899901706_3635214274146028598_n.jpg
[2026-04-16T18:07:23.579Z] [+] #753 | 490927979_1215853873235042_9100633390841479987_n.jpg
[2026-04-16T18:07:25.382Z] [+] #754 | 491774482_1215183436635419_578972620640479622_n.jpg
[2026-04-16T18:07:27.188Z] [+] #755 | 491941458_1215182819968814_3053489113071702995_n.jpg
[2026-04-16T18:07:28.987Z] [+] #756 | 491831934_1215182729968823_651665582171764446_n.jpg
[2026-04-16T18:07:30.792Z] [+] #757 | 490977445_1215180356635727_6657941087368639834_n.jpg
[2026-04-16T18:07:32.593Z] [+] #758 | 491938882_1214359803384449_6372769821658767487_n.jpg
[2026-04-16T18:07:34.390Z] [+] #759 | 491837857_1214358300051266_2139021292423638971_n.jpg
[2026-04-16T18:07:34.679Z] [VIEWER] Round 760 | Collected: 759
[2026-04-16T18:07:36.185Z] [+] #760 | 490545840_1214358296717933_2108183955193147622_n.jpg
[2026-04-16T18:07:37.981Z] [+] #761 | 490319213_1212815356872227_6965481553626935555_n.jpg
[2026-04-16T18:07:39.777Z] [+] #762 | 490294728_1212815353538894_2032246360433544970_n.jpg
[2026-04-16T18:07:41.570Z] [+] #763 | 489843577_1211210063699423_3544138777363675372_n.jpg
[2026-04-16T18:07:43.366Z] [+] #764 | 490324206_1211210047032758_4109143612293964362_n.jpg
[2026-04-16T18:07:45.171Z] [+] #765 | 489990237_1211210027032760_1796247137933755572_n.jpg
[2026-04-16T18:07:46.978Z] [+] #766 | 489860842_1210439873776442_3143630841645423492_n.jpg
[2026-04-16T18:15:12.347Z] [+] #767 | 490052731_1210439823776447_301980183300216274_n.jpg
[2026-04-16T18:15:14.149Z] [+] #768 | 490091709_1210439810443115_1482977812400531924_n.jpg
[2026-04-16T18:15:19.968Z] [+] #769 | 489931950_1209693580517738_8657442645317516181_n.jpg
[2026-04-16T18:15:21.758Z] [+] #770 | 489956553_1209691853851244_906687071692388923_n.jpg
[2026-04-16T18:15:23.536Z] [+] #771 | 490158582_1209680987185664_6113799377901790525_n.jpg
[2026-04-16T18:15:25.330Z] [+] #772 | 490011140_1209679357185827_1988045472104008654_n.jpg
[2026-04-16T18:15:27.122Z] [+] #773 | 489872087_1208904000596696_5934446205692909595_n.jpg
[2026-04-16T18:15:28.914Z] [+] #774 | 489628857_1208904003930029_1901683205985950678_n.jpg
[2026-04-16T18:15:30.707Z] [+] #775 | 489805155_1208739053946524_360345650395304544_n.jpg
[2026-04-16T18:15:32.504Z] [+] #776 | 489954929_1208110797342683_7208518345945806320_n.jpg
[2026-04-16T18:15:34.302Z] [+] #777 | 487955184_1207353984085031_6391440023949930744_n.jpg
[2026-04-16T18:15:36.108Z] [+] #778 | 489342577_1206399570847139_6930699247749325605_n.jpg
[2026-04-16T18:15:37.905Z] [+] #779 | 488735328_1206399540847142_6424366346225626624_n.jpg
[2026-04-16T18:15:38.192Z] [VIEWER] Round 780 | Collected: 779
[2026-04-16T18:15:39.696Z] [+] #780 | 489287863_1205781687575594_4523848198822778364_n.jpg
[2026-04-16T18:15:41.488Z] [+] #781 | 488504281_1205781640908932_4824593447136345262_n.jpg
[2026-04-16T18:15:43.285Z] [+] #782 | 486683588_1205611227592640_8141320709917779259_n.jpg
[2026-04-16T18:15:45.084Z] [+] #783 | 488982005_1204801017673661_3820416673422923736_n.jpg
[2026-04-16T18:15:46.877Z] [+] #784 | 488700735_1204338081053288_392958147744356854_n.jpg
[2026-04-16T18:15:48.675Z] [+] #785 | 487488095_1203365717817191_3905850229394956465_n.jpg
[2026-04-16T18:15:50.473Z] [+] #786 | 487317472_1201631107990652_4130963415141134660_n.jpg
[2026-04-16T18:15:52.262Z] [+] #787 | 487367959_1201631081323988_5554476856362625191_n.jpg
[2026-04-16T18:15:54.065Z] [+] #788 | 487493262_1201631077990655_3802641045749870176_n.jpg
[2026-04-16T18:15:55.856Z] [+] #789 | 486698682_1200796574740772_3779128078183949313_n.jpg
[2026-04-16T18:15:57.654Z] [+] #790 | 486850496_1200796531407443_3133834433649757547_n.jpg
[2026-04-16T18:15:59.448Z] [+] #791 | 486150529_1200796494740780_3530664001341216608_n.jpg
[2026-04-16T18:32:36.328Z] [+] #792 | 486359734_1200796474740782_6874166718445671718_n.jpg
[2026-04-16T18:32:38.135Z] [+] #793 | 487088225_1200796414740788_5733783744224426823_n.jpg
[2026-04-16T18:32:44.346Z] [+] #794 | 486573905_1197939601693136_7402751587462015309_n.jpg
[2026-04-16T18:32:46.291Z] [+] #795 | 486617105_1197116745108755_2754819383590280507_n.jpg
[2026-04-16T18:32:48.080Z] [+] #796 | 485706947_1197116735108756_6632409972120050013_n.jpg
[2026-04-16T18:32:49.872Z] [+] #797 | 486037792_1196392118514551_6269933255799445990_n.jpg
[2026-04-16T18:32:51.661Z] [+] #798 | 486139339_1194173362069760_5107833191728672745_n.jpg
[2026-04-16T18:32:53.448Z] [+] #799 | 485014441_1194173355403094_3588148415244786538_n.jpg
[2026-04-16T18:32:53.728Z] [VIEWER] Round 800 | Collected: 799
[2026-04-16T18:32:55.235Z] [+] #800 | 485528122_1194173132069783_8223942797747443433_n.jpg
[2026-04-16T18:32:57.025Z] [+] #801 | 485108156_1194173128736450_2702360788082619371_n.jpg
[2026-04-16T18:32:58.815Z] [+] #802 | 485139814_1194173068736456_1330244344411925793_n.jpg
[2026-04-16T18:33:00.606Z] [+] #803 | 486020204_1194173032069793_4851742407653178539_n.jpg
[2026-04-16T18:33:02.393Z] [+] #804 | 485360093_1194173015403128_4188144102393286224_n.jpg
[2026-04-16T18:33:04.183Z] [+] #805 | 485148575_1194173012069795_3594694492161958737_n.jpg
[2026-04-16T18:33:05.973Z] [+] #806 | 485166330_1194173002069796_8258143627352063746_n.jpg
[2026-04-16T18:33:07.763Z] [+] #807 | 485685221_1194172982069798_5074678131592397437_n.jpg
[2026-04-16T18:33:09.555Z] [+] #808 | 480965212_1194172938736469_2732399042646175067_n.jpg
[2026-04-16T18:33:11.349Z] [+] #809 | 484957861_1194172942069802_1096356697468518175_n.jpg
[2026-04-16T18:33:13.129Z] [+] #810 | 485702926_1194172932069803_1742455848422117505_n.jpg
[2026-04-16T18:33:14.926Z] [+] #811 | 485743064_1194172925403137_3119311371755245864_n.jpg
[2026-04-16T18:33:16.716Z] [+] #812 | 485146790_1194172928736470_6498296391651729780_n.jpg
[2026-04-16T18:33:18.512Z] [+] #813 | 480672843_1194172865403143_4422787189207456264_n.jpg
[2026-04-16T18:33:20.302Z] [+] #814 | 485146292_1194172868736476_3634596661433075365_n.jpg
[2026-04-16T18:33:22.098Z] [+] #815 | 484961315_1194172798736483_3165798690887767073_n.jpg
[2026-04-16T18:49:43.489Z] [+] #816 | 485147259_1193418882145208_2774331210562431949_n.jpg
[2026-04-16T18:49:45.298Z] [+] #817 | 484932528_1193418862145210_3922647419378819306_n.jpg
[2026-04-16T18:49:50.904Z] [+] #818 | 485009105_1193418858811877_2772541703453216022_n.jpg
[2026-04-16T18:49:52.695Z] [+] #819 | 485000988_1192766902210406_2597515238528296827_n.jpg
[2026-04-16T18:49:52.974Z] [VIEWER] Round 820 | Collected: 819
[2026-04-16T18:49:54.483Z] [+] #820 | 484801743_1192766865543743_1901923277665181122_n.jpg
[2026-04-16T18:49:56.264Z] [+] #821 | 484962110_1192766815543748_1636098470574664575_n.jpg
[2026-04-16T18:49:58.049Z] [+] #822 | 485064557_1191175695702860_6537440179946872143_n.jpg
[2026-04-16T18:49:59.839Z] [+] #823 | 484241537_1191175682369528_6071503698870118577_n.jpg
[2026-04-16T18:50:01.628Z] [+] #824 | 484274419_1191175665702863_6863472806150465405_n.jpg
[2026-04-16T18:50:03.422Z] [+] #825 | 484285030_1191175659036197_4170426794431149841_n.jpg
[2026-04-16T18:50:05.214Z] [+] #826 | 484137113_1190431315777298_5796872286811011292_n.jpg
[2026-04-16T18:50:07.006Z] [+] #827 | 484500645_1190431309110632_2660778730957436689_n.jpg
[2026-04-16T18:50:08.792Z] [+] #828 | 485096901_1190431299110633_5923922557278185376_n.jpg
[2026-04-16T18:50:10.584Z] [+] #829 | 484366674_1190431279110635_8327453487783201626_n.jpg
[2026-04-16T18:50:12.387Z] [+] #830 | 484852666_1189713972515699_6234219040720530778_n.jpg
[2026-04-16T18:50:14.185Z] [+] #831 | 484160610_1189713935849036_1390330266842785802_n.jpg
[2026-04-16T18:50:15.980Z] [+] #832 | 482090296_1187430612744035_9035801796459898594_n.jpg
[2026-04-16T18:50:17.773Z] [+] #833 | 483853531_1187430616077368_6445221042806888799_n.jpg
[2026-04-16T18:50:19.573Z] [+] #834 | 480306471_1184539426366487_3707831567851911594_n.jpg
[2026-04-16T18:50:21.378Z] [+] #835 | 482268258_1186728069480956_7651642919724171401_n.jpg
[2026-04-16T18:50:23.173Z] [+] #836 | 482081249_1186528052834291_2999042461091811275_n.jpg
[2026-04-16T18:50:24.966Z] [+] #837 | 482061595_1186026019551161_6452403437383491315_n.jpg
[2026-04-16T18:50:26.752Z] [+] #838 | 482057626_1185319639621799_3748024105848168373_n.jpg
[2026-04-16T18:50:28.556Z] [+] #839 | 481985140_1185319616288468_2423171224075663009_n.jpg
[2026-04-16T18:50:28.850Z] [VIEWER] Round 840 | Collected: 839
[2026-04-16T18:50:30.356Z] [+] #840 | 481974344_1185319546288475_602483094995304613_n.jpg
[2026-04-16T19:07:21.963Z] [+] #841 | 480306471_1184539426366487_3707831567851911594_n.jpg
[2026-04-16T19:07:28.370Z] [+] #842 | 481772365_1183272206493209_8217631491756139014_n.jpg
[2026-04-16T19:07:30.157Z] [+] #843 | 482020832_1183272239826539_8455459281069646690_n.jpg
[2026-04-16T19:07:31.951Z] [+] #844 | 481957595_1183272303159866_418391973513281307_n.jpg
[2026-04-16T19:07:33.743Z] [+] #845 | 481655895_1183272163159880_8981274351647432758_n.jpg
[2026-04-16T19:07:35.529Z] [+] #846 | 481956166_1183272109826552_868925155048546572_n.jpg
[2026-04-16T19:07:37.310Z] [+] #847 | 488614326_1203566731130423_1354971042554377410_n.jpg
[2026-04-16T19:07:39.092Z] [+] #848 | 488214557_1203568387796924_2357018525140275250_n.jpg
[2026-04-16T19:07:40.879Z] [+] #849 | 487851105_1203565891130507_6140080096671278499_n.jpg
[2026-04-16T19:07:42.669Z] [+] #850 | 488884695_1203569181130178_6817016978969013435_n.jpg
[2026-04-16T19:07:44.463Z] [+] #851 | 487872084_1203569914463438_2264889002581604664_n.jpg
[2026-04-16T19:07:46.255Z] [+] #852 | 487454549_1202432467910516_4676424342312064584_n.jpg
[2026-04-16T19:07:48.040Z] [+] #853 | 487200329_1201704577983305_712623697640786260_n.jpg
[2026-04-16T19:07:49.832Z] [+] #854 | 488178440_1201703091316787_6625808134622189506_n.jpg
[2026-04-16T19:07:51.624Z] [+] #855 | 488258744_1201704721316624_1729162289431395427_n.jpg
[2026-04-16T19:07:53.404Z] [+] #856 | 487981567_1201703974650032_3733972076787321602_n.jpg
[2026-04-16T19:07:55.200Z] [+] #857 | 487023128_1200830761404020_1944990112510513698_n.jpg
[2026-04-16T19:07:56.988Z] [+] #858 | 487409189_1200830808070682_4764374192784483703_n.jpg
[2026-04-16T19:07:58.781Z] [+] #859 | 480969269_1199371268216636_6228397234387860551_n.jpg
[2026-04-16T19:07:59.071Z] [VIEWER] Round 860 | Collected: 859
[2026-04-16T19:08:00.580Z] [+] #860 | 486169718_1197110758442687_5122803248405833044_n.jpg
[2026-04-16T19:08:02.383Z] [+] #861 | 485802787_1195585428595220_5204920514385544816_n.jpg
[2026-04-16T19:08:04.188Z] [+] #862 | 486554933_1195584368595326_593778260233380143_n.jpg
[2026-04-16T19:08:05.991Z] [+] #863 | 486471519_1195585198595243_7124325495548977862_n.jpg
[2026-04-16T19:08:07.796Z] [+] #864 | 485075863_1193435642143532_5643312180765875697_n.jpg
[2026-04-16T19:08:09.598Z] [+] #865 | 485104984_1193436632143433_8488610243069800559_n.jpg
[2026-04-16T19:08:11.398Z] [+] #866 | 485018435_1193430502144046_7906773448772456296_n.jpg
[2026-04-16T19:08:13.195Z] [+] #867 | 485164363_1192685462218550_7997157111470670366_n.jpg
[2026-04-16T19:08:14.991Z] [+] #868 | 485011557_1192686208885142_6930317482519161027_n.jpg
[2026-04-16T19:08:16.793Z] [+] #869 | 484869530_1192683352218761_4539060803668117547_n.jpg
[2026-04-16T19:16:12.473Z] [+] #870 | 485611842_1192686322218464_8335292981444295615_n.jpg
[2026-04-16T19:16:14.260Z] [+] #871 | 484991292_1191865855633844_6795088314980089328_n.jpg
[2026-04-16T19:16:19.375Z] [STUCK] URL không đổi sau ArrowRight round=872, tự reload...
[2026-04-16T19:16:24.334Z] [+] #872 | 484991292_1191865855633844_6795088314980089328_n.jpg
[2026-04-16T19:16:26.146Z] [+] #873 | 484427178_1191867042300392_7095676973968933064_n.jpg
[2026-04-16T19:16:27.949Z] [+] #874 | 484848603_1191865318967231_9213513947699027280_n.jpg
[2026-04-16T19:16:29.742Z] [+] #875 | 484566485_1191117589042004_9041246676817716968_n.jpg
[2026-04-16T19:16:31.544Z] [+] #876 | 480436629_1189703902516706_1391724972690269828_n.jpg
[2026-04-16T19:16:33.339Z] [+] #877 | 484330991_1188961879257575_357990348737053813_n.jpg
[2026-04-16T19:16:35.132Z] [+] #878 | 484245533_1187373692749727_406749570102214919_n.jpg
[2026-04-16T19:16:36.935Z] [+] #879 | 484020853_1187375886082841_5694992152258216317_n.jpg
[2026-04-16T19:16:37.214Z] [VIEWER] Round 880 | Collected: 879
[2026-04-16T19:16:38.723Z] [+] #880 | 482267856_1186762222810874_6614033675577604661_n.jpg
[2026-04-16T19:16:40.519Z] [+] #881 | 482809700_1186762386144191_4797353772268820761_n.jpg
[2026-04-16T19:16:42.321Z] [+] #882 | 484055497_1186759589477804_4722618163621292368_n.jpg
[2026-04-16T19:16:44.109Z] [+] #883 | 484210001_1186760922811004_2140495921108674998_n.jpg
[2026-04-16T19:16:45.909Z] [+] #884 | 482122041_1184730989680664_1778409545736706104_n.jpg
[2026-04-16T19:16:47.708Z] [+] #885 | 482261100_1185190826301347_5957285599112432990_n.jpg
[2026-04-16T19:16:49.504Z] [+] #886 | 481946890_1184541569699606_5326437984127332649_n.jpg
[2026-04-16T19:16:51.311Z] [+] #887 | 482056846_1184541543032942_2316282064443464970_n.jpg
[2026-04-16T19:16:53.110Z] [+] #888 | 481829817_1184542509699512_1597713575308383240_n.jpg
[2026-04-16T19:16:54.909Z] [+] #889 | 481959047_1184544013032695_6504833696771985217_n.jpg
[2026-04-16T19:16:56.710Z] [+] #890 | 481296152_1183007043186392_3777402413554810351_n.jpg
[2026-04-16T19:16:58.515Z] [+] #891 | 481079909_1182883823198714_3423975586233901935_n.jpg
[2026-04-16T19:17:00.304Z] [+] #892 | 481769252_1182883779865385_1595207152755155116_n.jpg
[2026-04-16T19:17:02.108Z] [+] #893 | 481696585_1182882426532187_4425960899637699848_n.jpg
[2026-04-16T19:17:03.911Z] [+] #894 | 481674853_1182882246532205_5538263624907194840_n.jpg
[2026-04-16T19:17:05.715Z] [+] #895 | 481707568_1182882469865516_1914782928615963084_n.jpg
[2026-04-16T19:33:55.474Z] [+] #896 | 482211982_1182882476532182_6872373550336158372_n.jpg
[2026-04-16T19:33:57.266Z] [+] #897 | 481661089_1182882549865508_7691780333924860643_n.jpg
[2026-04-16T19:34:03.074Z] [+] #898 | 481082756_1182881813198915_1908414621675505855_n.jpg
[2026-04-16T19:34:04.862Z] [+] #899 | 481078841_1182881816532248_5108984927317994613_n.jpg
[2026-04-16T19:34:05.141Z] [VIEWER] Round 900 | Collected: 899
[2026-04-16T19:34:06.648Z] [+] #900 | 481057032_1182881826532247_6727418966300193030_n.jpg
[2026-04-16T19:34:08.451Z] [+] #901 | 481053736_1182881253198971_4643891034985411504_n.jpg
[2026-04-16T19:34:10.239Z] [+] #902 | 482136479_1182881256532304_8402199127850391897_n.jpg
[2026-04-16T19:34:12.023Z] [+] #903 | 481292189_1182881226532307_3743170398936092553_n.jpg
[2026-04-16T19:34:13.809Z] [+] #904 | 481773808_1182881113198985_3018006540897882870_n.jpg
[2026-04-16T19:34:15.602Z] [+] #905 | 482069778_1182881193198977_7774341948894460376_n.jpg
[2026-04-16T19:34:17.391Z] [+] #906 | 482076493_1182879669865796_2463799536882814006_n.jpg
[2026-04-16T19:34:19.185Z] [+] #907 | 481058848_1182879826532447_4456203660206960149_n.jpg
[2026-04-16T19:34:20.976Z] [+] #908 | 482247011_1182879799865783_7836449702892338164_n.jpg
[2026-04-16T19:34:22.762Z] [+] #909 | 481926494_1182879766532453_1732529229115028136_n.jpg
[2026-04-16T19:34:24.551Z] [+] #910 | 481767598_1182879073199189_3044040688885220542_n.jpg
[2026-04-16T19:34:26.339Z] [+] #911 | 482054245_1182879086532521_7110720507708300330_n.jpg
[2026-04-16T19:34:28.124Z] [+] #912 | 481699810_1182879036532526_9220606464338420839_n.jpg
[2026-04-16T19:34:29.911Z] [+] #913 | 481059419_1182879049865858_355236041964209473_n.jpg
[2026-04-16T19:34:31.699Z] [+] #914 | 481898106_1182878343199262_3394347308026714541_n.jpg
[2026-04-16T19:34:33.481Z] [+] #915 | 481900604_1182878443199252_4398792407300836283_n.jpg
[2026-04-16T19:34:35.283Z] [+] #916 | 481960798_1182878356532594_6685795274084612902_n.jpg
[2026-04-16T19:34:37.085Z] [+] #917 | 481900971_1182877823199314_2381848715897781018_n.jpg
[2026-04-16T19:34:38.881Z] [+] #918 | 482083043_1182877839865979_3900883324030580462_n.jpg
[2026-04-16T19:34:40.681Z] [+] #919 | 481055560_1182877813199315_272075107248559443_n.jpg
[2026-04-16T19:34:40.972Z] [VIEWER] Round 920 | Collected: 919
[2026-04-16T19:34:42.478Z] [+] #920 | 481699814_1182877799865983_4379155711770686221_n.jpg
[2026-04-16T19:50:01.484Z] [+] #921 | 481080568_1182877659865997_7328039907681321678_n.jpg
[2026-04-16T19:50:06.623Z] [STUCK] URL không đổi sau ArrowRight round=922, tự reload...
[2026-04-16T19:50:12.235Z] [+] #922 | 481080568_1182877659865997_7328039907681321678_n.jpg
[2026-04-16T19:50:14.032Z] [+] #923 | 481079504_1182877666532663_3751520896789790306_n.jpg
[2026-04-16T19:50:15.825Z] [+] #924 | 482114766_1182877656532664_6485390592485972514_n.jpg
[2026-04-16T19:50:17.629Z] [+] #925 | 482080787_1182877223199374_9127965832576805229_n.jpg
[2026-04-16T19:50:19.427Z] [+] #926 | 481077020_1182874669866296_4661990387386995458_n.jpg
[2026-04-16T19:50:21.211Z] [+] #927 | 482081412_1182874903199606_5260894026610335782_n.jpg
[2026-04-16T19:50:23.002Z] [+] #928 | 481055409_1182874983199598_4756952841935720583_n.jpg
[2026-04-16T19:50:24.799Z] [+] #929 | 482202216_1182874853199611_7630599928953390983_n.jpg
[2026-04-16T19:50:26.591Z] [+] #930 | 481768400_1182874733199623_6551667665164575999_n.jpg
[2026-04-16T19:50:28.375Z] [+] #931 | 481077786_1182874993199597_4269135977929280888_n.jpg
[2026-04-16T19:50:30.161Z] [+] #932 | 481707088_1182874796532950_208027677418799782_n.jpg
[2026-04-16T19:50:31.948Z] [+] #933 | 481076428_1182874736532956_2372965986316104043_n.jpg
[2026-04-16T19:50:33.736Z] [+] #934 | 481664645_1182875003199596_5704274728217419993_n.jpg
[2026-04-16T19:50:35.524Z] [+] #935 | 481905624_1182873666533063_8560940824722528290_n.jpg
[2026-04-16T19:50:37.319Z] [+] #936 | 481928571_1182873923199704_7621338542338582009_n.jpg
[2026-04-16T19:50:39.113Z] [+] #937 | 481080907_1182873953199701_4172721218019817575_n.jpg
[2026-04-16T19:50:40.907Z] [+] #938 | 481820720_1182873059866457_1487310835126097452_n.jpg
[2026-04-16T19:50:42.710Z] [+] #939 | 481770650_1182873046533125_3186046435013564779_n.jpg
[2026-04-16T19:50:42.992Z] [VIEWER] Round 940 | Collected: 939
[2026-04-16T19:50:44.496Z] [+] #940 | 481966774_1182873096533120_863193748802967548_n.jpg
[2026-04-16T19:50:46.284Z] [+] #941 | 481081852_1182873039866459_6219497420270635380_n.jpg
[2026-04-16T19:50:48.074Z] [+] #942 | 481778718_1182873119866451_76837989552713162_n.jpg
[2026-04-16T20:08:12.404Z] [+] #943 | 473671217_1147975193356244_771940139564496575_n.jpg
[2026-04-16T20:08:14.201Z] [+] #944 | 481076788_1182873049866458_7655776006985860862_n.jpg
[2026-04-16T20:08:20.004Z] [+] #945 | 481702044_1182873036533126_841845027080857676_n.jpg
[2026-04-16T20:08:21.783Z] [+] #946 | 481942490_1182873069866456_2899672164594233163_n.jpg
[2026-04-16T20:08:23.577Z] [+] #947 | 481083355_1182872543199842_5187508574429073173_n.jpg
[2026-04-16T20:08:25.384Z] [+] #948 | 481668352_1182872243199872_33885753253516136_n.jpg
[2026-04-16T20:08:27.163Z] [+] #949 | 481080505_1182871723199924_6933122614540696788_n.jpg
[2026-04-16T20:08:28.955Z] [+] #950 | 481909040_1182871329866630_7854806495708599990_n.jpg
[2026-04-16T20:08:30.748Z] [+] #951 | 481055038_1182871333199963_8792728687865168833_n.jpg
[2026-04-16T20:08:32.544Z] [+] #952 | 482054810_1182871369866626_1009789554867462589_n.jpg
[2026-04-16T20:08:34.334Z] [+] #953 | 481081117_1182870859866677_378232547700441175_n.jpg
[2026-04-16T20:08:36.121Z] [+] #954 | 481506796_1182870213200075_6538350417501823668_n.jpg
[2026-04-16T20:08:37.911Z] [+] #955 | 481078841_1182870389866724_2686075538146368818_n.jpg
[2026-04-16T20:08:39.701Z] [+] #956 | 481075769_1182868079866955_2936596981277346894_n.jpg
[2026-04-16T20:08:41.490Z] [+] #957 | 481078693_1182868309866932_5009664357914945455_n.jpg
[2026-04-16T20:08:43.288Z] [+] #958 | 481819368_1182868336533596_7746831416423224325_n.jpg
[2026-04-16T20:08:45.083Z] [+] #959 | 481954588_1182868136533616_8218403342956703343_n.jpg
[2026-04-16T20:08:45.371Z] [VIEWER] Round 960 | Collected: 959
[2026-04-16T20:08:46.877Z] [+] #960 | 481660092_1182868359866927_3811804865179865684_n.jpg
[2026-04-16T20:08:48.665Z] [+] #961 | 481079306_1182866759867087_7219874094790831412_n.jpg
[2026-04-16T20:08:50.459Z] [+] #962 | 482244527_1182866596533770_6947647645256219865_n.jpg
[2026-04-16T20:08:52.253Z] [+] #963 | 481927225_1182866616533768_588622074924874459_n.jpg
[2026-04-16T20:08:54.058Z] [+] #964 | 482054700_1182866473200449_5307452822583233963_n.jpg
[2026-04-16T20:08:55.861Z] [+] #965 | 481701821_1182866283200468_3566883120047942323_n.jpg
[2026-04-16T20:08:57.652Z] [+] #966 | 481076908_1182866619867101_2318378598058144707_n.jpg
[2026-04-16T20:08:59.448Z] [+] #967 | 481081309_1182865806533849_5479248871286564331_n.jpg
[2026-04-16T20:17:12.413Z] [+] #968 | 481796507_1182864626533967_4874121405744151521_n.jpg
[2026-04-16T20:17:14.226Z] [+] #969 | 481081388_1182864726533957_3746556696164557853_n.jpg
[2026-04-16T20:17:20.449Z] [+] #970 | 481910680_1182864749867288_4115313170597049094_n.jpg
[2026-04-16T20:17:22.239Z] [+] #971 | 481777094_1182864729867290_4894155863945552055_n.jpg
[2026-04-16T20:17:24.027Z] [+] #972 | 481564948_1182864016534028_5642083320384640836_n.jpg
[2026-04-16T20:17:25.821Z] [+] #973 | 481083740_1182864033200693_7272519544734521304_n.jpg
[2026-04-16T20:17:27.623Z] [+] #974 | 481079150_1182864023200694_4738100655181342009_n.jpg
[2026-04-16T20:17:29.416Z] [+] #975 | 481699814_1182864193200677_8468972769834456448_n.jpg
[2026-04-16T20:17:31.215Z] [+] #976 | 481665635_1182791053207991_2330706507110723867_n.jpg
[2026-04-16T20:17:33.014Z] [+] #977 | 481941189_1182791056541324_4770352010825740328_n.jpg
[2026-04-16T20:17:34.810Z] [+] #978 | 481430209_1182791196541310_6483079314089431976_n.jpg
[2026-04-16T20:17:36.610Z] [+] #979 | 482211394_1182791226541307_1812134142379624716_n.jpg
[2026-04-16T20:17:36.908Z] [VIEWER] Round 980 | Collected: 979
[2026-04-16T20:17:38.416Z] [+] #980 | 482191045_1182791213207975_3016678773152097064_n.jpg
[2026-04-16T20:17:40.209Z] [+] #981 | 481947996_1182789846541445_4288399576617318605_n.jpg
[2026-04-16T20:17:42.012Z] [+] #982 | 481481058_1182789839874779_5276708449035166037_n.jpg
[2026-04-16T20:17:43.802Z] [+] #983 | 481703259_1182789806541449_5287534775407066386_n.jpg
[2026-04-16T20:17:45.606Z] [+] #984 | 481983969_1182789816541448_2402745957416744308_n.jpg
[2026-04-16T20:17:47.396Z] [+] #985 | 482211407_1182788733208223_4685183650929334372_n.jpg
[2026-04-16T20:17:49.187Z] [+] #986 | 481952496_1182788736541556_7970419451117192174_n.jpg
[2026-04-16T20:17:50.992Z] [+] #987 | 481504704_1182788766541553_5274290087035765458_n.jpg
[2026-04-16T20:17:52.784Z] [+] #988 | 482074748_1182788803208216_4983736739423264128_n.jpg
[2026-04-16T20:17:54.577Z] [+] #989 | 481952476_1182788566541573_6542306895285648183_n.jpg
[2026-04-16T20:17:56.385Z] [+] #990 | 482066603_1182788779874885_8325092601919963295_n.jpg
[2026-04-16T20:17:58.191Z] [+] #991 | 482219525_1182788786541551_2189833232567973494_n.jpg
[2026-04-16T20:17:59.994Z] [+] #992 | 481665090_1182788569874906_4866319734199195008_n.jpg
[2026-04-16T20:34:46.055Z] [+] #993 | 482211291_1182787953208301_313963930109595111_n.jpg
[2026-04-16T20:34:52.056Z] [+] #994 | 482013313_1182788119874951_8429997897657052399_n.jpg
[2026-04-16T20:34:53.849Z] [+] #995 | 481999219_1182788133208283_3811348914217822575_n.jpg
[2026-04-16T20:34:55.635Z] [+] #996 | 481925153_1182787566541673_3910875098454393626_n.jpg
[2026-04-16T20:34:57.420Z] [+] #997 | 482980451_1182787526541677_4745886308337103878_n.jpg
[2026-04-16T20:34:59.211Z] [+] #998 | 481461595_1182785806541849_1704958714594375140_n.jpg
[2026-04-16T20:35:01.003Z] [+] #999 | 481914918_1182785403208556_2302919737222682511_n.jpg
[2026-04-16T20:35:01.289Z] [VIEWER] Round 1000 | Collected: 999
[2026-04-16T20:35:02.795Z] [+] #1000 | 481447056_1182785393208557_4206819946097586982_n.jpg
[2026-04-16T20:35:04.584Z] [+] #1001 | 482204178_1182784629875300_6841551260918476939_n.jpg
[2026-04-16T20:35:06.372Z] [+] #1002 | 481568538_1182783859875377_8552492260015487500_n.jpg
[2026-04-16T20:35:08.155Z] [+] #1003 | 482215861_1182783876542042_5106220896970627920_n.jpg
[2026-04-16T20:35:09.937Z] [+] #1004 | 481471223_1182783803208716_1540683800297017716_n.jpg
[2026-04-16T20:35:11.723Z] [+] #1005 | 481471896_1182783863208710_7642760038492434709_n.jpg
[2026-04-16T20:35:13.509Z] [+] #1006 | 481998452_1182783829875380_730690589656214082_n.jpg
[2026-04-16T20:35:15.293Z] [+] #1007 | 482016998_1182783946542035_7367263308378156149_n.jpg
[2026-04-16T20:35:17.080Z] [+] #1008 | 481902921_1182783906542039_178827353034734858_n.jpg
[2026-04-16T20:35:18.863Z] [+] #1009 | 481455121_1182783836542046_5033128643011800741_n.jpg
[2026-04-16T20:35:20.653Z] [+] #1010 | 481646742_1182783806542049_3005934501466457575_n.jpg
[2026-04-16T20:35:22.443Z] [+] #1011 | 481925672_1182783903208706_137948570801270789_n.jpg
[2026-04-16T20:35:24.236Z] [+] #1012 | 482088857_1182784016542028_6510841862693778778_n.jpg
[2026-04-16T20:35:26.021Z] [+] #1013 | 481776839_1182783943208702_1231772823390924911_n.jpg
[2026-04-16T20:35:27.823Z] [+] #1014 | 481698168_1182783986542031_5664741304317470187_n.jpg
[2026-04-16T20:35:29.627Z] [+] #1015 | 481542491_1182783733208723_360155274659387967_n.jpg
[2026-04-16T20:35:31.418Z] [+] #1016 | 482227193_1182781509875612_8862850931229951821_n.jpg
[2026-04-16T20:51:23.854Z] [+] #1017 | 482075868_1182781433208953_7023313874002016330_n.jpg
[2026-04-16T20:51:29.865Z] [+] #1018 | 481447059_1182781419875621_291929348538636272_n.jpg
[2026-04-16T20:51:31.646Z] [+] #1019 | 481473956_1182781223208974_1827658902920956498_n.jpg
[2026-04-16T20:51:31.926Z] [VIEWER] Round 1020 | Collected: 1019
[2026-04-16T20:51:33.435Z] [+] #1020 | 481467642_1182781206542309_2254428011266336645_n.jpg
[2026-04-16T20:51:35.218Z] [+] #1021 | 481479864_1182781489875614_8981107495857913415_n.jpg
[2026-04-16T20:51:37.004Z] [+] #1022 | 482091240_1182781239875639_1469614831317168304_n.jpg
[2026-04-16T20:51:38.794Z] [+] #1023 | 481912762_1182777176542712_4771398984137482101_n.jpg
[2026-04-16T20:51:40.587Z] [+] #1024 | 482083192_1182777163209380_6441159280668934730_n.jpg
[2026-04-16T20:51:42.380Z] [+] #1025 | 482048763_1182777296542700_961488827320442084_n.jpg
[2026-04-16T20:51:44.170Z] [+] #1026 | 481466727_1182777193209377_8750662202628705973_n.jpg
[2026-04-16T20:51:45.960Z] [+] #1027 | 482216119_1182776926542737_3730406093059041094_n.jpg
[2026-04-16T20:51:47.745Z] [+] #1028 | 482216766_1182776849876078_1340319809798183371_n.jpg
[2026-04-16T20:51:49.533Z] [+] #1029 | 481646742_1182776869876076_4199352850411333962_n.jpg
[2026-04-16T20:51:51.316Z] [+] #1030 | 482067494_1182775809876182_3544244030063570423_n.jpg
[2026-04-16T20:51:53.106Z] [+] #1031 | 481997616_1182775846542845_4942069581468390196_n.jpg
[2026-04-16T20:51:54.889Z] [+] #1032 | 481984996_1182775386542891_6793299961261212945_n.jpg
[2026-04-16T20:51:56.674Z] [+] #1033 | 482133954_1182775569876206_5082712799235928359_n.jpg
[2026-04-16T20:51:58.458Z] [+] #1034 | 481468366_1182775776542852_3555697791877496873_n.jpg
[2026-04-16T20:52:00.263Z] [+] #1035 | 481673734_1182775796542850_5360123379976135164_n.jpg
[2026-04-16T20:52:02.059Z] [+] #1036 | 482014250_1182772089876554_2167787176010775672_n.jpg
[2026-04-16T20:52:03.864Z] [+] #1037 | 482009159_1182772359876527_8688233873690869703_n.jpg
[2026-04-16T20:52:05.666Z] [+] #1038 | 481788353_1182772366543193_3792980142279379628_n.jpg
[2026-04-16T20:52:07.459Z] [+] #1039 | 482190942_1182769789876784_5548365963645102668_n.jpg
[2026-04-16T20:52:07.742Z] [VIEWER] Round 1040 | Collected: 1039
[2026-04-16T20:52:09.254Z] [+] #1040 | 481441254_1182769903210106_6262801535727616588_n.jpg
[2026-04-16T21:07:37.423Z] [+] #1041 | 482215366_1182769836543446_2551568673193523784_n.jpg
[2026-04-16T21:07:39.236Z] [RETRY] Không tìm thấy ảnh, reload lần 1 | url=https://www.facebook.com/photo/?fbid=1113247960162301&set=pb.100044313229653.-2207520000
[2026-04-16T21:07:46.103Z] [+] #1042 | 481999502_1182769776543452_2786746766781719774_n.jpg
[2026-04-16T21:07:47.898Z] [+] #1043 | 481445499_1182769709876792_1313439816968329553_n.jpg
[2026-04-16T21:07:49.693Z] [+] #1044 | 481471262_1182771329876630_9131048624188169835_n.jpg
[2026-04-16T21:07:51.485Z] [+] #1045 | 481471272_1182771153209981_2921322705421491192_n.jpg
[2026-04-16T21:07:53.279Z] [+] #1046 | 481985596_1182771206543309_4663313495018842835_n.jpg
[2026-04-16T21:07:55.075Z] [+] #1047 | 481186123_1182621583224938_5511125351852130465_n.jpg
[2026-04-16T21:07:56.869Z] [+] #1048 | 481674311_1182620309891732_6949637183370421884_n.jpg
[2026-04-16T21:07:58.658Z] [+] #1049 | 481712488_1182620139891749_1234890095503861973_n.jpg
[2026-04-16T21:08:00.443Z] [+] #1050 | 481774407_1182620319891731_1265158987606370902_n.jpg
[2026-04-16T21:08:02.230Z] [+] #1051 | 481275555_1182620446558385_5534575965686092755_n.jpg
[2026-04-16T21:08:04.015Z] [+] #1052 | 482084344_1182620176558412_2048754905492228726_n.jpg
[2026-04-16T21:08:05.809Z] [+] #1053 | 481772629_1182619116558518_6994337757628350931_n.jpg
[2026-04-16T21:08:07.598Z] [+] #1054 | 482084171_1182619323225164_6241199482642425993_n.jpg
[2026-04-16T21:08:09.384Z] [+] #1055 | 481675452_1182618423225254_5148970223436771748_n.jpg
[2026-04-16T21:08:11.176Z] [+] #1056 | 481777348_1182618396558590_7589345942472957911_n.jpg
[2026-04-16T21:08:12.962Z] [+] #1057 | 481680610_1182617533225343_3789729648398667316_n.jpg
[2026-04-16T21:08:14.758Z] [+] #1058 | 482024258_1182615483225548_7606752745251551528_n.jpg
[2026-04-16T21:08:16.564Z] [+] #1059 | 481449514_1182615196558910_8218180818619153508_n.jpg
[2026-04-16T21:08:16.849Z] [VIEWER] Round 1060 | Collected: 1059
[2026-04-16T21:08:18.358Z] [+] #1060 | 481678235_1182615153225581_6876406160880586400_n.jpg
[2026-04-16T21:08:20.167Z] [+] #1061 | 481781000_1182615403225556_4400907481209988_n.jpg
[2026-04-16T21:08:21.961Z] [+] #1062 | 481470871_1182609136559516_2761550716094887660_n.jpg
[2026-04-16T21:08:23.761Z] [+] #1063 | 481462068_1182609189892844_2927310001958930080_n.jpg
[2026-04-16T21:12:48.423Z] [+] #1064 | 482077884_1182608539892909_7802066049030547421_n.jpg
[2026-04-16T21:12:50.216Z] [+] #1065 | 481912786_1182608233226273_3649664363640160125_n.jpg
[2026-04-16T21:12:55.623Z] [+] #1066 | 482072701_1182608223226274_7264174417828222757_n.jpg
[2026-04-16T21:12:57.410Z] [+] #1067 | 481673116_1182608526559577_6602574562500638641_n.jpg
[2026-04-16T21:12:59.199Z] [+] #1068 | 482068792_1182608309892932_7274406217576759607_n.jpg
[2026-04-16T21:13:00.998Z] [+] #1069 | 482056477_1182605996559830_5887376473605415490_n.jpg
[2026-04-16T21:13:02.788Z] [+] #1070 | 481815314_1182606003226496_6744685865312453639_n.jpg
[2026-04-16T21:13:04.586Z] [+] #1071 | 482022440_1182605706559859_3667692437637898927_n.jpg
[2026-04-16T21:13:06.393Z] [+] #1072 | 481448978_1182605669893196_6104137608201548546_n.jpg
[2026-04-16T21:13:08.186Z] [+] #1073 | 481783714_1182604759893287_5609223785128062035_n.jpg
[2026-04-16T21:13:09.980Z] [+] #1074 | 481306128_1182604699893293_6715935456269380071_n.jpg
[2026-04-16T21:13:11.778Z] [+] #1075 | 481549967_1182604546559975_2126415162380083106_n.jpg
[2026-04-16T21:13:13.565Z] [+] #1076 | 481809201_1182604586559971_1312043537077938599_n.jpg
[2026-04-16T21:13:15.353Z] [+] #1077 | 481703193_1182604666559963_9180528180227036681_n.jpg
[2026-04-16T21:13:17.153Z] [+] #1078 | 481211898_1182603906560039_8921810364014421300_n.jpg
[2026-04-16T21:13:18.955Z] [+] #1079 | 481671011_1182603069893456_215650912505828466_n.jpg
[2026-04-16T21:13:19.237Z] [VIEWER] Round 1080 | Collected: 1079
[2026-04-16T21:13:20.741Z] [+] #1080 | 481675640_1182602099893553_8252882260537704464_n.jpg
[2026-04-16T21:13:22.538Z] [+] #1081 | 481269524_1182599173227179_9099033072378563002_n.jpg
[2026-04-16T21:13:24.344Z] [+] #1082 | 481658315_1182599273227169_5377443810219593151_n.jpg
[2026-04-16T21:13:26.143Z] [+] #1083 | 481939026_1182599103227186_4745845133461495056_n.jpg
[2026-04-16T21:13:27.936Z] [+] #1084 | 482071700_1182596693227427_1017335771939344344_n.jpg
[2026-04-16T21:13:29.732Z] [+] #1085 | 481811848_1182596393227457_6328921307477032892_n.jpg
[2026-04-16T21:13:31.529Z] [+] #1086 | 482069134_1182596639894099_1054552836372306294_n.jpg
[2026-04-16T21:13:33.337Z] [+] #1087 | 482252483_1182596763227420_2056556436388709993_n.jpg
[2026-04-16T21:13:35.143Z] [+] #1088 | 481270908_1182596686560761_4297055484721813041_n.jpg
[2026-04-16T21:18:12.423Z] [+] #1089 | 481807631_1182594523227644_5621417809529045284_n.jpg
[2026-04-16T21:18:14.234Z] [+] #1090 | 481771426_1182291303257966_2847670032845707171_n.jpg
[2026-04-16T21:18:19.646Z] [+] #1091 | 482005750_1182291439924619_4907733404566268956_n.jpg
[2026-04-16T21:18:21.443Z] [+] #1092 | 481289452_1182291333257963_5581532826958999761_n.jpg
[2026-04-16T21:18:23.238Z] [+] #1093 | 481960124_1182291286591301_4864445856450637553_n.jpg
[2026-04-16T21:18:25.022Z] [+] #1094 | 481676682_1182290519924711_1604022099725795250_n.jpg
[2026-04-16T21:18:26.819Z] [+] #1095 | 482005152_1182288373258259_2571522084360757646_n.jpg
[2026-04-16T21:18:28.617Z] [+] #1096 | 481674286_1182288166591613_88261340829156092_n.jpg
[2026-04-16T21:18:30.422Z] [+] #1097 | 481274346_1182288553258241_626213210238545588_n.jpg
[2026-04-16T21:18:32.226Z] [+] #1098 | 481278306_1182287353258361_3603781392119386138_n.jpg
[2026-04-16T21:18:34.023Z] [+] #1099 | 481975427_1182287239925039_2427378487974082380_n.jpg
[2026-04-16T21:18:34.315Z] [VIEWER] Round 1100 | Collected: 1099
[2026-04-16T21:18:35.826Z] [+] #1100 | 481895745_1182287249925038_105839481539547960_n.jpg
[2026-04-16T21:18:37.627Z] [+] #1101 | 481906681_1182287359925027_6949703940824142985_n.jpg
[2026-04-16T21:18:39.422Z] [+] #1102 | 481300924_1182286289925134_1031986623212072221_n.jpg
[2026-04-16T21:18:41.207Z] [+] #1103 | 482021965_1182286299925133_6841951183637616250_n.jpg
[2026-04-16T21:18:43.001Z] [+] #1104 | 481276610_1182286403258456_8154014341231797148_n.jpg
[2026-04-16T21:18:44.797Z] [+] #1105 | 481446404_1182286266591803_4278809090206290529_n.jpg
[2026-04-16T21:18:46.584Z] [+] #1106 | 481664402_1182285176591912_3238629691110235499_n.jpg
[2026-04-16T21:18:48.382Z] [+] #1107 | 481667588_1182285269925236_7547946365873525887_n.jpg
[2026-04-16T21:18:50.166Z] [+] #1108 | 482015124_1182285206591909_6248926418883953182_n.jpg
[2026-04-16T21:18:51.967Z] [+] #1109 | 481277578_1182285009925262_3431936859009358536_n.jpg
[2026-04-16T21:18:53.758Z] [+] #1110 | 482018621_1182284203258676_3845878028587688624_n.jpg
[2026-04-16T21:18:55.551Z] [+] #1111 | 482003901_1182284189925344_2166828374540660232_n.jpg
[2026-04-16T21:18:57.353Z] [+] #1112 | 481767653_1182284223258674_3617880788888728989_n.jpg
[2026-04-16T21:18:59.154Z] [+] #1113 | 481975841_1182283956592034_3854630164607718047_n.jpg
[2026-04-16T21:34:01.423Z] [+] #1114 | 482024544_1182283266592103_937441185388941743_n.jpg
[2026-04-16T21:34:06.527Z] [STUCK] URL không đổi sau ArrowRight round=1115, tự reload...
[2026-04-16T21:34:13.974Z] [+] #1115 | 482024544_1182283266592103_937441185388941743_n.jpg
[2026-04-16T21:34:15.772Z] [+] #1116 | 481973619_1182281879925575_1639271506026739682_n.jpg
[2026-04-16T21:34:17.573Z] [+] #1117 | 482019573_1182281786592251_7366591988768286976_n.jpg
[2026-04-16T21:34:19.368Z] [+] #1118 | 481961107_1182281683258928_7435796766682507215_n.jpg
[2026-04-16T21:34:21.161Z] [+] #1119 | 481976838_1182281903258906_8421030619082489873_n.jpg
[2026-04-16T21:34:21.446Z] [VIEWER] Round 1120 | Collected: 1119
[2026-04-16T21:34:22.954Z] [+] #1120 | 481770238_1182280733259023_6114156856492620934_n.jpg
[2026-04-16T21:34:24.741Z] [+] #1121 | 481356826_1182280789925684_621606495850128447_n.jpg
[2026-04-16T21:34:26.526Z] [+] #1122 | 481978577_1182280703259026_4640761853315528390_n.jpg
[2026-04-16T21:34:28.318Z] [+] #1123 | 481448096_1182280729925690_4923883046380412155_n.jpg
[2026-04-16T21:34:30.125Z] [+] #1124 | 481965724_1182280819925681_4721359284751137990_n.jpg
[2026-04-16T21:34:31.904Z] [+] #1125 | 481468048_1182280609925702_7483075681291372960_n.jpg
[2026-04-16T21:34:33.697Z] [+] #1126 | 482007553_1182280739925689_5504055655588169870_n.jpg
[2026-04-16T21:34:35.503Z] [+] #1127 | 481998065_1182280419925721_6094508944655331429_n.jpg
[2026-04-16T21:34:37.284Z] [+] #1128 | 482061951_1182279499925813_4520594319208831265_n.jpg
[2026-04-16T21:34:39.069Z] [+] #1129 | 481302470_1182279763259120_6678514250753084506_n.jpg
[2026-04-16T21:34:40.853Z] [+] #1130 | 481470790_1182279609925802_5056625675436696636_n.jpg
[2026-04-16T21:34:42.647Z] [+] #1131 | 481783645_1182279806592449_4206295048298632388_n.jpg
[2026-04-16T21:34:44.436Z] [+] #1132 | 481907373_1182279749925788_387469000119487906_n.jpg
[2026-04-16T21:34:46.225Z] [+] #1133 | 481977771_1182278719925891_4684419210640070866_n.jpg
[2026-04-16T21:34:48.029Z] [+] #1134 | 481999894_1182278593259237_2391724891047531505_n.jpg
[2026-04-16T21:50:38.506Z] [+] #1135 | 481668939_1182277933259303_6853723021857127010_n.jpg
[2026-04-16T21:50:40.321Z] [+] #1136 | 481993540_1182277889925974_594620953622501846_n.jpg
[2026-04-16T21:50:45.718Z] [+] #1137 | 481975618_1182278093259287_1923366639192024578_n.jpg
[2026-04-16T21:50:47.512Z] [+] #1138 | 482002284_1182277523259344_6769070093071794036_n.jpg
[2026-04-16T21:50:49.317Z] [+] #1139 | 481904109_1182276609926102_5631683678514222633_n.jpg
[2026-04-16T21:50:49.595Z] [VIEWER] Round 1140 | Collected: 1139
[2026-04-16T21:50:51.102Z] [+] #1140 | 481334107_1182273163259780_8293851591119341518_n.jpg
[2026-04-16T21:50:52.890Z] [+] #1141 | 481272782_1182273293259767_3154599012924514907_n.jpg
[2026-04-16T21:50:54.676Z] [+] #1142 | 481677245_1182273296593100_8657089316835374848_n.jpg
[2026-04-16T21:50:56.463Z] [+] #1143 | 481773043_1182272946593135_6956933326809556309_n.jpg
[2026-04-16T21:50:58.253Z] [+] #1144 | 481465380_1182273083259788_7640244894246533915_n.jpg
[2026-04-16T21:51:00.045Z] [+] #1145 | 481774205_1182272969926466_7660094689566279139_n.jpg
[2026-04-16T21:51:01.832Z] [+] #1146 | 481777326_1182273236593106_6456022002953942868_n.jpg
[2026-04-16T21:51:03.621Z] [+] #1147 | 481266537_1182272919926471_2083082297236843340_n.jpg
[2026-04-16T21:51:05.411Z] [+] #1148 | 481828060_1182272886593141_6255266642209477724_n.jpg
[2026-04-16T21:51:07.201Z] [+] #1149 | 481978749_1182271503259946_7512174993451360180_n.jpg
[2026-04-16T21:51:08.982Z] [+] #1150 | 481998675_1182271339926629_7960443437455607343_n.jpg
[2026-04-16T21:51:10.771Z] [+] #1151 | 482029063_1182271469926616_7248874609047368841_n.jpg
[2026-04-16T21:51:12.555Z] [+] #1152 | 481997266_1182271196593310_4663998052781175322_n.jpg
[2026-04-16T21:51:14.338Z] [+] #1153 | 481977566_1182271513259945_4574248570275227196_n.jpg
[2026-04-16T21:51:16.128Z] [+] #1154 | 482022255_1182271173259979_8234255341958022952_n.jpg
[2026-04-16T21:51:17.914Z] [+] #1155 | 481958546_1182271459926617_7135446824870492357_n.jpg
[2026-04-16T21:51:19.719Z] [+] #1156 | 482244023_1182039353283161_8714214486312953103_n.jpg
[2026-04-16T21:51:21.522Z] [+] #1157 | 482263919_1182036273283469_2350036574168695882_n.jpg
[2026-04-16T21:51:23.310Z] [+] #1158 | 482325198_1182036383283458_383807197031114725_n.jpg
[2026-04-16T21:51:25.096Z] [+] #1159 | 481452019_1182036283283468_6699901296799013310_n.jpg
[2026-04-16T21:51:25.381Z] [VIEWER] Round 1160 | Collected: 1159
[2026-04-16T22:08:05.515Z] [+] #1160 | 481477264_1182036366616793_6937317397140495717_n.jpg
[2026-04-16T22:08:07.319Z] [+] #1161 | 481448315_1182036373283459_7490122030298631353_n.jpg
[2026-04-16T22:08:12.718Z] [+] #1162 | 482081901_1182036429950120_3728480179502598345_n.jpg
[2026-04-16T22:08:14.503Z] [+] #1163 | 481663692_1182035486616881_4039122130632186414_n.jpg
[2026-04-16T22:08:16.290Z] [+] #1164 | 481469921_1182035699950193_1998752977112596_n.jpg
[2026-04-16T22:08:18.082Z] [+] #1165 | 482086533_1182035686616861_3501604272979440777_n.jpg
[2026-04-16T22:08:19.867Z] [+] #1166 | 482269729_1182035516616878_5948306645075171097_n.jpg
[2026-04-16T22:08:21.652Z] [+] #1167 | 481471066_1182035469950216_4276164042891075756_n.jpg
[2026-04-16T22:08:23.437Z] [+] #1168 | 481661853_1182035829950180_295980238769860534_n.jpg
[2026-04-16T22:08:25.220Z] [+] #1169 | 481504434_1182035839950179_301488948542869097_n.jpg
[2026-04-16T22:08:27.010Z] [+] #1170 | 481666322_1182034556616974_6687754334325299789_n.jpg
[2026-04-16T22:08:28.796Z] [+] #1171 | 482301134_1182034546616975_5970802879311926306_n.jpg
[2026-04-16T22:08:30.583Z] [+] #1172 | 481661974_1182034259950337_1963641570028833214_n.jpg
[2026-04-16T22:08:32.369Z] [+] #1173 | 481448683_1182034549950308_4442178774863590118_n.jpg
[2026-04-16T22:08:34.153Z] [+] #1174 | 481659459_1182034249950338_5940936993046315848_n.jpg
[2026-04-16T22:08:35.940Z] [+] #1175 | 482275040_1182034243283672_2339004925553998141_n.jpg
[2026-04-16T22:08:37.721Z] [+] #1176 | 482267664_1182034563283640_3245588937525573018_n.jpg
[2026-04-16T22:08:39.509Z] [+] #1177 | 481308692_1182032659950497_7961471268023266592_n.jpg
[2026-04-16T22:08:41.300Z] [+] #1178 | 481256033_1182032686617161_2186577845682955900_n.jpg
[2026-04-16T22:08:43.096Z] [+] #1179 | 481765250_1182032669950496_3268633664840465248_n.jpg
[2026-04-16T22:08:43.383Z] [VIEWER] Round 1180 | Collected: 1179
[2026-04-16T22:08:44.893Z] [+] #1180 | 481255386_1182032189950544_3629322705126993548_n.jpg
[2026-04-16T22:08:46.687Z] [+] #1181 | 481662356_1182032116617218_2961786251057795441_n.jpg
[2026-04-16T22:08:48.482Z] [+] #1182 | 482302808_1182032069950556_7720557417352346186_n.jpg
[2026-04-16T22:08:50.272Z] [+] #1183 | 481302728_1182030106617419_3364837343254355243_n.jpg
[2026-04-16T22:08:52.068Z] [+] #1184 | 482301016_1182030153284081_1163571319514226798_n.jpg
[2026-04-16T22:19:14.211Z] [+] #1185 | 481781694_1182030093284087_767515901290027955_n.jpg
[2026-04-16T22:19:19.832Z] [+] #1186 | 481936790_1182030446617385_8472760945470104446_n.jpg
[2026-04-16T22:19:21.618Z] [+] #1187 | 482068560_1182030499950713_6565077626691790374_n.jpg
[2026-04-16T22:19:23.405Z] [+] #1188 | 482080254_1182030553284041_19895577206512697_n.jpg
[2026-04-16T22:19:25.197Z] [+] #1189 | 481788580_1182030453284051_2450190382825186780_n.jpg
[2026-04-16T22:19:26.989Z] [+] #1190 | 481659124_1182030086617421_3334534331976551259_n.jpg
[2026-04-16T22:19:28.787Z] [+] #1191 | 481660341_1182029253284171_3604103519113141187_n.jpg
[2026-04-16T22:19:30.588Z] [+] #1192 | 481447288_1182028026617627_8031472155358907283_n.jpg
[2026-04-16T22:19:32.386Z] [+] #1193 | 482064394_1182009656619464_7795952906828274653_n.jpg
[2026-04-16T22:19:34.177Z] [+] #1194 | 481448185_1182009669952796_2619783350556719769_n.jpg
[2026-04-16T22:19:35.978Z] [+] #1195 | 481212407_1182009649952798_1200828560507492204_n.jpg
[2026-04-16T22:19:37.777Z] [+] #1196 | 481217725_1182007019953061_7246778761754151107_n.jpg
[2026-04-16T22:19:39.574Z] [+] #1197 | 481316171_1182007193286377_4631576283648335082_n.jpg
[2026-04-16T22:19:41.378Z] [+] #1198 | 481307253_1182007309953032_521209509860249660_n.jpg
[2026-04-16T22:19:43.188Z] [+] #1199 | 481479680_1182006866619743_7582577243651497443_n.jpg
[2026-04-16T22:19:43.470Z] [VIEWER] Round 1200 | Collected: 1199
[2026-04-16T22:19:44.978Z] [+] #1200 | 482226118_1182002886620141_7563002192801346498_n.jpg
[2026-04-16T22:19:46.767Z] [+] #1201 | 481212400_1182002869953476_5999091971426062322_n.jpg
[2026-04-16T22:19:48.566Z] [+] #1202 | 481516151_1182003273286769_6200617807118758471_n.jpg
[2026-04-16T22:19:50.368Z] [+] #1203 | 481248317_1182002863286810_7318297275736104722_n.jpg
[2026-04-16T22:19:52.167Z] [+] #1204 | 481245862_1182002099953553_4922225675018769424_n.jpg
[2026-04-16T22:19:53.967Z] [+] #1205 | 481196301_1182002196620210_3149434597347991078_n.jpg
[2026-04-16T22:19:55.762Z] [+] #1206 | 481468461_1182002023286894_6175336068813106008_n.jpg
[2026-04-16T22:19:57.554Z] [+] #1207 | 481212962_1182002069953556_7987100596635098925_n.jpg
[2026-04-16T22:19:59.335Z] [+] #1208 | 481801377_1182002186620211_5895622198978270200_n.jpg
[2026-04-16T22:35:34.570Z] [+] #1209 | 481823101_1182002106620219_6362521661599148807_n.jpg
[2026-04-16T22:35:36.351Z] [RETRY] Không tìm thấy ảnh, reload lần 1 | url=https://www.facebook.com/photo/?fbid=1053112679509163&set=pb.100044313229653.-2207520000
[2026-04-16T22:35:43.653Z] [+] #1210 | 482004222_1181999476620482_7695433163122673731_n.jpg
[2026-04-16T22:35:45.438Z] [+] #1211 | 481255196_1181999606620469_5743955880671104558_n.jpg
[2026-04-16T22:35:47.225Z] [+] #1212 | 481325319_1181999753287121_4572340905226241005_n.jpg
[2026-04-16T22:35:49.015Z] [+] #1213 | 481770616_1181999776620452_7950765673574077789_n.jpg
[2026-04-16T22:35:50.814Z] [+] #1214 | 481261224_1181998006620629_5029868411957232671_n.jpg
[2026-04-16T22:35:52.602Z] [+] #1215 | 481816086_1181995659954197_889693889947965319_n.jpg
[2026-04-16T22:35:54.389Z] [+] #1216 | 481778986_1181995863287510_3271658298265831981_n.jpg
[2026-04-16T22:35:56.179Z] [+] #1217 | 482346365_1181996019954161_53117647130400977_n.jpg
[2026-04-16T22:35:57.969Z] [+] #1218 | 481665190_1181995739954189_1175180021468821386_n.jpg
[2026-04-16T22:35:59.763Z] [+] #1219 | 481772334_1181994859954277_2312401869621242598_n.jpg
[2026-04-16T22:36:00.055Z] [VIEWER] Round 1220 | Collected: 1219
[2026-04-16T22:36:01.563Z] [+] #1220 | 481772310_1181993653287731_896318435485465241_n.jpg
[2026-04-16T22:36:03.357Z] [+] #1221 | 481702571_1181993709954392_5888248043829030363_n.jpg
[2026-04-16T22:36:05.157Z] [+] #1222 | 481898510_1181992413287855_5800281212175510899_n.jpg
[2026-04-16T22:36:06.944Z] [+] #1223 | 481469397_1181991596621270_6431201181832202840_n.jpg
[2026-04-16T22:36:08.731Z] [+] #1224 | 481242457_1181991746621255_894831806887063791_n.jpg
[2026-04-16T22:36:10.525Z] [+] #1225 | 482005996_1181991406621289_975239983997060808_n.jpg
[2026-04-16T22:36:12.320Z] [+] #1226 | 482191894_1181991629954600_1282468889751511647_n.jpg
[2026-04-16T22:36:14.118Z] [+] #1227 | 481264673_1181990116621418_2522762792988260267_n.jpg
[2026-04-16T22:36:15.917Z] [+] #1228 | 481469358_1181986269955136_5270011542384415733_n.jpg
[2026-04-16T22:36:17.710Z] [+] #1229 | 482030216_1181986306621799_5574239880807950373_n.jpg
[2026-04-16T22:36:19.496Z] [+] #1230 | 481764513_1181985229955240_5942274952546444364_n.jpg
[2026-04-16T22:36:21.301Z] [+] #1231 | 482025861_1181985319955231_950334624533491785_n.jpg
[2026-04-16T22:52:13.598Z] [+] #1232 | 481232109_1181985249955238_8000887666964651330_n.jpg
[2026-04-16T22:52:15.390Z] [+] #1233 | 481504770_1181985303288566_6376106193065348984_n.jpg
[2026-04-16T22:52:21.004Z] [+] #1234 | 481211739_1181858529967910_5867064546613691027_n.jpg
[2026-04-16T22:52:22.791Z] [+] #1235 | 481311925_1181858533301243_1921968464567821699_n.jpg
[2026-04-16T22:52:24.573Z] [+] #1236 | 482067960_1181858536634576_334448764550807724_n.jpg
[2026-04-16T22:52:26.359Z] [+] #1237 | 481302344_1181858699967893_3392273982705174940_n.jpg
[2026-04-16T22:52:28.144Z] [+] #1238 | 481671582_1181858773301219_1307497476889880169_n.jpg
[2026-04-16T22:52:29.932Z] [+] #1239 | 481470327_1181858539967909_1269063344840754887_n.jpg
[2026-04-16T22:52:30.215Z] [VIEWER] Round 1240 | Collected: 1239
[2026-04-16T22:52:31.723Z] [+] #1240 | 481507745_1181856696634760_1646798607565601441_n.jpg
[2026-04-16T22:52:33.510Z] [+] #1241 | 481942505_1181856746634755_6971009301784470173_n.jpg
[2026-04-16T22:52:35.301Z] [+] #1242 | 481778543_1181856583301438_4081920595175859147_n.jpg
[2026-04-16T22:52:37.083Z] [+] #1243 | 481244039_1181856763301420_5256955787470682300_n.jpg
[2026-04-16T22:52:38.872Z] [+] #1244 | 481267315_1181856509968112_7302279674249245771_n.jpg
[2026-04-16T22:52:40.663Z] [+] #1245 | 481356770_1181856533301443_6982837531755993779_n.jpg
[2026-04-16T22:52:42.450Z] [+] #1246 | 481347841_1181856513301445_3426352549881115000_n.jpg
[2026-04-16T22:52:44.239Z] [+] #1247 | 481247208_1181856879968075_2092673629756059284_n.jpg
[2026-04-16T22:52:46.025Z] [+] #1248 | 481452109_1181854343301662_198770322074681194_n.jpg
[2026-04-16T22:52:47.815Z] [+] #1249 | 481274483_1181854053301691_3442307277638464358_n.jpg
[2026-04-16T22:52:49.601Z] [+] #1250 | 481777389_1181853969968366_3713003394446345955_n.jpg
[2026-04-16T22:52:51.397Z] [+] #1251 | 481272467_1181853956635034_2282585439067486612_n.jpg
[2026-04-16T22:52:53.196Z] [+] #1252 | 481284981_1181853169968446_2707136794749588118_n.jpg
[2026-04-16T22:52:54.988Z] [+] #1253 | 481207139_1181853329968430_4118271825739957146_n.jpg
[2026-04-16T22:52:56.775Z] [+] #1254 | 481336468_1181853123301784_7806953767187724454_n.jpg
[2026-04-16T22:52:58.571Z] [+] #1255 | 481568919_1181852463301850_4959254853892699816_n.jpg
[2026-04-16T22:53:00.370Z] [+] #1256 | 481455589_1181852363301860_1270714161196931599_n.jpg
[2026-04-16T23:08:10.607Z] [+] #1257 | 481283190_1181852326635197_8770102667811942257_n.jpg
[2026-04-16T23:08:12.400Z] [RETRY] Không tìm thấy ảnh, reload lần 1 | url=https://www.facebook.com/photo/?fbid=1036855327801565&set=pb.100044313229653.-2207520000
[2026-04-16T23:08:26.984Z] [+] #1258 | 481300158_1181852203301876_4932197580167697442_n.jpg
[2026-04-16T23:08:28.783Z] [+] #1259 | 481670510_1181851403301956_2727111940462341952_n.jpg
[2026-04-16T23:08:29.066Z] [VIEWER] Round 1260 | Collected: 1259
[2026-04-16T23:08:30.574Z] [+] #1260 | 481829958_1181851463301950_2428900918051817825_n.jpg
[2026-04-16T23:08:32.367Z] [+] #1261 | 481274195_1181851409968622_6734536831501676632_n.jpg
[2026-04-16T23:08:34.158Z] [+] #1262 | 481541245_1181851003301996_502120798466831784_n.jpg
[2026-04-16T23:08:35.948Z] [+] #1263 | 481180217_1181850989968664_3021592802033934280_n.jpg
[2026-04-16T23:08:37.736Z] [+] #1264 | 481279168_1181850596635370_3920443974326206040_n.jpg
[2026-04-16T23:08:39.529Z] [+] #1265 | 481265495_1181850609968702_5509334823357354989_n.jpg
[2026-04-16T23:08:41.315Z] [+] #1266 | 481199017_1181849919968771_6851103628497815610_n.jpg
[2026-04-16T23:08:43.097Z] [+] #1267 | 481232533_1181849933302103_7268397489859418106_n.jpg
[2026-04-16T23:08:44.881Z] [+] #1268 | 481299405_1181849926635437_2838724821143386173_n.jpg
[2026-04-16T23:08:46.669Z] [+] #1269 | 481476572_1181849963302100_7505553036382030518_n.jpg
[2026-04-16T23:08:48.453Z] [+] #1270 | 481358175_1181849953302101_7757520936287078248_n.jpg
[2026-04-16T23:08:50.246Z] [+] #1271 | 482072041_1181849909968772_6288091239889327194_n.jpg
[2026-04-16T23:08:52.035Z] [+] #1272 | 481208259_1181849903302106_6442514303959536153_n.jpg
[2026-04-16T23:08:53.828Z] [+] #1273 | 481329403_1181849729968790_7985936826767678414_n.jpg
[2026-04-16T23:08:55.621Z] [+] #1274 | 481283207_1181849633302133_4378607782076124880_n.jpg
[2026-04-16T23:08:57.409Z] [+] #1275 | 481201456_1181849596635470_316065971074010452_n.jpg
[2026-04-16T23:20:12.615Z] [+] #1276 | 481768919_1181846546635775_8127655666904822411_n.jpg
[2026-04-16T23:20:14.414Z] [+] #1277 | 481453906_1181846633302433_5007942730346449033_n.jpg
[2026-04-16T23:20:20.031Z] [+] #1278 | 481767785_1181846399969123_8323065082588188346_n.jpg
[2026-04-16T23:20:21.822Z] [+] #1279 | 481248483_1181844163302680_7358030332846290916_n.jpg
[2026-04-16T23:20:22.094Z] [VIEWER] Round 1280 | Collected: 1279
[2026-04-16T23:20:23.604Z] [+] #1280 | 481285286_1181844283302668_1803911698926882784_n.jpg
[2026-04-16T23:20:25.395Z] [+] #1281 | 481910728_1181844149969348_2258716304018803541_n.jpg
[2026-04-16T23:20:27.190Z] [+] #1282 | 481267303_1181844186636011_2466687764985947965_n.jpg
[2026-04-16T23:20:28.994Z] [+] #1283 | 481279674_1181842586636171_5789248535830848545_n.jpg
[2026-04-16T23:20:30.792Z] [+] #1284 | 481712487_1181842653302831_1549607849683223207_n.jpg
[2026-04-16T23:20:32.596Z] [+] #1285 | 481177062_1181841759969587_1623274204223262592_n.jpg
[2026-04-16T23:20:34.403Z] [+] #1286 | 481289328_1181841023302994_3034012870673319713_n.jpg
[2026-04-16T23:20:36.201Z] [+] #1287 | 481470447_1181840709969692_7572705117270218025_n.jpg
[2026-04-16T23:20:37.997Z] [+] #1288 | 481210688_1181838959969867_6548995378888105276_n.jpg
[2026-04-16T23:20:39.786Z] [+] #1289 | 482026859_1181838859969877_2305871364430235229_n.jpg
[2026-04-16T23:20:41.584Z] [+] #1290 | 481229348_1181838956636534_5349347274676823680_n.jpg
[2026-04-16T23:20:43.374Z] [+] #1291 | 481228671_1181838209969942_8723826233201951782_n.jpg
[2026-04-16T23:20:45.166Z] [+] #1292 | 481901921_1181838216636608_8291755031642441104_n.jpg
[2026-04-16T23:20:46.960Z] [+] #1293 | 482028736_1181838206636609_6874889539107980516_n.jpg
[2026-04-16T23:20:48.758Z] [+] #1294 | 481262005_1181838136636616_8092557766693195252_n.jpg
[2026-04-16T23:20:50.552Z] [+] #1295 | 481475626_1181838139969949_2472935685184196989_n.jpg
[2026-04-16T23:20:52.349Z] [+] #1296 | 481917129_1181319730021790_1147785507615880738_n.jpg
[2026-04-16T23:20:54.147Z] [+] #1297 | 481191340_1181191330034630_8070082039502534253_n.jpg
[2026-04-16T23:20:55.945Z] [+] #1298 | 481355528_1181191280034635_2504370571332569523_n.jpg
[2026-04-16T23:20:57.747Z] [+] #1299 | 481196892_1181191283367968_631580605404720293_n.jpg
[2026-04-16T23:20:58.035Z] [VIEWER] Round 1300 | Collected: 1299
[2026-04-16T23:20:59.546Z] [+] #1300 | 481812573_1181191230034640_4651503395591593505_n.jpg
[2026-04-16T23:21:01.344Z] [+] #1301 | 481281366_1181191370034626_5185824474015912566_n.jpg
[2026-04-16T23:21:03.141Z] [+] #1302 | 482080259_1181317120022051_325744726535614333_n.jpg
[2026-04-16T23:21:04.942Z] [+] #1303 | 482134548_1181195100034253_5575829763411131798_n.jpg
[2026-04-16T23:21:06.747Z] [+] #1304 | 481271729_1181192230034540_6847502040196810081_n.jpg
[2026-04-16T23:21:08.541Z] [+] #1305 | 482275486_1181192123367884_8727514859893571181_n.jpg
[2026-04-16T23:21:10.328Z] [+] #1306 | 481271729_1181192373367859_2481897327250340873_n.jpg
[2026-04-16T23:21:12.121Z] [+] #1307 | 481238075_1181192436701186_4900443785277654941_n.jpg
[2026-04-16T23:21:13.912Z] [+] #1308 | 481262627_1181192456701184_6035030584823390177_n.jpg
[2026-04-16T23:21:15.714Z] [+] #1309 | 481452520_1181192130034550_778744095421730818_n.jpg
[2026-04-16T23:21:17.510Z] [+] #1310 | 481448001_1181189043368192_6479952808568636093_n.jpg
[2026-04-16T23:21:19.309Z] [+] #1311 | 482319707_1181189066701523_4779183244460725857_n.jpg
[2026-04-16T23:21:21.113Z] [+] #1312 | 482263707_1181189420034821_6239903481225345450_n.jpg
[2026-04-16T23:36:53.283Z] [+] #1313 | 481244692_1181187483368348_8580532369857227982_n.jpg
[2026-04-16T23:36:59.688Z] [+] #1314 | 481708783_1181187503368346_3597117819462173353_n.jpg
[2026-04-16T23:37:01.411Z] [+] #1315 | 481470951_1181187480035015_6627364392809762463_n.jpg
[2026-04-16T23:37:03.202Z] [+] #1316 | 481257048_1181187563368340_8421940011751601733_n.jpg
[2026-04-16T23:37:04.996Z] [+] #1317 | 481213253_1181187533368343_6323922557754670342_n.jpg
[2026-04-16T23:37:06.797Z] [+] #1318 | 481228505_1181187526701677_3602085962521352936_n.jpg
[2026-04-16T23:37:08.590Z] [+] #1319 | 482077938_1181187530035010_6495462030164514603_n.jpg
[2026-04-16T23:37:08.871Z] [VIEWER] Round 1320 | Collected: 1319
[2026-04-16T23:37:10.379Z] [+] #1320 | 481895513_1181187523368344_1044430885313027636_n.jpg
[2026-04-16T23:37:12.164Z] [+] #1321 | 481038629_1181130473374049_7926529652728877630_n.jpg
[2026-04-16T23:37:13.948Z] [+] #1322 | 481223107_1181130576707372_8897378347951609414_n.jpg
[2026-04-16T23:37:15.736Z] [+] #1323 | 481299564_1181130366707393_3495274450968174734_n.jpg
[2026-04-16T23:37:17.536Z] [+] #1324 | 481480018_1181128786707551_5045945177035708550_n.jpg
[2026-04-16T23:37:19.320Z] [+] #1325 | 481985956_1181128700040893_451962675720816274_n.jpg
[2026-04-16T23:37:21.113Z] [+] #1326 | 481985116_1181128750040888_4653044097024610851_n.jpg
[2026-04-16T23:37:22.892Z] [+] #1327 | 482068423_1181128346707595_7658516001916615573_n.jpg
[2026-04-16T23:37:24.677Z] [+] #1328 | 481099859_1181128293374267_7878681336834394127_n.jpg
[2026-04-16T23:37:26.460Z] [+] #1329 | 481238936_1181128323374264_1012352890086737079_n.jpg
[2026-04-16T23:37:28.250Z] [+] #1330 | 481955475_1181128310040932_1492657165460097383_n.jpg
[2026-04-16T23:37:30.044Z] [+] #1331 | 481141648_1181126796707750_8133278489780657949_n.jpg
[2026-04-16T23:37:31.844Z] [+] #1332 | 481675387_1181126903374406_2636177495558754875_n.jpg
[2026-04-16T23:37:33.639Z] [+] #1333 | 482012047_1181126906707739_3850554817917053153_n.jpg
[2026-04-16T23:37:35.433Z] [+] #1334 | 481260621_1181126793374417_8368767060741513592_n.jpg
[2026-04-16T23:37:37.237Z] [+] #1335 | 481336235_1181125933374503_141498793857683136_n.jpg
[2026-04-16T23:37:39.036Z] [+] #1336 | 481257413_1181125960041167_6830943124178575054_n.jpg
[2026-04-16T23:53:01.026Z] [+] #1337 | 482000881_1181125936707836_1796006839187486709_n.jpg
[2026-04-16T23:53:06.974Z] [+] #1338 | 481480020_1181124093374687_9039857164493068950_n.jpg
[2026-04-16T23:53:08.761Z] [+] #1339 | 482033398_1181123823374714_5176830743266586140_n.jpg
[2026-04-16T23:53:09.044Z] [VIEWER] Round 1340 | Collected: 1339
[2026-04-16T23:53:10.549Z] [+] #1340 | 481274682_1181124030041360_215575168800689342_n.jpg
[2026-04-16T23:53:12.331Z] [+] #1341 | 481006984_1181123983374698_418913766138047736_n.jpg
[2026-04-16T23:53:14.114Z] [+] #1342 | 481298187_1181123650041398_4894215955974092621_n.jpg
[2026-04-16T23:53:15.899Z] [+] #1343 | 481449291_1181123640041399_4472299129109909588_n.jpg
[2026-04-16T23:53:17.687Z] [+] #1344 | 481984376_1181124046708025_2723545789685584651_n.jpg
[2026-04-16T23:53:19.472Z] [+] #1345 | 481155716_1181124023374694_8033597335297098118_n.jpg
[2026-04-16T23:53:21.260Z] [+] #1346 | 481999119_1181123613374735_541736288241716987_n.jpg
[2026-04-16T23:53:23.048Z] [+] #1347 | 481259357_1181123960041367_3436465002141738305_n.jpg
[2026-04-16T23:53:24.830Z] [+] #1348 | 481117865_1181124063374690_3407539931171182382_n.jpg
[2026-04-16T23:53:26.614Z] [+] #1349 | 481219125_1181123820041381_65045141256760736_n.jpg
[2026-04-16T23:53:28.408Z] [+] #1350 | 481910633_1181121966708233_2975910058729858772_n.jpg
[2026-04-16T23:53:30.199Z] [+] #1351 | 481214986_1181114983375598_1254768034005853987_n.jpg
[2026-04-16T23:53:31.992Z] [+] #1352 | 481309386_1181114926708937_217360050135635796_n.jpg
[2026-04-16T23:53:33.784Z] [+] #1353 | 481463546_1181114950042268_893988538966975347_n.jpg
[2026-04-16T23:53:35.586Z] [+] #1354 | 481249378_1181114686708961_1221613178326844232_n.jpg
[2026-04-16T23:53:37.383Z] [+] #1355 | 481256501_1181119290041834_6156630269778658670_n.jpg
[2026-04-16T23:53:39.185Z] [+] #1356 | 482011163_1181119003375196_7686674293535399692_n.jpg
[2026-04-16T23:53:40.977Z] [+] #1357 | 482978644_1181119386708491_4244440234577926007_n.jpg
[2026-04-16T23:53:42.772Z] [+] #1358 | 481151911_1181115993375497_7167524363696223730_n.jpg
[2026-04-16T23:53:44.571Z] [+] #1359 | 481507075_1181114920042271_3807597596085070608_n.jpg
[2026-04-16T23:53:44.857Z] [VIEWER] Round 1360 | Collected: 1359
[2026-04-16T23:53:46.363Z] [+] #1360 | 481110769_1181114610042302_7688725859622626957_n.jpg
[2026-04-17T00:09:29.971Z] [+] #1361 | 481238529_1181112280042535_2191949144108429040_n.jpg
[2026-04-17T00:09:31.753Z] [RETRY] Không tìm thấy ảnh, reload lần 1 | url=https://www.facebook.com/photo/?fbid=1003136877840077&set=pb.100044313229653.-2207520000
[2026-04-17T00:09:37.573Z] [+] #1362 | 481468373_1181112430042520_1061171198177298890_n.jpg
[2026-04-17T00:09:39.349Z] [+] #1363 | 481165967_1181112286709201_3142680476243961019_n.jpg
[2026-04-17T00:09:41.147Z] [+] #1364 | 481116967_1181112260042537_4347610560939069478_n.jpg
[2026-04-17T00:09:42.942Z] [+] #1365 | 481248208_1180598150093948_475004288628108984_n.jpg
[2026-04-17T00:09:44.739Z] [+] #1366 | 481178213_1180610430092720_6244706131828047410_n.jpg
[2026-04-17T00:09:46.522Z] [+] #1367 | 481225943_1180610483426048_8505084336728740535_n.jpg
[2026-04-17T00:09:48.315Z] [+] #1368 | 481697720_1180610513426045_2606594160946999876_n.jpg
[2026-04-17T00:09:50.101Z] [+] #1369 | 481774064_1180607596759670_5437675681265923992_n.jpg
[2026-04-17T00:09:51.888Z] [+] #1370 | 481291023_1180607586759671_4194805178638688434_n.jpg
[2026-04-17T00:09:53.677Z] [+] #1371 | 481210398_1180607590093004_5274851800913878745_n.jpg
[2026-04-17T00:09:55.470Z] [+] #1372 | 481664484_1180607580093005_822560059410973134_n.jpg
[2026-04-17T00:09:57.264Z] [+] #1373 | 481951440_1180607543426342_8865400847030793193_n.jpg
[2026-04-17T00:09:59.056Z] [+] #1374 | 481130365_1180607593426337_5544865761460910433_n.jpg
[2026-04-17T00:10:00.840Z] [+] #1375 | 482024313_1180607333426363_5941972554484669014_n.jpg
[2026-04-17T00:10:02.637Z] [+] #1376 | 481989362_1180603773426719_934627840351393633_n.jpg
[2026-04-17T00:10:04.422Z] [+] #1377 | 481692167_1180603813426715_1132362230433117881_n.jpg
[2026-04-17T00:10:06.222Z] [+] #1378 | 481076334_1180603496760080_4779194093281635253_n.jpg
[2026-04-17T00:10:08.012Z] [+] #1379 | 481166871_1180602586760171_6943101796974112576_n.jpg
[2026-04-17T00:10:08.307Z] [VIEWER] Round 1380 | Collected: 1379
[2026-04-17T00:10:09.819Z] [+] #1380 | 482024085_1180602596760170_6187328547875381768_n.jpg
[2026-04-17T00:10:11.612Z] [+] #1381 | 481901083_1180602603426836_4392964069374872706_n.jpg
[2026-04-17T00:10:13.412Z] [+] #1382 | 481105820_1180602756760154_4034331406597202962_n.jpg
[2026-04-17T00:10:15.212Z] [+] #1383 | 482139517_1180602390093524_7822651767391072689_n.jpg
[2026-04-17T00:21:12.500Z] [+] #1384 | 481176939_1180602800093483_3791849463600910025_n.jpg
[2026-04-17T00:21:14.301Z] [+] #1385 | 481261408_1180602633426833_2696337176967626385_n.jpg
[2026-04-17T00:21:19.928Z] [+] #1386 | 481904831_1180599610093802_3301224465938714219_n.jpg
[2026-04-17T00:21:21.722Z] [+] #1387 | 481210054_1180599223427174_7065667751695265408_n.jpg
[2026-04-17T00:21:23.513Z] [+] #1388 | 481214687_1180598960093867_2383180257311910717_n.jpg
[2026-04-17T00:21:25.313Z] [+] #1389 | 481458895_1180598956760534_7183877771704271646_n.jpg
[2026-04-17T00:21:27.114Z] [+] #1390 | 482024585_1180598980093865_5167216205063991678_n.jpg
[2026-04-17T00:21:28.915Z] [+] #1391 | 481229751_1180598973427199_807229602302948915_n.jpg
[2026-04-17T00:21:30.712Z] [+] #1392 | 481290412_1180598013427295_2414645301453201793_n.jpg
[2026-04-17T00:21:32.511Z] [+] #1393 | 481074349_1180598063427290_1416392507523681603_n.jpg
[2026-04-17T00:21:34.306Z] [+] #1394 | 481662596_1180595630094200_3215685234165401120_n.jpg
[2026-04-17T00:21:36.096Z] [+] #1395 | 481990214_1180595713427525_4699213347161064257_n.jpg
[2026-04-17T00:21:37.890Z] [+] #1396 | 481661114_1180595783427518_7393468769963881495_n.jpg
[2026-04-17T00:21:39.693Z] [+] #1397 | 481117761_1180595663427530_465933890114080953_n.jpg
[2026-04-17T00:21:41.484Z] [+] #1398 | 481298222_1180595846760845_1811358726309375929_n.jpg
[2026-04-17T00:21:43.281Z] [+] #1399 | 481241193_1180595693427527_1663708425009472897_n.jpg
[2026-04-17T00:21:43.574Z] [VIEWER] Round 1400 | Collected: 1399
[2026-04-17T00:21:45.086Z] [+] #1400 | 481237419_1180595813427515_1963912818180328304_n.jpg
[2026-04-17T00:21:46.881Z] [+] #1401 | 482076267_1180591586761271_662448043042944909_n.jpg
[2026-04-17T00:21:48.673Z] [+] #1402 | 481317988_1180590650094698_4163276649137475905_n.jpg
[2026-04-17T00:21:50.470Z] [+] #1403 | 481811923_1180590423428054_5042284253117361929_n.jpg
[2026-04-17T00:21:52.262Z] [+] #1404 | 481767449_1180590643428032_961105166508686421_n.jpg
[2026-04-17T00:21:54.058Z] [+] #1405 | 481664893_1180590726761357_9202221946928026933_n.jpg
[2026-04-17T00:21:55.859Z] [+] #1406 | 481140465_1180590716761358_1767570874112803583_n.jpg
[2026-04-17T00:21:57.652Z] [+] #1407 | 481988756_1180590636761366_8184225134479621004_n.jpg
[2026-04-17T00:21:59.441Z] [+] #1408 | 481821244_1180589176761512_7148349969261112177_n.jpg
[2026-04-17T00:37:04.540Z] [+] #1409 | 482026834_1180588266761603_1861061293883975896_n.jpg
[2026-04-17T00:37:10.540Z] [+] #1410 | 481991933_1180588136761616_7532586284196003178_n.jpg
[2026-04-17T00:37:12.323Z] [+] #1411 | 481192175_1180587200095043_4518990620160768937_n.jpg
[2026-04-17T00:37:14.111Z] [+] #1412 | 480946238_1179999596820470_3591330390803756086_n.jpg
[2026-04-17T00:37:15.900Z] [+] #1413 | 481677245_1179999510153812_5578577939092660726_n.jpg
[2026-04-17T00:37:17.685Z] [+] #1414 | 481153905_1179999716820458_9166085541878875359_n.jpg
[2026-04-17T00:37:19.471Z] [+] #1415 | 481971565_1179999353487161_1762914564213541655_n.jpg
[2026-04-17T00:37:21.255Z] [+] #1416 | 481086348_1179999496820480_4669583205994213613_n.jpg
[2026-04-17T00:37:23.058Z] [+] #1417 | 481224491_1179996110154152_4412442256764414794_n.jpg
[2026-04-17T00:37:24.849Z] [+] #1418 | 481089618_1179996226820807_703960956596663963_n.jpg
[2026-04-17T00:37:26.632Z] [+] #1419 | 481224491_1179996076820822_3689802262712330179_n.jpg
[2026-04-17T00:37:26.910Z] [VIEWER] Round 1420 | Collected: 1419
[2026-04-17T00:37:28.418Z] [+] #1420 | 481315155_1179996086820821_3692775480248579107_n.jpg
[2026-04-17T00:37:30.211Z] [+] #1421 | 481157867_1179996210154142_1027630282880534275_n.jpg
[2026-04-17T00:37:31.996Z] [+] #1422 | 481247574_1179996063487490_8184305786780533720_n.jpg
[2026-04-17T00:37:33.782Z] [+] #1423 | 481957464_1179996473487449_3226038834919675270_n.jpg
[2026-04-17T00:37:35.570Z] [+] #1424 | 481244850_1179996240154139_2182842464434641997_n.jpg
[2026-04-17T00:37:37.356Z] [+] #1425 | 481450256_1179996053487491_8426306879656231027_n.jpg
[2026-04-17T00:37:39.146Z] [+] #1426 | 480921129_1179995376820892_2982993911918684403_n.jpg
[2026-04-17T00:37:40.950Z] [+] #1427 | 481249829_1179995113487585_4282073696419296322_n.jpg
[2026-04-17T00:37:42.751Z] [+] #1428 | 481516580_1179995120154251_8149433176763799771_n.jpg
[2026-04-17T00:37:44.555Z] [+] #1429 | 481970932_1179994183487678_5874790183973858121_n.jpg
[2026-04-17T00:37:46.349Z] [+] #1430 | 481087506_1179994180154345_8195535791387294020_n.jpg
[2026-04-17T00:37:48.140Z] [+] #1431 | 481898195_1179993970154366_267877653286364606_n.jpg
[2026-04-17T00:37:49.942Z] [+] #1432 | 481903844_1179993066821123_2132171365719408676_n.jpg
[2026-04-17T00:43:44.686Z] [+] #1433 | 481264878_1179992080154555_4778121645681768917_n.jpg
[2026-04-17T00:43:46.653Z] [+] #1434 | 481158428_1179991660154597_5910963743043907002_n.jpg
[2026-04-17T00:43:51.750Z] [STUCK] URL không đổi sau ArrowRight round=1435, tự reload...
[2026-04-17T00:43:56.596Z] [+] #1435 | 481158428_1179991660154597_5910963743043907002_n.jpg
[2026-04-17T00:43:58.401Z] [+] #1436 | 481252270_1179991943487902_5980921231727428415_n.jpg
[2026-04-17T00:44:00.196Z] [+] #1437 | 481215305_1179990830154680_2295180457253475748_n.jpg
[2026-04-17T00:44:02.004Z] [+] #1438 | 481065124_1179990663488030_1996318573814833494_n.jpg
[2026-04-17T00:44:03.810Z] [+] #1439 | 481824152_1179990910154672_273962111206310388_n.jpg
[2026-04-17T00:44:04.100Z] [VIEWER] Round 1440 | Collected: 1439
[2026-04-17T00:44:05.611Z] [+] #1440 | 481103906_1179991050154658_5443525046920222523_n.jpg
[2026-04-17T00:44:07.408Z] [+] #1441 | 480945969_1179990953488001_3740502501460475952_n.jpg
[2026-04-17T00:44:09.195Z] [+] #1442 | 481977193_1179990693488027_8826316316179159652_n.jpg
[2026-04-17T00:44:10.989Z] [+] #1443 | 481672909_1179990930154670_273152169470870909_n.jpg
[2026-04-17T00:44:12.784Z] [+] #1444 | 481482027_1179991000154663_6127031890586508725_n.jpg
[2026-04-17T00:44:14.586Z] [+] #1445 | 482023527_1179989670154796_8967296220424524285_n.jpg
[2026-04-17T00:44:16.384Z] [+] #1446 | 481228188_1179989766821453_6261890669433497731_n.jpg
[2026-04-17T00:44:18.190Z] [+] #1447 | 481168688_1179989703488126_4612970299450227288_n.jpg
[2026-04-17T00:44:19.981Z] [+] #1448 | 481156349_1179989710154792_8171748498225403375_n.jpg
[2026-04-17T00:44:21.770Z] [+] #1449 | 481217200_1179989300154833_5163060587292143398_n.jpg
[2026-04-17T00:44:23.572Z] [+] #1450 | 482050934_1179989260154837_8063699238820084034_n.jpg
[2026-04-17T00:44:25.366Z] [+] #1451 | 481212340_1179989296821500_2283622998880747353_n.jpg
[2026-04-17T00:44:27.157Z] [+] #1452 | 481826376_1179989303488166_8465527502393463256_n.jpg
[2026-04-17T00:44:28.960Z] [+] #1453 | 481905271_1179989230154840_2133041325483848061_n.jpg
[2026-04-17T00:44:30.757Z] [+] #1454 | 481101121_1179989220154841_6752295682256230180_n.jpg
[2026-04-17T00:44:32.557Z] [+] #1455 | 481117930_1179989053488191_4154859959104047070_n.jpg
[2026-04-17T00:44:34.400Z] [+] #1456 | 480925390_1179989226821507_1497066681950794213_n.jpg
[2026-04-17T00:44:36.188Z] [+] #1457 | 481975185_1179989280154835_1933712284285844977_n.jpg
[2026-04-17T00:44:37.992Z] [+] #1458 | 481977950_1179989050154858_3125285528206789155_n.jpg
[2026-04-17T00:44:39.799Z] [+] #1459 | 481220755_1179988080154955_3241063310286269924_n.jpg
[2026-04-17T00:44:40.094Z] [VIEWER] Round 1460 | Collected: 1459
[2026-04-17T00:44:41.607Z] [+] #1460 | 481105052_1179988103488286_3528859633047723278_n.jpg
[2026-04-17T00:44:43.411Z] [+] #1461 | 481045199_1179988196821610_7734115924561666344_n.jpg
[2026-04-17T00:44:45.211Z] [+] #1462 | 481067768_1179987033488393_7160680063035826211_n.jpg
[2026-04-17T00:44:47.010Z] [+] #1463 | 481781377_1179983493488747_4321999523691194492_n.jpg
[2026-04-17T00:44:48.814Z] [+] #1464 | 482020554_1179986580155105_738107341755506085_n.jpg
[2026-04-17T00:44:50.604Z] [+] #1465 | 482028144_1179986593488437_7404914274476906346_n.jpg
[2026-04-17T00:44:52.397Z] [+] #1466 | 481288466_1179986946821735_2618070953263956213_n.jpg
[2026-04-17T00:44:54.195Z] [+] #1467 | 481318779_1179986756821754_8608212674511548223_n.jpg
[2026-04-17T00:44:55.988Z] [+] #1468 | 481457450_1179985410155222_8262357872798844906_n.jpg
[2026-04-17T00:44:57.788Z] [+] #1469 | 481958608_1179985520155211_760416708390853343_n.jpg
[2026-04-17T00:44:59.596Z] [+] #1470 | 481256404_1179985540155209_1629003681146039707_n.jpg
[2026-04-17T00:45:01.387Z] [+] #1471 | 481273397_1179984686821961_8363354955107356074_n.jpg
[2026-04-17T00:45:03.191Z] [+] #1472 | 482030291_1179984693488627_1027984131573763322_n.jpg
[2026-04-17T00:45:05.001Z] [+] #1473 | 481044633_1179984656821964_1345239415291625514_n.jpg
[2026-04-17T00:45:06.801Z] [+] #1474 | 482004370_1179984696821960_2011779596154449324_n.jpg
[2026-04-17T00:45:08.596Z] [+] #1475 | 481326293_1179984613488635_8125503854815204801_n.jpg
[2026-04-17T00:45:10.392Z] [+] #1476 | 480801775_1179984733488623_419403951331070067_n.jpg
[2026-04-17T00:45:12.183Z] [+] #1477 | 481217165_1179984273488669_3906044582643596039_n.jpg
[2026-04-17T00:45:13.979Z] [+] #1478 | 481238373_1179984406821989_1754413235024168718_n.jpg
[2026-04-17T00:45:15.779Z] [+] #1479 | 481157091_1179984673488629_6100545248570020704_n.jpg
[2026-04-17T00:45:16.057Z] [VIEWER] Round 1480 | Collected: 1479
[2026-04-17T00:45:17.564Z] [+] #1480 | 481218096_1179984683488628_2004897231528482371_n.jpg
[2026-04-17T00:45:19.349Z] [+] #1481 | 481825284_1179983453488751_4043877305482675675_n.jpg
[2026-04-17T00:45:21.146Z] [+] #1482 | 481776334_1179983653488731_8572903329682237655_n.jpg
[2026-04-17T00:45:22.945Z] [+] #1483 | 481062972_1179983440155419_8500085372563789278_n.jpg
[2026-04-17T00:45:24.740Z] [+] #1484 | 482009726_1179982603488836_2407448386650789325_n.jpg
[2026-04-17T00:45:26.534Z] [+] #1485 | 482020480_1179982826822147_4714616328005113018_n.jpg
[2026-04-17T00:45:28.503Z] [+] #1486 | 480906158_1179980443489052_4237490043647162185_n.jpg
[2026-04-17T00:45:30.640Z] [+] #1487 | 482031101_1179980513489045_8161486015032276836_n.jpg
[2026-04-17T00:45:32.445Z] [+] #1488 | 481203218_1179979023489194_8574441836251226544_n.jpg
[2026-04-17T00:45:34.233Z] [+] #1489 | 481230204_1179705110183252_4585445795753145950_n.jpg
[2026-04-17T00:45:36.011Z] [+] #1490 | 481251151_1179701623516934_5668410602463698257_n.jpg
[2026-04-17T00:45:37.819Z] [+] #1491 | 481193078_1179701880183575_744063442240795344_n.jpg
[2026-04-17T00:45:39.616Z] [+] #1492 | 481078937_1179695113517585_189037429750738288_n.jpg
[2026-04-17T00:45:41.405Z] [+] #1493 | 481217922_1179695130184250_5784445268605223084_n.jpg
[2026-04-17T00:45:43.189Z] [+] #1494 | 481172694_1179695053517591_5410018352304110354_n.jpg
[2026-04-17T00:45:44.975Z] [+] #1495 | 481201791_1179694983517598_2446983189899880207_n.jpg
[2026-04-17T00:45:46.771Z] [+] #1496 | 482012010_1179693326851097_7146974550803573281_n.jpg
[2026-04-17T00:45:48.565Z] [+] #1497 | 481666018_1179693036851126_4899120198070065593_n.jpg
[2026-04-17T00:45:50.365Z] [+] #1498 | 481336736_1179692913517805_8327939438281812470_n.jpg
[2026-04-17T00:45:52.161Z] [+] #1499 | 481113707_1179693010184462_7968528616626125180_n.jpg
[2026-04-17T00:45:52.444Z] [VIEWER] Round 1500 | Collected: 1499
[2026-04-17T00:45:53.956Z] [+] #1500 | 480921529_1179691060184657_9167291130673444387_n.jpg
[2026-04-17T00:45:55.754Z] [+] #1501 | 481217244_1179690813518015_8712560424525536034_n.jpg
[2026-04-17T00:45:57.560Z] [+] #1502 | 480929812_1179691066851323_1276368194170281088_n.jpg
[2026-04-17T00:45:59.356Z] [+] #1503 | 481116283_1179687996851630_653582791757733887_n.jpg
[2026-04-17T00:46:01.148Z] [+] #1504 | 481124330_1179687683518328_4778909768329635912_n.jpg
[2026-04-17T00:46:02.945Z] [+] #1505 | 480960734_1179688000184963_362415921673844848_n.jpg
[2026-04-17T00:46:04.738Z] [+] #1506 | 481025628_1179687716851658_4062108185929990640_n.jpg
[2026-04-17T00:46:06.534Z] [+] #1507 | 482010576_1179688096851620_5876544556783505291_n.jpg
[2026-04-17T00:46:08.332Z] [+] #1508 | 482212741_1179687993518297_2709475810707814106_n.jpg
[2026-04-17T00:46:10.124Z] [+] #1509 | 480881254_1179686773518419_1777852007344526582_n.jpg
[2026-04-17T00:46:11.919Z] [+] #1510 | 481259945_1179686566851773_3106654525425279266_n.jpg
[2026-04-17T00:46:13.716Z] [+] #1511 | 481124212_1179686813518415_3294824357907307945_n.jpg
[2026-04-17T00:46:15.503Z] [+] #1512 | 481122167_1179686803518416_1738926219468998442_n.jpg
[2026-04-17T00:46:17.472Z] [+] #1513 | 481051582_1179686880185075_8624786632469096307_n.jpg
[2026-04-17T00:46:19.256Z] [+] #1514 | 481448641_1179685210185242_4207579950742822902_n.jpg
[2026-04-17T00:46:21.050Z] [+] #1515 | 480747601_1179685173518579_6343385774906506293_n.jpg
[2026-04-17T00:46:22.840Z] [+] #1516 | 481096710_1179685153518581_2840040776051352062_n.jpg
[2026-04-17T00:46:24.633Z] [+] #1517 | 481101262_1179685206851909_7567567895279105846_n.jpg
[2026-04-17T00:46:26.433Z] [+] #1518 | 481214833_1179685496851880_1454063644969986198_n.jpg
[2026-04-17T00:46:28.221Z] [+] #1519 | 482009263_1179684296852000_6078771447327289861_n.jpg
[2026-04-17T00:46:28.504Z] [VIEWER] Round 1520 | Collected: 1519
[2026-04-17T00:46:30.015Z] [+] #1520 | 481190922_1179684186852011_5502308995859970991_n.jpg
[2026-04-17T00:46:31.813Z] [+] #1521 | 481223115_1179079040245859_7174715649402962772_n.jpg
[2026-04-17T00:46:33.608Z] [+] #1522 | 480982114_1179078970245866_4278687308554019925_n.jpg
[2026-04-17T00:46:35.407Z] [+] #1523 | 480951208_1179079140245849_5126184187968760839_n.jpg
[2026-04-17T00:46:37.210Z] [+] #1524 | 480876919_1179079233579173_425017491237334459_n.jpg
[2026-04-17T00:46:39.004Z] [+] #1525 | 481044306_1179079043579192_6987598813776029035_n.jpg
[2026-04-17T00:46:40.800Z] [+] #1526 | 480860696_1179079126912517_5198866590255209126_n.jpg
[2026-04-17T00:46:42.597Z] [+] #1527 | 481110541_1179077130246050_3142381962707844620_n.jpg
[2026-04-17T00:46:44.391Z] [+] #1528 | 480957760_1179077230246040_7998530382586371143_n.jpg
[2026-04-17T00:46:46.188Z] [+] #1529 | 480768783_1179075690246194_2036260896464013289_n.jpg
[2026-04-17T00:46:47.992Z] [+] #1530 | 481693256_1179073556913074_3180184191991641045_n.jpg
[2026-04-17T00:46:49.794Z] [+] #1531 | 480871578_1179072536913176_3772158402616812562_n.jpg
[2026-04-17T00:46:51.590Z] [+] #1532 | 481165660_1179072730246490_6215903671239538308_n.jpg
[2026-04-17T00:46:53.378Z] [+] #1533 | 480702202_1179071213579975_3006603053280794907_n.jpg
[2026-04-17T00:46:55.170Z] [+] #1534 | 481196710_1179071376913292_6285093851941715515_n.jpg
[2026-04-17T00:46:56.970Z] [+] #1535 | 481338189_1179071436913286_6268102890480957953_n.jpg
[2026-04-17T00:46:58.776Z] [+] #1536 | 480794306_1179071566913273_2614748585412624700_n.jpg
[2026-04-17T00:47:00.599Z] [+] #1537 | 481045167_1179068433580253_1723028363212900858_n.jpg
[2026-04-17T00:47:02.418Z] [+] #1538 | 481191929_1179067416913688_2639001856448630641_n.jpg
[2026-04-17T00:47:04.221Z] [+] #1539 | 481171684_1179063060247457_2869240911271204640_n.jpg
[2026-04-17T00:47:04.508Z] [VIEWER] Round 1540 | Collected: 1539
[2026-04-17T00:47:06.021Z] [+] #1540 | 481104834_1179063186914111_7380886212955496973_n.jpg
[2026-04-17T00:47:07.817Z] [+] #1541 | 481225443_1179063136914116_6154268131635192470_n.jpg
[2026-04-17T00:47:09.622Z] [+] #1542 | 481162884_1179063263580770_3608745722019681366_n.jpg
[2026-04-17T00:47:11.420Z] [+] #1543 | 481986206_1179062963580800_5720170940741797893_n.jpg
[2026-04-17T00:47:13.222Z] [+] #1544 | 480727424_1179063220247441_3506237120290996755_n.jpg
[2026-04-17T00:47:15.023Z] [+] #1545 | 481011026_1179062950247468_8380848883953271785_n.jpg
[2026-04-17T00:47:16.822Z] [+] #1546 | 481174549_1179059496914480_1291459038822288676_n.jpg
[2026-04-17T00:47:18.619Z] [+] #1547 | 481191907_1179058306914599_2581543744019805365_n.jpg
[2026-04-17T00:47:20.410Z] [+] #1548 | 481309021_1177456633741433_5858667495509916907_n.jpg
[2026-04-17T00:47:22.207Z] [+] #1549 | 481999689_1177457020408061_1760599351050471096_n.jpg
[2026-04-17T00:47:24.002Z] [+] #1550 | 480927227_1177456883741408_5825919152908109918_n.jpg
[2026-04-17T00:47:25.800Z] [+] #1551 | 481657162_1177456560408107_9201626412142359433_n.jpg
[2026-04-17T00:47:27.598Z] [+] #1552 | 480801174_1177454860408277_992916388642772387_n.jpg
[2026-04-17T00:47:29.404Z] [+] #1553 | 480902497_1177454487074981_1946204340693776365_n.jpg
[2026-04-17T00:47:31.199Z] [+] #1554 | 481156232_1177454557074974_5936790908722805973_n.jpg
[2026-04-17T00:47:32.994Z] [+] #1555 | 481762883_1177454443741652_5852217082466904478_n.jpg
[2026-04-17T00:47:34.791Z] [+] #1556 | 481286824_1177454807074949_4267088441798749516_n.jpg
[2026-04-17T00:47:36.585Z] [+] #1557 | 480881162_1177453670408396_1741622258118165851_n.jpg
[2026-04-17T00:47:38.390Z] [+] #1558 | 481226304_1177452547075175_4143618789605917720_n.jpg
[2026-04-17T00:47:40.202Z] [+] #1559 | 480795514_1177450897075340_8912071742391172665_n.jpg
[2026-04-17T00:47:40.496Z] [VIEWER] Round 1560 | Collected: 1559
[2026-04-17T00:47:42.008Z] [+] #1560 | 481357101_1177448247075605_2980588926124803714_n.jpg
[2026-04-17T00:47:43.806Z] [+] #1561 | 481090178_1177448420408921_2210468802857505381_n.jpg
[2026-04-17T00:47:45.607Z] [+] #1562 | 481246325_1177445097075920_3262466971415820762_n.jpg
[2026-04-17T00:47:47.413Z] [+] #1563 | 480957248_1177445020409261_6705176889062360189_n.jpg
[2026-04-17T00:47:49.215Z] [+] #1564 | 480777701_1177444323742664_3697553750660125802_n.jpg
[2026-04-17T00:47:51.005Z] [+] #1565 | 481249877_1177444010409362_5078171313557150672_n.jpg
[2026-04-17T00:47:52.800Z] [+] #1566 | 481226970_1177444380409325_3054289463134842538_n.jpg
[2026-04-17T00:47:54.596Z] [+] #1567 | 481971098_1177444427075987_3688019818273324606_n.jpg
[2026-04-17T00:47:56.398Z] [+] #1568 | 482031785_1177444353742661_361473233818589977_n.jpg
[2026-04-17T00:47:58.200Z] [+] #1569 | 481262114_1177443133742783_446706654968597593_n.jpg
[2026-04-17T00:48:00.000Z] [+] #1570 | 480741185_1177443230409440_5445150633448298745_n.jpg
[2026-04-17T00:48:01.799Z] [+] #1571 | 481995503_1177443363742760_525251853773983164_n.jpg
[2026-04-17T00:48:03.595Z] [+] #1572 | 481765583_1177443233742773_8725507384765172828_n.jpg
[2026-04-17T00:48:05.387Z] [+] #1573 | 481479582_1177443300409433_935930504573110359_n.jpg
[2026-04-17T00:48:07.177Z] [+] #1574 | 481195054_1177443357076094_7089523862766217947_n.jpg
[2026-04-17T00:48:08.972Z] [+] #1575 | 481658304_1177443267076103_7815353443946636251_n.jpg
[2026-04-17T00:48:10.768Z] [+] #1576 | 481996883_1177441803742916_1606969363136914466_n.jpg
[2026-04-17T00:48:12.566Z] [+] #1577 | 481294821_1177441957076234_8143758399423081734_n.jpg
[2026-04-17T00:48:14.364Z] [+] #1578 | 480916086_1177441963742900_2894745531131215430_n.jpg
[2026-04-17T00:48:16.161Z] [+] #1579 | 480957727_1177441840409579_51203844594164716_n.jpg
[2026-04-17T00:48:16.447Z] [VIEWER] Round 1580 | Collected: 1579
[2026-04-17T00:48:17.956Z] [+] #1580 | 481197268_1177442130409550_5132310472083904998_n.jpg
[2026-04-17T00:48:19.757Z] [+] #1581 | 481019525_1177441807076249_2468923205067213679_n.jpg
[2026-04-17T00:48:21.559Z] [+] #1582 | 481011185_1177441920409571_3545520666476172775_n.jpg
[2026-04-17T00:48:23.363Z] [+] #1583 | 480784170_1177442143742882_4135303700404193087_n.jpg
[2026-04-17T00:48:25.162Z] [+] #1584 | 480746959_1177441933742903_1322502957631508129_n.jpg
[2026-04-17T00:48:26.961Z] [+] #1585 | 481254862_1177442147076215_3290226012665028804_n.jpg
[2026-04-17T00:48:28.764Z] [+] #1586 | 480792687_1177442203742876_9128706427783309442_n.jpg
[2026-04-17T00:48:30.560Z] [+] #1587 | 480832221_1177442117076218_6289764244155992610_n.jpg
[2026-04-17T00:48:32.358Z] [+] #1588 | 480962327_1177439907076439_2536627544927409494_n.jpg
[2026-04-17T00:48:34.154Z] [+] #1589 | 481332125_1177439947076435_7549945931921948882_n.jpg
[2026-04-17T00:48:35.961Z] [+] #1590 | 481257887_1177439897076440_3133056625309169832_n.jpg
[2026-04-17T00:48:37.762Z] [+] #1591 | 480990463_1177439887076441_889665955730749926_n.jpg
[2026-04-17T00:48:39.559Z] [+] #1592 | 481070165_1177438970409866_4078283990087540322_n.jpg
[2026-04-17T00:48:41.354Z] [+] #1593 | 480909623_1177438673743229_4319438799502695135_n.jpg
[2026-04-17T00:48:43.149Z] [+] #1594 | 481332928_1177438877076542_1230023300944022091_n.jpg
[2026-04-17T00:48:44.941Z] [+] #1595 | 481096816_1177438830409880_304201237215379951_n.jpg
[2026-04-17T00:48:46.734Z] [+] #1596 | 480807187_1177438823743214_8656905769148981759_n.jpg
[2026-04-17T00:48:48.528Z] [+] #1597 | 480741185_1177438943743202_1221020654031189270_n.jpg
[2026-04-17T00:48:50.325Z] [+] #1598 | 482004128_1177438640409899_622898478191622282_n.jpg
[2026-04-17T00:48:52.125Z] [+] #1599 | 480939527_1177438677076562_1046388463838073780_n.jpg
[2026-04-17T00:48:52.415Z] [VIEWER] Round 1600 | Collected: 1599
[2026-04-17T00:48:53.926Z] [+] #1600 | 481478661_1177438947076535_6164875684569781056_n.jpg
[2026-04-17T00:48:55.734Z] [+] #1601 | 481182009_1176751067145323_4300047506949366659_n.jpg
[2026-04-17T00:48:57.531Z] [+] #1602 | 481777406_1176751030478660_4048041451489649899_n.jpg
[2026-04-17T00:48:59.328Z] [+] #1603 | 481905296_1176751003811996_2273932503045547810_n.jpg
[2026-04-17T00:49:01.132Z] [+] #1604 | 481996332_1176751007145329_4002955766616744107_n.jpg
[2026-04-17T00:49:02.935Z] [+] #1605 | 481078149_1176750823812014_7711790842915116416_n.jpg
[2026-04-17T00:49:04.733Z] [+] #1606 | 480860080_1176751023811994_6638649044088442723_n.jpg
[2026-04-17T00:49:06.528Z] [+] #1607 | 481142696_1176750787145351_1713294627002971356_n.jpg
[2026-04-17T00:49:08.322Z] [+] #1608 | 481256642_1176751027145327_2527258576269395799_n.jpg
[2026-04-17T00:49:10.122Z] [+] #1609 | 481180607_1176749107145519_6824050454655910793_n.jpg
[2026-04-17T00:49:11.921Z] [+] #1610 | 481176706_1176748853812211_6301810381436143328_n.jpg
[2026-04-17T00:49:13.718Z] [+] #1611 | 481007242_1176748847145545_1914873598467455528_n.jpg
[2026-04-17T00:49:15.520Z] [+] #1612 | 481188896_1176748863812210_1505054712787571291_n.jpg
[2026-04-17T00:49:17.317Z] [+] #1613 | 481095464_1176749067145523_402270431569851279_n.jpg
[2026-04-17T00:49:19.113Z] [+] #1614 | 480811706_1176749077145522_7843869127630723848_n.jpg
[2026-04-17T00:49:20.915Z] [+] #1615 | 480922160_1176749087145521_51303695998993446_n.jpg
[2026-04-17T00:49:22.715Z] [+] #1616 | 481992935_1176748837145546_5663386416804312169_n.jpg
[2026-04-17T00:49:24.512Z] [+] #1617 | 480929820_1176748237145606_1000178522872436649_n.jpg
[2026-04-17T00:49:26.311Z] [+] #1618 | 481178194_1176748227145607_2292043651828602045_n.jpg
[2026-04-17T00:49:28.107Z] [+] #1619 | 480984767_1176747590479004_1668559011689646290_n.jpg
[2026-04-17T00:49:28.396Z] [VIEWER] Round 1620 | Collected: 1619
[2026-04-17T00:49:29.908Z] [+] #1620 | 481773833_1176747917145638_8125200269590632469_n.jpg
[2026-04-17T00:49:31.713Z] [+] #1621 | 480949979_1176747797145650_3442615047666503952_n.jpg
[2026-04-17T00:49:33.505Z] [+] #1622 | 480996082_1176746853812411_1561916983792243337_n.jpg
[2026-04-17T00:49:35.303Z] [+] #1623 | 481072708_1176746763812420_4472363236429107723_n.jpg
[2026-04-17T00:49:37.098Z] [+] #1624 | 480792954_1176746587145771_1283157472618404027_n.jpg
[2026-04-17T00:49:38.891Z] [+] #1625 | 481126628_1176746503812446_2311439830890437293_n.jpg
[2026-04-17T00:49:40.700Z] [+] #1626 | 481230443_1176745760479187_4223713985712321113_n.jpg
[2026-04-17T00:49:42.504Z] [+] #1627 | 481051227_1176743773812719_8555472414766730532_n.jpg
[2026-04-17T00:49:44.301Z] [+] #1628 | 481111670_1176743777146052_1075233123172760174_n.jpg
[2026-04-17T00:49:46.105Z] [+] #1629 | 481074953_1176742060479557_2291488098262154247_n.jpg
[2026-04-17T00:49:47.959Z] [+] #1630 | 481049843_1176742043812892_237015149765612565_n.jpg
[2026-04-17T00:49:49.768Z] [+] #1631 | 481198236_1176741703812926_6563136731786678857_n.jpg
[2026-04-17T00:49:51.564Z] [+] #1632 | 481142696_1176741937146236_643125590681014975_n.jpg
[2026-04-17T00:49:53.359Z] [+] #1633 | 481069707_1176741070479656_3081027291703778535_n.jpg
[2026-04-17T00:49:55.154Z] [+] #1634 | 480721503_1176740727146357_986247613975592048_n.jpg
[2026-04-17T00:49:56.958Z] [+] #1635 | 481045147_1176740983812998_6581151518881625704_n.jpg
[2026-04-17T00:49:58.787Z] [+] #1636 | 480819285_1176739573813139_6421870525092800607_n.jpg
[2026-04-17T00:50:00.582Z] [+] #1637 | 480843022_1176738713813225_1238280306044285445_n.jpg
[2026-04-17T00:50:02.379Z] [+] #1638 | 481234777_1176738707146559_3008910969586364359_n.jpg
[2026-04-17T00:50:04.182Z] [+] #1639 | 481664450_1176738703813226_6665095834045398057_n.jpg
[2026-04-17T00:50:04.490Z] [VIEWER] Round 1640 | Collected: 1639
[2026-04-17T00:50:06.003Z] [+] #1640 | 481064926_1176736707146759_3107762171296469444_n.jpg
[2026-04-17T00:50:07.807Z] [+] #1641 | 481081931_1176736730480090_211944991660530827_n.jpg
[2026-04-17T00:50:09.610Z] [+] #1642 | 480920240_1176732967147133_4481242664224784334_n.jpg
[2026-04-17T00:50:11.413Z] [+] #1643 | 481246582_1176732807147149_415387664272635101_n.jpg
[2026-04-17T00:50:13.206Z] [+] #1644 | 481135477_1176732827147147_4312157255688297332_n.jpg
[2026-04-17T00:50:14.999Z] [+] #1645 | 481065708_1176732820480481_3964536023377092869_n.jpg
[2026-04-17T00:50:16.800Z] [+] #1646 | 481283457_1176733240480439_4609099565798983782_n.jpg
[2026-04-17T00:50:18.604Z] [+] #1647 | 481162714_1176733300480433_5713085506686669898_n.jpg
[2026-04-17T00:50:20.421Z] [+] #1648 | 480913172_1176733283813768_6334965800298389962_n.jpg
[2026-04-17T00:50:22.227Z] [+] #1649 | 480735205_1176733170480446_7328239506452641425_n.jpg
[2026-04-17T00:50:24.029Z] [+] #1650 | 481464558_1176731647147265_1621466335503918450_n.jpg
[2026-04-17T00:50:25.824Z] [+] #1651 | 481823252_1176731630480600_3691697148074752974_n.jpg
[2026-04-17T00:50:27.622Z] [+] #1652 | 480849781_1176731663813930_6246505988049305533_n.jpg
[2026-04-17T00:50:29.420Z] [+] #1653 | 481222094_1176728543814242_1229100449788086068_n.jpg
[2026-04-17T00:50:31.216Z] [+] #1654 | 481065426_1176723333814763_3436913775866725658_n.jpg
[2026-04-17T00:50:33.006Z] [+] #1655 | 480871088_1176721237148306_4428523298337524630_n.jpg
[2026-04-17T00:50:34.805Z] [+] #1656 | 481271115_1176721207148309_5327178046370865404_n.jpg
[2026-04-17T00:50:36.613Z] [+] #1657 | 481299231_1176721200481643_2578514519406443339_n.jpg
[2026-04-17T00:50:38.415Z] [+] #1658 | 481152150_1176721220481641_7366488975109639696_n.jpg
[2026-04-17T00:50:40.211Z] [+] #1659 | 480862100_1176721313814965_1191439001839730873_n.jpg
[2026-04-17T00:50:40.501Z] [VIEWER] Round 1660 | Collected: 1659
[2026-04-17T00:50:42.013Z] [+] #1660 | 481272322_1176718783815218_7542940605527433230_n.jpg
[2026-04-17T00:50:43.814Z] [+] #1661 | 481192619_1175208570632906_507472826802669937_n.jpg
[2026-04-17T00:50:45.615Z] [+] #1662 | 481221342_1175208533966243_2859676640379575071_n.jpg
[2026-04-17T00:50:47.415Z] [+] #1663 | 480754385_1175208433966253_7085883517297100850_n.jpg
[2026-04-17T00:50:49.216Z] [+] #1664 | 481007697_1175208597299570_1091704830107923193_n.jpg
[2026-04-17T00:50:51.029Z] [+] #1665 | 480560212_1175208530632910_4942851064656920851_n.jpg
[2026-04-17T00:50:52.831Z] [+] #1666 | 481019377_1175208553966241_2226349727853789623_n.jpg
[2026-04-17T00:50:54.631Z] [+] #1667 | 480860300_1175208537299576_7963854087132415622_n.jpg
[2026-04-17T00:50:56.430Z] [+] #1668 | 480649760_1175208437299586_3076036389572861058_n.jpg
[2026-04-17T00:50:58.228Z] [+] #1669 | 481268797_1175206737299756_6718238739513375063_n.jpg
[2026-04-17T00:51:00.031Z] [+] #1670 | 481150714_1175206637299766_4144497476655724599_n.jpg
[2026-04-17T00:51:01.826Z] [+] #1671 | 480829551_1175206633966433_4698428341971856627_n.jpg
[2026-04-17T00:51:03.629Z] [+] #1672 | 480875803_1175206943966402_2808674008548893557_n.jpg
[2026-04-17T00:51:05.430Z] [+] #1673 | 480916767_1175206910633072_4907860143256589705_n.jpg
[2026-04-17T00:51:07.226Z] [+] #1674 | 480550174_1175206917299738_2999863378120673663_n.jpg
[2026-04-17T00:51:09.031Z] [+] #1675 | 480713648_1175201553966941_8884485522987945940_n.jpg
[2026-04-17T00:51:10.850Z] [+] #1676 | 481187704_1175201790633584_383929086452918736_n.jpg
[2026-04-17T00:51:12.644Z] [+] #1677 | 480802662_1175201487300281_8369082040751837515_n.jpg
[2026-04-17T00:51:14.427Z] [+] #1678 | 480799895_1175200743967022_6310511097998586587_n.jpg
[2026-04-17T00:51:16.398Z] [+] #1679 | 481669123_1175200760633687_5671457799386404990_n.jpg
[2026-04-17T00:51:16.685Z] [VIEWER] Round 1680 | Collected: 1679
[2026-04-17T00:51:18.197Z] [+] #1680 | 481906735_1175200797300350_6635373778192979306_n.jpg
[2026-04-17T00:51:19.998Z] [+] #1681 | 481119371_1175200893967007_1011386118074273251_n.jpg
[2026-04-17T00:51:21.801Z] [+] #1682 | 480731100_1175200757300354_6492500676294520278_n.jpg
[2026-04-17T00:51:23.603Z] [+] #1683 | 481177040_1175200620633701_2765925199311843676_n.jpg
[2026-04-17T00:51:25.402Z] [+] #1684 | 480815362_1175199597300470_8558050582359022464_n.jpg
[2026-04-17T00:51:27.204Z] [+] #1685 | 481451185_1175197343967362_3831406785838047260_n.jpg
[2026-04-17T00:51:28.997Z] [+] #1686 | 481108791_1175197577300672_943937913737892637_n.jpg
[2026-04-17T00:51:30.789Z] [+] #1687 | 481467056_1175197337300696_1142194389577079787_n.jpg
[2026-04-17T00:51:32.588Z] [+] #1688 | 480703794_1175197560634007_654602355995571587_n.jpg
[2026-04-17T00:51:34.385Z] [+] #1689 | 480661134_1175197487300681_5952004832947040411_n.jpg
[2026-04-17T00:51:36.178Z] [+] #1690 | 480770165_1175195263967570_8481027844018570433_n.jpg
[2026-04-17T00:51:37.973Z] [+] #1691 | 480542650_1175195083967588_1896964020350692838_n.jpg
[2026-04-17T00:51:39.768Z] [+] #1692 | 480771167_1175195420634221_6463756817264967320_n.jpg
[2026-04-17T00:51:41.565Z] [+] #1693 | 480705732_1175195337300896_3939647785425884133_n.jpg
[2026-04-17T00:51:43.359Z] [+] #1694 | 480742096_1175195363967560_6024262917154347985_n.jpg
[2026-04-17T00:51:45.149Z] [+] #1695 | 480762009_1175194100634353_2737788102286914802_n.jpg
[2026-04-17T00:51:46.946Z] [+] #1696 | 480505720_1175193267301103_8910153744245487189_n.jpg
[2026-04-17T00:51:48.745Z] [+] #1697 | 480729845_1175192230634540_883863964855527098_n.jpg
[2026-04-17T00:51:50.548Z] [+] #1698 | 481147517_1175189597301470_1731641556936333869_n.jpg
[2026-04-17T00:51:52.351Z] [+] #1699 | 480932183_1175189700634793_2875927472267383458_n.jpg
[2026-04-17T00:51:52.635Z] [VIEWER] Round 1700 | Collected: 1699
[2026-04-17T00:51:54.147Z] [+] #1700 | 480700309_1175189553968141_3486464079320092181_n.jpg
[2026-04-17T00:51:55.949Z] [+] #1701 | 480704465_1175189613968135_8502498996479020185_n.jpg
[2026-04-17T00:51:57.745Z] [+] #1702 | 480986320_1175189630634800_3926571698180103108_n.jpg
[2026-04-17T00:51:59.549Z] [+] #1703 | 480704834_1175186417301788_497008614090021635_n.jpg
[2026-04-17T00:52:01.352Z] [+] #1704 | 481185873_1175186163968480_2133453315322846646_n.jpg
[2026-04-17T00:52:03.135Z] [+] #1705 | 480661491_1174597004027396_3218784198005714144_n.jpg
[2026-04-17T00:52:04.910Z] [+] #1706 | 481226969_1174594720694291_4894822122066536054_n.jpg
[2026-04-17T00:52:06.694Z] [+] #1707 | 481019386_1174594604027636_968249731085391973_n.jpg
[2026-04-17T00:52:08.479Z] [+] #1708 | 480789834_1174594880694275_7884495114666685007_n.jpg
[2026-04-17T00:52:10.264Z] [+] #1709 | 481054225_1174594944027602_891809692360382882_n.jpg
[2026-04-17T00:52:12.037Z] [+] #1710 | 480794811_1174594637360966_1749342351863809867_n.jpg
[2026-04-17T00:52:13.823Z] [+] #1711 | 480713005_1174593707361059_4165019259089681690_n.jpg
[2026-04-17T00:52:15.604Z] [+] #1712 | 480672970_1174593460694417_2975939022641416551_n.jpg
[2026-04-17T00:52:17.400Z] [+] #1713 | 480658861_1174593504027746_8262162851614069584_n.jpg
[2026-04-17T00:52:19.186Z] [+] #1714 | 480897198_1174593457361084_7286568209496718365_n.jpg
[2026-04-17T00:52:20.983Z] [+] #1715 | 480769838_1174591044027992_7059271631396979862_n.jpg
[2026-04-17T00:52:22.780Z] [+] #1716 | 481181350_1174590160694747_6068179702082291943_n.jpg
[2026-04-17T00:52:24.567Z] [+] #1717 | 481217050_1174589947361435_1504946034392352876_n.jpg
[2026-04-17T00:52:26.368Z] [+] #1718 | 481452831_1174586934028403_2793907600099003481_n.jpg
[2026-04-17T00:52:28.172Z] [+] #1719 | 481203185_1174586967361733_6418895249740593116_n.jpg
[2026-04-17T00:52:28.469Z] [VIEWER] Round 1720 | Collected: 1719
[2026-04-17T00:52:29.979Z] [+] #1720 | 481143812_1174586940695069_3348885773277453057_n.jpg
[2026-04-17T00:52:31.779Z] [+] #1721 | 481246558_1174586950695068_1241841211251698383_n.jpg
[2026-04-17T00:52:33.572Z] [+] #1722 | 480697557_1174586584028438_3210125743001487972_n.jpg
[2026-04-17T00:52:35.374Z] [+] #1723 | 481066660_1174586544028442_1310838629244418492_n.jpg
[2026-04-17T00:52:37.172Z] [+] #1724 | 480781613_1174586260695137_1930403923819050839_n.jpg
[2026-04-17T00:52:38.973Z] [+] #1725 | 481336719_1174586337361796_8795704268793650112_n.jpg
[2026-04-17T00:52:40.765Z] [+] #1726 | 480457831_1174585210695242_5121515995122971609_n.jpg
[2026-04-17T00:52:42.553Z] [+] #1727 | 480740526_1174585287361901_6677679873169109094_n.jpg
[2026-04-17T00:52:44.345Z] [+] #1728 | 480692031_1174585317361898_4723682144106128582_n.jpg
[2026-04-17T00:52:46.134Z] [+] #1729 | 480820238_1174585204028576_5512611161969286580_n.jpg
[2026-04-17T00:52:47.919Z] [+] #1730 | 480730817_1174583320695431_8804928058832891869_n.jpg
[2026-04-17T00:52:49.720Z] [+] #1731 | 481453597_1174583034028793_4043900658596429645_n.jpg
[2026-04-17T00:52:51.514Z] [+] #1732 | 480765679_1174583174028779_7362284252872696456_n.jpg
[2026-04-17T00:52:53.319Z] [+] #1733 | 481240758_1174583047362125_7314314739851927534_n.jpg
[2026-04-17T00:52:55.116Z] [+] #1734 | 480520874_1174583044028792_7128174505114402084_n.jpg
[2026-04-17T00:52:56.922Z] [+] #1735 | 480812609_1174583347362095_8426024541497830743_n.jpg
[2026-04-17T00:52:58.719Z] [+] #1736 | 481008834_1174582977362132_6251644029654178044_n.jpg
[2026-04-17T00:53:00.512Z] [+] #1737 | 480454909_1174581290695634_8919141808485862128_n.jpg
[2026-04-17T00:53:02.310Z] [+] #1738 | 481196924_1174581264028970_7270242354595637871_n.jpg
[2026-04-17T00:53:04.107Z] [+] #1739 | 480672807_1174581284028968_8767476469619375063_n.jpg
[2026-04-17T00:53:04.391Z] [VIEWER] Round 1740 | Collected: 1739
[2026-04-17T00:53:05.901Z] [+] #1740 | 481764110_1174581370695626_3568482893853022140_n.jpg
[2026-04-17T00:53:07.694Z] [+] #1741 | 481105576_1174581300695633_3920807111046107396_n.jpg
[2026-04-17T00:53:09.489Z] [+] #1742 | 480777837_1174581317362298_2301634446172573452_n.jpg
[2026-04-17T00:53:11.294Z] [+] #1743 | 481255340_1174581274028969_6862849133989013104_n.jpg
[2026-04-17T00:53:13.108Z] [+] #1744 | 480988683_1174579367362493_7962487123003431286_n.jpg
[2026-04-17T00:53:14.913Z] [+] #1745 | 481138084_1174578077362622_315985286039994712_n.jpg
[2026-04-17T00:53:16.716Z] [+] #1746 | 481195768_1174575907362839_470430835861074645_n.jpg
[2026-04-17T00:53:18.507Z] [+] #1747 | 481212655_1174576260696137_4045654149522381858_n.jpg
[2026-04-17T00:53:20.295Z] [+] #1748 | 480879594_1174576267362803_1462001477191997156_n.jpg
[2026-04-17T00:53:22.097Z] [+] #1749 | 480868409_1174576137362816_8906925611589325022_n.jpg
[2026-04-17T00:53:23.904Z] [+] #1750 | 480746492_1174576054029491_8219736214712209857_n.jpg
[2026-04-17T00:53:25.703Z] [+] #1751 | 480762140_1174576217362808_4022282176507980053_n.jpg
[2026-04-17T00:53:27.494Z] [+] #1752 | 480749195_1174576340696129_5930237067365764785_n.jpg
[2026-04-17T00:53:29.288Z] [+] #1753 | 481069293_1174576210696142_6910729017326798842_n.jpg
[2026-04-17T00:53:31.086Z] [+] #1754 | 480681639_1174576350696128_1021967578145657277_n.jpg
[2026-04-17T00:53:32.893Z] [+] #1755 | 481210281_1174576214029475_2404006461377768_n.jpg
[2026-04-17T00:53:34.685Z] [+] #1756 | 481253284_1174576220696141_1453695929560686381_n.jpg
[2026-04-17T00:53:36.478Z] [+] #1757 | 480684604_1174571744029922_8828212398903858665_n.jpg
[2026-04-17T00:53:38.279Z] [+] #1758 | 480486694_1174572074029889_190461412165000891_n.jpg
[2026-04-17T00:53:40.082Z] [+] #1759 | 481003952_1174572070696556_565214721339540608_n.jpg
[2026-04-17T00:53:40.372Z] [VIEWER] Round 1760 | Collected: 1759
[2026-04-17T00:53:41.884Z] [+] #1760 | 481183997_1174572180696545_618624309503060211_n.jpg
[2026-04-17T00:53:43.684Z] [+] #1761 | 480696751_1174571970696566_2734941676899352196_n.jpg
[2026-04-17T00:53:45.484Z] [+] #1762 | 481119798_1174572047363225_2486989024409860258_n.jpg
[2026-04-17T00:53:47.282Z] [+] #1763 | 480875067_1174572177363212_7367859510461468792_n.jpg
[2026-04-17T00:53:49.077Z] [+] #1764 | 481239716_1173326057487824_2477570362327939241_n.jpg
[2026-04-17T00:53:50.873Z] [+] #1765 | 480568706_1173321364154960_2763084030228199594_n.jpg
[2026-04-17T00:53:52.670Z] [+] #1766 | 480550141_1173321594154937_2614972408384368437_n.jpg
[2026-04-17T00:53:54.464Z] [+] #1767 | 480523955_1173320260821737_8961104033023161927_n.jpg
[2026-04-17T00:53:56.265Z] [+] #1768 | 480712829_1173315014155595_13071860154478926_n.jpg
[2026-04-17T00:53:58.071Z] [+] #1769 | 480485880_1173313697489060_8793990339186754029_n.jpg
[2026-04-17T00:53:59.868Z] [+] #1770 | 481102609_1172730180880745_8404183483534868735_n.jpg
[2026-04-17T00:54:01.668Z] [+] #1771 | 480637769_1172730004214096_772656852841109818_n.jpg
[2026-04-17T00:54:03.465Z] [+] #1772 | 480573032_1172730484214048_3634697016965667882_n.jpg
[2026-04-17T00:54:05.272Z] [+] #1773 | 480817655_1172730490880714_7657944710092508982_n.jpg
[2026-04-17T00:54:07.070Z] [+] #1774 | 480557614_1172729187547511_4741873255404785338_n.jpg
[2026-04-17T00:54:08.866Z] [+] #1775 | 480369331_1172727450881018_6199964227422749604_n.jpg
[2026-04-17T00:54:10.667Z] [+] #1776 | 480817653_1172727547547675_5705500449052614139_n.jpg
[2026-04-17T00:54:12.460Z] [+] #1777 | 480476721_1172725087547921_2789657916998270736_n.jpg
[2026-04-17T00:54:14.271Z] [+] #1778 | 480577121_1172725134214583_8743757271843496149_n.jpg
[2026-04-17T00:54:16.063Z] [+] #1779 | 480468536_1172723190881444_4065263803158981621_n.jpg
[2026-04-17T00:54:16.350Z] [VIEWER] Round 1780 | Collected: 1779
[2026-04-17T00:54:17.860Z] [+] #1780 | 480885873_1172723057548124_1860302551132781992_n.jpg
[2026-04-17T00:54:19.656Z] [+] #1781 | 480565711_1172723130881450_1997763621205355812_n.jpg
[2026-04-17T00:54:21.454Z] [+] #1782 | 480528054_1172721630881600_2924022177754591434_n.jpg
[2026-04-17T00:54:23.253Z] [+] #1783 | 480588343_1172721624214934_1382290549765997173_n.jpg
[2026-04-17T00:54:25.043Z] [+] #1784 | 480566912_1172717827548647_30945144508279925_n.jpg
[2026-04-17T00:54:26.828Z] [+] #1785 | 480550945_1171948874292209_1654697891874571334_n.jpg
[2026-04-17T00:54:28.626Z] [+] #1786 | 480526864_1171948820958881_8513498653888612855_n.jpg
[2026-04-17T00:54:30.441Z] [+] #1787 | 480570214_1171946137625816_8840305673511287441_n.jpg
[2026-04-17T00:54:32.236Z] [+] #1788 | 480574049_1171939180959845_3285426013753607533_n.jpg
[2026-04-17T00:54:34.040Z] [+] #1789 | 480504574_1171942767626153_6697567161994981312_n.jpg
[2026-04-17T00:54:35.835Z] [+] #1790 | 480677380_1171940954293001_3803390898597661731_n.jpg
[2026-04-17T00:54:37.627Z] [+] #1791 | 480443701_1171940950959668_5719341616215377616_n.jpg
[2026-04-17T00:54:39.423Z] [+] #1792 | 480526188_1171940857626344_725356754423255560_n.jpg
[2026-04-17T00:54:41.337Z] [+] #1793 | 480869122_1171940910959672_8430161347636586218_n.jpg
[2026-04-17T00:54:43.137Z] [+] #1794 | 480456575_1171939177626512_3958971313498040218_n.jpg
[2026-04-17T00:54:44.933Z] [+] #1795 | 480749177_1171937794293317_8590591283696336487_n.jpg
[2026-04-17T00:54:46.729Z] [+] #1796 | 480522084_1171572777663152_633807355278132714_n.jpg
[2026-04-17T00:54:48.517Z] [+] #1797 | 480364767_1171572734329823_1715602602355146579_n.jpg
[2026-04-17T00:54:50.322Z] [+] #1798 | 480511099_1171572630996500_2409287186991556914_n.jpg
[2026-04-17T00:54:52.124Z] [+] #1799 | 480688755_1171571807663249_339957076649030244_n.jpg
[2026-04-17T00:54:52.411Z] [VIEWER] Round 1800 | Collected: 1799
[2026-04-17T00:54:53.922Z] [+] #1800 | 481023011_1171571794329917_1193192564174952955_n.jpg
[2026-04-17T00:54:55.719Z] [+] #1801 | 480928871_1171571790996584_95704157255854419_n.jpg
[2026-04-17T00:54:57.520Z] [+] #1802 | 481043311_1171569224330174_9127006163878829709_n.jpg
[2026-04-17T00:54:59.318Z] [+] #1803 | 480427588_1171567404330356_6288527646120539023_n.jpg
[2026-04-17T00:55:01.117Z] [+] #1804 | 480681288_1171567394330357_2219994410565796233_n.jpg
[2026-04-17T00:55:02.918Z] [+] #1805 | 480579738_1171567077663722_3630187373765282876_n.jpg
[2026-04-17T00:55:04.717Z] [+] #1806 | 480508826_1171566427663787_8884914960905078767_n.jpg
[2026-04-17T00:55:06.523Z] [+] #1807 | 480462013_1171565810997182_161617834478693814_n.jpg
[2026-04-17T00:55:08.320Z] [+] #1808 | 480858659_1171565850997178_6142835538279368854_n.jpg
[2026-04-17T00:55:10.109Z] [+] #1809 | 481033480_1171565860997177_2775402439972132163_n.jpg
[2026-04-17T00:55:11.913Z] [+] #1810 | 480563828_1171565044330592_3624249319908356579_n.jpg
[2026-04-17T00:55:13.708Z] [+] #1811 | 480228255_1171563107664119_6563526826214893906_n.jpg
[2026-04-17T00:55:15.509Z] [+] #1812 | 480161713_1171563170997446_4913482043060025777_n.jpg
[2026-04-17T00:55:17.308Z] [+] #1813 | 480405955_1171563104330786_8933947824442067635_n.jpg
[2026-04-17T00:55:19.118Z] [+] #1814 | 480426884_1171562024330894_6521572738257725711_n.jpg
[2026-04-17T00:55:20.923Z] [+] #1815 | 480697779_1171561844330912_237855462069016871_n.jpg
[2026-04-17T00:55:22.722Z] [+] #1816 | 480918924_1171562027664227_1520168746191433499_n.jpg
[2026-04-17T00:55:24.527Z] [+] #1817 | 480640716_1171561850997578_4071794212609423227_n.jpg
[2026-04-17T00:55:26.323Z] [+] #1818 | 480535467_1171560954331001_1653044095818790912_n.jpg
[2026-04-17T00:55:28.122Z] [+] #1819 | 480687997_1171558727664557_8488010072759002566_n.jpg
[2026-04-17T00:55:28.404Z] [VIEWER] Round 1820 | Collected: 1819
[2026-04-17T00:55:29.915Z] [+] #1820 | 480328895_1171558930997870_7056511120286865933_n.jpg
[2026-04-17T00:55:31.714Z] [+] #1821 | 480789824_1171558914331205_6628204874777496686_n.jpg
[2026-04-17T00:55:33.514Z] [+] #1822 | 480640607_1171557807664649_8060085837174452565_n.jpg
[2026-04-17T00:55:35.307Z] [+] #1823 | 480481469_1171557804331316_7721740956040055108_n.jpg
[2026-04-17T00:55:37.103Z] [+] #1824 | 480421540_1171557577664672_5970768365110386174_n.jpg
[2026-04-17T00:55:38.901Z] [+] #1825 | 480467645_1171556437664786_8167372465705548152_n.jpg
[2026-04-17T00:55:40.706Z] [+] #1826 | 480621508_1171556577664772_4544216573020205826_n.jpg
[2026-04-17T00:55:42.511Z] [+] #1827 | 480450273_1171556434331453_8175225880801350723_n.jpg
[2026-04-17T00:55:44.309Z] [+] #1828 | 480589404_1171555624331534_716371110364737169_n.jpg
[2026-04-17T00:55:46.112Z] [+] #1829 | 480535215_1171555577664872_3072905369252908986_n.jpg
[2026-04-17T00:55:47.901Z] [+] #1830 | 480255769_1171554557664974_2119218724979728345_n.jpg
[2026-04-17T00:55:49.694Z] [+] #1831 | 480486034_1171554560998307_4688414234891100394_n.jpg
[2026-04-17T00:55:51.491Z] [+] #1832 | 480407390_1171554444331652_3972632698653439532_n.jpg
[2026-04-17T00:55:53.282Z] [+] #1833 | 480448783_1171553577665072_404156678345345422_n.jpg
[2026-04-17T00:55:55.086Z] [+] #1834 | 480518067_1171551404331956_8214664784695235896_n.jpg
[2026-04-17T00:55:56.878Z] [+] #1835 | 480496665_1171548017665628_7095539746492374522_n.jpg
[2026-04-17T00:55:58.681Z] [+] #1836 | 480681229_1171545944332502_519542590898005959_n.jpg
[2026-04-17T00:56:00.486Z] [+] #1837 | 480222289_1171546027665827_4912256045789667547_n.jpg
[2026-04-17T00:56:02.293Z] [+] #1838 | 480490983_1171546017665828_8089843483322489595_n.jpg
[2026-04-17T00:56:04.091Z] [+] #1839 | 480943494_1171537650999998_6408685091282913599_n.jpg
[2026-04-17T00:56:04.392Z] [VIEWER] Round 1840 | Collected: 1839
[2026-04-17T00:56:05.898Z] [+] #1840 | 480435416_1171537407666689_8968998051736996392_n.jpg
[2026-04-17T00:56:08.066Z] [+] #1841 | 480349153_1171537254333371_3647172517537698097_n.jpg
[2026-04-17T00:56:09.868Z] [+] #1842 | 480807278_1171272197693210_4063385436595327771_n.jpg
[2026-04-17T00:56:11.673Z] [+] #1843 | 480860184_1171270121026751_8077313985440491098_n.jpg
[2026-04-17T00:56:13.479Z] [+] #1844 | 480443539_1171270181026745_2303952113317921896_n.jpg
[2026-04-17T00:56:15.285Z] [+] #1845 | 481046759_1171269851026778_5064994138268543902_n.jpg
[2026-04-17T00:56:17.078Z] [+] #1846 | 480542837_1171268751026888_5666127667149604859_n.jpg
[2026-04-17T00:56:18.860Z] [+] #1847 | 480588386_1171268661026897_7378406636226413950_n.jpg
[2026-04-17T00:56:20.656Z] [+] #1848 | 480777121_1171269074360189_3558339481330086419_n.jpg
[2026-04-17T00:56:22.455Z] [+] #1849 | 480855290_1171268787693551_7112208754018424122_n.jpg
[2026-04-17T00:56:24.251Z] [+] #1850 | 480671245_1171269007693529_5862711758019510438_n.jpg
[2026-04-17T00:56:26.051Z] [+] #1851 | 480229320_1171267041027059_2444967798277691708_n.jpg
[2026-04-17T00:56:27.853Z] [+] #1852 | 480439570_1171266977693732_6443544368408508581_n.jpg
[2026-04-17T00:56:29.652Z] [+] #1853 | 481046315_1171266687693761_1452040024679761335_n.jpg
[2026-04-17T00:56:31.455Z] [+] #1854 | 480642684_1171266987693731_1379697807108820735_n.jpg
[2026-04-17T00:56:33.255Z] [+] #1855 | 480876892_1171266691027094_2036541562239712076_n.jpg
[2026-04-17T00:56:35.053Z] [+] #1856 | 480740757_1171266981027065_3063248105254048993_n.jpg
[2026-04-17T00:56:36.851Z] [+] #1857 | 480542697_1171266744360422_5020396554557969116_n.jpg
[2026-04-17T00:56:38.652Z] [+] #1858 | 480830152_1171265904360506_8116995320245962953_n.jpg
[2026-04-17T00:56:40.452Z] [+] #1859 | 480357780_1171262794360817_660646290134918646_n.jpg
[2026-04-17T00:56:40.743Z] [VIEWER] Round 1860 | Collected: 1859
[2026-04-17T00:56:42.266Z] [+] #1860 | 480380361_1171259744361122_2931772473121114202_n.jpg
[2026-04-17T00:56:44.068Z] [+] #1861 | 480471690_1171259497694480_7524936123151692830_n.jpg
[2026-04-17T00:56:46.041Z] [+] #1862 | 480744730_1171259431027820_2744620596710454043_n.jpg
[2026-04-17T00:56:47.829Z] [+] #1863 | 480316228_1171259711027792_3306244892051288720_n.jpg
[2026-04-17T00:56:49.633Z] [+] #1864 | 480741560_1171259441027819_1646913563303179574_n.jpg
[2026-04-17T00:56:51.430Z] [+] #1865 | 480608287_1171259384361158_1768540792220292963_n.jpg
[2026-04-17T00:56:53.224Z] [+] #1866 | 480689840_1171259491027814_1164953552257962068_n.jpg
[2026-04-17T00:56:55.020Z] [+] #1867 | 480478616_1171259394361157_2158764526057134740_n.jpg
[2026-04-17T00:56:56.818Z] [+] #1868 | 480529987_1171259424361154_3095027753247662426_n.jpg
[2026-04-17T00:56:58.616Z] [+] #1869 | 480594778_1171259474361149_6156700366765675111_n.jpg
[2026-04-17T00:57:00.584Z] [+] #1870 | 480797248_1171259471027816_4509514362908498611_n.jpg
[2026-04-17T00:57:02.379Z] [+] #1871 | 480388738_1171257317694698_4409849974172386944_n.jpg
[2026-04-17T00:57:04.172Z] [+] #1872 | 480730903_1171256437694786_295144353914204084_n.jpg
[2026-04-17T00:57:05.972Z] [+] #1873 | 480880188_1171254654361631_858235580433126313_n.jpg
[2026-04-17T00:57:07.773Z] [+] #1874 | 480487507_1171252041028559_5676103507858681275_n.jpg
[2026-04-17T00:57:09.569Z] [+] #1875 | 480443415_1171252081028555_7506112695637784816_n.jpg
[2026-04-17T00:57:11.366Z] [+] #1876 | 480418055_1171252111028552_6288604569765264301_n.jpg
[2026-04-17T00:57:13.161Z] [+] #1877 | 480380491_1171252001028563_7498413255970489741_n.jpg
[2026-04-17T00:57:14.955Z] [+] #1878 | 480602182_1171250971028666_4420230760995432379_n.jpg
[2026-04-17T00:57:16.762Z] [+] #1879 | 480475083_1171250047695425_2398937230363370827_n.jpg
[2026-04-17T00:57:17.049Z] [VIEWER] Round 1880 | Collected: 1879
[2026-04-17T00:57:18.560Z] [+] #1880 | 480399555_1171248307695599_6407279775580818772_n.jpg
[2026-04-17T00:57:20.355Z] [+] #1881 | 480397723_1171248284362268_4913352218052296623_n.jpg
[2026-04-17T00:57:22.157Z] [+] #1882 | 480902208_1171248531028910_8665373649370287850_n.jpg
[2026-04-17T00:57:23.952Z] [+] #1883 | 480410439_1171248197695610_7028778115740528877_n.jpg
[2026-04-17T00:57:25.740Z] [+] #1884 | 480655725_1171248087695621_16610392453594374_n.jpg
[2026-04-17T00:57:27.533Z] [+] #1885 | 480628116_1171248327695597_3424568274841658014_n.jpg
[2026-04-17T00:57:29.321Z] [+] #1886 | 480737365_1171248194362277_1238752995037001079_n.jpg
[2026-04-17T00:57:31.122Z] [+] #1887 | 480702530_1170885134398583_4959255110069202511_n.jpg
[2026-04-17T00:57:32.918Z] [+] #1888 | 480641099_1170883237732106_5504534248402487404_n.jpg
[2026-04-17T00:57:34.724Z] [+] #1889 | 480354962_1170879694399127_7611836652939044383_n.jpg
[2026-04-17T00:57:36.521Z] [+] #1890 | 480569976_1170880031065760_1219449954088256443_n.jpg
[2026-04-17T00:57:38.319Z] [+] #1891 | 480456037_1170879671065796_5138216809088652780_n.jpg
[2026-04-17T00:57:40.119Z] [+] #1892 | 480305094_1170874811066282_7423459078283461199_n.jpg
[2026-04-17T00:57:41.928Z] [+] #1893 | 480466273_1170869164400180_7771603412642286773_n.jpg
[2026-04-17T00:57:43.728Z] [+] #1894 | 480618959_1170869021066861_1414929645699526172_n.jpg
[2026-04-17T00:57:45.518Z] [+] #1895 | 480884451_1170865554400541_372264712244934092_n.jpg
[2026-04-17T00:57:47.309Z] [+] #1896 | 480579992_1170865704400526_7520220206182355729_n.jpg
[2026-04-17T00:57:49.113Z] [+] #1897 | 480883171_1170865571067206_2687125299591908709_n.jpg
[2026-04-17T00:57:50.920Z] [+] #1898 | 480305099_1170865527733877_8456444176504870334_n.jpg
[2026-04-17T00:57:52.718Z] [+] #1899 | 480470389_1170862694400827_2687255499811400871_n.jpg
[2026-04-17T00:57:53.017Z] [VIEWER] Round 1900 | Collected: 1899
[2026-04-17T00:57:54.529Z] [+] #1900 | 480653098_1170862984400798_3695491368268290417_n.jpg
[2026-04-17T00:57:56.326Z] [+] #1901 | 480418111_1170862687734161_8841103192191076463_n.jpg
[2026-04-17T00:57:58.122Z] [+] #1902 | 480424245_1170862734400823_2962378469203626320_n.jpg
[2026-04-17T00:57:59.921Z] [+] #1903 | 480701493_1170861891067574_5691160294566733121_n.jpg
[2026-04-17T00:58:01.724Z] [+] #1904 | 480310785_1170861674400929_2972303522069376825_n.jpg
[2026-04-17T00:58:03.527Z] [+] #1905 | 480308902_1170861871067576_5290192533095484349_n.jpg
[2026-04-17T00:58:05.331Z] [+] #1906 | 480580950_1170862041067559_2189754715698929958_n.jpg
[2026-04-17T00:58:07.132Z] [+] #1907 | 480535692_1170861924400904_1077426865588749617_n.jpg
[2026-04-17T00:58:08.938Z] [+] #1908 | 480371450_1170861941067569_416959855608805233_n.jpg
[2026-04-17T00:58:10.738Z] [+] #1909 | 480565431_1170859744401122_5369629670483771692_n.jpg
[2026-04-17T00:58:12.534Z] [+] #1910 | 480402493_1170859807734449_4572987557648157696_n.jpg
[2026-04-17T00:58:14.338Z] [+] #1911 | 480907243_1170859717734458_5549121091549423716_n.jpg
[2026-04-17T00:58:16.140Z] [+] #1912 | 480743549_1170859764401120_2069012063463855958_n.jpg
[2026-04-17T00:58:17.944Z] [+] #1913 | 480406649_1170859804401116_3891093558438296934_n.jpg
[2026-04-17T00:58:19.748Z] [+] #1914 | 480552695_1170859824401114_5934699422198993486_n.jpg
[2026-04-17T00:58:21.568Z] [+] #1915 | 480611507_1170856677734762_8086840028150541789_n.jpg
[2026-04-17T00:58:23.362Z] [+] #1916 | 477618695_1167217401432023_5431053707138456642_n.jpg
[2026-04-17T00:58:25.156Z] [+] #1917 | 476966715_1167217671431996_2245471235937924728_n.jpg
[2026-04-17T00:58:26.960Z] [+] #1918 | 478640391_1167217668098663_4819429488834263731_n.jpg
[2026-04-17T00:58:28.785Z] [+] #1919 | 476818004_1167217414765355_2442699011648961195_n.jpg
[2026-04-17T00:58:29.083Z] [VIEWER] Round 1920 | Collected: 1919
[2026-04-17T00:58:30.595Z] [+] #1920 | 476797607_1167216628098767_5045156120657712948_n.jpg
[2026-04-17T00:58:32.400Z] [+] #1921 | 476800769_1167215624765534_842375335656622623_n.jpg
[2026-04-17T00:58:34.185Z] [+] #1922 | 477581958_1167215574765539_4993318616390108938_n.jpg
[2026-04-17T00:58:35.972Z] [+] #1923 | 476835257_1167215591432204_7322637402356953579_n.jpg
[2026-04-17T00:58:37.768Z] [+] #1924 | 479544660_1167215711432192_3904913524645943570_n.jpg
[2026-04-17T00:58:39.563Z] [+] #1925 | 476798011_1167214634765633_6338189712055779548_n.jpg
[2026-04-17T00:58:41.353Z] [+] #1926 | 477577703_1167213358099094_2193023107168353920_n.jpg
[2026-04-17T00:58:43.147Z] [+] #1927 | 476787577_1167212148099215_5127196331171100411_n.jpg
[2026-04-17T00:58:44.952Z] [+] #1928 | 476661266_1167211458099284_668474004414935562_n.jpg
[2026-04-17T00:58:46.780Z] [+] #1929 | 477803868_1167210408099389_5188691001615139352_n.jpg
[2026-04-17T00:58:48.583Z] [+] #1930 | 477731683_1167210271432736_2358490813082896363_n.jpg
[2026-04-17T00:58:50.385Z] [+] #1931 | 476799371_1167209304766166_8483829743538047702_n.jpg
[2026-04-17T00:58:52.191Z] [+] #1932 | 477735423_1167209384766158_7922500554806353787_n.jpg
[2026-04-17T00:58:53.998Z] [+] #1933 | 477584949_1167209298099500_5169507486454302513_n.jpg
[2026-04-17T00:58:55.798Z] [+] #1934 | 477744691_1167209488099481_7940443368866740133_n.jpg
[2026-04-17T00:58:57.597Z] [+] #1935 | 477805798_1167209311432832_7482719981061816758_n.jpg
[2026-04-17T00:58:59.394Z] [+] #1936 | 476796021_1167209208099509_8015924474993763073_n.jpg
[2026-04-17T00:59:01.193Z] [+] #1937 | 477697031_1167209301432833_5394879707893744675_n.jpg
[2026-04-17T00:59:02.980Z] [+] #1938 | 477728928_1167209314766165_6827473458787161347_n.jpg
[2026-04-17T00:59:04.780Z] [+] #1939 | 477574363_1167209404766156_2396262890524816828_n.jpg
[2026-04-17T00:59:05.067Z] [VIEWER] Round 1940 | Collected: 1939
[2026-04-17T00:59:06.580Z] [+] #1940 | 476796021_1167209421432821_5558979749839271626_n.jpg
[2026-04-17T00:59:08.379Z] [+] #1941 | 476653864_1167209354766161_7975157698820747718_n.jpg
[2026-04-17T00:59:10.173Z] [+] #1942 | 477733936_1167207308099699_5337127829618685604_n.jpg
[2026-04-17T00:59:11.973Z] [+] #1943 | 479552906_1167207378099692_6901836230732824594_n.jpg
[2026-04-17T00:59:13.768Z] [+] #1944 | 477584085_1167207391433024_2060962168065606546_n.jpg
[2026-04-17T00:59:15.577Z] [+] #1945 | 477021302_1167207331433030_5412697878143319633_n.jpg
[2026-04-17T00:59:17.374Z] [+] #1946 | 478232741_1167207418099688_5272066917004295662_n.jpg
[2026-04-17T00:59:19.173Z] [+] #1947 | 477014887_1167207344766362_6208218966181866709_n.jpg
[2026-04-17T00:59:20.971Z] [+] #1948 | 476832920_1167205278099902_5497311701582106898_n.jpg
[2026-04-17T00:59:22.784Z] [+] #1949 | 476835854_1167205171433246_5855030278903277861_n.jpg
[2026-04-17T00:59:24.590Z] [+] #1950 | 476825814_1167205048099925_1089841783721743842_n.jpg
[2026-04-17T00:59:26.386Z] [+] #1951 | 477574108_1167205011433262_8986618515720511303_n.jpg
[2026-04-17T00:59:28.178Z] [+] #1952 | 476814564_1167205141433249_2338195909101629550_n.jpg
[2026-04-17T00:59:30.149Z] [+] #1953 | 477715935_1167205051433258_7767585826341566465_n.jpg
[2026-04-17T00:59:31.951Z] [+] #1954 | 476799936_1167204998099930_7933828997608439898_n.jpg
[2026-04-17T00:59:33.755Z] [+] #1955 | 477587914_1167205134766583_6311710987962296881_n.jpg
[2026-04-17T00:59:35.550Z] [+] #1956 | 477554236_1167201918100238_5558762833894459518_n.jpg
[2026-04-17T00:59:37.340Z] [+] #1957 | 476642663_1167201858100244_2463305957969088874_n.jpg
[2026-04-17T00:59:39.137Z] [+] #1958 | 476800267_1167201614766935_4328871095758522814_n.jpg
[2026-04-17T00:59:40.931Z] [+] #1959 | 476799823_1167201898100240_8113691464652589471_n.jpg
[2026-04-17T00:59:41.224Z] [VIEWER] Round 1960 | Collected: 1959
[2026-04-17T00:59:42.737Z] [+] #1960 | 477005932_1167201841433579_7050759661209626385_n.jpg
[2026-04-17T00:59:44.545Z] [+] #1961 | 476800520_1167201838100246_9162290263811054865_n.jpg
[2026-04-17T00:59:46.343Z] [+] #1962 | 477577630_1167198901433873_4281736636754590205_n.jpg
[2026-04-17T00:59:48.144Z] [+] #1963 | 477170552_1166683491485414_4705864237433441477_n.jpg
[2026-04-17T00:59:49.941Z] [+] #1964 | 477141578_1166683268152103_1753042168736297138_n.jpg
[2026-04-17T00:59:51.736Z] [+] #1965 | 477566166_1166683378152092_8554863353331088988_n.jpg
[2026-04-17T00:59:53.539Z] [+] #1966 | 476834451_1166683411485422_8452795870850736512_n.jpg
[2026-04-17T00:59:55.337Z] [+] #1967 | 477184495_1166682274818869_3706320411464581590_n.jpg
[2026-04-17T00:59:57.151Z] [+] #1968 | 477176228_1166682324818864_1182002583465324894_n.jpg
[2026-04-17T00:59:58.951Z] [+] #1969 | 477044474_1166682008152229_2172330221969772678_n.jpg
[2026-04-17T01:00:00.767Z] [+] #1970 | 476925269_1166681121485651_6409253868217471419_n.jpg
[2026-04-17T01:00:02.566Z] [+] #1971 | 476997841_1166681138152316_8854226032482600061_n.jpg
[2026-04-17T01:00:04.367Z] [+] #1972 | 476880776_1166681371485626_5896160384182560931_n.jpg
[2026-04-17T01:00:06.167Z] [+] #1973 | 477447033_1166681381485625_4398988895826609680_n.jpg
[2026-04-17T01:00:07.966Z] [+] #1974 | 476906982_1166680308152399_9217134003480149428_n.jpg
[2026-04-17T01:00:09.767Z] [+] #1975 | 477081787_1166680031485760_8320745223907427828_n.jpg
[2026-04-17T01:00:11.555Z] [+] #1976 | 477573943_1166680321485731_5192940601905153714_n.jpg
[2026-04-17T01:00:13.350Z] [+] #1977 | 476449912_1166679911485772_6259846241549379467_n.jpg
[2026-04-17T01:00:15.152Z] [+] #1978 | 477441789_1166678838152546_5041454462281719001_n.jpg
[2026-04-17T01:00:16.947Z] [+] #1979 | 476445642_1166679128152517_2754305948757396076_n.jpg
[2026-04-17T01:00:17.242Z] [VIEWER] Round 1980 | Collected: 1979
[2026-04-17T01:00:18.759Z] [+] #1980 | 476846979_1166679114819185_5176885567651642953_n.jpg
[2026-04-17T01:00:20.544Z] [+] #1981 | 477103370_1166678864819210_6060650334306696645_n.jpg
[2026-04-17T01:00:22.351Z] [+] #1982 | 477441554_1166677938152636_3413830395378787900_n.jpg
[2026-04-17T01:00:24.153Z] [+] #1983 | 477098340_1166677941485969_8086035827751089113_n.jpg
[2026-04-17T01:00:25.958Z] [+] #1984 | 477140317_1166677888152641_2179717580865212011_n.jpg
[2026-04-17T01:00:27.761Z] [+] #1985 | 477065051_1166677898152640_503956722662125711_n.jpg
[2026-04-17T01:00:29.559Z] [+] #1986 | 475486635_1166676718152758_2005973149634360740_n.jpg
[2026-04-17T01:00:31.359Z] [+] #1987 | 476949269_1166676881486075_5372721853116277806_n.jpg
[2026-04-17T01:00:33.328Z] [+] #1988 | 476824565_1166676574819439_6257619164071588333_n.jpg
[2026-04-17T01:00:35.138Z] [+] #1989 | 477576626_1166676584819438_1841763205318227993_n.jpg
[2026-04-17T01:00:36.947Z] [+] #1990 | 477359332_1166675748152855_4991787862361572173_n.jpg
[2026-04-17T01:00:38.758Z] [+] #1991 | 477063135_1166675631486200_2217699635419574195_n.jpg
[2026-04-17T01:00:40.568Z] [+] #1992 | 476449912_1166675624819534_3588828612769658899_n.jpg
[2026-04-17T01:00:42.373Z] [+] #1993 | 477130491_1166675828152847_6948525957970461880_n.jpg
[2026-04-17T01:00:44.175Z] [+] #1994 | 477171888_1166675824819514_5631646580529678677_n.jpg
[2026-04-17T01:00:45.971Z] [+] #1995 | 476845177_1166675638152866_8913525784610198433_n.jpg
[2026-04-17T01:00:47.773Z] [+] #1996 | 476446270_1166672641486499_527511949281230392_n.jpg
[2026-04-17T01:00:49.564Z] [+] #1997 | 476910880_1166672701486493_5671500560988270560_n.jpg
[2026-04-17T01:00:51.361Z] [+] #1998 | 476457624_1166672594819837_5247814028835225563_n.jpg
[2026-04-17T01:00:53.155Z] [+] #1999 | 477271354_1166672441486519_8498149692793589101_n.jpg
[2026-04-17T01:00:53.443Z] [VIEWER] Round 2000 | Collected: 1999
[2026-04-17T01:00:54.957Z] [+] #2000 | 476979455_1166672698153160_8931408301444447490_n.jpg
[2026-04-17T01:00:56.753Z] [+] #2001 | 476844916_1166672691486494_7669244403252382674_n.jpg
[2026-04-17T01:00:58.547Z] [+] #2002 | 476857503_1166671554819941_7303090821918078393_n.jpg
[2026-04-17T01:01:00.340Z] [+] #2003 | 477296303_1166671728153257_4753754742628019912_n.jpg
[2026-04-17T01:01:02.132Z] [+] #2004 | 477043409_1166671714819925_3596640351216765112_n.jpg
[2026-04-17T01:01:03.927Z] [+] #2005 | 476637446_1166670704820026_1830011083686631525_n.jpg
[2026-04-17T01:01:05.730Z] [+] #2006 | 477039622_1166670698153360_6574277934423180174_n.jpg
[2026-04-17T01:01:07.537Z] [+] #2007 | 476845620_1166671054819991_314519010484617644_n.jpg
[2026-04-17T01:01:09.342Z] [+] #2008 | 476644054_1166671064819990_2856619249684467450_n.jpg
[2026-04-17T01:01:11.138Z] [+] #2009 | 477451569_1166669611486802_7640821794068690416_n.jpg
[2026-04-17T01:01:12.927Z] [+] #2010 | 477587276_1166669618153468_5991556405985093042_n.jpg
[2026-04-17T01:01:14.714Z] [+] #2011 | 476910876_1166669751486788_8990837188380193266_n.jpg
[2026-04-17T01:01:16.506Z] [+] #2012 | 476645278_1166670018153428_4592495852851911853_n.jpg
[2026-04-17T01:01:18.301Z] [+] #2013 | 477130498_1166669748153455_405240878730453105_n.jpg
[2026-04-17T01:01:20.085Z] [+] #2014 | 477195835_1166669764820120_7934203512525947503_n.jpg
[2026-04-17T01:01:21.881Z] [+] #2015 | 476857661_1166668861486877_8292421784520533356_n.jpg
[2026-04-17T01:01:23.677Z] [+] #2016 | 477439762_1166668894820207_2490728091850018182_n.jpg
[2026-04-17T01:01:25.462Z] [+] #2017 | 476864548_1166668988153531_2452000739913289189_n.jpg
[2026-04-17T01:01:27.250Z] [+] #2018 | 477202722_1166668814820215_7042299412406939856_n.jpg
[2026-04-17T01:01:29.046Z] [+] #2019 | 476858690_1166664824820614_3182684686882812395_n.jpg
[2026-04-17T01:01:29.330Z] [VIEWER] Round 2020 | Collected: 2019
[2026-04-17T01:01:30.844Z] [+] #2020 | 477179579_1166664794820617_4081848846257111476_n.jpg
[2026-04-17T01:01:32.634Z] [+] #2021 | 476855917_1166490434838053_8998701157985069492_n.jpg
[2026-04-17T01:01:34.427Z] [+] #2022 | 478123901_1166490038171426_4514789131632603737_n.jpg
[2026-04-17T01:01:36.229Z] [+] #2023 | 476926033_1166488371504926_2892421944925519727_n.jpg
[2026-04-17T01:01:38.034Z] [+] #2024 | 476950303_1166487544838342_7242008092175002209_n.jpg
[2026-04-17T01:01:39.833Z] [+] #2025 | 477795416_1166486808171749_5969613368183055149_n.jpg
[2026-04-17T01:01:41.633Z] [+] #2026 | 477024729_1166484171505346_3252343695809315489_n.jpg
[2026-04-17T01:01:43.430Z] [+] #2027 | 476909047_1166484174838679_1550724338602516010_n.jpg
[2026-04-17T01:01:45.223Z] [+] #2028 | 477177055_1166484061505357_1524981156241555270_n.jpg
[2026-04-17T01:01:47.025Z] [+] #2029 | 476845959_1166484154838681_7625526728944922831_n.jpg
[2026-04-17T01:01:48.820Z] [+] #2030 | 477861612_1166485278171902_9063927141811957695_n.jpg
[2026-04-17T01:01:50.620Z] [+] #2031 | 477442784_1166484211505342_8383193440175412751_n.jpg
[2026-04-17T01:01:52.410Z] [+] #2032 | 476915482_1166484208172009_9081060421495079089_n.jpg
[2026-04-17T01:01:54.201Z] [+] #2033 | 479362959_1166483808172049_3343577471137383480_n.jpg
[2026-04-17T01:01:55.996Z] [+] #2034 | 479250740_1166483914838705_5170841880323395876_n.jpg
[2026-04-17T01:01:57.785Z] [+] #2035 | 478083762_1166484214838675_2918977301163404438_n.jpg
[2026-04-17T01:01:59.565Z] [+] #2036 | 477729809_1166484164838680_5064157550592889512_n.jpg
[2026-04-17T01:02:01.362Z] [+] #2037 | 476775817_1166484234838673_7257534197434437768_n.jpg
[2026-04-17T01:02:03.161Z] [+] #2038 | 477009913_1166477524839344_3937992314372251123_n.jpg
[2026-04-17T01:02:04.966Z] [+] #2039 | 476757896_1166477541506009_6628298196994471235_n.jpg
[2026-04-17T01:02:05.256Z] [VIEWER] Round 2040 | Collected: 2039
[2026-04-17T01:02:06.768Z] [+] #2040 | 476973278_1166477584839338_3439358649033501543_n.jpg
[2026-04-17T01:02:08.559Z] [+] #2041 | 479701894_1166475884839508_3163820403669200571_n.jpg
[2026-04-17T01:02:10.365Z] [+] #2042 | 477387392_1166474914839605_5167243923696424288_n.jpg
[2026-04-17T01:02:12.162Z] [+] #2043 | 477753387_1166474894839607_3859649835020639919_n.jpg
[2026-04-17T01:02:13.981Z] [+] #2044 | 477196843_1166474948172935_7462367537061885302_n.jpg
[2026-04-17T01:02:15.786Z] [+] #2045 | 477787365_1166474528172977_176787943075340958_n.jpg
[2026-04-17T01:02:17.583Z] [+] #2046 | 477545959_1166471701506593_8924042636973697353_n.jpg
[2026-04-17T01:02:19.371Z] [+] #2047 | 477818111_1166471758173254_4562787165350502067_n.jpg
[2026-04-17T01:02:21.166Z] [+] #2048 | 476904578_1166471774839919_1743594748925369579_n.jpg
[2026-04-17T01:02:22.966Z] [+] #2049 | 477047253_1166470594840037_6495115524124232824_n.jpg
[2026-04-17T01:02:24.773Z] [+] #2050 | 476792911_1166470904840006_2748741443583308596_n.jpg
[2026-04-17T01:02:26.575Z] [+] #2051 | 477584330_1166470478173382_5366675131069429023_n.jpg
[2026-04-17T01:02:28.365Z] [+] #2052 | 478061921_1166470514840045_5118038104164227751_n.jpg
[2026-04-17T01:02:30.156Z] [+] #2053 | 477179569_1166470888173341_8328734333035104661_n.jpg
[2026-04-17T01:02:31.956Z] [+] #2054 | 476748119_1166468448173585_5210206829179561153_n.jpg
[2026-04-17T01:02:33.759Z] [+] #2055 | 479195578_1166463448174085_1270328575392399946_n.jpg
[2026-04-17T01:02:35.558Z] [+] #2056 | 476845416_1165839184903178_6316688672190137142_n.jpg
[2026-04-17T01:02:37.355Z] [+] #2057 | 477020292_1165838824903214_768265544719341520_n.jpg
[2026-04-17T01:02:39.156Z] [+] #2058 | 477002457_1165839041569859_8341424969946235126_n.jpg
[2026-04-17T01:02:40.961Z] [+] #2059 | 476902111_1165836451570118_8364237121159927388_n.jpg
[2026-04-17T01:02:41.248Z] [VIEWER] Round 2060 | Collected: 2059
[2026-04-17T01:02:42.759Z] [+] #2060 | 476911831_1165835324903564_3012371681498811404_n.jpg
[2026-04-17T01:02:44.555Z] [+] #2061 | 476967051_1165833961570367_744729260795061095_n.jpg
[2026-04-17T01:02:46.361Z] [+] #2062 | 477488874_1165833954903701_1124865331266052289_n.jpg
[2026-04-17T01:02:48.161Z] [+] #2063 | 479304932_1165831978237232_1351048442539054401_n.jpg
[2026-04-17T01:02:49.959Z] [+] #2064 | 476928211_1165831178237312_8065572519928418376_n.jpg
[2026-04-17T01:02:51.753Z] [+] #2065 | 477396029_1165831218237308_2751858892035376913_n.jpg
[2026-04-17T01:02:53.551Z] [+] #2066 | 476631996_1163541011799662_5342883948066006384_n.jpg
[2026-04-17T01:02:55.349Z] [+] #2067 | 476444679_1163533078467122_6892029320763449720_n.jpg
[2026-04-17T01:02:57.139Z] [+] #2068 | 476296819_1163533105133786_5649084551420707030_n.jpg
[2026-04-17T01:02:58.935Z] [+] #2069 | 476561774_1163533061800457_5536994029927697590_n.jpg
[2026-04-17T01:03:00.737Z] [+] #2070 | 476368346_1163533095133787_4629937901956150764_n.jpg
[2026-04-17T01:03:02.534Z] [+] #2071 | 476439556_1163533075133789_2728936907211194063_n.jpg
[2026-04-17T01:03:04.329Z] [+] #2072 | 476366639_1163533181800445_1240612747506945030_n.jpg
[2026-04-17T01:03:06.125Z] [+] #2073 | 476642815_1163533071800456_4441847914621671079_n.jpg
[2026-04-17T01:03:07.912Z] [+] #2074 | 475969006_1163533101800453_8328772079517821733_n.jpg
[2026-04-17T01:03:09.713Z] [+] #2075 | 476314450_1163535868466843_2541404679450363782_n.jpg
[2026-04-17T01:03:11.514Z] [+] #2076 | 476402703_1163535861800177_4124044595461766379_n.jpg
[2026-04-17T01:03:13.312Z] [+] #2077 | 476631550_1163535275133569_871888881390673244_n.jpg
[2026-04-17T01:03:15.104Z] [+] #2078 | 476643404_1163531938467236_5715959988434367762_n.jpg
[2026-04-17T01:03:16.898Z] [+] #2079 | 476429709_1163530821800681_279455503368496319_n.jpg
[2026-04-17T01:03:17.183Z] [VIEWER] Round 2080 | Collected: 2079
[2026-04-17T01:03:18.696Z] [+] #2080 | 476460864_1163528448467585_6265609392050046262_n.jpg
[2026-04-17T01:03:20.489Z] [+] #2081 | 476157596_1163522151801548_3183270309184147737_n.jpg
[2026-04-17T01:03:22.276Z] [+] #2082 | 476443525_1163522198468210_7023714143785647042_n.jpg
[2026-04-17T01:03:24.080Z] [+] #2083 | 476612502_1163521265134970_3580873224341376753_n.jpg
[2026-04-17T01:03:25.884Z] [+] #2084 | 476179620_1163197511834012_4039918912741193195_n.jpg
[2026-04-17T01:03:27.673Z] [+] #2085 | 476179578_1163197485167348_2259528466930327573_n.jpg
[2026-04-17T01:03:29.457Z] [+] #2086 | 476449659_1163197248500705_939826508010563177_n.jpg
[2026-04-17T01:03:31.246Z] [+] #2087 | 476453637_1163197531834010_489636771081055806_n.jpg
[2026-04-17T01:03:33.041Z] [+] #2088 | 476235804_1163197515167345_7286208758214488421_n.jpg
[2026-04-17T01:03:34.839Z] [+] #2089 | 476227182_1163196271834136_6162758098244866978_n.jpg
[2026-04-17T01:03:36.634Z] [+] #2090 | 476229414_1163195401834223_4569964971004391997_n.jpg
[2026-04-17T01:03:38.421Z] [+] #2091 | 476207020_1163195371834226_3822521287515322027_n.jpg
[2026-04-17T01:03:40.217Z] [+] #2092 | 476619288_1163195485167548_7292691518650505309_n.jpg
[2026-04-17T01:03:42.016Z] [+] #2093 | 476826923_1163195358500894_7559199519175657736_n.jpg
[2026-04-17T01:03:43.817Z] [+] #2094 | 476225328_1163193291834434_2309216114246771963_n.jpg
[2026-04-17T01:03:45.613Z] [+] #2095 | 476227184_1163193361834427_6795031531832712609_n.jpg
[2026-04-17T01:03:47.404Z] [+] #2096 | 476835723_1163193221834441_2796853705909069675_n.jpg
[2026-04-17T01:03:49.207Z] [+] #2097 | 476141274_1163187598501670_6076211632626414297_n.jpg
[2026-04-17T01:03:51.007Z] [+] #2098 | 476229015_1163183688502061_6265562253541242764_n.jpg
[2026-04-17T01:03:52.800Z] [+] #2099 | 475979880_1162679328552497_5662423806691041223_n.jpg
[2026-04-17T01:03:53.073Z] [VIEWER] Round 2100 | Collected: 2099
[2026-04-17T01:03:54.586Z] [+] #2100 | 475980960_1162679381885825_5970734357244948404_n.jpg
[2026-04-17T01:03:56.383Z] [+] #2101 | 475975262_1162679388552491_1019779992266054142_n.jpg
[2026-04-17T01:03:58.177Z] [+] #2102 | 475998978_1162679421885821_2908375303504960284_n.jpg
[2026-04-17T01:03:59.971Z] [+] #2103 | 476000546_1162676861886077_7966698236632947401_n.jpg
[2026-04-17T01:04:01.772Z] [+] #2104 | 475979987_1162677101886053_756059724270967963_n.jpg
[2026-04-17T01:04:03.566Z] [+] #2105 | 475979083_1162676965219400_7561817981259211796_n.jpg
[2026-04-17T01:04:05.367Z] [+] #2106 | 476435412_1162676941886069_6244131464523475581_n.jpg
[2026-04-17T01:04:07.163Z] [+] #2107 | 476032079_1162677121886051_9192233712604460106_n.jpg
[2026-04-17T01:04:08.959Z] [+] #2108 | 476239611_1162673178553112_3828425210634616639_n.jpg
[2026-04-17T01:04:10.757Z] [+] #2109 | 475999106_1162670715220025_1310308557565098119_n.jpg
[2026-04-17T01:04:12.550Z] [+] #2110 | 476133291_1162671141886649_4129477505274692343_n.jpg
[2026-04-17T01:04:14.347Z] [+] #2111 | 476241624_1162670765220020_471679760276543788_n.jpg
[2026-04-17T01:04:16.142Z] [+] #2112 | 475901486_1162670901886673_4887866527271339624_n.jpg
[2026-04-17T01:04:17.934Z] [+] #2113 | 475979396_1162670861886677_5448253327708205106_n.jpg
[2026-04-17T01:04:19.741Z] [+] #2114 | 476288045_1162668411886922_2853738814117522013_n.jpg
[2026-04-17T01:04:21.537Z] [+] #2115 | 475980091_1162668671886896_5488080861510285631_n.jpg
[2026-04-17T01:04:23.335Z] [+] #2116 | 476006540_1162668395220257_3164667909372982939_n.jpg
[2026-04-17T01:04:25.147Z] [+] #2117 | 476000550_1162668408553589_2038546183744927425_n.jpg
[2026-04-17T01:04:26.951Z] [+] #2118 | 476317548_1162667058553724_5096456099927529764_n.jpg
[2026-04-17T01:04:28.748Z] [+] #2119 | 475987033_1162666881887075_5161722272092372864_n.jpg
[2026-04-17T01:04:29.028Z] [VIEWER] Round 2120 | Collected: 2119
[2026-04-17T01:04:30.548Z] [+] #2120 | 475960818_1162667048553725_7299131468295243352_n.jpg
[2026-04-17T01:04:32.338Z] [+] #2121 | 476358195_1162666975220399_3055512856221277419_n.jpg
[2026-04-17T01:04:34.127Z] [+] #2122 | 476445276_1162664358553994_8391481964825216760_n.jpg
[2026-04-17T01:04:35.923Z] [+] #2123 | 475979169_1162664628553967_1696761947449727585_n.jpg
[2026-04-17T01:04:37.720Z] [+] #2124 | 475243466_1162664665220630_1326328606604031039_n.jpg
[2026-04-17T01:04:39.517Z] [+] #2125 | 475913057_1162664331887330_2889322210117565012_n.jpg
[2026-04-17T01:04:41.316Z] [+] #2126 | 475458238_1162664661887297_6961051360635560169_n.jpg
[2026-04-17T01:04:43.118Z] [+] #2127 | 476010961_1162664228554007_631074587224299166_n.jpg
[2026-04-17T01:04:44.929Z] [+] #2128 | 475993023_1162664471887316_1250768765611667354_n.jpg
[2026-04-17T01:04:46.728Z] [+] #2129 | 476128089_1162664208554009_1260542285900636668_n.jpg
[2026-04-17T01:04:48.555Z] [+] #2130 | 475243557_1162664605220636_1681151148403376118_n.jpg
[2026-04-17T01:04:50.349Z] [+] #2131 | 475765222_1160728728747557_2023947179998713765_n.jpg
[2026-04-17T01:04:52.150Z] [+] #2132 | 476070718_1160721288748301_8999970376628938992_n.jpg
[2026-04-17T01:04:53.939Z] [+] #2133 | 475774021_1160721505414946_5155629614656468639_n.jpg
[2026-04-17T01:04:55.732Z] [+] #2134 | 476012087_1160721305414966_6142339689285723639_n.jpg
[2026-04-17T01:04:57.536Z] [+] #2135 | 475772531_1160721535414943_7599811418404310540_n.jpg
[2026-04-17T01:04:59.342Z] [+] #2136 | 476168819_1160720278748402_1849685586244814805_n.jpg
[2026-04-17T01:05:01.136Z] [+] #2137 | 475771491_1160714915415605_2154027393660674468_n.jpg
[2026-04-17T01:05:02.939Z] [+] #2138 | 475861252_1160712322082531_305708165089045911_n.jpg
[2026-04-17T01:05:04.736Z] [+] #2139 | 476094445_1160712215415875_1869893245331364378_n.jpg
[2026-04-17T01:05:05.020Z] [VIEWER] Round 2140 | Collected: 2139
[2026-04-17T01:05:06.544Z] [+] #2140 | 475744341_1160712272082536_7765482178758916403_n.jpg
[2026-04-17T01:05:08.342Z] [+] #2141 | 475762768_1160712332082530_2837523399734461042_n.jpg
[2026-04-17T01:05:10.143Z] [+] #2142 | 475771922_1160712345415862_5938071450569353153_n.jpg
[2026-04-17T01:05:12.712Z] [+] #2143 | 476097772_1160712335415863_5552683363852808338_n.jpg
[2026-04-17T01:05:14.498Z] [+] #2144 | 475851695_1160712372082526_9125707060765401673_n.jpg
[2026-04-17T01:05:16.311Z] [+] #2145 | 475773446_1160712285415868_7197630099819934649_n.jpg
[2026-04-17T01:05:18.111Z] [+] #2146 | 475772164_1160710492082714_1914824000794897204_n.jpg
[2026-04-17T01:05:20.076Z] [+] #2147 | 475765497_1160710682082695_2850782583528063109_n.jpg
[2026-04-17T01:05:21.874Z] [+] #2148 | 476099379_1160710685416028_8700549982625585726_n.jpg
[2026-04-17T01:05:23.674Z] [+] #2149 | 476068333_1160710482082715_573628663480849631_n.jpg
[2026-04-17T01:05:25.477Z] [+] #2150 | 476078122_1160709298749500_5527201467807079863_n.jpg
[2026-04-17T01:05:27.275Z] [+] #2151 | 476033613_1160709292082834_8043774190803364899_n.jpg
[2026-04-17T01:05:29.070Z] [+] #2152 | 476373419_1160709305416166_4091070829885645199_n.jpg
[2026-04-17T01:05:30.867Z] [+] #2153 | 475966217_1160709712082792_1724787395021227185_n.jpg
[2026-04-17T01:05:32.666Z] [+] #2154 | 475850067_1160527638767666_6227078444744429934_n.jpg
[2026-04-17T01:05:34.477Z] [+] #2155 | 475863639_1160527645434332_2266589285074071860_n.jpg
[2026-04-17T01:05:36.276Z] [+] #2156 | 475847754_1160527722100991_1471497403389270635_n.jpg
[2026-04-17T01:05:38.073Z] [+] #2157 | 475952122_1160527632101000_3207084118501357799_n.jpg
[2026-04-17T01:05:39.876Z] [+] #2158 | 475815370_1160527165434380_2072328093243361034_n.jpg
[2026-04-17T01:05:41.661Z] [+] #2159 | 476074131_1160527192101044_6017602540572388702_n.jpg
[2026-04-17T01:05:41.939Z] [VIEWER] Round 2160 | Collected: 2159
[2026-04-17T01:05:43.454Z] [+] #2160 | 476142862_1160527255434371_1997810060811268167_n.jpg
[2026-04-17T01:05:45.263Z] [+] #2161 | 475882515_1160527232101040_8562988076922147761_n.jpg
[2026-04-17T01:05:47.062Z] [+] #2162 | 475849074_1160526182101145_5640941766925867904_n.jpg
[2026-04-17T01:05:48.858Z] [+] #2163 | 476160069_1160526192101144_3003717325981271098_n.jpg
[2026-04-17T01:05:50.652Z] [+] #2164 | 475466359_1160526125434484_2326451025441102341_n.jpg
[2026-04-17T01:05:52.450Z] [+] #2165 | 476250373_1160526158767814_3967330584238475369_n.jpg
[2026-04-17T01:05:54.255Z] [+] #2166 | 476301388_1160524932101270_8125564979583277862_n.jpg
[2026-04-17T01:05:56.056Z] [+] #2167 | 475807377_1160523952101368_8296630156393639604_n.jpg
[2026-04-17T01:05:57.845Z] [+] #2168 | 475463309_1160521132101650_8440985239466771667_n.jpg
[2026-04-17T01:05:59.640Z] [+] #2169 | 475917895_1160521105434986_4485839517834866078_n.jpg
[2026-04-17T01:06:01.440Z] [+] #2170 | 476002404_1160521152101648_1510386270997590336_n.jpg
[2026-04-17T01:06:03.238Z] [+] #2171 | 475793872_1160521112101652_2043249711815122305_n.jpg
[2026-04-17T01:06:05.037Z] [+] #2172 | 475466037_1160521092101654_5746362927725681085_n.jpg
[2026-04-17T01:06:06.831Z] [+] #2173 | 475764956_1160519358768494_6052438941030371655_n.jpg
[2026-04-17T01:06:08.632Z] [+] #2174 | 475799326_1160519225435174_3000550377532910613_n.jpg
[2026-04-17T01:06:10.435Z] [+] #2175 | 476221870_1160519538768476_1036375628569114225_n.jpg
[2026-04-17T01:06:12.244Z] [+] #2176 | 475466358_1160518442101919_4295460238797858878_n.jpg
[2026-04-17T01:06:14.054Z] [+] #2177 | 475465934_1160518408768589_1142598070810566709_n.jpg
[2026-04-17T01:06:15.855Z] [+] #2178 | 476233139_1160518462101917_2023697706212154363_n.jpg
[2026-04-17T01:06:17.658Z] [+] #2179 | 475791682_1160516298768800_260153454156130649_n.jpg
[2026-04-17T01:06:17.950Z] [VIEWER] Round 2180 | Collected: 2179
[2026-04-17T01:06:19.463Z] [+] #2180 | 475837429_1160515188768911_4262903897685621950_n.jpg
[2026-04-17T01:06:21.259Z] [+] #2181 | 475821665_1160515168768913_2698352417459158359_n.jpg
[2026-04-17T01:06:23.061Z] [+] #2182 | 476104703_1160515245435572_3184030054004221552_n.jpg
[2026-04-17T01:06:24.857Z] [+] #2183 | 475913630_1160515192102244_7586959189733171991_n.jpg
[2026-04-17T01:06:26.655Z] [+] #2184 | 475982700_1160514675435629_718186549918732185_n.jpg
[2026-04-17T01:06:28.461Z] [+] #2185 | 475795307_1160514668768963_4831504471783750609_n.jpg
[2026-04-17T01:06:30.258Z] [+] #2186 | 475957840_1160514292102334_422032720762535188_n.jpg
[2026-04-17T01:06:32.057Z] [+] #2187 | 476011751_1160514305435666_2930644645334484237_n.jpg
[2026-04-17T01:06:33.855Z] [+] #2188 | 475919877_1160510965436000_3851341471829509072_n.jpg
[2026-04-17T01:06:35.661Z] [+] #2189 | 475863473_1160508582102905_8052065513991230560_n.jpg
[2026-04-17T01:06:37.462Z] [+] #2190 | 476086357_1160507475436349_4116555498008862577_n.jpg
[2026-04-17T01:06:39.267Z] [+] #2191 | 476087442_1160506622103101_871816804489450041_n.jpg
[2026-04-17T01:06:41.060Z] [+] #2192 | 475783324_1160506328769797_7910691753270320839_n.jpg
[2026-04-17T01:06:42.852Z] [+] #2193 | 475851687_1160506648769765_1518187398340058780_n.jpg
[2026-04-17T01:06:44.649Z] [+] #2194 | 475978090_1160506552103108_6789469780916373620_n.jpg
[2026-04-17T01:06:46.442Z] [+] #2195 | 475796182_1160504338769996_3669434725479214333_n.jpg
[2026-04-17T01:06:48.242Z] [+] #2196 | 476340457_1160504128770017_8837679255451505864_n.jpg
[2026-04-17T01:06:50.037Z] [+] #2197 | 476091959_1160504202103343_508590638643168430_n.jpg
[2026-04-17T01:06:51.831Z] [+] #2198 | 476135020_1160504092103354_7713015241890304411_n.jpg
[2026-04-17T01:06:53.635Z] [+] #2199 | 476267269_1160504308769999_3927318129551810346_n.jpg
[2026-04-17T01:06:53.926Z] [VIEWER] Round 2200 | Collected: 2199
[2026-04-17T01:06:55.441Z] [+] #2200 | 476000193_1160504132103350_1157479200447597084_n.jpg
[2026-04-17T01:06:57.253Z] [+] #2201 | 475895671_1160503398770090_5858809044450183029_n.jpg
[2026-04-17T01:06:59.073Z] [+] #2202 | 476092084_1160503022103461_5271001202676465074_n.jpg
[2026-04-17T01:07:00.884Z] [+] #2203 | 475819689_1160503112103452_4519639460312027499_n.jpg
[2026-04-17T01:07:02.686Z] [+] #2204 | 475800203_1160118142141949_4701484559549968614_n.jpg
[2026-04-17T01:07:04.480Z] [+] #2205 | 475749369_1160118465475250_6866435450535495581_n.jpg
[2026-04-17T01:07:06.267Z] [+] #2206 | 475859954_1160118525475244_5076510590315278199_n.jpg
[2026-04-17T01:07:08.064Z] [+] #2207 | 475528802_1160118338808596_1229794086186311621_n.jpg
[2026-04-17T01:07:09.842Z] [+] #2208 | 475786921_1160116368808793_7083489988565912768_n.jpg
[2026-04-17T01:07:11.633Z] [+] #2209 | 475781876_1160114888808941_316024171897793400_n.jpg
[2026-04-17T01:07:13.430Z] [+] #2210 | 475744662_1160115232142240_4878994882209042643_n.jpg
[2026-04-17T01:07:15.213Z] [+] #2211 | 475574729_1160114208809009_2043571680992242610_n.jpg
[2026-04-17T01:07:16.997Z] [+] #2212 | 475764059_1160114185475678_7915072705131790535_n.jpg
[2026-04-17T01:07:18.805Z] [+] #2213 | 475541015_1160114015475695_2826555168740433320_n.jpg
[2026-04-17T01:07:20.605Z] [+] #2214 | 475775769_1160113988809031_4201011747931338025_n.jpg
[2026-04-17T01:07:22.398Z] [+] #2215 | 475841997_1160114132142350_803262193950801354_n.jpg
[2026-04-17T01:07:24.190Z] [+] #2216 | 475664255_1160113978809032_8994197859855255011_n.jpg
[2026-04-17T01:07:25.986Z] [+] #2217 | 475771209_1160114168809013_968749062286247773_n.jpg
[2026-04-17T01:07:27.786Z] [+] #2218 | 475715917_1160114065475690_7554228400628763208_n.jpg
[2026-04-17T01:07:30.556Z] [RETRY] Không tìm thấy ảnh, reload lần 1 | url=https://www.facebook.com/photo/?fbid=749965576490543&set=pb.100044313229653.-2207520000
[2026-04-17T01:07:35.490Z] [RETRY] Không tìm thấy ảnh, reload lần 2 | url=https://www.facebook.com/photo/?fbid=749965576490543&set=pb.100044313229653.-2207520000
[2026-04-17T01:07:40.062Z] [RETRY] Không tìm thấy ảnh, reload lần 3 | url=https://www.facebook.com/photo/?fbid=749965576490543&set=pb.100044313229653.-2207520000
[2026-04-17T01:07:45.418Z] [RETRY] Không tìm thấy ảnh, reload lần 4 | url=https://www.facebook.com/photo/?fbid=749965576490543&set=pb.100044313229653.-2207520000
[2026-04-17T01:07:49.637Z] [RETRY] Không tìm thấy ảnh, reload lần 5 | url=https://www.facebook.com/photo/?fbid=749965576490543&set=pb.100044313229653.-2207520000
[2026-04-17T01:07:54.125Z] [SKIP] Bỏ qua sau 5 lần reload | round=2220 | url=https://www.facebook.com/photo/?fbid=749965576490543&set=pb.100044313229653.-2207520000
[2026-04-17T01:07:54.127Z] [ERROR] no image after retries round=2220: url=https://www.facebook.com/photo/?fbid=749965576490543&set=pb.100044313229653.-2207520000
[2026-04-17T01:07:59.235Z] [STUCK] URL không đổi sau ArrowRight round=2220, tự reload...
[2026-04-17T01:08:05.438Z] [RETRY] Không tìm thấy ảnh, reload lần 1 | url=https://www.facebook.com/photo/?fbid=749965576490543&set=pb.100044313229653.-2207520000
[2026-04-17T01:08:09.016Z] [RETRY] Không tìm thấy ảnh, reload lần 2 | url=https://www.facebook.com/photo/?fbid=749965576490543&set=pb.100044313229653.-2207520000
[2026-04-17T01:08:13.705Z] [RETRY] Không tìm thấy ảnh, reload lần 3 | url=https://www.facebook.com/photo/?fbid=749965576490543&set=pb.100044313229653.-2207520000
[2026-04-17T01:08:18.144Z] [RETRY] Không tìm thấy ảnh, reload lần 4 | url=https://www.facebook.com/photo/?fbid=749965576490543&set=pb.100044313229653.-2207520000
[2026-04-17T01:08:22.291Z] [RETRY] Không tìm thấy ảnh, reload lần 5 | url=https://www.facebook.com/photo/?fbid=749965576490543&set=pb.100044313229653.-2207520000
[2026-04-17T01:08:26.863Z] [SKIP] Bỏ qua sau 5 lần reload | round=2221 | url=https://www.facebook.com/photo/?fbid=749965576490543&set=pb.100044313229653.-2207520000
[2026-04-17T01:08:26.864Z] [ERROR] no image after retries round=2221: url=https://www.facebook.com/photo/?fbid=749965576490543&set=pb.100044313229653.-2207520000
[2026-04-17T01:08:31.961Z] [STUCK] URL không đổi sau ArrowRight round=2221, tự reload...
[2026-04-17T01:08:37.948Z] [+] #2219 | 475798436_1160114018809028_837809245873021616_n.jpg
[2026-04-17T01:08:39.740Z] [+] #2220 | 475540867_1160113578809072_7851759101208740812_n.jpg
[2026-04-17T01:08:41.546Z] [+] #2221 | 476170381_1160112698809160_4437800622138372234_n.jpg
[2026-04-17T01:08:43.337Z] [+] #2222 | 475964721_1160112928809137_8158337170229117852_n.jpg
[2026-04-17T01:08:45.125Z] [+] #2223 | 475656879_1160112765475820_4389115643208162571_n.jpg
[2026-04-17T01:08:47.904Z] [+] #2224 | 475773866_1160112988809131_4507092067841082374_n.jpg
[2026-04-17T01:08:50.078Z] [+] #2225 | 475773938_1160112992142464_239103001177445571_n.jpg
[2026-04-17T01:08:51.863Z] [+] #2226 | 476115840_1160112875475809_3426666911049635865_n.jpg
[2026-04-17T01:08:53.659Z] [+] #2227 | 475742475_1160112895475807_7564078395845350577_n.jpg
[2026-04-17T01:08:55.445Z] [+] #2228 | 475640874_1160112972142466_946287562539021073_n.jpg
[2026-04-17T01:08:57.222Z] [+] #2229 | 475650922_1160112675475829_5476041950690041967_n.jpg
[2026-04-17T01:08:58.999Z] [+] #2230 | 476155365_1160112975475799_6956284574657133056_n.jpg
[2026-04-17T01:09:00.791Z] [+] #2231 | 475764274_1160111662142597_2246418792698071749_n.jpg
[2026-04-17T01:09:02.583Z] [+] #2232 | 475717664_1160110485476048_4248318727486735733_n.jpg
[2026-04-17T01:09:04.752Z] [+] #2233 | 476058165_1160109772142786_521965061778125502_n.jpg
[2026-04-17T01:09:06.540Z] [+] #2234 | 476136651_1160106928809737_1545128265060896023_n.jpg
[2026-04-17T01:09:08.330Z] [+] #2235 | 475775136_1160104028810027_2969730594313942923_n.jpg
[2026-04-17T01:09:10.111Z] [+] #2236 | 475820571_1160104115476685_4473207305511610495_n.jpg
[2026-04-17T01:09:11.905Z] [+] #2237 | 475449878_1160104422143321_7829236357137797782_n.jpg
[2026-04-17T01:09:12.185Z] [VIEWER] Round 2240 | Collected: 2237
[2026-04-17T01:09:13.695Z] [+] #2238 | 475800760_1160103048810125_6621761269906812538_n.jpg
[2026-04-17T01:09:15.476Z] [+] #2239 | 475776704_1160101145476982_719178431077333772_n.jpg
[2026-04-17T01:09:17.254Z] [+] #2240 | 475635807_1160101138810316_6477631845416785871_n.jpg
[2026-04-17T01:09:19.040Z] [+] #2241 | 476039271_1160100995476997_2922696294330587637_n.jpg
[2026-04-17T01:09:20.834Z] [+] #2242 | 475665226_1160101015476995_844308687722731450_n.jpg
[2026-04-17T01:09:22.626Z] [+] #2243 | 475853574_1160101018810328_2960671835974265588_n.jpg
[2026-04-17T01:09:24.415Z] [+] #2244 | 475793832_1160100982143665_5983744264717862091_n.jpg
[2026-04-17T01:09:26.219Z] [+] #2245 | 475705422_1160100562143707_4787132248438061786_n.jpg
[2026-04-17T01:09:28.012Z] [+] #2246 | 475842934_1160100475477049_7318266155453513987_n.jpg
[2026-04-17T01:09:29.813Z] [+] #2247 | 475835970_1160100455477051_3330651930335608483_n.jpg
[2026-04-17T01:09:31.615Z] [+] #2248 | 476206225_1160100385477058_842504863025199377_n.jpg
[2026-04-17T01:09:33.412Z] [+] #2249 | 475811214_1160100448810385_7489656732703649879_n.jpg
[2026-04-17T01:09:35.588Z] [+] #2250 | 475797881_1160100545477042_1171991528813614723_n.jpg
[2026-04-17T01:09:37.381Z] [+] #2251 | 475750455_1160100462143717_594041016897003140_n.jpg
[2026-04-17T01:09:39.171Z] [+] #2252 | 475718953_1160100525477044_6603627590866686959_n.jpg
[2026-04-17T01:09:40.953Z] [+] #2253 | 475777671_1160100465477050_1673776606786095840_n.jpg
[2026-04-17T01:09:42.749Z] [+] #2254 | 475755171_1160099695477127_7881032348352734901_n.jpg
[2026-04-17T01:09:45.121Z] [+] #2255 | 475820032_1160098668810563_2643373491138139650_n.jpg
[2026-04-17T01:09:46.905Z] [+] #2256 | 475920715_1160098622143901_9201583298403031446_n.jpg
[2026-04-17T01:09:48.695Z] [+] #2257 | 475886768_1160098942143869_2568905034674967572_n.jpg
[2026-04-17T01:09:48.969Z] [VIEWER] Round 2260 | Collected: 2257
[2026-04-17T01:09:50.480Z] [+] #2258 | 475839325_1160098978810532_3031265612815503555_n.jpg
[2026-04-17T01:09:52.269Z] [+] #2259 | 475781493_1160097802143983_8271782836438431750_n.jpg
[2026-04-17T01:09:54.058Z] [+] #2260 | 475448660_1160096762144087_7497624191199960598_n.jpg
[2026-04-17T01:09:55.848Z] [+] #2261 | 475963550_1160096792144084_7405131750526610227_n.jpg
[2026-04-17T01:09:57.630Z] [+] #2262 | 475594531_1160096808810749_3003987431762987560_n.jpg
[2026-04-17T01:09:59.426Z] [+] #2263 | 475579684_1160096532144110_9081609744490592284_n.jpg
[2026-04-17T01:10:01.622Z] [+] #2264 | 475743214_1160096535477443_3925183902908503453_n.jpg
[2026-04-17T01:10:03.431Z] [+] #2265 | 475761388_1160096498810780_566325632872498644_n.jpg
[2026-04-17T01:10:06.211Z] [+] #2266 | 476142867_1160096548810775_5331465745920535389_n.jpg
[2026-04-17T01:10:08.008Z] [+] #2267 | 475153823_1155973449223085_6616352535791341820_n.jpg
[2026-04-17T01:10:09.801Z] [+] #2268 | 475267110_1155973399223090_9058459152068513245_n.jpg
[2026-04-17T01:10:11.592Z] [+] #2269 | 475244742_1155973535889743_2124288997132933203_n.jpg
[2026-04-17T01:10:13.388Z] [+] #2270 | 475050118_1155973405889756_3134072852437236533_n.jpg
[2026-04-17T01:10:15.181Z] [+] #2271 | 475298033_1155973565889740_2547487819053809828_n.jpg
[2026-04-17T01:10:17.149Z] [+] #2272 | 475201255_1155972712556492_124118610077382305_n.jpg
[2026-04-17T01:10:18.936Z] [+] #2273 | 475263972_1155972269223203_7437371300940455841_n.jpg
[2026-04-17T01:10:20.732Z] [+] #2274 | 475045097_1155972672556496_9164930412079241495_n.jpg
[2026-04-17T01:10:22.522Z] [+] #2275 | 475346198_1155971509223279_4218180367221983989_n.jpg
[2026-04-17T01:10:24.318Z] [+] #2276 | 474975700_1155971465889950_5080206720751576574_n.jpg
[2026-04-17T01:10:26.108Z] [+] #2277 | 475276961_1155969969223433_5741052439762741966_n.jpg
[2026-04-17T01:10:26.387Z] [VIEWER] Round 2280 | Collected: 2277
[2026-04-17T01:10:27.902Z] [+] #2278 | 475075308_1155970342556729_2967710768644484219_n.jpg
[2026-04-17T01:10:29.695Z] [+] #2279 | 475083471_1155970369223393_454136098487795851_n.jpg
[2026-04-17T01:10:31.493Z] [+] #2280 | 475095510_1155970205890076_5697050217458101135_n.jpg
[2026-04-17T01:10:33.292Z] [+] #2281 | 475169063_1155970202556743_6392950971281130338_n.jpg
[2026-04-17T01:10:35.090Z] [+] #2282 | 475082072_1155970209223409_8862888959033918306_n.jpg
[2026-04-17T01:10:36.900Z] [+] #2283 | 475136800_1155969152556848_6159334425840707579_n.jpg
[2026-04-17T01:10:38.696Z] [+] #2284 | 475185581_1155969259223504_2576902485116913745_n.jpg
[2026-04-17T01:10:40.492Z] [+] #2285 | 475276403_1155969175890179_8646400886406432078_n.jpg
[2026-04-17T01:10:42.279Z] [+] #2286 | 475047441_1155969235890173_6325157360642998500_n.jpg
[2026-04-17T01:10:44.073Z] [+] #2287 | 475277528_1155969142556849_1595214829904814309_n.jpg
[2026-04-17T01:10:45.864Z] [+] #2288 | 475074908_1155969242556839_8900501799807935414_n.jpg
[2026-04-17T01:10:47.660Z] [+] #2289 | 475191805_1155969265890170_2176472105367067573_n.jpg
[2026-04-17T01:10:49.453Z] [+] #2290 | 475277152_1155969189223511_8279383932807728971_n.jpg
[2026-04-17T01:10:51.238Z] [+] #2291 | 475274402_1155969169223513_2290567422672073177_n.jpg
[2026-04-17T01:10:53.031Z] [+] #2292 | 475141086_1155969159223514_4139192216848768884_n.jpg
[2026-04-17T01:10:54.823Z] [+] #2293 | 475165862_1155969032556860_7597851987431177912_n.jpg
[2026-04-17T01:10:56.612Z] [+] #2294 | 475264864_1155968845890212_4121531727833904965_n.jpg
[2026-04-17T01:10:58.408Z] [+] #2295 | 475302452_1155967925890304_5308686945609783724_n.jpg
[2026-04-17T01:11:00.202Z] [+] #2296 | 475181459_1155967932556970_1086218527909936053_n.jpg
[2026-04-17T01:11:02.000Z] [+] #2297 | 475243214_1155967952556968_8945656796331637329_n.jpg
[2026-04-17T01:11:02.284Z] [VIEWER] Round 2300 | Collected: 2297
[2026-04-17T01:11:03.798Z] [+] #2298 | 475267107_1155967935890303_8767623466082701817_n.jpg
[2026-04-17T01:11:05.589Z] [+] #2299 | 475276113_1155967949223635_5471188527675991577_n.jpg
[2026-04-17T01:11:07.402Z] [+] #2300 | 475163119_1155968075890289_146692455885348494_n.jpg
[2026-04-17T01:11:09.189Z] [+] #2301 | 475210529_1155965899223840_8998148095895437549_n.jpg
[2026-04-17T01:11:10.984Z] [+] #2302 | 475163942_1155965629223867_4582410178800015984_n.jpg
[2026-04-17T01:11:12.777Z] [+] #2303 | 475278659_1155965742557189_5588242782152401747_n.jpg
[2026-04-17T01:11:14.564Z] [+] #2304 | 475276961_1155965645890532_2221062723325053927_n.jpg
[2026-04-17T01:11:16.358Z] [+] #2305 | 475092244_1155965655890531_3114910814565356728_n.jpg
[2026-04-17T01:11:18.156Z] [+] #2306 | 475126836_1155965455890551_7258158914278920856_n.jpg
[2026-04-17T01:11:19.952Z] [+] #2307 | 475045097_1155965462557217_621037516204864818_n.jpg
[2026-04-17T01:11:21.750Z] [+] #2308 | 475099358_1155964815890615_3917513900201259302_n.jpg
[2026-04-17T01:11:23.543Z] [+] #2309 | 475282463_1155964705890626_5893986584714469722_n.jpg
[2026-04-17T01:11:25.333Z] [+] #2310 | 475094152_1155964695890627_4901451825768910391_n.jpg
[2026-04-17T01:11:27.131Z] [+] #2311 | 475134115_1155964679223962_655371153038611426_n.jpg
[2026-04-17T01:11:28.932Z] [+] #2312 | 475125909_1155964595890637_2937782534260669620_n.jpg
[2026-04-17T01:11:30.726Z] [+] #2313 | 475277827_1155964722557291_1149323948089564615_n.jpg
[2026-04-17T01:11:32.516Z] [+] #2314 | 475143291_1155964699223960_6677237282508941255_n.jpg
[2026-04-17T01:11:34.313Z] [+] #2315 | 475281671_1155964725890624_2538813789104486292_n.jpg
[2026-04-17T01:11:36.115Z] [+] #2316 | 475049660_1155963562557407_1127037364641021377_n.jpg
[2026-04-17T01:11:37.911Z] [+] #2317 | 475279939_1155963215890775_3544428939654545812_n.jpg
[2026-04-17T01:11:38.204Z] [VIEWER] Round 2320 | Collected: 2317
[2026-04-17T01:11:39.715Z] [+] #2318 | 475278839_1155963485890748_7178228575711534162_n.jpg
[2026-04-17T01:11:41.508Z] [+] #2319 | 475270900_1155963482557415_5922250671645580947_n.jpg
[2026-04-17T01:11:43.297Z] [+] #2320 | 475107192_1155963465890750_2992247786131446892_n.jpg
[2026-04-17T01:11:45.086Z] [+] #2321 | 475256153_1155963475890749_7276923048564906149_n.jpg
[2026-04-17T01:11:46.873Z] [+] #2322 | 475270900_1155961869224243_8892309881438127724_n.jpg
[2026-04-17T01:11:48.665Z] [+] #2323 | 475169303_1155962229224207_5081559937467616419_n.jpg
[2026-04-17T01:11:50.454Z] [+] #2324 | 475157027_1155962249224205_5402866836233183116_n.jpg
[2026-04-17T01:11:52.238Z] [+] #2325 | 475077139_1155962309224199_5946434990484663364_n.jpg
[2026-04-17T01:11:54.033Z] [+] #2326 | 475069284_1155962302557533_6255011937965451250_n.jpg
[2026-04-17T01:11:55.838Z] [+] #2327 | 475277241_1155962215890875_4904992697320325186_n.jpg
[2026-04-17T01:11:57.638Z] [+] #2328 | 474977410_1155962245890872_1221455723810215909_n.jpg
[2026-04-17T01:11:59.436Z] [+] #2329 | 475185903_1155962232557540_2723486942972375413_n.jpg
[2026-04-17T01:12:01.228Z] [+] #2330 | 475141121_1155962252557538_575761585853781365_n.jpg
[2026-04-17T01:12:03.024Z] [+] #2331 | 475208301_1155961819224248_4781306850119182512_n.jpg
[2026-04-17T01:12:04.824Z] [+] #2332 | 475078974_1155962205890876_1257264762913964349_n.jpg
[2026-04-17T01:12:06.623Z] [+] #2333 | 475148836_1155962225890874_1365862977214670686_n.jpg
[2026-04-17T01:12:08.424Z] [+] #2334 | 475271300_1155962095890887_2454570203218542304_n.jpg
[2026-04-17T01:12:10.218Z] [+] #2335 | 475298395_1155962192557544_2247957775674927125_n.jpg
[2026-04-17T01:12:12.008Z] [+] #2336 | 475280305_1155962202557543_4916088138152439866_n.jpg
[2026-04-17T01:12:13.797Z] [+] #2337 | 475038807_1155962209224209_7029504714649263544_n.jpg
[2026-04-17T01:12:14.256Z] [VIEWER] Round 2340 | Collected: 2337
[2026-04-17T01:12:15.770Z] [+] #2338 | 475073744_1155962242557539_7824254423896083492_n.jpg
[2026-04-17T01:12:17.562Z] [+] #2339 | 475226575_1155961855890911_5400247145408496793_n.jpg
[2026-04-17T01:12:19.359Z] [+] #2340 | 475149676_1155962102557553_3042902394382520826_n.jpg
[2026-04-17T01:12:21.158Z] [+] #2341 | 475225361_1155962199224210_5032192957205409360_n.jpg
[2026-04-17T01:12:22.957Z] [+] #2342 | 474683153_1154279169392513_8632603921265076479_n.jpg
[2026-04-17T01:12:24.755Z] [+] #2343 | 474859094_1154279292725834_3864545331648110102_n.jpg
[2026-04-17T01:12:26.550Z] [+] #2344 | 474695065_1154279172725846_7790865619887073380_n.jpg
[2026-04-17T01:12:28.342Z] [+] #2345 | 474793927_1154279166059180_2882508066339163754_n.jpg
[2026-04-17T01:12:30.141Z] [+] #2346 | 474779310_1154279152725848_3723922180836334296_n.jpg
[2026-04-17T01:12:31.934Z] [+] #2347 | 474762534_1154279149392515_5733264596509687894_n.jpg
[2026-04-17T01:12:33.728Z] [+] #2348 | 474745225_1154279182725845_9025458970214016455_n.jpg
[2026-04-17T01:12:35.512Z] [+] #2349 | 474779883_1154279162725847_8975471690923228999_n.jpg
[2026-04-17T01:12:37.330Z] [+] #2350 | 474694985_1154279126059184_4025597341627454676_n.jpg
[2026-04-17T01:12:39.127Z] [+] #2351 | 474697690_1154279326059164_2003690443801422158_n.jpg
[2026-04-17T01:12:40.927Z] [+] #2352 | 474807966_1154279179392512_374340618384365773_n.jpg
[2026-04-17T01:12:42.718Z] [+] #2353 | 474536803_1154279242725839_5298500139662234112_n.jpg
[2026-04-17T01:12:44.502Z] [+] #2354 | 474591959_1154279289392501_2662803739417769798_n.jpg
[2026-04-17T01:12:46.308Z] [+] #2355 | 474808724_1154278692725894_2084838507614124423_n.jpg
[2026-04-17T01:12:48.105Z] [+] #2356 | 474653546_1154278629392567_7071804952273871238_n.jpg
[2026-04-17T01:12:49.893Z] [+] #2357 | 475043076_1154278626059234_8288573089912625803_n.jpg
[2026-04-17T01:12:50.174Z] [VIEWER] Round 2360 | Collected: 2357
[2026-04-17T01:12:51.689Z] [+] #2358 | 474593247_1154278322725931_6520898717100394134_n.jpg
[2026-04-17T01:12:53.483Z] [+] #2359 | 474689306_1154278216059275_6508076716601536627_n.jpg
[2026-04-17T01:12:55.279Z] [+] #2360 | 474688882_1154278246059272_940283260470763570_n.jpg
[2026-04-17T01:12:57.063Z] [+] #2361 | 474591072_1154278102725953_1084059618705324222_n.jpg
[2026-04-17T01:12:58.858Z] [+] #2362 | 474699382_1154277852725978_4002606967850285969_n.jpg
[2026-04-17T01:13:01.438Z] [+] #2363 | 474778897_1154278039392626_9173824288437259556_n.jpg
[2026-04-17T01:13:03.232Z] [+] #2364 | 474785815_1154276976059399_3430297939319023838_n.jpg
[2026-04-17T01:13:05.015Z] [+] #2365 | 474654873_1154273866059710_5000581523181993088_n.jpg
[2026-04-17T01:13:06.811Z] [+] #2366 | 475020023_1154275712726192_2293084567835804626_n.jpg
[2026-04-17T01:13:08.611Z] [+] #2367 | 474892768_1154274799392950_3245704605063926411_n.jpg
[2026-04-17T01:13:10.410Z] [+] #2368 | 474695594_1154273422726421_4634483443047233373_n.jpg
[2026-04-17T01:13:12.200Z] [+] #2369 | 474592409_1154273429393087_3526728169952674007_n.jpg
[2026-04-17T01:13:13.992Z] [+] #2370 | 474756139_1154273432726420_1147647927990073649_n.jpg
[2026-04-17T01:13:15.785Z] [+] #2371 | 474501784_1154273449393085_8970003144653818526_n.jpg
[2026-04-17T01:13:17.573Z] [+] #2372 | 474594731_1154273746059722_6674432032992062818_n.jpg
[2026-04-17T01:13:19.359Z] [+] #2373 | 475168421_1154273442726419_8222249083831671452_n.jpg
[2026-04-17T01:13:21.738Z] [+] #2374 | 475026107_1154271222726641_8537880588344544097_n.jpg
[2026-04-17T01:13:23.530Z] [+] #2375 | 475075806_1154271236059973_9044965715604416966_n.jpg
[2026-04-17T01:13:25.319Z] [+] #2376 | 474682340_1154271209393309_1177403204968572360_n.jpg
[2026-04-17T01:13:27.115Z] [+] #2377 | 474596045_1154271229393307_991769120223777329_n.jpg
[2026-04-17T01:13:27.396Z] [VIEWER] Round 2380 | Collected: 2377
[2026-04-17T01:13:28.909Z] [+] #2378 | 474992015_1154271246059972_6912817972356708207_n.jpg
[2026-04-17T01:13:30.710Z] [+] #2379 | 474595398_1154271206059976_8306655886657940944_n.jpg
[2026-04-17T01:13:32.502Z] [+] #2380 | 474699157_1154270236060073_5889675028936656797_n.jpg
[2026-04-17T01:13:34.299Z] [+] #2381 | 474692256_1154270309393399_6970244878087180045_n.jpg
[2026-04-17T01:13:36.095Z] [+] #2382 | 474904811_1154270439393386_5552153949966483875_n.jpg
[2026-04-17T01:13:37.886Z] [+] #2383 | 474777535_1154270456060051_5111583722218011600_n.jpg
[2026-04-17T01:13:39.673Z] [+] #2384 | 474938532_1154270232726740_5258344954061795619_n.jpg
[2026-04-17T01:13:41.464Z] [+] #2385 | 474795875_1154268216060275_2900985930775735553_n.jpg
[2026-04-17T01:13:43.260Z] [+] #2386 | 475021172_1154268376060259_8321724557618246385_n.jpg
[2026-04-17T01:13:45.042Z] [+] #2387 | 474595206_1154268206060276_8156744432026275017_n.jpg
[2026-04-17T01:13:46.824Z] [+] #2388 | 474689306_1154267996060297_2422044153064894371_n.jpg
[2026-04-17T01:13:48.626Z] [+] #2389 | 474751058_1154268212726942_8476696804590309479_n.jpg
[2026-04-17T01:13:50.415Z] [+] #2390 | 474777532_1154264982727265_622668123866463843_n.jpg
[2026-04-17T01:13:52.215Z] [+] #2391 | 474491633_1154265166060580_2565281445846199921_n.jpg
[2026-04-17T01:13:54.009Z] [+] #2392 | 474592989_1154265172727246_6168705183125386374_n.jpg
[2026-04-17T01:13:55.806Z] [+] #2393 | 474778335_1154264919393938_1293456457324274770_n.jpg
[2026-04-17T01:13:57.603Z] [+] #2394 | 474758407_1154265162727247_922992361799212794_n.jpg
[2026-04-17T01:13:59.402Z] [+] #2395 | 474595395_1154265112727252_2205519019521255981_n.jpg
[2026-04-17T01:14:01.200Z] [+] #2396 | 475052350_1154265119393918_2097022873060965047_n.jpg
[2026-04-17T01:14:02.995Z] [+] #2397 | 475036287_1154262556060841_5331088456471946797_n.jpg
[2026-04-17T01:14:03.269Z] [VIEWER] Round 2400 | Collected: 2397
[2026-04-17T01:14:04.778Z] [+] #2398 | 474731531_1154262716060825_4875882697841777311_n.jpg
[2026-04-17T01:14:06.564Z] [+] #2399 | 474656061_1154262709394159_8251315969667304458_n.jpg
[2026-04-17T01:14:08.363Z] [+] #2400 | 474756138_1154262589394171_7535210644701352193_n.jpg
[2026-04-17T01:14:10.155Z] [+] #2401 | 474877140_1154261539394276_1114288244538106420_n.jpg
[2026-04-17T01:14:11.951Z] [+] #2402 | 474621774_1154261536060943_3291256760020276368_n.jpg
[2026-04-17T01:14:14.124Z] [+] #2403 | 474778463_1154261556060941_1905524821221835492_n.jpg
[2026-04-17T01:14:15.917Z] [+] #2404 | 475113882_1154260669394363_3133405239307353511_n.jpg
[2026-04-17T01:14:17.703Z] [+] #2405 | 474796744_1154259242727839_2913734267633935683_n.jpg
[2026-04-17T01:14:19.491Z] [+] #2406 | 474937359_1154259179394512_1506578556399463393_n.jpg
[2026-04-17T01:14:21.276Z] [+] #2407 | 475034336_1154259199394510_7221541524742174482_n.jpg
[2026-04-17T01:14:23.061Z] [+] #2408 | 474701681_1154259096061187_8753953945225090870_n.jpg
[2026-04-17T01:14:24.854Z] [+] #2409 | 474700179_1154259092727854_1832399671633713003_n.jpg
[2026-04-17T01:14:26.644Z] [+] #2410 | 474595689_1154259206061176_2730226474217737476_n.jpg
[2026-04-17T01:14:28.433Z] [+] #2411 | 474596297_1154259089394521_322978285922422693_n.jpg
[2026-04-17T01:14:30.222Z] [+] #2412 | 474892768_1154259082727855_5942793185536657249_n.jpg
[2026-04-17T01:14:32.013Z] [+] #2413 | 474721089_1154258752727888_7590422970887230191_n.jpg
[2026-04-17T01:14:33.803Z] [+] #2414 | 474701825_1154258496061247_6423654938586746566_n.jpg
[2026-04-17T01:14:35.588Z] [+] #2415 | 474727296_1154258469394583_5831199330567437931_n.jpg
[2026-04-17T01:14:37.376Z] [+] #2416 | 474777565_1154258549394575_3822620746301973983_n.jpg
[2026-04-17T01:14:39.165Z] [+] #2417 | 474694991_1154258506061246_2039826701449661214_n.jpg
[2026-04-17T01:14:39.432Z] [VIEWER] Round 2420 | Collected: 2417
[2026-04-17T01:14:40.946Z] [+] #2418 | 474591112_1154258289394601_2112713925085985112_n.jpg
[2026-04-17T01:14:42.740Z] [+] #2419 | 474699236_1154258532727910_5014073944928118680_n.jpg
[2026-04-17T01:14:44.529Z] [+] #2420 | 475049123_1154258552727908_3887469824556261917_n.jpg
[2026-04-17T01:14:46.317Z] [+] #2421 | 474689319_1154258516061245_7621760436206409257_n.jpg
[2026-04-17T01:14:48.109Z] [+] #2422 | 474677106_1154258632727900_5895148671636875802_n.jpg
[2026-04-17T01:14:49.906Z] [+] #2423 | 474540566_1154257549394675_5475609568207096143_n.jpg
[2026-04-17T01:14:51.700Z] [+] #2424 | 474592156_1154255142728249_8219762403663764040_n.jpg
[2026-04-17T01:14:53.493Z] [+] #2425 | 474652211_1154255149394915_541182910200238229_n.jpg
[2026-04-17T01:14:55.285Z] [+] #2426 | 474779379_1154255039394926_5468343564098839087_n.jpg
[2026-04-17T01:14:57.077Z] [+] #2427 | 474478252_1154255429394887_3947279705757087911_n.jpg
[2026-04-17T01:14:59.442Z] [+] #2428 | 474901610_1154255066061590_5059679909222155507_n.jpg
[2026-04-17T01:15:01.222Z] [+] #2429 | 474737432_1154255182728245_2715084070772778270_n.jpg
[2026-04-17T01:15:04.204Z] [+] #2430 | 474745896_1153631326123964_4497168697930414245_n.jpg
[2026-04-17T01:15:06.001Z] [+] #2431 | 474506345_1153628649457565_1626153715730945861_n.jpg
[2026-04-17T01:15:07.801Z] [+] #2432 | 474792537_1153628656124231_1127045682801893926_n.jpg
[2026-04-17T01:15:09.594Z] [+] #2433 | 474513430_1153628792790884_7466108999737966396_n.jpg
[2026-04-17T01:15:11.385Z] [+] #2434 | 474272653_1153626456124451_7643764258845252459_n.jpg
[2026-04-17T01:15:13.175Z] [+] #2435 | 474498809_1153622809458149_5541094389952432544_n.jpg
[2026-04-17T01:15:14.968Z] [+] #2436 | 474825543_1153622969458133_3705877044468037805_n.jpg
[2026-04-17T01:15:16.758Z] [+] #2437 | 474992198_1153623042791459_4527799005740611354_n.jpg
[2026-04-17T01:15:17.037Z] [VIEWER] Round 2440 | Collected: 2437
[2026-04-17T01:15:18.553Z] [+] #2438 | 474493893_1153623049458125_1375643606514298641_n.jpg
[2026-04-17T01:15:20.344Z] [+] #2439 | 474681486_1153623012791462_6548790461485853066_n.jpg
[2026-04-17T01:15:22.134Z] [+] #2440 | 474736678_1153621632791600_8778133535734000445_n.jpg
[2026-04-17T01:15:23.931Z] [+] #2441 | 474112371_1153621842791579_1249575284527497757_n.jpg
[2026-04-17T01:15:25.727Z] [+] #2442 | 474748207_1153619396125157_239689541439740175_n.jpg
[2026-04-17T01:15:27.521Z] [+] #2443 | 474079183_1153619392791824_6127311459544981882_n.jpg
[2026-04-17T01:15:29.315Z] [+] #2444 | 474948726_1153619149458515_4051484668343557279_n.jpg
[2026-04-17T01:15:31.110Z] [+] #2445 | 474653949_1153619382791825_6652314711452714551_n.jpg
[2026-04-17T01:15:32.903Z] [+] #2446 | 474682605_1153619166125180_7084636756440931082_n.jpg
[2026-04-17T01:15:34.691Z] [+] #2447 | 474838307_1153619249458505_3176262127016114302_n.jpg
[2026-04-17T01:15:36.486Z] [+] #2448 | 474486869_1153618062791957_3887891383938694256_n.jpg
[2026-04-17T01:15:38.280Z] [+] #2449 | 475051286_1153618199458610_5467821038561991061_n.jpg
[2026-04-17T01:15:40.073Z] [+] #2450 | 474686678_1153618056125291_7638616835426850907_n.jpg
[2026-04-17T01:15:41.865Z] [+] #2451 | 474803753_1153618246125272_838285574311702722_n.jpg
[2026-04-17T01:15:43.661Z] [+] #2452 | 474640401_1153617882791975_7369805843143493465_n.jpg
[2026-04-17T01:15:45.458Z] [+] #2453 | 474790034_1153599116127185_9008013390488314195_n.jpg
[2026-04-17T01:15:47.252Z] [+] #2454 | 474791792_1153598489460581_3440779878873287866_n.jpg
[2026-04-17T01:15:49.038Z] [+] #2455 | 474707334_1153594736127623_1672794039845390313_n.jpg
[2026-04-17T01:15:50.838Z] [+] #2456 | 474696855_1153595009460929_1467388578627626268_n.jpg
[2026-04-17T01:15:52.633Z] [+] #2457 | 474634356_1153594839460946_581390821281892015_n.jpg
[2026-04-17T01:15:52.916Z] [VIEWER] Round 2460 | Collected: 2457
[2026-04-17T01:15:54.429Z] [+] #2458 | 474793146_1153594622794301_429099243472002064_n.jpg
[2026-04-17T01:15:56.224Z] [+] #2459 | 474788395_1153594719460958_6249521825794091441_n.jpg
[2026-04-17T01:15:58.021Z] [+] #2460 | 474745703_1153595042794259_7661319482380321319_n.jpg
[2026-04-17T01:15:59.808Z] [+] #2461 | 474654990_1153594959460934_9186823950786882420_n.jpg
[2026-04-17T01:16:01.591Z] [+] #2462 | 474607511_1153594972794266_1649554729703836719_n.jpg
[2026-04-17T01:16:03.384Z] [+] #2463 | 474744893_1153591852794578_7246980878478632775_n.jpg
[2026-04-17T01:16:05.179Z] [+] #2464 | 474684631_1153591659461264_543052832293068317_n.jpg
[2026-04-17T01:16:06.974Z] [+] #2465 | 474788894_1153591386127958_6359779465409333737_n.jpg
[2026-04-17T01:16:08.765Z] [+] #2466 | 474695219_1153591379461292_2669979540657827397_n.jpg
[2026-04-17T01:16:10.561Z] [+] #2467 | 474736659_1153591372794626_5509932676271402847_n.jpg
[2026-04-17T01:16:12.354Z] [+] #2468 | 474724681_1153591642794599_804248294835088826_n.jpg
[2026-04-17T01:16:14.147Z] [+] #2469 | 474604755_1153590729461357_3316562387089209773_n.jpg
[2026-04-17T01:16:15.941Z] [+] #2470 | 474660119_1153588476128249_5349376938294699202_n.jpg
[2026-04-17T01:16:17.734Z] [+] #2471 | 474610263_1153588359461594_4788116430173235831_n.jpg
[2026-04-17T01:16:19.523Z] [+] #2472 | 474739682_1153588462794917_7553822351442063616_n.jpg
[2026-04-17T01:16:21.324Z] [+] #2473 | 474612031_1153588249461605_1858906750837086831_n.jpg
[2026-04-17T01:16:23.117Z] [+] #2474 | 474890696_1153586479461782_2472186793581530619_n.jpg
[2026-04-17T01:16:24.903Z] [+] #2475 | 474736461_1153586532795110_7865475585219475493_n.jpg
[2026-04-17T01:16:26.698Z] [+] #2476 | 474791430_1153585262795237_1997193020168038910_n.jpg
[2026-04-17T01:16:28.477Z] [+] #2477 | 474675939_1153584439461986_8012999973614132437_n.jpg
[2026-04-17T01:16:28.751Z] [VIEWER] Round 2480 | Collected: 2477
[2026-04-17T01:16:30.263Z] [+] #2478 | 474718724_1153584282795335_189985034071227113_n.jpg
[2026-04-17T01:16:32.055Z] [+] #2479 | 474669316_1153583139462116_5654042243086086453_n.jpg
[2026-04-17T01:16:33.849Z] [+] #2480 | 474791430_1153582942795469_8022244275753544913_n.jpg
[2026-04-17T01:16:35.648Z] [+] #2481 | 474746781_1153583206128776_7161043935987154145_n.jpg
[2026-04-17T01:16:37.456Z] [+] #2482 | 474640084_1153581872795576_1078936183205014658_n.jpg
[2026-04-17T01:16:39.253Z] [+] #2483 | 474736183_1153582106128886_8358086880528962505_n.jpg
[2026-04-17T01:16:41.047Z] [+] #2484 | 475103522_1153581866128910_9195970275039483817_n.jpg
[2026-04-17T01:16:42.839Z] [+] #2485 | 474791795_1153582009462229_3577624119315977478_n.jpg
[2026-04-17T01:16:44.633Z] [+] #2486 | 474724681_1153582289462201_7433001470245138549_n.jpg
[2026-04-17T01:16:46.424Z] [+] #2487 | 474998277_1153581876128909_5399509416291143653_n.jpg
[2026-04-17T01:16:48.394Z] [+] #2488 | 474650312_1153582062795557_3557972907678806105_n.jpg
[2026-04-17T01:16:50.183Z] [+] #2489 | 474647968_1153582022795561_3666590986653883432_n.jpg
[2026-04-17T01:16:51.979Z] [+] #2490 | 474746651_1153581882795575_4171030984450917119_n.jpg
[2026-04-17T01:16:53.775Z] [+] #2491 | 474636692_1153582129462217_644199536718890378_n.jpg
[2026-04-17T01:16:55.578Z] [+] #2492 | 474628871_1153582039462226_1711687986887461672_n.jpg
[2026-04-17T01:16:57.376Z] [+] #2493 | 474612031_1153582132795550_464397926010520611_n.jpg
[2026-04-17T01:16:59.169Z] [+] #2494 | 474627186_1153580926129004_8122663709707355774_n.jpg
[2026-04-17T01:17:00.964Z] [+] #2495 | 474658862_1153580916129005_4740066718295430625_n.jpg
[2026-04-17T01:17:02.760Z] [+] #2496 | 474788388_1153580816129015_6132235338112371773_n.jpg
[2026-04-17T01:17:04.552Z] [+] #2497 | 474745697_1153579539462476_4924845703944882260_n.jpg
[2026-04-17T01:17:04.834Z] [VIEWER] Round 2500 | Collected: 2497
[2026-04-17T01:17:06.348Z] [+] #2498 | 474631658_1153579609462469_6831236178110220384_n.jpg
[2026-04-17T01:17:08.141Z] [+] #2499 | 474670139_1153579492795814_2067367697047506206_n.jpg
[2026-04-17T01:17:09.931Z] [+] #2500 | 474788425_1153578746129222_7440818205227168924_n.jpg
[2026-04-17T01:17:11.718Z] [+] #2501 | 474703199_1153579142795849_7393665101011199246_n.jpg
[2026-04-17T01:17:13.510Z] [+] #2502 | 474648012_1153578989462531_9188137261023096188_n.jpg
[2026-04-17T01:17:15.308Z] [+] #2503 | 474791995_1153578976129199_7512237057849714035_n.jpg
[2026-04-17T01:17:17.102Z] [+] #2504 | 474746480_1153579122795851_7788424061181810667_n.jpg
[2026-04-17T01:17:18.892Z] [+] #2505 | 474744804_1153579162795847_5256954787718778423_n.jpg
[2026-04-17T01:17:20.686Z] [+] #2506 | 474976412_1153578736129223_8532133251843237294_n.jpg
[2026-04-17T01:17:22.484Z] [+] #2507 | 474681037_1153577852795978_4043170553193330838_n.jpg
[2026-04-17T01:17:24.279Z] [+] #2508 | 474789740_1153577009462729_6566794964544192568_n.jpg
[2026-04-17T01:17:26.066Z] [+] #2509 | 474790009_1153574702796293_9143050558273953022_n.jpg
[2026-04-17T01:17:27.848Z] [+] #2510 | 474759800_1153574606129636_6087728389674212289_n.jpg
[2026-04-17T01:17:29.642Z] [+] #2511 | 474742964_1153574876129609_6847589554047485716_n.jpg
[2026-04-17T01:17:31.437Z] [+] #2512 | 474746965_1153574879462942_3513966309565378623_n.jpg
[2026-04-17T01:17:33.229Z] [+] #2513 | 474745514_1153574906129606_5859855048835427089_n.jpg
[2026-04-17T01:17:35.026Z] [+] #2514 | 474791637_1153574456129651_6744911938355224620_n.jpg
[2026-04-17T01:17:36.822Z] [+] #2515 | 474697055_1153573649463065_2460625681343346331_n.jpg
[2026-04-17T01:17:38.612Z] [+] #2516 | 474675939_1153573616129735_6545195254686693526_n.jpg
[2026-04-17T01:17:40.400Z] [+] #2517 | 474790987_1153573732796390_6280629523148653958_n.jpg
[2026-04-17T01:17:40.680Z] [VIEWER] Round 2520 | Collected: 2517
[2026-04-17T01:17:42.191Z] [+] #2518 | 474617116_1153573769463053_2327928381785447211_n.jpg
[2026-04-17T01:17:43.980Z] [+] #2519 | 474617252_1153572489463181_1315050209877512123_n.jpg
[2026-04-17T01:17:45.775Z] [+] #2520 | 474974293_1153572359463194_7453585280852702935_n.jpg
[2026-04-17T01:17:47.567Z] [+] #2521 | 474739379_1153570662796697_1496932271221932431_n.jpg
[2026-04-17T01:17:49.358Z] [+] #2522 | 474746838_1153570712796692_1504694522742846935_n.jpg
[2026-04-17T01:17:51.146Z] [+] #2523 | 474747921_1153570449463385_5819365040169677911_n.jpg
[2026-04-17T01:17:52.940Z] [+] #2524 | 474747487_1153570246130072_4479800720644287865_n.jpg
[2026-04-17T01:17:54.733Z] [+] #2525 | 474610263_1153570426130054_8058285208408260777_n.jpg
[2026-04-17T01:17:56.526Z] [+] #2526 | 474741641_1153570676130029_2469975268738262561_n.jpg
[2026-04-17T01:17:58.325Z] [+] #2527 | 474744916_1153568559463574_3466510866993131735_n.jpg
[2026-04-17T01:18:00.118Z] [+] #2528 | 474822350_1153036376183459_765159647059470778_n.jpg
[2026-04-17T01:18:01.909Z] [+] #2529 | 474224662_1153036536183443_3425657689532298495_n.jpg
[2026-04-17T01:18:03.706Z] [+] #2530 | 474262364_1153036626183434_4293589650803345418_n.jpg
[2026-04-17T01:18:05.502Z] [+] #2531 | 474570046_1153036369516793_4578207622005943556_n.jpg
[2026-04-17T01:18:07.298Z] [+] #2532 | 474429269_1153036406183456_3158354169843045737_n.jpg
[2026-04-17T01:18:09.094Z] [+] #2533 | 474569690_1153036702850093_881771008196619524_n.jpg
[2026-04-17T01:18:10.887Z] [+] #2534 | 474505370_1153036379516792_8542693690680418646_n.jpg
[2026-04-17T01:18:12.687Z] [+] #2535 | 474327019_1153035522850211_9131431129333848134_n.jpg
[2026-04-17T01:18:14.483Z] [+] #2536 | 474486747_1153034426183654_891440612878459825_n.jpg
[2026-04-17T01:18:16.276Z] [+] #2537 | 474323964_1153034412850322_6250916543176977440_n.jpg
[2026-04-17T01:18:16.554Z] [VIEWER] Round 2540 | Collected: 2537
[2026-04-17T01:18:18.070Z] [+] #2538 | 474500130_1153034429516987_2451255695495526220_n.jpg
[2026-04-17T01:18:19.865Z] [+] #2539 | 474743283_1153034059517024_777484046387103205_n.jpg
[2026-04-17T01:18:22.238Z] [+] #2540 | 474499246_1153034256183671_5869843768266522186_n.jpg
[2026-04-17T01:18:24.026Z] [+] #2541 | 474855654_1153034212850342_4494902625070610130_n.jpg
[2026-04-17T01:18:25.815Z] [+] #2542 | 474538045_1153034236183673_4655427739457820255_n.jpg
[2026-04-17T01:18:27.609Z] [+] #2543 | 474789489_1153034409516989_3380668477042670024_n.jpg
[2026-04-17T01:18:30.184Z] [+] #2544 | 474693632_1153033962850367_3316897135135967186_n.jpg
[2026-04-17T01:18:31.969Z] [+] #2545 | 474574661_1153034156183681_3299196059404374695_n.jpg
[2026-04-17T01:18:33.757Z] [+] #2546 | 474198695_1153034422850321_1899586777891989851_n.jpg
[2026-04-17T01:18:35.548Z] [+] #2547 | 474693264_1153033986183698_2882883397082721147_n.jpg
[2026-04-17T01:18:37.336Z] [+] #2548 | 474388692_1153034159517014_4365809325659200323_n.jpg
[2026-04-17T01:18:39.148Z] [+] #2549 | 474260770_1153034006183696_3640817224726698114_n.jpg
[2026-04-17T01:18:40.946Z] [+] #2550 | 474507449_1153031616183935_6097388944993507074_n.jpg
[2026-04-17T01:18:42.742Z] [+] #2551 | 474441287_1153031729517257_7194893123482043119_n.jpg
[2026-04-17T01:18:44.536Z] [+] #2552 | 474898908_1153031732850590_4657640095895867277_n.jpg
[2026-04-17T01:18:46.334Z] [+] #2553 | 474807631_1153031686183928_3328501828996667969_n.jpg
[2026-04-17T01:18:48.126Z] [+] #2554 | 474555367_1153032006183896_2529688139193800335_n.jpg
[2026-04-17T01:18:49.917Z] [+] #2555 | 474202938_1153031929517237_7893702812762917636_n.jpg
[2026-04-17T01:18:51.708Z] [+] #2556 | 474194005_1153032046183892_2480166399674222028_n.jpg
[2026-04-17T01:18:53.503Z] [+] #2557 | 474976365_1153032032850560_7292649064870939911_n.jpg
[2026-04-17T01:18:53.782Z] [VIEWER] Round 2560 | Collected: 2557
[2026-04-17T01:18:55.296Z] [+] #2558 | 474697846_1153032022850561_3320899549334670673_n.jpg
[2026-04-17T01:18:57.092Z] [+] #2559 | 474221125_1153028309517599_6049881971093701341_n.jpg
[2026-04-17T01:18:58.887Z] [+] #2560 | 474103725_1153028319517598_6727660889787114133_n.jpg
[2026-04-17T01:19:00.675Z] [+] #2561 | 474505370_1153028629517567_7972087743955087679_n.jpg
[2026-04-17T01:19:02.456Z] [+] #2562 | 474545630_1153028409517589_925384950258808614_n.jpg
[2026-04-17T01:19:04.264Z] [+] #2563 | 474561566_1153028476184249_5944402586181714944_n.jpg
[2026-04-17T01:19:06.057Z] [+] #2564 | 474488488_1153028436184253_6102339048846168384_n.jpg
[2026-04-17T01:19:07.848Z] [+] #2565 | 474269799_1153028236184273_5636024669421298523_n.jpg
[2026-04-17T01:19:09.640Z] [+] #2566 | 474956575_1153026242851139_4017887551805244849_n.jpg
[2026-04-17T01:19:12.013Z] [+] #2567 | 474119775_1153026189517811_6162076818995488984_n.jpg
[2026-04-17T01:19:13.795Z] [+] #2568 | 474677741_1153026179517812_2479092843149754645_n.jpg
[2026-04-17T01:19:15.580Z] [+] #2569 | 474268647_1153026072851156_4696988087907842475_n.jpg
[2026-04-17T01:19:17.370Z] [+] #2570 | 474601050_1153026236184473_1959305516982189753_n.jpg
[2026-04-17T01:19:19.154Z] [+] #2571 | 474213213_1153026246184472_8761694336144609477_n.jpg
[2026-04-17T01:19:20.945Z] [+] #2572 | 474371025_1153026046184492_135361266473232630_n.jpg
[2026-04-17T01:19:22.741Z] [+] #2573 | 474113591_1153025799517850_4982897003421338244_n.jpg
[2026-04-17T01:19:24.534Z] [+] #2574 | 474212960_1153025916184505_786504300945496687_n.jpg
[2026-04-17T01:19:26.324Z] [+] #2575 | 474901466_1153025809517849_2003973316931942438_n.jpg
[2026-04-17T01:19:28.115Z] [+] #2576 | 474172255_1153025806184516_4278084090806435082_n.jpg
[2026-04-17T01:19:29.911Z] [+] #2577 | 474538045_1153025852851178_3565469181987712913_n.jpg
[2026-04-17T01:19:30.195Z] [VIEWER] Round 2580 | Collected: 2577
[2026-04-17T01:19:31.709Z] [+] #2578 | 473622044_1147099743443789_6133724360702910472_n.jpg
[2026-04-17T01:19:33.507Z] [+] #2579 | 473432232_1147099900110440_2728981681308288733_n.jpg
[2026-04-17T01:19:35.300Z] [+] #2580 | 473574521_1147099863443777_9212321848637286208_n.jpg
[2026-04-17T01:19:37.093Z] [+] #2581 | 473549924_1147099500110480_7294387677542907294_n.jpg
[2026-04-17T01:19:38.890Z] [+] #2582 | 473601391_1147099360110494_5874795764458247720_n.jpg
[2026-04-17T01:19:40.683Z] [+] #2583 | 473274135_1147099433443820_904768452850881464_n.jpg
[2026-04-17T01:19:42.471Z] [+] #2584 | 473362770_1147099493443814_4359098453956557892_n.jpg
[2026-04-17T01:19:44.260Z] [+] #2585 | 473337283_1147099473443816_8268483480683922987_n.jpg
[2026-04-17T01:19:46.047Z] [+] #2586 | 473588348_1147099466777150_5358573388256857772_n.jpg
[2026-04-17T01:19:47.843Z] [+] #2587 | 473590343_1147099040110526_3737907515620775309_n.jpg
[2026-04-17T01:19:49.630Z] [+] #2588 | 473598784_1147098796777217_2129124370247648725_n.jpg
[2026-04-17T01:19:51.414Z] [+] #2589 | 473381785_1147097736777323_9031088602517002250_n.jpg
[2026-04-17T01:19:53.206Z] [+] #2590 | 473568890_1147096453444118_1786351755600244361_n.jpg
[2026-04-17T01:19:55.000Z] [+] #2591 | 473588465_1147096826777414_2778788628121703670_n.jpg
[2026-04-17T01:19:56.791Z] [+] #2592 | 473600911_1147096483444115_4875711149204025443_n.jpg
[2026-04-17T01:19:58.577Z] [+] #2593 | 473597795_1147096893444074_5183840037110825889_n.jpg
[2026-04-17T01:20:00.367Z] [+] #2594 | 473593019_1147096800110750_3025715421631069777_n.jpg
[2026-04-17T01:20:02.161Z] [+] #2595 | 473590821_1147096683444095_8441338620658387407_n.jpg
[2026-04-17T01:20:03.948Z] [+] #2596 | 473266654_1147096463444117_9013733282481791153_n.jpg
[2026-04-17T01:20:05.745Z] [+] #2597 | 473588196_1147096833444080_6086619673219191315_n.jpg
[2026-04-17T01:20:06.027Z] [VIEWER] Round 2600 | Collected: 2597
[2026-04-17T01:20:07.542Z] [+] #2598 | 473590633_1147096476777449_6365539568106676449_n.jpg
[2026-04-17T01:20:09.337Z] [+] #2599 | 473588465_1147096473444116_531792316697519005_n.jpg
[2026-04-17T01:20:11.129Z] [+] #2600 | 473619263_1147096806777416_8645474317434241297_n.jpg
[2026-04-17T01:20:12.924Z] [+] #2601 | 473619546_1147096723444091_671505030998619410_n.jpg
[2026-04-17T01:20:14.725Z] [+] #2602 | 473319086_1147096456777451_7957762588001749329_n.jpg
[2026-04-17T01:20:16.538Z] [+] #2603 | 473589830_1147096493444114_3066192324024866752_n.jpg
[2026-04-17T01:20:18.323Z] [+] #2604 | 473621983_1147096470110783_5088741220267114339_n.jpg
[2026-04-17T01:20:20.110Z] [+] #2605 | 473551334_1147096500110780_4981712774079160449_n.jpg
[2026-04-17T01:20:21.907Z] [+] #2606 | 473585707_1147096486777448_2064406808328383970_n.jpg
[2026-04-17T01:20:23.702Z] [+] #2607 | 473385583_1147096496777447_232611238870305494_n.jpg
[2026-04-17T01:20:25.493Z] [+] #2608 | 473319086_1147096716777425_7110581847284620791_n.jpg
[2026-04-17T01:20:27.293Z] [+] #2609 | 473621854_1147096743444089_6651211689244635588_n.jpg
[2026-04-17T01:20:29.085Z] [+] #2610 | 473588251_1147096460110784_3738667434773481302_n.jpg
[2026-04-17T01:20:30.877Z] [+] #2611 | 473619744_1147095430110887_5371125273296466031_n.jpg
[2026-04-17T01:20:32.677Z] [+] #2612 | 473598247_1147095613444202_5226728734626842958_n.jpg
[2026-04-17T01:20:34.470Z] [+] #2613 | 473429856_1147095746777522_7285405946144805983_n.jpg
[2026-04-17T01:20:36.262Z] [+] #2614 | 473444975_1147095640110866_6349203200547839807_n.jpg
[2026-04-17T01:20:38.056Z] [+] #2615 | 473591761_1147095606777536_1450245103200997004_n.jpg
[2026-04-17T01:20:39.855Z] [+] #2616 | 473558877_1147095666777530_8050441270080100381_n.jpg
[2026-04-17T01:20:41.643Z] [+] #2617 | 473598303_1147093560111074_7072967276402156824_n.jpg
[2026-04-17T01:20:41.918Z] [VIEWER] Round 2620 | Collected: 2617
[2026-04-17T01:20:43.428Z] [+] #2618 | 473597792_1147093756777721_7889759391988787330_n.jpg
[2026-04-17T01:20:45.218Z] [+] #2619 | 473591970_1147093773444386_2348333208733912883_n.jpg
[2026-04-17T01:20:47.015Z] [+] #2620 | 473591970_1147093626777734_6912021626577036174_n.jpg
[2026-04-17T01:20:48.815Z] [+] #2621 | 473318219_1147093633444400_5800087513793826932_n.jpg
[2026-04-17T01:20:50.606Z] [+] #2622 | 473521851_1147092643444499_9090335952194415390_n.jpg
[2026-04-17T01:20:52.402Z] [+] #2623 | 473421337_1147090326778064_1674228578130442517_n.jpg
[2026-04-17T01:20:54.196Z] [+] #2624 | 473319086_1147089406778156_6491228687860814482_n.jpg
[2026-04-17T01:20:55.987Z] [+] #2625 | 473590644_1147086753445088_3478106738612147932_n.jpg
[2026-04-17T01:20:57.783Z] [+] #2626 | 473588295_1147085243445239_8588398305404178028_n.jpg
[2026-04-17T01:20:59.956Z] [+] #2627 | 473319089_1147084943445269_7922230551738831707_n.jpg
[2026-04-17T01:21:01.752Z] [+] #2628 | 473601758_1147085263445237_6866530605405306280_n.jpg
[2026-04-17T01:21:03.548Z] [+] #2629 | 473592015_1147085156778581_1412498272676393735_n.jpg
[2026-04-17T01:21:05.345Z] [+] #2630 | 473589620_1147085360111894_6548356401343104163_n.jpg
[2026-04-17T01:21:07.135Z] [+] #2631 | 473350313_1147085396778557_6023879671010454355_n.jpg
[2026-04-17T01:21:08.925Z] [+] #2632 | 473588676_1147085050111925_5929235809361857892_n.jpg
[2026-04-17T01:21:10.709Z] [+] #2633 | 473591089_1147085080111922_6298031619573968371_n.jpg
[2026-04-17T01:21:12.503Z] [+] #2634 | 473336665_1147083946778702_5544143694502350814_n.jpg
[2026-04-17T01:21:14.298Z] [+] #2635 | 473598254_1147084123445351_1996104645823363274_n.jpg
[2026-04-17T01:21:16.086Z] [+] #2636 | 473379684_1147084016778695_8593723512910459280_n.jpg
[2026-04-17T01:21:17.866Z] [+] #2637 | 473620095_1147083950112035_1795149442032340915_n.jpg
[2026-04-17T01:21:18.149Z] [VIEWER] Round 2640 | Collected: 2637
[2026-04-17T01:21:19.666Z] [+] #2638 | 473587496_1147083103445453_107902522555355697_n.jpg
[2026-04-17T01:21:21.460Z] [+] #2639 | 473618314_1147084090112021_6048091386081050862_n.jpg
[2026-04-17T01:21:23.254Z] [+] #2640 | 473274169_1147083143445449_5977105531413342057_n.jpg
[2026-04-17T01:21:25.042Z] [+] #2641 | 473617195_1147083120112118_8387713655377491069_n.jpg
[2026-04-17T01:21:26.833Z] [+] #2642 | 473427601_1147082900112140_3864291608195054726_n.jpg
[2026-04-17T01:21:28.628Z] [+] #2643 | 473588672_1147082036778893_8390821436555530187_n.jpg
[2026-04-17T01:21:30.423Z] [+] #2644 | 473404115_1147081726778924_6800366798753046269_n.jpg
[2026-04-17T01:21:32.221Z] [+] #2645 | 473591115_1147080763445687_6743567697107628532_n.jpg
[2026-04-17T01:21:34.013Z] [+] #2646 | 473615796_1147080950112335_2451064726525727187_n.jpg
[2026-04-17T01:21:35.812Z] [+] #2647 | 473596775_1147080903445673_1912820109498455192_n.jpg
[2026-04-17T01:21:37.605Z] [+] #2648 | 473588570_1147078566779240_5452423346099012242_n.jpg
[2026-04-17T01:21:39.392Z] [+] #2649 | 473591546_1147078650112565_2960099174703978704_n.jpg
[2026-04-17T01:21:41.180Z] [+] #2650 | 473589423_1147078453445918_3269124684923820799_n.jpg
[2026-04-17T01:21:42.967Z] [+] #2651 | 473592404_1147078423445921_2140767165201001810_n.jpg
[2026-04-17T01:21:44.757Z] [+] #2652 | 473588651_1147077356779361_3709789648725823421_n.jpg
[2026-04-17T01:21:46.554Z] [+] #2653 | 473591053_1147077436779353_5979557505623376529_n.jpg
[2026-04-17T01:21:48.351Z] [+] #2654 | 473598037_1147076580112772_4158176870566689327_n.jpg
[2026-04-17T01:21:50.137Z] [+] #2655 | 473588596_1147076530112777_6363573966042554537_n.jpg
[2026-04-17T01:21:51.934Z] [+] #2656 | 473325835_1147073196779777_1197531646523433253_n.jpg
[2026-04-17T01:21:53.728Z] [+] #2657 | 473588674_1147073386779758_5325132970777770232_n.jpg
[2026-04-17T01:21:54.012Z] [VIEWER] Round 2660 | Collected: 2657
[2026-04-17T01:21:55.527Z] [+] #2658 | 473587272_1147073450113085_4654977301307784707_n.jpg
[2026-04-17T01:21:57.320Z] [+] #2659 | 473592028_1147073216779775_4055153671692959614_n.jpg
[2026-04-17T01:21:59.109Z] [+] #2660 | 473588799_1147073430113087_3442147004332532004_n.jpg
[2026-04-17T01:22:00.898Z] [+] #2661 | 473596661_1147073210113109_1701471559424664474_n.jpg
[2026-04-17T01:22:02.687Z] [+] #2662 | 473548677_1147073420113088_7776675712565568391_n.jpg
[2026-04-17T01:22:04.477Z] [+] #2663 | 473376586_1147073396779757_5282927235748607697_n.jpg
[2026-04-17T01:22:06.258Z] [+] #2664 | 473618886_1147072290113201_3035323705450625685_n.jpg
[2026-04-17T01:22:08.042Z] [+] #2665 | 473589045_1147070246780072_4503445869227560237_n.jpg
[2026-04-17T01:22:09.826Z] [+] #2666 | 473190581_1146539840166446_8042844446437915585_n.jpg
[2026-04-17T01:22:11.605Z] [+] #2667 | 473555580_1146536020166828_1545861744407878845_n.jpg
[2026-04-17T01:22:13.389Z] [+] #2668 | 473425540_1146537973499966_1104574842946108835_n.jpg
[2026-04-17T01:22:15.173Z] [+] #2669 | 473426852_1146537943499969_746760342597679374_n.jpg
[2026-04-17T01:22:16.958Z] [+] #2670 | 473053306_1146537940166636_9211737791657972217_n.jpg
[2026-04-17T01:22:18.747Z] [+] #2671 | 473570027_1146537936833303_2904225520745762062_n.jpg
[2026-04-17T01:22:20.527Z] [+] #2672 | 473426803_1146537960166634_8524652647457259523_n.jpg
[2026-04-17T01:22:22.311Z] [+] #2673 | 473190970_1146538166833280_4008761309137744140_n.jpg
[2026-04-17T01:22:24.101Z] [+] #2674 | 473192474_1146537963499967_8624838710673224977_n.jpg
[2026-04-17T01:22:25.897Z] [+] #2675 | 473426315_1146535890166841_3775138939835316512_n.jpg
[2026-04-17T01:22:27.690Z] [+] #2676 | 473591379_1146535866833510_327423544082361282_n.jpg
[2026-04-17T01:22:29.483Z] [+] #2677 | 473541856_1146535893500174_9045547389372121493_n.jpg
[2026-04-17T01:22:29.764Z] [VIEWER] Round 2680 | Collected: 2677
[2026-04-17T01:22:31.280Z] [+] #2678 | 473426145_1146535870166843_672080629255439224_n.jpg
[2026-04-17T01:22:33.079Z] [+] #2679 | 473544779_1146536006833496_633842591390472506_n.jpg
[2026-04-17T01:22:34.875Z] [+] #2680 | 473590288_1146535906833506_3685617490281527117_n.jpg
[2026-04-17T01:22:36.668Z] [+] #2681 | 473621711_1146536013500162_2204017893203905699_n.jpg
[2026-04-17T01:22:38.459Z] [+] #2682 | 473426698_1146535913500172_993466925002306530_n.jpg
[2026-04-17T01:22:40.260Z] [+] #2683 | 473545740_1146533936833703_4336993246162274646_n.jpg
[2026-04-17T01:22:42.048Z] [+] #2684 | 473641831_1146534046833692_2080967495879953873_n.jpg
[2026-04-17T01:22:43.835Z] [+] #2685 | 473568416_1146533933500370_9018428127248735955_n.jpg
[2026-04-17T01:22:45.631Z] [+] #2686 | 473668336_1146533046833792_4074557092849357260_n.jpg
[2026-04-17T01:22:47.428Z] [+] #2687 | 473544779_1146533073500456_5163482612483625034_n.jpg
[2026-04-17T01:22:49.227Z] [+] #2688 | 473707903_1146532800167150_6210445239935806139_n.jpg
[2026-04-17T01:22:51.019Z] [+] #2689 | 473566068_1146531876833909_7527643421402698932_n.jpg
[2026-04-17T01:22:52.816Z] [+] #2690 | 473385907_1146531846833912_3800348226740536359_n.jpg
[2026-04-17T01:22:54.604Z] [+] #2691 | 473572211_1146531843500579_1872350771642604126_n.jpg
[2026-04-17T01:22:56.393Z] [+] #2692 | 473395650_1146531880167242_7445942275385749479_n.jpg
[2026-04-17T01:22:58.186Z] [+] #2693 | 473190013_1146531833500580_8904221669558959576_n.jpg
[2026-04-17T01:22:59.985Z] [+] #2694 | 472905454_1146531723500591_3448032071173785371_n.jpg
[2026-04-17T01:23:01.776Z] [+] #2695 | 473006241_1146531860167244_1005710505592955635_n.jpg
[2026-04-17T01:23:03.572Z] [+] #2696 | 473192332_1146531856833911_444872673016019001_n.jpg
[2026-04-17T01:23:05.369Z] [+] #2697 | 473192061_1146531863500577_5041840584160163614_n.jpg
[2026-04-17T01:23:05.650Z] [VIEWER] Round 2700 | Collected: 2697
[2026-04-17T01:23:07.162Z] [+] #2698 | 473435926_1146531870167243_6074624348776796904_n.jpg
[2026-04-17T01:23:08.956Z] [+] #2699 | 473753698_1146529870167443_6881369895399333883_n.jpg
[2026-04-17T01:23:10.932Z] [+] #2700 | 473588677_1146528573500906_3027741207382132595_n.jpg
[2026-04-17T01:23:12.713Z] [+] #2701 | 473571450_1146528890167541_1881226622831507228_n.jpg
[2026-04-17T01:23:14.507Z] [+] #2702 | 473191558_1146528883500875_3628099009149053702_n.jpg
[2026-04-17T01:23:16.306Z] [+] #2703 | 473424853_1146528853500878_3306825437238979217_n.jpg
[2026-04-17T01:23:18.884Z] [+] #2704 | 473591488_1146528866834210_7220270452344173799_n.jpg
[2026-04-17T01:23:20.681Z] [+] #2705 | 473559272_1146528843500879_8713056989543300146_n.jpg
[2026-04-17T01:23:22.479Z] [+] #2706 | 473544308_1146525660167864_6528599285865212362_n.jpg
[2026-04-17T01:23:24.277Z] [+] #2707 | 473425725_1146525656834531_1640823714292851455_n.jpg
[2026-04-17T01:23:26.074Z] [+] #2708 | 473631381_1146525653501198_2920614592260926163_n.jpg
[2026-04-17T01:23:27.867Z] [+] #2709 | 473569249_1146525663501197_1767585545035041358_n.jpg
[2026-04-17T01:23:29.665Z] [+] #2710 | 473569997_1146525650167865_2454693538038644688_n.jpg
[2026-04-17T01:23:31.459Z] [+] #2711 | 473190947_1146525336834563_4976927586930077582_n.jpg
[2026-04-17T01:23:33.252Z] [+] #2712 | 473568736_1146524106834686_1883570684141697580_n.jpg
[2026-04-17T01:23:35.042Z] [+] #2713 | 473553725_1146524096834687_764784118518284454_n.jpg
[2026-04-17T01:23:36.840Z] [+] #2714 | 473532855_1146522376834859_2035410505845312680_n.jpg
[2026-04-17T01:23:38.633Z] [+] #2715 | 473436875_1146522043501559_8798131903509065803_n.jpg
[2026-04-17T01:23:40.429Z] [+] #2716 | 473569747_1146522373501526_6145703402997006421_n.jpg
[2026-04-17T01:23:42.226Z] [+] #2717 | 473762797_1146522370168193_3620865650235265971_n.jpg
[2026-04-17T01:23:42.511Z] [VIEWER] Round 2720 | Collected: 2717
[2026-04-17T01:23:44.026Z] [+] #2718 | 473573818_1146522036834893_7900662752021766647_n.jpg
[2026-04-17T01:23:45.821Z] [+] #2719 | 473189278_1146521186834978_637452994202823942_n.jpg
[2026-04-17T01:23:47.616Z] [+] #2720 | 473568518_1146521180168312_5685088364224442385_n.jpg
[2026-04-17T01:23:49.411Z] [+] #2721 | 473192418_1146521176834979_16993907664181123_n.jpg
[2026-04-17T01:23:51.206Z] [+] #2722 | 473572805_1146520720168358_9054352763406576134_n.jpg
[2026-04-17T01:23:53.001Z] [+] #2723 | 473568456_1146521236834973_7142612634678466587_n.jpg
[2026-04-17T01:23:54.796Z] [+] #2724 | 473588745_1146520793501684_1912014798451720006_n.jpg
[2026-04-17T01:23:56.583Z] [+] #2725 | 473192501_1146518956835201_7469293449277771986_n.jpg
[2026-04-17T01:23:58.371Z] [+] #2726 | 473566338_1146517673501996_1423576902601096745_n.jpg
[2026-04-17T01:24:00.166Z] [+] #2727 | 473191170_1146515860168844_5096463018739691484_n.jpg
[2026-04-17T01:24:01.958Z] [+] #2728 | 473395653_1146514226835674_8872893540748782487_n.jpg
[2026-04-17T01:24:03.753Z] [+] #2729 | 473008021_1146514256835671_3822475942184501587_n.jpg
[2026-04-17T01:24:05.551Z] [+] #2730 | 473190703_1146514270169003_4494502186602637579_n.jpg
[2026-04-17T01:24:07.347Z] [+] #2731 | 473443404_1146514280169002_136053013015410529_n.jpg
[2026-04-17T01:24:09.725Z] [+] #2732 | 473562625_1146514273502336_6576425525177345569_n.jpg
[2026-04-17T01:24:13.110Z] [+] #2733 | 473705507_1146514250169005_458615071597221576_n.jpg
[2026-04-17T01:24:14.908Z] [+] #2734 | 473543038_1146512543502509_7358580755101197163_n.jpg
[2026-04-17T01:24:16.698Z] [+] #2735 | 473191475_1146512576835839_3404152039810467820_n.jpg
[2026-04-17T01:24:18.488Z] [+] #2736 | 473668442_1146512590169171_1827681027578108664_n.jpg
[2026-04-17T01:24:20.291Z] [+] #2737 | 473665964_1146512546835842_3828879174816712105_n.jpg
[2026-04-17T01:24:20.571Z] [VIEWER] Round 2740 | Collected: 2737
[2026-04-17T01:24:22.082Z] [+] #2738 | 473570466_1146512556835841_3547490049219300400_n.jpg
[2026-04-17T01:24:23.879Z] [+] #2739 | 473191024_1146512586835838_4031560757335421184_n.jpg
[2026-04-17T01:24:25.674Z] [+] #2740 | 473425915_1146511730169257_7115034695483752067_n.jpg
[2026-04-17T01:24:27.466Z] [+] #2741 | 473568834_1146511576835939_3081896664332981207_n.jpg
[2026-04-17T01:24:29.260Z] [+] #2742 | 473426013_1146511623502601_8997063530786708465_n.jpg
[2026-04-17T01:24:31.055Z] [+] #2743 | 473520911_1146511720169258_448372334882470039_n.jpg
[2026-04-17T01:24:32.833Z] [+] #2744 | 473191193_1146509630169467_6976498743940849165_n.jpg
[2026-04-17T01:24:34.623Z] [+] #2745 | 473424647_1146509543502809_6326909503366948168_n.jpg
[2026-04-17T01:24:36.419Z] [+] #2746 | 473571460_1146509643502799_7695580959196615889_n.jpg
[2026-04-17T01:24:38.208Z] [+] #2747 | 473590392_1146509620169468_2646296984879865494_n.jpg
[2026-04-17T01:24:39.993Z] [+] #2748 | 473567160_1146509593502804_1765680189093742986_n.jpg
[2026-04-17T01:24:41.779Z] [+] #2749 | 473163774_1145597963593967_4655559095406883062_n.jpg
[2026-04-17T01:24:43.574Z] [+] #2750 | 473236213_1145597940260636_6424075106092541963_n.jpg
[2026-04-17T01:24:45.369Z] [+] #2751 | 473103467_1145597990260631_7380472906558464766_n.jpg
[2026-04-17T01:24:47.160Z] [+] #2752 | 473237439_1145597973593966_7039135297633819631_n.jpg
[2026-04-17T01:24:48.949Z] [+] #2753 | 472997252_1145598050260625_5784850453689719610_n.jpg
[2026-04-17T01:24:51.522Z] [+] #2754 | 472529876_1145597980260632_8216209290678922742_n.jpg
[2026-04-17T01:24:53.312Z] [+] #2755 | 473194773_1145597930260637_4194419387009824850_n.jpg
[2026-04-17T01:24:55.106Z] [+] #2756 | 473075577_1145597970260633_4524862402963626420_n.jpg
[2026-04-17T01:24:56.900Z] [+] #2757 | 473280159_1145597956927301_6693158303532797912_n.jpg
[2026-04-17T01:24:57.182Z] [VIEWER] Round 2760 | Collected: 2757
[2026-04-17T01:24:58.694Z] [+] #2758 | 473192415_1145598046927292_2378658978827262479_n.jpg
[2026-04-17T01:25:00.485Z] [+] #2759 | 473060250_1145597616927335_692289328763698852_n.jpg
[2026-04-17T01:25:02.281Z] [+] #2760 | 472976507_1145597646927332_5911474017559278223_n.jpg
[2026-04-17T01:25:04.072Z] [+] #2761 | 473095380_1145597683593995_2614246872731029142_n.jpg
[2026-04-17T01:25:05.863Z] [+] #2762 | 473023416_1145597760260654_5429930499243967322_n.jpg
[2026-04-17T01:25:07.657Z] [+] #2763 | 473075613_1145597596927337_2555204286931992633_n.jpg
[2026-04-17T01:25:09.447Z] [+] #2764 | 473521833_1145597700260660_1327227790203143296_n.jpg
[2026-04-17T01:25:11.240Z] [+] #2765 | 473099985_1145595733594190_8827875704870390264_n.jpg
[2026-04-17T01:25:13.050Z] [+] #2766 | 473271976_1145595406927556_517859052699861415_n.jpg
[2026-04-17T01:25:14.847Z] [+] #2767 | 473319932_1145595476927549_8652157708178262543_n.jpg
[2026-04-17T01:25:16.631Z] [+] #2768 | 473096383_1145595463594217_7779768110191237613_n.jpg
[2026-04-17T01:25:18.412Z] [+] #2769 | 473231334_1145593020261128_4889028635407047428_n.jpg
[2026-04-17T01:25:20.204Z] [+] #2770 | 473117332_1145592913594472_7794117956180039949_n.jpg
[2026-04-17T01:25:22.003Z] [+] #2771 | 473428059_1145592880261142_8010093230568544778_n.jpg
[2026-04-17T01:25:23.799Z] [+] #2772 | 473266151_1145592953594468_245721560046236014_n.jpg
[2026-04-17T01:25:25.597Z] [+] #2773 | 473186880_1145591990261231_2377989781957538057_n.jpg
[2026-04-17T01:25:27.389Z] [+] #2774 | 473104453_1145592270261203_4211191390363168240_n.jpg
[2026-04-17T01:25:29.179Z] [+] #2775 | 472974766_1145592206927876_4044591026486940384_n.jpg
[2026-04-17T01:25:30.966Z] [+] #2776 | 473265072_1145592120261218_3080537260542468770_n.jpg
[2026-04-17T01:25:32.935Z] [+] #2777 | 473248943_1145592353594528_1513205150551768591_n.jpg
[2026-04-17T01:25:33.210Z] [VIEWER] Round 2780 | Collected: 2777
[2026-04-17T01:25:34.726Z] [+] #2778 | 473544947_1145592380261192_8636168417597530509_n.jpg
[2026-04-17T01:25:36.517Z] [+] #2779 | 473277544_1145592370261193_8034889490902070424_n.jpg
[2026-04-17T01:25:38.305Z] [+] #2780 | 473265114_1145592396927857_8022027861450132683_n.jpg
[2026-04-17T01:25:40.101Z] [+] #2781 | 473028227_1145591953594568_2859463970661832958_n.jpg
[2026-04-17T01:25:41.891Z] [+] #2782 | 473098020_1145592156927881_4812430852008350605_n.jpg
[2026-04-17T01:25:43.684Z] [+] #2783 | 473031688_1145592186927878_4248272342204756846_n.jpg
[2026-04-17T01:25:45.479Z] [+] #2784 | 473149254_1145592160261214_5902850905281795304_n.jpg
[2026-04-17T01:25:47.275Z] [+] #2785 | 473360061_1145590773594686_3654583317938983701_n.jpg
[2026-04-17T01:25:49.071Z] [+] #2786 | 473320690_1145590950261335_5336259783232272283_n.jpg
[2026-04-17T01:25:50.865Z] [+] #2787 | 473169769_1145590800261350_1154107481954105953_n.jpg
[2026-04-17T01:25:52.656Z] [+] #2788 | 473080703_1145590996927997_1397089298852799289_n.jpg
[2026-04-17T01:25:54.455Z] [+] #2789 | 473329846_1145590730261357_1728546670553194738_n.jpg
[2026-04-17T01:25:56.266Z] [+] #2790 | 473053453_1145590736928023_5837873027662939751_n.jpg
[2026-04-17T01:25:58.062Z] [+] #2791 | 473173616_1145590756928021_7176877026349573769_n.jpg
[2026-04-17T01:25:59.856Z] [+] #2792 | 473191942_1145588856928211_811581125323436497_n.jpg
[2026-04-17T01:26:01.646Z] [+] #2793 | 473531094_1145588903594873_4109298678499586929_n.jpg
[2026-04-17T01:26:03.445Z] [+] #2794 | 473165656_1145588550261575_8859693198785406584_n.jpg
[2026-04-17T01:26:05.243Z] [+] #2795 | 473098027_1145588586928238_2725631502935648406_n.jpg
[2026-04-17T01:26:07.039Z] [+] #2796 | 473084120_1145588693594894_6059341197837548595_n.jpg
[2026-04-17T01:26:08.832Z] [+] #2797 | 473227481_1145588850261545_2181034154861667830_n.jpg
[2026-04-17T01:26:09.111Z] [VIEWER] Round 2800 | Collected: 2797
[2026-04-17T01:26:10.629Z] [+] #2798 | 473247939_1145587660261664_1164478538965034582_n.jpg
[2026-04-17T01:26:12.419Z] [+] #2799 | 473569666_1145587663594997_6191227767477102628_n.jpg
[2026-04-17T01:26:14.200Z] [+] #2800 | 473205533_1145587550261675_5481587399337786290_n.jpg
[2026-04-17T01:26:15.986Z] [+] #2801 | 473026818_1145587603595003_2177770151161251881_n.jpg
[2026-04-17T01:26:17.775Z] [+] #2802 | 473350947_1145587600261670_9205021655923758298_n.jpg
[2026-04-17T01:26:19.567Z] [+] #2803 | 473320280_1145587613595002_5456754092671061710_n.jpg
[2026-04-17T01:26:21.342Z] [+] #2804 | 473335998_1145587776928319_2968318245129981399_n.jpg
[2026-04-17T01:26:23.125Z] [+] #2805 | 473289338_1145587536928343_9026105440358247631_n.jpg
[2026-04-17T01:26:24.913Z] [+] #2806 | 473363088_1145587710261659_2390431175714414683_n.jpg
[2026-04-17T01:26:26.699Z] [+] #2807 | 473075526_1145587690261661_7583566922351421961_n.jpg
[2026-04-17T01:26:28.488Z] [+] #2808 | 473091040_1145587540261676_8378903379819877087_n.jpg
[2026-04-17T01:26:30.281Z] [+] #2809 | 473091587_1145587423595021_6517169620726774328_n.jpg
[2026-04-17T01:26:32.078Z] [+] #2810 | 473212259_1145282500292180_2739517184136632019_n.jpg
[2026-04-17T01:26:33.871Z] [+] #2811 | 473592160_1145279760292454_17249933136852593_n.jpg
[2026-04-17T01:26:35.664Z] [+] #2812 | 473136148_1145279770292453_2285446892807081957_n.jpg
[2026-04-17T01:26:37.462Z] [+] #2813 | 473552587_1145279390292491_7093741255617484539_n.jpg
[2026-04-17T01:26:39.259Z] [+] #2814 | 473589592_1145279523625811_1895133372958362033_n.jpg
[2026-04-17T01:26:41.055Z] [+] #2815 | 473128771_1145279516959145_1793363586920401060_n.jpg
[2026-04-17T01:26:42.850Z] [+] #2816 | 473298977_1145279526959144_7199482296122967526_n.jpg
[2026-04-17T01:26:44.650Z] [+] #2817 | 473097840_1145279843625779_1875544023270871790_n.jpg
[2026-04-17T01:26:44.937Z] [VIEWER] Round 2820 | Collected: 2817
[2026-04-17T01:26:46.451Z] [+] #2818 | 473580406_1145279840292446_3322516921900146999_n.jpg
[2026-04-17T01:26:48.247Z] [+] #2819 | 473100791_1145279763625787_5581832852955448856_n.jpg
[2026-04-17T01:26:50.045Z] [+] #2820 | 473082133_1145279863625777_167228338002521869_n.jpg
[2026-04-17T01:26:51.830Z] [+] #2821 | 473561116_1145277106959386_9168299091827461189_n.jpg
[2026-04-17T01:26:53.620Z] [+] #2822 | 473589637_1145277273626036_2182963156451480901_n.jpg
[2026-04-17T01:26:55.414Z] [+] #2823 | 473103363_1145277133626050_2966155061218112963_n.jpg
[2026-04-17T01:26:57.209Z] [+] #2824 | 473588163_1145277563626007_4605637575996617196_n.jpg
[2026-04-17T01:26:58.998Z] [+] #2825 | 473340365_1145277540292676_6041379327418634761_n.jpg
[2026-04-17T01:27:00.792Z] [+] #2826 | 473438079_1145277130292717_3102342304193728408_n.jpg
[2026-04-17T01:27:02.589Z] [+] #2827 | 473079298_1145276413626122_3424708949784177963_n.jpg
[2026-04-17T01:27:04.384Z] [+] #2828 | 473591716_1145275863626177_7643169310226375357_n.jpg
[2026-04-17T01:27:06.176Z] [+] #2829 | 473590069_1145275086959588_699686241536092860_n.jpg
[2026-04-17T01:27:07.969Z] [+] #2830 | 473080552_1145275363626227_6061154001255427284_n.jpg
[2026-04-17T01:27:10.139Z] [+] #2831 | 473095509_1145275343626229_8252570304700031986_n.jpg
[2026-04-17T01:27:11.924Z] [+] #2832 | 473438079_1145275180292912_1356046116358934544_n.jpg
[2026-04-17T01:27:13.707Z] [+] #2833 | 473079644_1145274323626331_5348693789721919010_n.jpg
[2026-04-17T01:27:15.496Z] [+] #2834 | 473080364_1145274210293009_1610960543983460549_n.jpg
[2026-04-17T01:27:17.290Z] [+] #2835 | 473079497_1145274116959685_7513927950798930493_n.jpg
[2026-04-17T01:27:19.079Z] [+] #2836 | 473588688_1145273136959783_8604574301808889537_n.jpg
[2026-04-17T01:27:20.868Z] [+] #2837 | 473590861_1145272876959809_1673305441734851965_n.jpg
[2026-04-17T01:27:21.143Z] [VIEWER] Round 2840 | Collected: 2837
[2026-04-17T01:27:22.658Z] [+] #2838 | 473595944_1145273250293105_5895379865137226022_n.jpg
[2026-04-17T01:27:24.451Z] [+] #2839 | 473598853_1145273260293104_4268554489068782597_n.jpg
[2026-04-17T01:27:26.243Z] [+] #2840 | 473588337_1145273026959794_1860575640493392067_n.jpg
[2026-04-17T01:27:28.033Z] [+] #2841 | 473593022_1145273226959774_4288348251408816286_n.jpg
[2026-04-17T01:27:29.817Z] [+] #2842 | 473079644_1145272223626541_4747620933766327387_n.jpg
[2026-04-17T01:27:31.611Z] [+] #2843 | 473148041_1145269360293494_9195085195823541044_n.jpg
[2026-04-17T01:27:33.399Z] [+] #2844 | 473110031_1145268780293552_1168807483978442491_n.jpg
[2026-04-17T01:27:35.195Z] [+] #2845 | 473571661_1145268890293541_2334082722684734951_n.jpg
[2026-04-17T01:27:36.992Z] [+] #2846 | 473096851_1145268776960219_7498723927379218300_n.jpg
[2026-04-17T01:27:38.790Z] [+] #2847 | 473109856_1145268900293540_419498553495622901_n.jpg
[2026-04-17T01:27:40.585Z] [+] #2848 | 473288237_1145268933626870_4297434796102820451_n.jpg
[2026-04-17T01:27:42.367Z] [+] #2849 | 473261678_1145268886960208_3008172166569285576_n.jpg
[2026-04-17T01:27:44.155Z] [+] #2850 | 473597867_1145268940293536_7418705320257743710_n.jpg
[2026-04-17T01:27:45.954Z] [+] #2851 | 473225084_1145268770293553_194550946511129078_n.jpg
[2026-04-17T01:27:47.751Z] [+] #2852 | 473601296_1145269416960155_4089310864274210430_n.jpg
[2026-04-17T01:27:49.553Z] [+] #2853 | 473600005_1145269396960157_4949002701944302758_n.jpg
[2026-04-17T01:27:51.348Z] [+] #2854 | 473244642_1145269420293488_3393255767032793660_n.jpg
[2026-04-17T01:27:53.144Z] [+] #2855 | 473589901_1145269423626821_5661506493284427593_n.jpg
[2026-04-17T01:27:54.960Z] [+] #2856 | 473245828_1145269436960153_5689154714044147587_n.jpg
[2026-04-17T01:27:57.950Z] [+] #2857 | 473255813_1145268956960201_2910700786238583073_n.jpg
[2026-04-17T01:27:59.217Z] [VIEWER] Round 2860 | Collected: 2857
[2026-04-17T01:28:00.725Z] [+] #2858 | 472783328_1145264353627328_2846627858144058925_n.jpg
[2026-04-17T01:28:02.515Z] [+] #2859 | 473347577_1145264610293969_3169523970792899781_n.jpg
[2026-04-17T01:28:04.311Z] [+] #2860 | 473599430_1145264723627291_3962655290594042983_n.jpg
[2026-04-17T01:28:06.105Z] [+] #2861 | 473412429_1145264503627313_2227254276561515869_n.jpg
[2026-04-17T01:28:07.901Z] [+] #2862 | 473171068_1145264636960633_5376181630986726856_n.jpg
[2026-04-17T01:28:09.699Z] [+] #2863 | 473291690_1145264593627304_4225416942616495277_n.jpg
[2026-04-17T01:28:11.498Z] [+] #2864 | 473434385_1145263000294130_9137188298634309542_n.jpg
[2026-04-17T01:28:13.304Z] [+] #2865 | 473221257_1145263003627463_7585097639650307274_n.jpg
[2026-04-17T01:28:15.103Z] [+] #2866 | 473117654_1145262633627500_966055047966633363_n.jpg
[2026-04-17T01:28:16.883Z] [+] #2867 | 473617544_1145262556960841_324842944769695189_n.jpg
[2026-04-17T01:28:18.673Z] [+] #2868 | 473246099_1145262546960842_5368553735927095514_n.jpg
[2026-04-17T01:28:20.473Z] [+] #2869 | 473111424_1145262550294175_3871389873423066796_n.jpg
[2026-04-17T01:28:22.264Z] [+] #2870 | 473589500_1145260300294400_8481909154975557543_n.jpg
[2026-04-17T01:28:24.056Z] [+] #2871 | 473256913_1145260156961081_7607884354784743626_n.jpg
[2026-04-17T01:28:25.833Z] [+] #2872 | 473276439_1145260206961076_1002091807406304866_n.jpg
[2026-04-17T01:28:27.631Z] [+] #2873 | 473212248_1145260496961047_7400114498815420445_n.jpg
[2026-04-17T01:28:29.435Z] [+] #2874 | 473603581_1145260413627722_1580202806973840792_n.jpg
[2026-04-17T01:28:31.231Z] [+] #2875 | 473590655_1145260183627745_3894779501287372872_n.jpg
[2026-04-17T01:28:33.028Z] [+] #2876 | 473275256_1145260386961058_8542213674440434274_n.jpg
[2026-04-17T01:28:34.831Z] [+] #2877 | 473617234_1145260383627725_2221763140257300453_n.jpg
[2026-04-17T01:28:35.115Z] [VIEWER] Round 2880 | Collected: 2877
[2026-04-17T01:28:36.631Z] [+] #2878 | 473183330_1145260503627713_5024962724943331941_n.jpg
[2026-04-17T01:28:38.429Z] [+] #2879 | 473177613_1145260136961083_132899865835795931_n.jpg
[2026-04-17T01:28:40.228Z] [+] #2880 | 473225935_1145259006961196_1671609605531728032_n.jpg
[2026-04-17T01:28:42.023Z] [+] #2881 | 473132044_1145258990294531_4269931645702606216_n.jpg
[2026-04-17T01:28:43.817Z] [+] #2882 | 473146078_1145258976961199_7240733063494100935_n.jpg
[2026-04-17T01:28:45.616Z] [+] #2883 | 473591030_1145258973627866_7867083419329780734_n.jpg
[2026-04-17T01:28:47.412Z] [+] #2884 | 473437812_1145259003627863_8600785085123930882_n.jpg
[2026-04-17T01:28:49.205Z] [+] #2885 | 473616223_1145259223627841_706806698163019872_n.jpg
[2026-04-17T01:28:50.998Z] [+] #2886 | 473538929_1145259233627840_6536689796353800947_n.jpg
[2026-04-17T01:28:52.791Z] [+] #2887 | 473590428_1145259253627838_5464503309295047516_n.jpg
[2026-04-17T01:28:54.583Z] [+] #2888 | 473589029_1145257840294646_9177931606992446884_n.jpg
[2026-04-17T01:28:56.378Z] [+] #2889 | 473079906_1145258096961287_9128206749188319535_n.jpg
[2026-04-17T01:28:58.554Z] [+] #2890 | 473080495_1145257826961314_2629217157711985439_n.jpg
[2026-04-17T01:29:00.349Z] [+] #2891 | 473591864_1145258186961278_3700229088211646242_n.jpg
[2026-04-17T01:29:02.146Z] [+] #2892 | 473615349_1145258216961275_45645893623875324_n.jpg
[2026-04-17T01:29:03.940Z] [+] #2893 | 473249921_1145256636961433_4476655014930925213_n.jpg
[2026-04-17T01:29:05.741Z] [+] #2894 | 473620070_1145256630294767_1179055975675654648_n.jpg
[2026-04-17T01:29:07.545Z] [+] #2895 | 473576898_1145256623628101_9221285725687641998_n.jpg
[2026-04-17T01:29:09.342Z] [+] #2896 | 473590773_1145256530294777_1079083088051473106_n.jpg
[2026-04-17T01:29:11.139Z] [+] #2897 | 473555026_1145256616961435_5340290883229335922_n.jpg
[2026-04-17T01:29:11.801Z] [VIEWER] Round 2900 | Collected: 2897
[2026-04-17T01:29:13.313Z] [+] #2898 | 473107291_1145256600294770_5779855802892943910_n.jpg
[2026-04-17T01:29:15.103Z] [+] #2899 | 473319086_1145256633628100_941113166115224066_n.jpg
[2026-04-17T01:29:16.892Z] [+] #2900 | 473080555_1145256236961473_6028392342602934749_n.jpg
[2026-04-17T01:29:18.683Z] [+] #2901 | 473590244_1145256170294813_1690645031808425014_n.jpg
[2026-04-17T01:29:20.473Z] [+] #2902 | 473080783_1145255200294910_949462530844714383_n.jpg
[2026-04-17T01:29:22.265Z] [+] #2903 | 473199726_1145254863628277_2293767086451255546_n.jpg
[2026-04-17T01:29:24.064Z] [+] #2904 | 473412429_1145255203628243_1053797040648820640_n.jpg
[2026-04-17T01:29:25.863Z] [+] #2905 | 473351530_1145255173628246_2760305209536005765_n.jpg
[2026-04-17T01:29:27.650Z] [+] #2906 | 473225087_1145253823628381_5371436576309687861_n.jpg
[2026-04-17T01:29:29.445Z] [+] #2907 | 473370777_1145251936961903_3449491409173884282_n.jpg
[2026-04-17T01:29:31.246Z] [+] #2908 | 473419076_1145251910295239_4627650466264040835_n.jpg
[2026-04-17T01:29:33.042Z] [+] #2909 | 473223844_1145251980295232_5908954265956061695_n.jpg
[2026-04-17T01:29:34.831Z] [+] #2910 | 473257715_1145253086961788_1770499229908988564_n.jpg
[2026-04-17T01:29:36.620Z] [+] #2911 | 473351699_1145252770295153_3253212758211333393_n.jpg
[2026-04-17T01:29:38.411Z] [+] #2912 | 473376588_1145253073628456_359741379130950894_n.jpg
[2026-04-17T01:29:40.216Z] [+] #2913 | 473218407_1145253090295121_6420608619601126517_n.jpg
[2026-04-17T01:29:42.012Z] [+] #2914 | 473079839_1145252780295152_7507354938066056563_n.jpg
[2026-04-17T01:29:43.804Z] [+] #2915 | 473140784_1145253046961792_8746511854201582163_n.jpg
[2026-04-17T01:29:45.608Z] [+] #2916 | 473080578_1145251990295231_6366211902299638445_n.jpg
[2026-04-17T01:29:47.407Z] [+] #2917 | 473598291_1145251956961901_9096509847883871924_n.jpg
[2026-04-17T01:29:47.692Z] [VIEWER] Round 2920 | Collected: 2917
[2026-04-17T01:29:49.206Z] [+] #2918 | 473100648_1145251896961907_21591524392954150_n.jpg
[2026-04-17T01:29:51.004Z] [+] #2919 | 473031344_1144988006988296_1981270780104602364_n.jpg
[2026-04-17T01:29:52.804Z] [+] #2920 | 473192895_1144988036988293_5359802122655264810_n.jpg
[2026-04-17T01:29:54.600Z] [+] #2921 | 473031827_1144986680321762_618525793775413366_n.jpg
[2026-04-17T01:29:56.399Z] [+] #2922 | 472988481_1144986676988429_9211579530786744489_n.jpg
[2026-04-17T01:29:58.185Z] [+] #2923 | 473356013_1144986593655104_394794747862202514_n.jpg
[2026-04-17T01:29:59.985Z] [+] #2924 | 473070583_1144986370321793_5323256356359799777_n.jpg
[2026-04-17T01:30:01.783Z] [+] #2925 | 473008531_1144986446988452_8200613222381096920_n.jpg
[2026-04-17T01:30:03.568Z] [+] #2926 | 473178921_1144986543655109_5542564184813266923_n.jpg
[2026-04-17T01:30:05.358Z] [+] #2927 | 472913144_1144985273655236_1723322369520377540_n.jpg
[2026-04-17T01:30:07.144Z] [+] #2928 | 472877070_1144985243655239_796819761511647636_n.jpg
[2026-04-17T01:30:08.928Z] [+] #2929 | 472925696_1144985490321881_7737673533093674608_n.jpg
[2026-04-17T01:30:10.714Z] [+] #2930 | 473191686_1144984010322029_1513346160242364065_n.jpg
[2026-04-17T01:30:12.510Z] [+] #2931 | 473375583_1144982890322141_8007128148328541309_n.jpg
[2026-04-17T01:30:14.300Z] [+] #2932 | 472968888_1144981726988924_4620594546694051919_n.jpg
[2026-04-17T01:30:16.098Z] [+] #2933 | 473350673_1144980940322336_5865843715124674875_n.jpg
[2026-04-17T01:30:17.898Z] [+] #2934 | 472804052_1144980963655667_2247750996915345253_n.jpg
[2026-04-17T01:30:19.692Z] [+] #2935 | 473009764_1144980300322400_2852384006531050998_n.jpg
[2026-04-17T01:30:22.474Z] [+] #2936 | 473091075_1144980160322414_2411787569509865158_n.jpg
[2026-04-17T01:30:24.269Z] [+] #2937 | 473107378_1144980323655731_5315082631156853841_n.jpg
[2026-04-17T01:30:24.553Z] [VIEWER] Round 2940 | Collected: 2937
[2026-04-17T01:30:26.066Z] [+] #2938 | 473248087_1144980166989080_261031918174637949_n.jpg
[2026-04-17T01:30:27.859Z] [+] #2939 | 473247939_1144980173655746_8974914376058063699_n.jpg
[2026-04-17T01:30:29.671Z] [+] #2940 | 473169528_1144977180322712_7062396083838237283_n.jpg
[2026-04-17T01:30:31.468Z] [+] #2941 | 473132047_1144975850322845_4155926955869511745_n.jpg
[2026-04-17T01:30:33.256Z] [+] #2942 | 473089891_1144975610322869_8232530745670299887_n.jpg
[2026-04-17T01:30:35.040Z] [+] #2943 | 472875985_1144976076989489_7499982631745148016_n.jpg
[2026-04-17T01:30:36.830Z] [+] #2944 | 473169393_1144975590322871_6869799916694086344_n.jpg
[2026-04-17T01:30:38.622Z] [+] #2945 | 473091075_1144975613656202_6009116572781738558_n.jpg
[2026-04-17T01:30:40.418Z] [+] #2946 | 473087788_1144975836989513_3426404585733935760_n.jpg
[2026-04-17T01:30:42.216Z] [+] #2947 | 473192899_1144780087009088_5468216072239325456_n.jpg
[2026-04-17T01:30:44.002Z] [+] #2948 | 473236582_1144780117009085_7007107681284582226_n.jpg
[2026-04-17T01:30:45.790Z] [+] #2949 | 473035519_1144780253675738_6830409684929970244_n.jpg
[2026-04-17T01:30:47.584Z] [+] #2950 | 472480874_1144780100342420_1396333329351277533_n.jpg
[2026-04-17T01:30:49.386Z] [+] #2951 | 473356575_1144780167009080_6009926293011820214_n.jpg
[2026-04-17T01:30:51.172Z] [+] #2952 | 473357795_1144780170342413_6307947733504759821_n.jpg
[2026-04-17T01:30:52.968Z] [+] #2953 | 472954254_1144780240342406_5407928014498991225_n.jpg
[2026-04-17T01:30:54.765Z] [+] #2954 | 472490067_1144778230342607_5322764958318106014_n.jpg
[2026-04-17T01:30:56.564Z] [+] #2955 | 472964324_1144778250342605_8824568175306993163_n.jpg
[2026-04-17T01:30:58.354Z] [+] #2956 | 473128885_1144778207009276_4666655964270405106_n.jpg
[2026-04-17T01:31:00.143Z] [+] #2957 | 472965124_1144778270342603_1357036209936956433_n.jpg
[2026-04-17T01:31:00.421Z] [VIEWER] Round 2960 | Collected: 2957
[2026-04-17T01:31:01.936Z] [+] #2958 | 473061611_1144778193675944_3463166819586292481_n.jpg
[2026-04-17T01:31:03.732Z] [+] #2959 | 473309371_1144778263675937_5944651536123324762_n.jpg
[2026-04-17T01:31:05.531Z] [+] #2960 | 473051376_1144774743676289_2456422637890762482_n.jpg
[2026-04-17T01:31:07.328Z] [+] #2961 | 473035519_1144774723676291_7435276591927228392_n.jpg
[2026-04-17T01:31:09.124Z] [+] #2962 | 473074592_1144774850342945_1825191411559034083_n.jpg
[2026-04-17T01:31:10.923Z] [+] #2963 | 472698986_1144774497009647_894766352865501774_n.jpg
[2026-04-17T01:31:12.719Z] [+] #2964 | 473350647_1144774523676311_4064439619254402446_n.jpg
[2026-04-17T01:31:14.523Z] [+] #2965 | 473277968_1144774720342958_7087679417671013729_n.jpg
[2026-04-17T01:31:16.350Z] [+] #2966 | 473129875_1144774753676288_7720216950287848147_n.jpg
[2026-04-17T01:31:18.317Z] [+] #2967 | 473329069_1144774717009625_1079967168637591391_n.jpg
[2026-04-17T01:31:20.097Z] [+] #2968 | 473431493_1144773547009742_1645438083068750916_n.jpg
[2026-04-17T01:31:21.890Z] [+] #2969 | 472488060_1144773613676402_4213687878470613923_n.jpg
[2026-04-17T01:31:23.687Z] [+] #2970 | 472915039_1144773543676409_2138562016112725897_n.jpg
[2026-04-17T01:31:25.485Z] [+] #2971 | 473272470_1144773603676403_5035588371656712315_n.jpg
[2026-04-17T01:31:27.271Z] [+] #2972 | 472489132_1144773670343063_2460248115582707587_n.jpg
[2026-04-17T01:31:29.061Z] [+] #2973 | 472822771_1144773583676405_518087111871791083_n.jpg
[2026-04-17T01:31:30.861Z] [+] #2974 | 472980259_1144773610343069_8996390782953335324_n.jpg
[2026-04-17T01:31:32.655Z] [+] #2975 | 472488067_1144772327009864_829672777473734733_n.jpg
[2026-04-17T01:31:34.448Z] [+] #2976 | 472800835_1144769543676809_8209106713865186481_n.jpg
[2026-04-17T01:31:36.239Z] [+] #2977 | 472796404_1144769840343446_4132335813510222264_n.jpg
[2026-04-17T01:31:37.504Z] [VIEWER] Round 2980 | Collected: 2977
[2026-04-17T01:31:39.017Z] [+] #2978 | 473323077_1144769893676774_5818804486676155154_n.jpg
[2026-04-17T01:31:40.814Z] [+] #2979 | 473006933_1144769827010114_2040941574437395389_n.jpg
[2026-04-17T01:31:42.605Z] [+] #2980 | 473388560_1144769427010154_8331887666994953475_n.jpg
[2026-04-17T01:31:44.405Z] [+] #2981 | 473092718_1144768450343585_3181801199747494592_n.jpg
[2026-04-17T01:31:46.200Z] [+] #2982 | 472490132_1144768167010280_4244779303439164979_n.jpg
[2026-04-17T01:31:48.001Z] [+] #2983 | 473162543_1144768107010286_842332075647639010_n.jpg
[2026-04-17T01:31:49.794Z] [+] #2984 | 473283859_1144768113676952_5629921719261329467_n.jpg
[2026-04-17T01:31:51.587Z] [+] #2985 | 472901332_1144228767064220_3185088639041777576_n.jpg
[2026-04-17T01:31:53.383Z] [+] #2986 | 472920193_1144228727064224_4717509407939093450_n.jpg
[2026-04-17T01:31:55.179Z] [+] #2987 | 472767325_1144228613730902_3870506094666161911_n.jpg
[2026-04-17T01:31:56.978Z] [+] #2988 | 472830626_1144228703730893_2775535898541967620_n.jpg
[2026-04-17T01:32:00.160Z] [+] #2989 | 473027702_1144227990397631_5849124587024828391_n.jpg
[2026-04-17T01:32:02.929Z] [RETRY] Không tìm thấy ảnh, reload lần 1 | url=https://www.facebook.com/photo/?fbid=555361059284330&set=pb.100044313229653.-2207520000
[2026-04-17T01:32:06.240Z] [+] #2990 | 473110540_1144228313730932_8231510505060558188_n.jpg
[2026-04-17T01:32:08.034Z] [+] #2991 | 473034068_1144228017064295_908006448886100912_n.jpg
[2026-04-17T01:32:09.826Z] [+] #2992 | 472991341_1144228137064283_677500026014044989_n.jpg
[2026-04-17T01:32:11.618Z] [+] #2993 | 472791632_1144226803731083_1765683346262577630_n.jpg
[2026-04-17T01:32:13.455Z] [+] #2994 | 472865892_1144225913731172_4624895669487888855_n.jpg
[2026-04-17T01:32:15.252Z] [+] #2995 | 472932079_1144224923731271_2010979763669442414_n.jpg
[2026-04-17T01:32:17.048Z] [+] #2996 | 472916061_1144224977064599_1623994899542582172_n.jpg
[2026-04-17T01:32:18.844Z] [+] #2997 | 473063813_1144224983731265_821237529417354885_n.jpg
[2026-04-17T01:32:19.124Z] [VIEWER] Round 3000 | Collected: 2997
[2026-04-17T01:32:20.641Z] [+] #2998 | 472979651_1144224987064598_4776951453118573276_n.jpg
[2026-04-17T01:32:22.431Z] [+] #2999 | 473334299_1144224970397933_5772053095990035087_n.jpg
[2026-04-17T01:32:24.229Z] [+] #3000 | 473015483_1144224973731266_2827954577501728926_n.jpg
[2026-04-17T01:32:26.024Z] [+] #3001 | 473128052_1144223907064706_1101135207483419668_n.jpg
[2026-04-17T01:32:27.810Z] [+] #3002 | 473013826_1144221600398270_5466653875442492938_n.jpg
[2026-04-17T01:32:29.611Z] [+] #3003 | 473090980_1144220777065019_8611658109810299130_n.jpg
[2026-04-17T01:32:31.412Z] [+] #3004 | 473065362_1144220563731707_1297692005937780103_n.jpg
[2026-04-17T01:32:33.204Z] [+] #3005 | 472917807_1144220773731686_38719769580483245_n.jpg
[2026-04-17T01:32:35.007Z] [+] #3006 | 473010028_1144220533731710_2852214942658595944_n.jpg
[2026-04-17T01:32:36.805Z] [+] #3007 | 472985794_1144220537065043_6362898994301449751_n.jpg
[2026-04-17T01:32:38.596Z] [+] #3008 | 473097027_1144220887065008_5726178238273184139_n.jpg
[2026-04-17T01:32:40.383Z] [+] #3009 | 472875036_1144220543731709_663275805142844111_n.jpg
[2026-04-17T01:32:42.178Z] [+] #3010 | 472913530_1144219767065120_8945296434658341980_n.jpg
[2026-04-17T01:32:43.974Z] [+] #3011 | 473089071_1144218663731897_5250136564749146299_n.jpg
[2026-04-17T01:32:45.769Z] [+] #3012 | 473284692_1144217577065339_3166824684767489081_n.jpg
[2026-04-17T01:32:47.569Z] [+] #3013 | 472913530_1144217597065337_2442003777783512356_n.jpg
[2026-04-17T01:32:49.371Z] [+] #3014 | 472865604_1144217737065323_704777951693424104_n.jpg
[2026-04-17T01:32:51.165Z] [+] #3015 | 473056283_1144217590398671_4507085904185578196_n.jpg
[2026-04-17T01:32:52.974Z] [+] #3016 | 472884143_1144217693731994_1825484457252000845_n.jpg
[2026-04-17T01:32:54.772Z] [+] #3017 | 473300826_1144217353732028_6052818096819154665_n.jpg
[2026-04-17T01:32:55.054Z] [VIEWER] Round 3020 | Collected: 3017
[2026-04-17T01:32:56.573Z] [+] #3018 | 473015936_1144217323732031_7732229517448431279_n.jpg
[2026-04-17T01:32:59.960Z] [+] #3019 | 473034609_1144216103732153_7797038472567907257_n.jpg
[2026-04-17T01:33:01.750Z] [+] #3020 | 472982582_1144215390398891_814854871378990073_n.jpg
[2026-04-17T01:33:03.557Z] [+] #3021 | 473322791_1144215497065547_6476004637897082474_n.jpg
[2026-04-17T01:33:05.361Z] [+] #3022 | 472964535_1144213400399090_5684939938597052129_n.jpg
[2026-04-17T01:33:07.149Z] [+] #3023 | 472835723_1144212353732528_4397988763557613136_n.jpg
[2026-04-17T01:33:08.942Z] [+] #3024 | 473048286_1144212117065885_5036857842153857452_n.jpg
[2026-04-17T01:33:10.739Z] [+] #3025 | 473109427_1144212130399217_4555199290981493322_n.jpg
[2026-04-17T01:33:12.536Z] [+] #3026 | 472873335_1144212137065883_14794634109235523_n.jpg
[2026-04-17T01:33:14.331Z] [+] #3027 | 473007067_1144212513732512_5523162662700979102_n.jpg
[2026-04-17T01:33:16.130Z] [+] #3028 | 473246218_1144212357065861_1325020571521120031_n.jpg
[2026-04-17T01:33:17.933Z] [+] #3029 | 473041113_1144212520399178_8281984801645029999_n.jpg
[2026-04-17T01:33:19.725Z] [+] #3030 | 473219333_1144211323732631_8198376470001838489_n.jpg
[2026-04-17T01:33:21.517Z] [+] #3031 | 473020174_1144211290399301_7941300206116814676_n.jpg
[2026-04-17T01:33:23.309Z] [+] #3032 | 472903688_1144211347065962_4411373677072528270_n.jpg
[2026-04-17T01:33:25.110Z] [+] #3033 | 473276511_1144211340399296_5456966933380038447_n.jpg
[2026-04-17T01:33:26.909Z] [+] #3034 | 473161012_1144211063732657_4325536859137247241_n.jpg
[2026-04-17T01:33:28.698Z] [+] #3035 | 472915040_1144211280399302_2700995012056813525_n.jpg
[2026-04-17T01:33:30.479Z] [+] #3036 | 472997856_1144211060399324_8677893230557055254_n.jpg
[2026-04-17T01:33:32.276Z] [+] #3037 | 472923511_1144210463732717_6625445742679299686_n.jpg
[2026-04-17T01:33:32.558Z] [VIEWER] Round 3040 | Collected: 3037
[2026-04-17T01:33:34.072Z] [+] #3038 | 473054653_1144209063732857_4773925326706187320_n.jpg
[2026-04-17T01:33:35.864Z] [+] #3039 | 472879415_1144209280399502_163831521133022273_n.jpg
[2026-04-17T01:33:37.645Z] [+] #3040 | 473022018_1144207093733054_572291051133788630_n.jpg
[2026-04-17T01:33:39.428Z] [+] #3041 | 473063736_1144207167066380_611781988744525882_n.jpg
[2026-04-17T01:33:41.217Z] [+] #3042 | 473330560_1144206980399732_5684601061736238332_n.jpg
[2026-04-17T01:33:43.022Z] [+] #3043 | 472889723_1144207250399705_3016432748156844650_n.jpg
[2026-04-17T01:33:44.819Z] [+] #3044 | 472843055_1144207240399706_4985243079485548586_n.jpg
[2026-04-17T01:33:46.623Z] [+] #3045 | 473255267_1144206920399738_7106041138546929693_n.jpg
[2026-04-17T01:33:48.420Z] [+] #3046 | 472979652_1144206153733148_6749622156930014280_n.jpg
[2026-04-17T01:33:50.214Z] [+] #3047 | 472977039_1144205023733261_7094048880866727475_n.jpg
[2026-04-17T01:33:52.009Z] [+] #3048 | 472852055_1144204243733339_9075022557612751818_n.jpg
[2026-04-17T01:33:53.813Z] [+] #3049 | 472876813_1144202833733480_2866543555704522469_n.jpg
[2026-04-17T01:33:55.791Z] [+] #3050 | 472930325_1144202783733485_3419254190160681848_n.jpg
[2026-04-17T01:33:58.775Z] [+] #3051 | 472849416_1144202837066813_8768572092948569854_n.jpg
[2026-04-17T01:34:00.568Z] [+] #3052 | 473223211_1144202860400144_6367987356275560918_n.jpg
[2026-04-17T01:34:02.365Z] [+] #3053 | 472921793_1144203123733451_1419898235370277097_n.jpg
[2026-04-17T01:34:05.148Z] [+] #3054 | 472792932_1144202887066808_7080462162101005334_n.jpg
[2026-04-17T01:34:09.128Z] [+] #3055 | 473065126_1144202760400154_6542649576217610668_n.jpg
[2026-04-17T01:34:10.905Z] [+] #3056 | 472914193_1144202013733562_6249929515379802694_n.jpg
[2026-04-17T01:34:13.268Z] [+] #3057 | 472605655_1144201877066909_2045969327155026977_n.jpg
[2026-04-17T01:34:13.534Z] [VIEWER] Round 3060 | Collected: 3057
[2026-04-17T01:34:15.039Z] [+] #3058 | 473338497_1144201713733592_4767097885120705043_n.jpg
[2026-04-17T01:34:17.006Z] [+] #3059 | 473186451_1144200597067037_7069207736665966775_n.jpg
[2026-04-17T01:34:18.799Z] [+] #3060 | 472922282_1144200863733677_5407900479832348634_n.jpg
[2026-04-17T01:34:20.589Z] [+] #3061 | 473091087_1144200927067004_6842971975529797142_n.jpg
[2026-04-17T01:34:22.371Z] [+] #3062 | 472982686_1144200790400351_3106962422677036639_n.jpg
[2026-04-17T01:34:24.338Z] [+] #3063 | 473016985_1144200933733670_1536220099169765676_n.jpg
[2026-04-17T01:34:26.116Z] [+] #3064 | 473129796_1144200670400363_649241601962499410_n.jpg
[2026-04-17T01:34:27.918Z] [+] #3065 | 472996445_1144200973733666_3856855965997570274_n.jpg
[2026-04-17T01:34:29.717Z] [+] #3066 | 473131944_1144200743733689_3794388236090868958_n.jpg
[2026-04-17T01:34:31.503Z] [+] #3067 | 473375607_1144201027066994_5021007454564391867_n.jpg
[2026-04-17T01:34:33.294Z] [+] #3068 | 473106529_1144199733733790_1352560572280718086_n.jpg
[2026-04-17T01:34:35.095Z] [+] #3069 | 472932635_1144198390400591_3096017909008615052_n.jpg
[2026-04-17T01:34:36.876Z] [+] #3070 | 472933292_1143715850448845_7581100067949783125_n.jpg
[2026-04-17T01:34:39.200Z] [+] #3071 | 472487970_1143712673782496_4816070858330356585_n.jpg
[2026-04-17T01:34:41.034Z] [+] #3072 | 472481814_1143712687115828_2791286741582615601_n.jpg
[2026-04-17T01:34:42.830Z] [+] #3073 | 472826332_1143712813782482_4306168075077078668_n.jpg
[2026-04-17T01:34:44.636Z] [+] #3074 | 472918164_1143713060449124_1152193661594439711_n.jpg
[2026-04-17T01:34:46.452Z] [+] #3075 | 473037265_1143712790449151_1313868363232604356_n.jpg
[2026-04-17T01:34:48.249Z] [+] #3076 | 472860632_1143711553782608_6560855646153330377_n.jpg
[2026-04-17T01:34:50.050Z] [+] #3077 | 472791609_1143710507116046_7603077840998630179_n.jpg
[2026-04-17T01:34:50.340Z] [VIEWER] Round 3080 | Collected: 3077
[2026-04-17T01:34:51.853Z] [+] #3078 | 472560026_1143709140449516_7055465668185068658_n.jpg
[2026-04-17T01:34:53.645Z] [+] #3079 | 473059697_1143709270449503_3064993249861560650_n.jpg
[2026-04-17T01:34:55.439Z] [+] #3080 | 472363129_1143709263782837_2381268811616648806_n.jpg
[2026-04-17T01:34:57.231Z] [+] #3081 | 472888933_1143708573782906_530281074686300350_n.jpg
[2026-04-17T01:34:59.019Z] [+] #3082 | 472805053_1143708397116257_4348391150014752955_n.jpg
[2026-04-17T01:35:00.818Z] [+] #3083 | 472593871_1143708520449578_283675473157299734_n.jpg
[2026-04-17T01:35:02.608Z] [+] #3084 | 473208520_1143708623782901_2679250726521179701_n.jpg
[2026-04-17T01:35:04.425Z] [+] #3085 | 472892982_1143708787116218_1728597102153249014_n.jpg
[2026-04-17T01:35:06.217Z] [+] #3086 | 473075828_1143708687116228_7419424136243892048_n.jpg
[2026-04-17T01:35:08.012Z] [+] #3087 | 472724414_1143708423782921_3506966827144134662_n.jpg
[2026-04-17T01:35:09.812Z] [+] #3088 | 473071188_1143708717116225_4053731649445608489_n.jpg
[2026-04-17T01:35:11.608Z] [+] #3089 | 473130100_1143707690449661_7169949994664793498_n.jpg
[2026-04-17T01:35:13.399Z] [+] #3090 | 472917423_1143707390449691_3608316328188090091_n.jpg
[2026-04-17T01:35:15.199Z] [+] #3091 | 473174984_1143706443783119_2813897267281377081_n.jpg
[2026-04-17T01:35:16.998Z] [+] #3092 | 473267574_1143706400449790_8635174391609735996_n.jpg
[2026-04-17T01:35:18.805Z] [+] #3093 | 472559325_1143706193783144_8682436316705069061_n.jpg
[2026-04-17T01:35:20.613Z] [+] #3094 | 472820851_1143704957116601_6105375819518489723_n.jpg
[2026-04-17T01:35:22.410Z] [+] #3095 | 472570749_1143705000449930_6690108942215142348_n.jpg
[2026-04-17T01:35:24.206Z] [+] #3096 | 472845427_1143705053783258_8408927973045039295_n.jpg
[2026-04-17T01:35:26.009Z] [+] #3097 | 472560089_1143704940449936_5878772041720273071_n.jpg
[2026-04-17T01:35:26.294Z] [VIEWER] Round 3100 | Collected: 3097
[2026-04-17T01:35:27.812Z] [+] #3098 | 472661171_1143705070449923_6628998934014286405_n.jpg
[2026-04-17T01:35:29.606Z] [+] #3099 | 473108908_1143705343783229_780618094399059643_n.jpg
[2026-04-17T01:35:31.402Z] [+] #3100 | 472571926_1143705060449924_4456385470151391091_n.jpg
[2026-04-17T01:35:33.206Z] [+] #3101 | 472773170_1143705007116596_1814941139347930073_n.jpg
[2026-04-17T01:35:35.023Z] [+] #3102 | 473084289_1143141310506299_273766515792059660_n.jpg
[2026-04-17T01:35:36.825Z] [+] #3103 | 472788800_1143141430506287_3509071054990950108_n.jpg
[2026-04-17T01:35:38.635Z] [+] #3104 | 472669578_1143141323839631_4964769525048380834_n.jpg
[2026-04-17T01:35:40.437Z] [+] #3105 | 473089297_1143141420506288_5769080453294082188_n.jpg
[2026-04-17T01:35:42.244Z] [+] #3106 | 472906918_1143140140506416_3115174867152841155_n.jpg
[2026-04-17T01:35:44.048Z] [+] #3107 | 472910796_1143140500506380_7166642920754226046_n.jpg
[2026-04-17T01:35:45.843Z] [+] #3108 | 472914160_1143140503839713_7076724845222685599_n.jpg
[2026-04-17T01:35:47.642Z] [+] #3109 | 472788864_1143140397173057_3214798785923749995_n.jpg
[2026-04-17T01:35:49.442Z] [+] #3110 | 472783801_1143140440506386_5288281742664012270_n.jpg
[2026-04-17T01:35:51.234Z] [+] #3111 | 472652906_1143140423839721_3194124214786700878_n.jpg
[2026-04-17T01:35:53.024Z] [+] #3112 | 472788936_1143140153839748_6775075778187472531_n.jpg
[2026-04-17T01:35:54.828Z] [+] #3113 | 472863710_1143140477173049_2698487626025372029_n.jpg
[2026-04-17T01:35:56.632Z] [+] #3114 | 472688943_1143139417173155_7108212573913553383_n.jpg
[2026-04-17T01:35:58.435Z] [+] #3115 | 472821338_1143139327173164_6247169066276337801_n.jpg
[2026-04-17T01:36:00.239Z] [+] #3116 | 472767729_1143139440506486_6168845525308332188_n.jpg
[2026-04-17T01:36:02.045Z] [+] #3117 | 472732531_1143139307173166_6670195189478370401_n.jpg
[2026-04-17T01:36:02.331Z] [VIEWER] Round 3120 | Collected: 3117
[2026-04-17T01:36:03.850Z] [+] #3118 | 472788668_1143137033840060_3689798706275774655_n.jpg
[2026-04-17T01:36:05.645Z] [+] #3119 | 472726552_1143136987173398_6443048487185309526_n.jpg
[2026-04-17T01:36:07.440Z] [+] #3120 | 472863708_1143137297173367_2730110409920407471_n.jpg
[2026-04-17T01:36:09.237Z] [+] #3121 | 472734569_1143136893840074_1133679373087220871_n.jpg
[2026-04-17T01:36:11.028Z] [+] #3122 | 472817349_1143137327173364_3352844571078910409_n.jpg
[2026-04-17T01:36:12.821Z] [+] #3123 | 472997783_1143137300506700_8566776648295746736_n.jpg
[2026-04-17T01:36:14.618Z] [+] #3124 | 472784686_1143136870506743_5374411208232708411_n.jpg
[2026-04-17T01:36:16.417Z] [+] #3125 | 473010198_1143135927173504_2501329818598706169_n.jpg
[2026-04-17T01:36:18.223Z] [+] #3126 | 472935136_1143136220506808_7142395692020279273_n.jpg
[2026-04-17T01:36:20.029Z] [+] #3127 | 472803194_1143135893840174_7739200953631183138_n.jpg
[2026-04-17T01:36:21.834Z] [+] #3128 | 473150984_1143135897173507_8629560079913735115_n.jpg
[2026-04-17T01:36:23.634Z] [+] #3129 | 472941903_1143136143840149_7902975298453691400_n.jpg
[2026-04-17T01:36:25.428Z] [+] #3130 | 472734569_1143133920507038_5060069522457963576_n.jpg
[2026-04-17T01:36:27.231Z] [+] #3131 | 473022076_1143133027173794_7997141219453264613_n.jpg
[2026-04-17T01:36:29.033Z] [+] #3132 | 472787022_1143133267173770_7569597390851015930_n.jpg
[2026-04-17T01:36:30.832Z] [+] #3133 | 472814847_1143133097173787_6055027037565550202_n.jpg
[2026-04-17T01:36:32.632Z] [+] #3134 | 472946198_1143133047173792_6924299210696074592_n.jpg
[2026-04-17T01:36:34.437Z] [+] #3135 | 472812545_1143132153840548_6430679271270216361_n.jpg
[2026-04-17T01:36:36.246Z] [+] #3136 | 472789319_1143132150507215_4708438131860238857_n.jpg
[2026-04-17T01:36:38.046Z] [+] #3137 | 472741211_1143132140507216_1517668164632076511_n.jpg
[2026-04-17T01:36:38.329Z] [VIEWER] Round 3140 | Collected: 3137
[2026-04-17T01:36:39.839Z] [+] #3138 | 473009121_1143131893840574_8817774801883361790_n.jpg
[2026-04-17T01:36:41.625Z] [+] #3139 | 472867247_1143129740507456_5626520332275645312_n.jpg
[2026-04-17T01:36:43.420Z] [+] #3140 | 473133108_1143129790507451_4749721279779935078_n.jpg
[2026-04-17T01:36:45.215Z] [+] #3141 | 472785755_1143129797174117_8507501302050384247_n.jpg
[2026-04-17T01:36:47.006Z] [+] #3142 | 472784017_1143126887174408_4782561295023400824_n.jpg
[2026-04-17T01:36:48.810Z] [+] #3143 | 472789280_1143125833841180_7128845472380904374_n.jpg
[2026-04-17T01:36:50.603Z] [+] #3144 | 472746245_1143124690507961_3246394023461120700_n.jpg
[2026-04-17T01:36:52.392Z] [+] #3145 | 472785371_1143122147174882_3698739217744620378_n.jpg
[2026-04-17T01:36:54.200Z] [+] #3146 | 472663957_1143122197174877_7119597189331681663_n.jpg
[2026-04-17T01:36:56.001Z] [+] #3147 | 472779577_1143122103841553_9070796073320447723_n.jpg
[2026-04-17T01:36:57.798Z] [+] #3148 | 472786775_1143122247174872_8177668157374989390_n.jpg
[2026-04-17T01:36:59.599Z] [+] #3149 | 472669151_1143122100508220_467106134841533969_n.jpg
[2026-04-17T01:37:01.402Z] [+] #3150 | 472771778_1143122097174887_6609023813032304151_n.jpg
[2026-04-17T01:37:03.195Z] [+] #3151 | 472682723_1143122143841549_8273389908414855739_n.jpg
[2026-04-17T01:37:04.973Z] [+] #3152 | 472836908_1143121730508257_1839627382479090717_n.jpg
[2026-04-17T01:37:06.760Z] [+] #3153 | 472566638_1143116453842118_4310695080691020106_n.jpg
[2026-04-17T01:37:08.559Z] [+] #3154 | 472810294_1143114153842348_4861482451633752780_n.jpg
[2026-04-17T01:37:10.348Z] [+] #3155 | 472897718_1143113303842433_8349600829849226705_n.jpg
[2026-04-17T01:37:12.138Z] [+] #3156 | 472904040_1143112150509215_8387680725540567275_n.jpg
[2026-04-17T01:37:13.933Z] [+] #3157 | 472471993_1140353764118387_3556067253112886187_n.jpg
[2026-04-17T01:37:14.216Z] [VIEWER] Round 3160 | Collected: 3157
[2026-04-17T01:37:15.734Z] [+] #3158 | 472685720_1140353404118423_3660728586780508239_n.jpg
[2026-04-17T01:37:17.524Z] [+] #3159 | 472244543_1140352467451850_4173407216097891778_n.jpg
[2026-04-17T01:37:19.307Z] [+] #3160 | 472252675_1140351760785254_7252532191533872794_n.jpg
[2026-04-17T01:37:21.102Z] [+] #3161 | 472351101_1140347447452352_426302242000129455_n.jpg
[2026-04-17T01:37:22.901Z] [+] #3162 | 472137470_1140347454119018_4263754441576614944_n.jpg
[2026-04-17T01:37:24.688Z] [+] #3163 | 472516084_1140347414119022_6464252302252856279_n.jpg
[2026-04-17T01:37:26.485Z] [+] #3164 | 472550534_1140346027452494_5873849038836759221_n.jpg
[2026-04-17T01:37:28.292Z] [+] #3165 | 472231924_1140346010785829_7083331034048417586_n.jpg
[2026-04-17T01:37:30.091Z] [+] #3166 | 472549268_1140343754119388_4322356119076304274_n.jpg
[2026-04-17T01:37:31.885Z] [+] #3167 | 472231209_1140342280786202_2617492095326071794_n.jpg
[2026-04-17T01:37:33.687Z] [+] #3168 | 472239074_1140339960786434_5722195743268557237_n.jpg
[2026-04-17T01:37:35.491Z] [+] #3169 | 472257855_1140339940786436_1663307165571501796_n.jpg
[2026-04-17T01:37:37.292Z] [+] #3170 | 472229435_1140337914119972_44200599053243681_n.jpg
[2026-04-17T01:37:39.090Z] [+] #3171 | 472486318_1140337900786640_16144090669189717_n.jpg
[2026-04-17T01:37:41.261Z] [+] #3172 | 472182212_1140337457453351_6074375821090856125_n.jpg
[2026-04-17T01:37:43.057Z] [+] #3173 | 472258913_1140335617453535_7504573263647995969_n.jpg
[2026-04-17T01:37:44.862Z] [+] #3174 | 472685720_1140335637453533_5416487830253067235_n.jpg
[2026-04-17T01:37:46.662Z] [+] #3175 | 472712161_1140335834120180_4926509172650369428_n.jpg
[2026-04-17T01:37:48.462Z] [+] #3176 | 472684189_1140335890786841_4779542519049920230_n.jpg
[2026-04-17T01:37:50.259Z] [+] #3177 | 472304776_1140335830786847_2594986198330542765_n.jpg
[2026-04-17T01:37:50.533Z] [VIEWER] Round 3180 | Collected: 3177
[2026-04-17T01:37:52.049Z] [+] #3178 | 472514347_1140331397453957_1905110007333308661_n.jpg
[2026-04-17T01:37:53.853Z] [+] #3179 | 472335278_1140331284120635_3201303022825421039_n.jpg
[2026-04-17T01:37:55.642Z] [+] #3180 | 472148736_1140331417453955_6589237488295514203_n.jpg
[2026-04-17T01:37:57.434Z] [+] #3181 | 472560541_1140331414120622_8124430450072257168_n.jpg
[2026-04-17T01:37:59.241Z] [+] #3182 | 472404300_1140330667454030_4667545711565478367_n.jpg
[2026-04-17T01:38:01.046Z] [+] #3183 | 472278174_1140330870787343_1523751359538904994_n.jpg
[2026-04-17T01:38:02.845Z] [+] #3184 | 472698487_1140330917454005_879934089966983429_n.jpg
[2026-04-17T01:38:04.645Z] [+] #3185 | 472332099_1140330867454010_7888862107036662397_n.jpg
[2026-04-17T01:38:06.454Z] [+] #3186 | 472174853_1140330860787344_5515846628777233772_n.jpg
[2026-04-17T01:38:08.257Z] [+] #3187 | 472408963_1140330910787339_4856644286075680549_n.jpg
[2026-04-17T01:38:10.054Z] [+] #3188 | 472696445_1140330937454003_3640101967902621550_n.jpg
[2026-04-17T01:38:11.842Z] [+] #3189 | 472601399_1140328660787564_1767769466130977903_n.jpg
[2026-04-17T01:38:13.635Z] [+] #3190 | 472244541_1140328664120897_7292913633939619009_n.jpg
[2026-04-17T01:38:15.500Z] [+] #3191 | 472335349_1140328717454225_2516514532516080238_n.jpg
[2026-04-17T01:38:17.296Z] [+] #3192 | 472718550_1140328740787556_739062871666603761_n.jpg
[2026-04-17T01:38:19.108Z] [+] #3193 | 472336324_1140328417454255_6809336601340830895_n.jpg
[2026-04-17T01:38:20.910Z] [+] #3194 | 472397526_1140328784120885_3828316126442161565_n.jpg
[2026-04-17T01:38:22.706Z] [+] #3195 | 472333302_1140328767454220_7378472197686826455_n.jpg
[2026-04-17T01:38:24.509Z] [+] #3196 | 472542562_1140328787454218_4112280214501094334_n.jpg
[2026-04-17T01:38:26.309Z] [+] #3197 | 472481807_1140327374121026_3272302944202806474_n.jpg
[2026-04-17T01:38:26.593Z] [VIEWER] Round 3200 | Collected: 3197
[2026-04-17T01:38:28.109Z] [+] #3198 | 472629329_1140327340787696_1550662864194448326_n.jpg
[2026-04-17T01:38:29.921Z] [+] #3199 | 472230243_1140327454121018_3763725646270025397_n.jpg
[2026-04-17T01:38:31.748Z] [+] #3200 | 472686733_1140327434121020_909985141808096872_n.jpg
[2026-04-17T01:38:33.539Z] [+] #3201 | 472708762_1140327387454358_1770083685902518231_n.jpg
[2026-04-17T01:38:35.343Z] [+] #3202 | 472257685_1139741054179658_743090309249584288_n.jpg
[2026-04-17T01:38:37.143Z] [+] #3203 | 472068567_1139737787513318_8165167347621845462_n.jpg
[2026-04-17T01:38:38.937Z] [+] #3204 | 472691143_1139737534180010_6671453605724878042_n.jpg
[2026-04-17T01:38:40.743Z] [+] #3205 | 472233947_1139737500846680_950199807381470795_n.jpg
[2026-04-17T01:38:42.533Z] [+] #3206 | 472270372_1139736570846773_1483053675040066502_n.jpg
[2026-04-17T01:38:44.330Z] [+] #3207 | 472229963_1139736680846762_5151484055320935413_n.jpg
[2026-04-17T01:38:46.129Z] [+] #3208 | 472103345_1139736557513441_3777396026793924844_n.jpg
[2026-04-17T01:38:47.926Z] [+] #3209 | 472235087_1139736354180128_6820226909880783854_n.jpg
[2026-04-17T01:38:49.730Z] [+] #3210 | 472054684_1139736664180097_573432266338760944_n.jpg
[2026-04-17T01:38:51.536Z] [+] #3211 | 472132300_1139736670846763_1891066865909158185_n.jpg
[2026-04-17T01:38:53.340Z] [+] #3212 | 472203490_1139736607513436_8571175368463499739_n.jpg
[2026-04-17T01:38:55.135Z] [+] #3213 | 472234718_1139736657513431_5400611300005858546_n.jpg
[2026-04-17T01:38:56.927Z] [+] #3214 | 472064340_1139735304180233_5071503252028737795_n.jpg
[2026-04-17T01:38:58.725Z] [+] #3215 | 472233925_1139734124180351_536525702633286595_n.jpg
[2026-04-17T01:39:00.522Z] [+] #3216 | 472102383_1139734027513694_4161151898659893855_n.jpg
[2026-04-17T01:39:02.318Z] [+] #3217 | 472231478_1139732340847196_8166473355746755552_n.jpg
[2026-04-17T01:39:02.604Z] [VIEWER] Round 3220 | Collected: 3217
[2026-04-17T01:39:04.122Z] [+] #3218 | 472191947_1139732567513840_2078838012120102130_n.jpg
[2026-04-17T01:39:05.918Z] [+] #3219 | 472164898_1139732450847185_4956960079569513059_n.jpg
[2026-04-17T01:39:07.721Z] [+] #3220 | 472015572_1139732524180511_2167595703489265385_n.jpg
[2026-04-17T01:39:09.522Z] [+] #3221 | 472076508_1139732557513841_4243154639280090735_n.jpg
[2026-04-17T01:39:11.317Z] [+] #3222 | 472235815_1139729960847434_8959424670597253047_n.jpg
[2026-04-17T01:39:13.110Z] [+] #3223 | 472143660_1139729907514106_5867295595202032478_n.jpg
[2026-04-17T01:39:14.912Z] [+] #3224 | 475834391_2376167019388883_1245476509280850381_n.jpg
[2026-04-17T01:39:16.717Z] [+] #3225 | 475653907_2376166822722236_7327586573229626914_n.jpg
[2026-04-17T01:39:18.516Z] [+] #3226 | 475817999_2376164756055776_8502657604758501673_n.jpg
[2026-04-17T01:39:20.312Z] [+] #3227 | 475795008_2376165016055750_9059797557898307059_n.jpg
[2026-04-17T01:39:22.106Z] [+] #3228 | 475727110_2376165056055746_9177286381858414940_n.jpg
[2026-04-17T01:39:23.907Z] [+] #3229 | 475850590_2376165086055743_6047793084022926119_n.jpg
[2026-04-17T01:39:25.705Z] [+] #3230 | 475740678_2376165102722408_2129996920328313774_n.jpg
[2026-04-17T01:39:27.510Z] [+] #3231 | 475917519_2376162879389297_7436324008177517044_n.jpg
[2026-04-17T01:39:29.319Z] [+] #3232 | 476110321_2376157439389841_5553528946365876236_n.jpg
[2026-04-17T01:39:31.121Z] [+] #3233 | 475830790_2376157546056497_909544952723190053_n.jpg
[2026-04-17T01:39:32.921Z] [+] #3234 | 475990078_2376157459389839_4937496938512632839_n.jpg
[2026-04-17T01:39:34.717Z] [+] #3235 | 475751356_2376157189389866_3896897537615651784_n.jpg
[2026-04-17T01:39:36.515Z] [+] #3236 | 475441523_2376157559389829_7611906931675981460_n.jpg
[2026-04-17T01:39:38.313Z] [+] #3237 | 475887533_2376157552723163_3579376119417887242_n.jpg
[2026-04-17T01:39:38.598Z] [VIEWER] Round 3240 | Collected: 3237
[2026-04-17T01:39:40.108Z] [+] #3238 | 475810913_2376157539389831_1035261910569257915_n.jpg
[2026-04-17T01:39:41.896Z] [+] #3239 | 475642355_2376155132723405_4411305781498847297_n.jpg
[2026-04-17T01:39:43.695Z] [+] #3240 | 475983023_2376155239390061_5905263532825366145_n.jpg
[2026-04-17T01:39:45.498Z] [+] #3241 | 475680489_2376149886057263_4082738869576525550_n.jpg
[2026-04-17T01:39:47.305Z] [+] #3242 | 475812255_2376148969390688_8036182253010330919_n.jpg
[2026-04-17T01:39:49.102Z] [+] #3243 | 475631063_2376148566057395_8852311456443965016_n.jpg
[2026-04-17T01:39:50.906Z] [+] #3244 | 475855784_2376148786057373_4493388366962576570_n.jpg
[2026-04-17T01:39:52.703Z] [+] #3245 | 475686059_2376148976057354_4212481007618799009_n.jpg
[2026-04-17T01:39:54.500Z] [+] #3246 | 475832954_2376148972724021_1135592652847924655_n.jpg
[2026-04-17T01:39:56.301Z] [+] #3247 | 475880489_2375829009422684_9137415690218529673_n.jpg
[2026-04-17T01:39:58.099Z] [+] #3248 | 475546420_2375829022756016_2995375498523420981_n.jpg
[2026-04-17T01:39:59.909Z] [+] #3249 | 475996150_2375828729422712_3303206898867150872_n.jpg
[2026-04-17T01:40:01.712Z] [+] #3250 | 475847351_2375828746089377_3997676227100443914_n.jpg
[2026-04-17T01:40:03.519Z] [+] #3251 | 475762601_2375828792756039_1553667497917539579_n.jpg
[2026-04-17T01:40:05.323Z] [+] #3252 | 475777896_2375828802756038_1589412040929468153_n.jpg
[2026-04-17T01:40:07.123Z] [+] #3253 | 475752938_2375826632756255_8884878625858595961_n.jpg
[2026-04-17T01:40:08.927Z] [+] #3254 | 475895467_2375826469422938_643505174505014904_n.jpg
[2026-04-17T01:40:10.720Z] [+] #3255 | 475382491_2375826419422943_1422956216229036014_n.jpg
[2026-04-17T01:40:12.520Z] [+] #3256 | 475967506_2375826432756275_9222880534781998998_n.jpg
[2026-04-17T01:40:14.324Z] [+] #3257 | 475761059_2375826629422922_8035385133018825965_n.jpg
[2026-04-17T01:40:14.604Z] [VIEWER] Round 3260 | Collected: 3257
[2026-04-17T01:40:16.120Z] [+] #3258 | 475797160_2375826569422928_1826698520048616031_n.jpg
[2026-04-17T01:40:17.919Z] [+] #3259 | 475741353_2375826429422942_2193729056105547708_n.jpg
[2026-04-17T01:40:19.716Z] [+] #3260 | 475510053_2375826636089588_486188100613433633_n.jpg
[2026-04-17T01:40:21.520Z] [+] #3261 | 475515680_2375826426089609_8720865175029370202_n.jpg
[2026-04-17T01:40:23.318Z] [+] #3262 | 475727830_2375826499422935_7863711892238806163_n.jpg
[2026-04-17T01:40:25.115Z] [+] #3263 | 475788157_2375826486089603_4977821875726332238_n.jpg
[2026-04-17T01:40:26.907Z] [+] #3264 | 475875855_2375826556089596_1515311028311452689_n.jpg
[2026-04-17T01:40:28.705Z] [+] #3265 | 475875994_2375826639422921_7661662976689871399_n.jpg
[2026-04-17T01:40:30.501Z] [+] #3266 | 475999730_2375820619423523_1073767228969755305_n.jpg
[2026-04-17T01:40:32.302Z] [+] #3267 | 475510896_2375820686090183_2162047406541830651_n.jpg
[2026-04-17T01:40:34.100Z] [+] #3268 | 475814014_2375820942756824_8209852924069018132_n.jpg
[2026-04-17T01:40:35.893Z] [+] #3269 | 475729676_2375820656090186_1338680950695144889_n.jpg
[2026-04-17T01:40:37.697Z] [+] #3270 | 475322652_2375820616090190_5469627173910810860_n.jpg
[2026-04-17T01:40:39.500Z] [+] #3271 | 475847929_2375820889423496_1508599238412982497_n.jpg
[2026-04-17T01:40:41.295Z] [+] #3272 | 475979628_2375820646090187_1189933560237381546_n.jpg
[2026-04-17T01:40:43.084Z] [+] #3273 | 475461776_2375820702756848_2623840561860549540_n.jpg
[2026-04-17T01:40:44.881Z] [+] #3274 | 475364466_2375820679423517_7646159615768765816_n.jpg
[2026-04-17T01:40:46.675Z] [+] #3275 | 475210423_2375820772756841_6593912163836429197_n.jpg
[2026-04-17T01:40:48.471Z] [+] #3276 | 475968030_2375820672756851_88202782803017490_n.jpg
[2026-04-17T01:40:50.271Z] [+] #3277 | 475850792_2375820669423518_1205164651899289418_n.jpg
[2026-04-17T01:40:50.553Z] [VIEWER] Round 3280 | Collected: 3277
[2026-04-17T01:40:52.069Z] [+] #3278 | 475054824_2375820726090179_4234538304046957468_n.jpg
[2026-04-17T01:40:53.868Z] [+] #3279 | 475759588_2375820719423513_2588482557463030117_n.jpg
[2026-04-17T01:40:55.668Z] [+] #3280 | 475928705_2375820476090204_8666698897758741144_n.jpg
[2026-04-17T01:40:57.476Z] [+] #3281 | 475745153_2375735609432024_8549118534726269217_n.jpg
[2026-04-17T01:40:59.280Z] [+] #3282 | 475777462_2375735562765362_8798975907173939431_n.jpg
[2026-04-17T01:41:01.079Z] [+] #3283 | 475271929_2375735626098689_9169785242708757338_n.jpg
[2026-04-17T01:41:02.875Z] [+] #3284 | 475531958_2375735532765365_6261187498853298290_n.jpg
[2026-04-17T01:41:04.671Z] [+] #3285 | 475771502_2375734119432173_8990639681219516900_n.jpg
[2026-04-17T01:41:06.470Z] [+] #3286 | 475640178_2375734502765468_418034794275864822_n.jpg
[2026-04-17T01:41:08.266Z] [+] #3287 | 475665547_2375734542765464_5267778311293366527_n.jpg
[2026-04-17T01:41:10.065Z] [+] #3288 | 475678420_2375734526098799_6672218890290913147_n.jpg
[2026-04-17T01:41:11.865Z] [+] #3289 | 475391643_2375733272765591_6424732606076638842_n.jpg
[2026-04-17T01:41:13.660Z] [+] #3290 | 475492517_2375731346099117_3464113130231119443_n.jpg
[2026-04-17T01:41:15.467Z] [+] #3291 | 475819793_2375728832766035_7274528813344983479_n.jpg
[2026-04-17T01:41:17.266Z] [+] #3292 | 475500051_2375729202765998_4016819452345797781_n.jpg
[2026-04-17T01:41:19.050Z] [+] #3293 | 475758373_2375729252765993_848198153154851444_n.jpg
[2026-04-17T01:41:20.856Z] [+] #3294 | 475768257_2375728142766104_5915677655176168004_n.jpg
[2026-04-17T01:41:22.664Z] [+] #3295 | 475533728_2375728169432768_6592755748061008016_n.jpg
[2026-04-17T01:41:24.463Z] [+] #3296 | 475817594_2375728222766096_1797441693220863667_n.jpg
[2026-04-17T01:41:26.270Z] [+] #3297 | 475594244_2375720832766835_4846357273245596482_n.jpg
[2026-04-17T01:41:26.552Z] [VIEWER] Round 3300 | Collected: 3297
[2026-04-17T01:41:28.070Z] [+] #3298 | 475780145_2375720882766830_2318609743979194989_n.jpg
[2026-04-17T01:41:29.878Z] [+] #3299 | 475724841_2375720866100165_9134858952392793246_n.jpg
[2026-04-17T01:41:31.677Z] [+] #3300 | 475884544_2375720816100170_1170915070476941520_n.jpg
[2026-04-17T01:41:33.476Z] [+] #3301 | 475817576_2375717036100548_1433512982628251168_n.jpg
[2026-04-17T01:41:35.274Z] [+] #3302 | 475757246_2375712949434290_199342486409159226_n.jpg
[2026-04-17T01:41:37.074Z] [+] #3303 | 475775098_2375713372767581_2252503042986745575_n.jpg
[2026-04-17T01:41:38.880Z] [+] #3304 | 271769876_1585743355097924_7627811831761596111_n.jpg
[2026-04-17T01:41:40.684Z] [+] #3305 | 475594240_2375710676101184_5709104548624914538_n.jpg
[2026-04-17T01:41:42.482Z] [+] #3306 | 475643093_2375703619435223_3975341588676914997_n.jpg
[2026-04-17T01:41:44.275Z] [+] #3307 | 475807591_2375703692768549_8723233220854345160_n.jpg
[2026-04-17T01:41:46.071Z] [+] #3308 | 475452996_2375450529460532_6569965308206606667_n.jpg
[2026-04-17T01:41:47.868Z] [+] #3309 | 475852523_2375443882794530_7983016316748022659_n.jpg
[2026-04-17T01:41:49.677Z] [+] #3310 | 475726511_2375443872794531_8086787747584366684_n.jpg
[2026-04-17T01:41:51.486Z] [+] #3311 | 475714908_2375444056127846_3374562228321889021_n.jpg
[2026-04-17T01:41:53.295Z] [+] #3312 | 475715322_2375441499461435_5470504420651989588_n.jpg
[2026-04-17T01:41:55.096Z] [+] #3313 | 475470352_2375439039461681_7052820629521380743_n.jpg
[2026-04-17T01:41:56.887Z] [+] #3314 | 475641287_2374661126206139_3067239345861929057_n.jpg
[2026-04-17T01:41:58.692Z] [+] #3315 | 475526575_2374658776206374_7804541645480696826_n.jpg
[2026-04-17T01:42:00.486Z] [+] #3316 | 475813633_2374649329540652_5024943719915952065_n.jpg
[2026-04-17T01:42:02.294Z] [+] #3317 | 475681238_2374628332876085_3080726536226903713_n.jpg
[2026-04-17T01:42:02.574Z] [VIEWER] Round 3320 | Collected: 3317
[2026-04-17T01:42:04.093Z] [+] #3318 | 475745177_2374628022876116_252215214022944238_n.jpg
[2026-04-17T01:42:05.893Z] [+] #3319 | 475307900_2374627992876119_210553057412319339_n.jpg
[2026-04-17T01:42:07.693Z] [+] #3320 | 475804588_2374628299542755_2338789639719152356_n.jpg
[2026-04-17T01:42:09.496Z] [+] #3321 | 475678437_2374628302876088_5547837309652748482_n.jpg
[2026-04-17T01:42:11.298Z] [+] #3322 | 475636597_2374628322876086_1629826049349514741_n.jpg
[2026-04-17T01:42:13.143Z] [+] #3323 | 475533254_2374628279542757_298242249315517450_n.jpg
[2026-04-17T01:42:14.981Z] [+] #3324 | 475697670_2374628246209427_5579553580379524256_n.jpg
[2026-04-17T01:42:16.782Z] [+] #3325 | 475712059_2374628282876090_8476304365308581754_n.jpg
[2026-04-17T01:42:18.573Z] [+] #3326 | 475643063_2374628296209422_7413487847673408317_n.jpg
[2026-04-17T01:42:20.552Z] [+] #3327 | 475285686_2373920042946914_7076253557533302133_n.jpg
[2026-04-17T01:42:22.392Z] [+] #3328 | 475226989_2373917696280482_2699996599032716279_n.jpg
[2026-04-17T01:42:24.367Z] [+] #3329 | 474951425_2373917729613812_1800495238375081715_n.jpg
[2026-04-17T01:42:26.365Z] [+] #3330 | 475384655_2373917782947140_5191908250674429786_n.jpg
[2026-04-17T01:42:28.170Z] [+] #3331 | 475319559_2373917602947158_2629923787401647007_n.jpg
[2026-04-17T01:42:29.972Z] [+] #3332 | 475265418_2373917666280485_1845649953707984750_n.jpg
[2026-04-17T01:42:31.777Z] [+] #3333 | 475293630_2373917539613831_6571804634990505997_n.jpg
[2026-04-17T01:42:33.580Z] [+] #3334 | 475340704_2373917732947145_1360817426438059817_n.jpg
[2026-04-17T01:42:35.384Z] [+] #3335 | 474949625_2373917726280479_3544909584818989901_n.jpg
[2026-04-17T01:42:37.191Z] [+] #3336 | 475523995_2373917492947169_4856712434860976598_n.jpg
[2026-04-17T01:42:38.988Z] [+] #3337 | 475288391_2373917639613821_1208847582862972187_n.jpg
[2026-04-17T01:42:39.265Z] [VIEWER] Round 3340 | Collected: 3337
[2026-04-17T01:42:40.785Z] [+] #3338 | 475315822_2373917642947154_4821807264039888484_n.jpg
[2026-04-17T01:42:42.582Z] [+] #3339 | 475311235_2373917746280477_2636168856105987146_n.jpg
[2026-04-17T01:42:44.383Z] [+] #3340 | 475332253_2373917652947153_2031997235293966082_n.jpg
[2026-04-17T01:42:46.185Z] [+] #3341 | 475476575_2373917546280497_1205383630093079594_n.jpg
[2026-04-17T01:42:47.980Z] [+] #3342 | 475381583_2373917592947159_3486649505414422680_n.jpg
[2026-04-17T01:42:49.771Z] [+] #3343 | 475275284_2373911319614453_1477813206320374315_n.jpg
[2026-04-17T01:42:51.568Z] [+] #3344 | 475340820_2373911359614449_4502924788072971192_n.jpg
[2026-04-17T01:42:53.366Z] [+] #3345 | 475320047_2373911369614448_8936973271725524697_n.jpg
[2026-04-17T01:42:55.160Z] [+] #3346 | 475281908_2373911336281118_5861300975955312377_n.jpg
[2026-04-17T01:42:56.961Z] [+] #3347 | 475348996_2373911379614447_4855223068073438116_n.jpg
[2026-04-17T01:42:58.758Z] [+] #3348 | 475374646_2373911339614451_671544927559661965_n.jpg
[2026-04-17T01:43:00.557Z] [+] #3349 | 474951073_2373911362947782_2333746212921334677_n.jpg
[2026-04-17T01:43:02.358Z] [+] #3350 | 474950254_2373905656281686_6135884529740615891_n.jpg
[2026-04-17T01:43:04.147Z] [+] #3351 | 474950263_2373903549615230_2404808807691140730_n.jpg
[2026-04-17T01:43:05.930Z] [+] #3352 | 475333922_2373903766281875_8759329324430431641_n.jpg
[2026-04-17T01:43:07.722Z] [+] #3353 | 475693813_2373903336281918_8920091398911167219_n.jpg
[2026-04-17T01:43:09.526Z] [+] #3354 | 475678706_2373903559615229_5283645845455961355_n.jpg
[2026-04-17T01:43:11.326Z] [+] #3355 | 475270351_2373900276282224_1080366031955408310_n.jpg
[2026-04-17T01:43:13.131Z] [+] #3356 | 474950822_2373900509615534_3637325132639977582_n.jpg
[2026-04-17T01:43:14.926Z] [+] #3357 | 475280242_2373896219615963_2678409730508550608_n.jpg
[2026-04-17T01:43:15.211Z] [VIEWER] Round 3360 | Collected: 3357
[2026-04-17T01:43:16.717Z] [+] #3358 | 475140780_2373302186342033_4136369577754556323_n.jpg
[2026-04-17T01:43:18.505Z] [+] #3359 | 475354209_2373300116342240_7292063414647312150_n.jpg
[2026-04-17T01:43:20.308Z] [+] #3360 | 475294166_2373300333008885_8382627863360171725_n.jpg
[2026-04-17T01:43:22.108Z] [+] #3361 | 475291503_2373300156342236_7608311137764774332_n.jpg
[2026-04-17T01:43:23.908Z] [+] #3362 | 475440060_2373299929675592_8320006010174155385_n.jpg
[2026-04-17T01:43:25.715Z] [+] #3363 | 475173726_2373300343008884_1995963498899920899_n.jpg
[2026-04-17T01:43:27.510Z] [+] #3364 | 475163725_2373300153008903_3407344475778718906_n.jpg
[2026-04-17T01:43:29.313Z] [+] #3365 | 475255362_2373295926342659_4813733080130754818_n.jpg
[2026-04-17T01:43:31.116Z] [+] #3366 | 475275183_2373295596342692_5910934492303328395_n.jpg
[2026-04-17T01:43:32.919Z] [+] #3367 | 475127237_2373295626342689_4668265191187351689_n.jpg
[2026-04-17T01:43:34.719Z] [+] #3368 | 475202557_2373295936342658_4506777540461508433_n.jpg
[2026-04-17T01:43:36.521Z] [+] #3369 | 475442457_2373295949675990_6604072059601597111_n.jpg
[2026-04-17T01:43:38.326Z] [+] #3370 | 475240432_2373295946342657_8647098315492959675_n.jpg
[2026-04-17T01:43:40.121Z] [+] #3371 | 475259107_2373295923009326_3893197041829747521_n.jpg
[2026-04-17T01:43:41.923Z] [+] #3372 | 475197459_2373295606342691_4691625096285489202_n.jpg
[2026-04-17T01:43:43.755Z] [+] #3373 | 475440684_2373277459677839_3370716776749195751_n.jpg
[2026-04-17T01:43:45.562Z] [+] #3374 | 473277776_2362946400710945_7403705823065870597_n.jpg
[2026-04-17T01:43:47.364Z] [+] #3375 | 473582631_2362946394044279_2240830198975994231_n.jpg
[2026-04-17T01:43:49.166Z] [+] #3376 | 473598467_2362944320711153_1723670473616245925_n.jpg
[2026-04-17T01:43:50.970Z] [+] #3377 | 473576109_2362938997378352_5593036803345888678_n.jpg
[2026-04-17T01:43:51.250Z] [VIEWER] Round 3380 | Collected: 3377
[2026-04-17T01:43:52.766Z] [+] #3378 | 473438443_2362936750711910_6250385830309410923_n.jpg
[2026-04-17T01:43:54.566Z] [+] #3379 | 473286624_2362930610712524_5797597002458788302_n.jpg
[2026-04-17T01:43:56.377Z] [+] #3380 | 473615941_2362930420712543_6932419618258833606_n.jpg
[2026-04-17T01:43:58.183Z] [+] #3381 | 473247406_2362930377379214_3597590111392878507_n.jpg
[2026-04-17T01:43:59.985Z] [+] #3382 | 473595777_2362930387379213_6651960646132719131_n.jpg
[2026-04-17T01:44:01.779Z] [+] #3383 | 473578594_2362930664045852_1261318774508081061_n.jpg
[2026-04-17T01:44:03.579Z] [+] #3384 | 473597753_2362930417379210_3423639418181011595_n.jpg
[2026-04-17T01:44:05.384Z] [+] #3385 | 473598570_2362930640712521_8122352401402747309_n.jpg
[2026-04-17T01:44:07.186Z] [+] #3386 | 473598564_2362930624045856_6024841381752418978_n.jpg
[2026-04-17T01:44:08.987Z] [+] #3387 | 473370017_2362930427379209_294274682808564625_n.jpg
[2026-04-17T01:44:10.778Z] [+] #3388 | 473582932_2362930614045857_4637598121605137841_n.jpg
[2026-04-17T01:44:12.564Z] [+] #3389 | 473597819_2362930424045876_5712206992117781718_n.jpg
[2026-04-17T01:44:14.357Z] [+] #3390 | 473239271_2362930437379208_6342791437276224353_n.jpg
[2026-04-17T01:44:16.153Z] [+] #3391 | 473437250_2362927340712851_7550880863155235538_n.jpg
[2026-04-17T01:44:17.942Z] [+] #3392 | 473246683_2362926250712960_3167416616826023298_n.jpg
[2026-04-17T01:44:19.744Z] [+] #3393 | 473597758_2362923067379945_4796231384339483498_n.jpg
[2026-04-17T01:44:21.538Z] [+] #3394 | 473582472_2362922884046630_7203732388859790732_n.jpg
[2026-04-17T01:44:23.358Z] [+] #3395 | 473597212_2362920957380156_7210507891640856935_n.jpg
[2026-04-17T01:44:25.169Z] [+] #3396 | 473243665_2362920744046844_7627838083683473903_n.jpg
[2026-04-17T01:44:26.971Z] [+] #3397 | 473336640_2362596227412629_3589783358592389929_n.jpg
[2026-04-17T01:44:27.251Z] [VIEWER] Round 3400 | Collected: 3397
[2026-04-17T01:44:28.771Z] [+] #3398 | 473573924_2362595327412719_464524108513091028_n.jpg
[2026-04-17T01:44:30.579Z] [+] #3399 | 473421489_2362592894079629_494905989357533606_n.jpg
[2026-04-17T01:44:32.422Z] [+] #3400 | 473572762_2362590530746532_2591979797294316878_n.jpg
[2026-04-17T01:44:34.221Z] [+] #3401 | 473238216_2362585477413704_4065607491821337074_n.jpg
[2026-04-17T01:44:36.019Z] [+] #3402 | 473445813_2362585480747037_6825513468214971857_n.jpg
[2026-04-17T01:44:37.818Z] [+] #3403 | 473730854_2362585467413705_5170617567778131989_n.jpg
[2026-04-17T01:44:39.618Z] [+] #3404 | 473719526_2362585434080375_7924874208252374209_n.jpg
[2026-04-17T01:44:41.416Z] [+] #3405 | 473648328_2362585424080376_1248805960274874337_n.jpg
[2026-04-17T01:44:43.220Z] [+] #3406 | 473258763_2362585430747042_1195772418900791238_n.jpg
[2026-04-17T01:44:45.013Z] [+] #3407 | 473623528_2362585237413728_3609157185600108958_n.jpg
[2026-04-17T01:44:46.815Z] [+] #3408 | 473731227_2362585437413708_751197696225063209_n.jpg
[2026-04-17T01:44:48.624Z] [+] #3409 | 473591700_2362576810747904_8562245875753662808_n.jpg
[2026-04-17T01:44:50.427Z] [+] #3410 | 473693394_2362576804081238_5017951950534644648_n.jpg
[2026-04-17T01:44:52.236Z] [+] #3411 | 473583493_2362576847414567_3178363730353800933_n.jpg
[2026-04-17T01:44:54.213Z] [+] #3412 | 473588439_2362576904081228_2884078121563701802_n.jpg
[2026-04-17T01:44:56.010Z] [+] #3413 | 473116505_2362576880747897_6261629412905407734_n.jpg
[2026-04-17T01:44:57.810Z] [+] #3414 | 473255683_2362576844081234_2859947995036161597_n.jpg
[2026-04-17T01:45:00.591Z] [+] #3415 | 473420608_2362576894081229_1236134073453022372_n.jpg
[2026-04-17T01:45:02.386Z] [+] #3416 | 473336538_2362568630748722_721483548002550865_n.jpg
[2026-04-17T01:45:04.177Z] [+] #3417 | 473309848_2362566037415648_1921683432194106200_n.jpg
[2026-04-17T01:45:04.457Z] [VIEWER] Round 3420 | Collected: 3417
[2026-04-17T01:45:05.978Z] [+] #3418 | 473258661_2362318387440413_6410265320985434608_n.jpg
[2026-04-17T01:45:07.813Z] [+] #3419 | 473327685_2362316394107279_4632956174275742148_n.jpg
[2026-04-17T01:45:09.607Z] [+] #3420 | 473424726_2362316170773968_847658102227559256_n.jpg
[2026-04-17T01:45:11.402Z] [+] #3421 | 473569659_2362316410773944_3662353545424413638_n.jpg
[2026-04-17T01:45:13.205Z] [+] #3422 | 473334884_2362316367440615_8436432242045351038_n.jpg
[2026-04-17T01:45:15.014Z] [+] #3423 | 473585608_2362316424107276_1651389300041842697_n.jpg
[2026-04-17T01:45:16.816Z] [+] #3424 | 473336918_2362316507440601_2993367033402419933_n.jpg
[2026-04-17T01:45:18.606Z] [+] #3425 | 473585608_2362316390773946_8642648095186063400_n.jpg
[2026-04-17T01:45:20.402Z] [+] #3426 | 473318285_2362316567440595_2711944938834150975_n.jpg
[2026-04-17T01:45:22.208Z] [+] #3427 | 473424876_2362316427440609_7945192669475400341_n.jpg
[2026-04-17T01:45:24.009Z] [+] #3428 | 473557889_2362316517440600_4630848814743136944_n.jpg
[2026-04-17T01:45:25.801Z] [+] #3429 | 473280095_2362312050774380_8576824403702268953_n.jpg
[2026-04-17T01:45:27.605Z] [+] #3430 | 473578921_2362312040774381_8585882310148739583_n.jpg
[2026-04-17T01:45:29.412Z] [+] #3431 | 473620445_2362312047441047_8074249023230014310_n.jpg
[2026-04-17T01:45:31.214Z] [+] #3432 | 473624890_2362312127441039_7081449834905451534_n.jpg
[2026-04-17T01:45:33.014Z] [+] #3433 | 473334884_2362312134107705_6033590453906019889_n.jpg
[2026-04-17T01:45:34.808Z] [+] #3434 | 473425441_2362311830774402_5400622735724353625_n.jpg
[2026-04-17T01:45:36.607Z] [+] #3435 | 473331811_2362312057441046_6728350986247561633_n.jpg
[2026-04-17T01:45:38.397Z] [+] #3436 | 473424868_2362312054107713_4837049023671631866_n.jpg
[2026-04-17T01:45:40.228Z] [+] #3437 | 473583113_2362312027441049_4078725720080470647_n.jpg
[2026-04-17T01:45:40.506Z] [VIEWER] Round 3440 | Collected: 3437
[2026-04-17T01:45:42.027Z] [+] #3438 | 473574057_2362312034107715_295503096994448680_n.jpg
[2026-04-17T01:45:43.821Z] [+] #3439 | 473638934_2362306257441626_7214055123650917447_n.jpg
[2026-04-17T01:45:45.615Z] [+] #3440 | 473618103_2362303790775206_6181214740963542974_n.jpg
[2026-04-17T01:45:47.419Z] [+] #3441 | 473271306_2362300947442157_5263685876583950843_n.jpg
[2026-04-17T01:45:49.229Z] [+] #3442 | 473425771_2362300977442154_13535909285680349_n.jpg
[2026-04-17T01:45:51.036Z] [+] #3443 | 473423810_2362300950775490_8282607302782244344_n.jpg
[2026-04-17T01:45:52.844Z] [+] #3444 | 473414061_2362299807442271_4780122650395367460_n.jpg
[2026-04-17T01:45:54.639Z] [+] #3445 | 473183439_2362298174109101_5568882437855153509_n.jpg
[2026-04-17T01:45:56.432Z] [+] #3446 | 473425026_2362298177442434_1198170613548703694_n.jpg
[2026-04-17T01:45:58.238Z] [+] #3447 | 473187951_2362295544109364_1668557970998233100_n.jpg
[2026-04-17T01:46:00.045Z] [+] #3448 | 473415544_2362295297442722_8580078740173937844_n.jpg
[2026-04-17T01:46:01.848Z] [+] #3449 | 473580372_2362295410776044_5921349081439715408_n.jpg
[2026-04-17T01:46:03.657Z] [+] #3450 | 473415870_2362295310776054_4853157841257367403_n.jpg
[2026-04-17T01:46:05.638Z] [+] #3451 | 473572227_2362295294109389_9093631613469834011_n.jpg
[2026-04-17T01:46:07.437Z] [+] #3452 | 473660162_2361920497480202_6009053823030273692_n.jpg
[2026-04-17T01:46:09.226Z] [+] #3453 | 473263690_2361920510813534_8059420172574649681_n.jpg
[2026-04-17T01:46:11.027Z] [+] #3454 | 473191944_2361920744146844_3421794032735543035_n.jpg
[2026-04-17T01:46:12.828Z] [+] #3455 | 473362938_2361920484146870_4078731130834558606_n.jpg
[2026-04-17T01:46:14.640Z] [+] #3456 | 473370962_2361920657480186_3745208894245356128_n.jpg
[2026-04-17T01:46:16.442Z] [+] #3457 | 473091215_2361920620813523_6499613558212307580_n.jpg
[2026-04-17T01:46:16.732Z] [VIEWER] Round 3460 | Collected: 3457
[2026-04-17T01:46:18.246Z] [+] #3458 | 473315488_2361917204147198_7976765548235774490_n.jpg
[2026-04-17T01:46:20.055Z] [+] #3459 | 473265237_2361917360813849_3054609562742467272_n.jpg
[2026-04-17T01:46:21.862Z] [+] #3460 | 473322650_2361917544147164_8646398717050883183_n.jpg
[2026-04-17T01:46:23.663Z] [+] #3461 | 473290487_2361917407480511_5161793474384341839_n.jpg
[2026-04-17T01:46:25.466Z] [+] #3462 | 250200681_1533643880307872_4087728317588317178_n.jpg
[2026-04-17T01:46:27.267Z] [+] #3463 | 473561765_2361914650814120_3654404289765590049_n.jpg
[2026-04-17T01:46:29.084Z] [+] #3464 | 473015502_2361914377480814_9035442189504393053_n.jpg
[2026-04-17T01:46:30.907Z] [+] #3465 | 473008130_2361914400814145_1669502306110201922_n.jpg
[2026-04-17T01:46:32.715Z] [+] #3466 | 473274309_2361914554147463_857474800739397260_n.jpg
[2026-04-17T01:46:34.516Z] [+] #3467 | 473301443_2361914637480788_2003539734250175669_n.jpg
[2026-04-17T01:46:36.330Z] [+] #3468 | 473010519_2361914647480787_3113005065452157941_n.jpg
[2026-04-17T01:46:38.140Z] [+] #3469 | 473190228_2361914560814129_7999604923671934383_n.jpg
[2026-04-17T01:46:39.952Z] [+] #3470 | 473149840_2361914387480813_6491705596293878967_n.jpg
[2026-04-17T01:46:41.770Z] [+] #3471 | 473110399_2361914744147444_8249434183486234136_n.jpg
[2026-04-17T01:46:43.585Z] [+] #3472 | 473269817_2361908014148117_7196443992392416075_n.jpg
[2026-04-17T01:46:45.389Z] [+] #3473 | 247436408_1531538643851729_8234013457637537680_n.jpg
[2026-04-17T01:46:47.198Z] [+] #3474 | 473306086_2361908090814776_5960733327121408967_n.jpg
[2026-04-17T01:46:49.001Z] [+] #3475 | 473089254_2361908070814778_7645774578647924424_n.jpg
[2026-04-17T01:46:50.806Z] [+] #3476 | 473436912_2361492850856300_167533538910723716_n.jpg
[2026-04-17T01:46:52.611Z] [+] #3477 | 473276621_2361489140856671_3620392353305493758_n.jpg
[2026-04-17T01:46:52.893Z] [VIEWER] Round 3480 | Collected: 3477
[2026-04-17T01:46:54.412Z] [+] #3478 | 473096245_2361488917523360_266530552357720845_n.jpg
[2026-04-17T01:46:56.217Z] [+] #3479 | 473423243_2361488927523359_5918930479408726524_n.jpg
[2026-04-17T01:46:58.015Z] [+] #3480 | 473081802_2361488950856690_7386857342988102014_n.jpg
[2026-04-17T01:46:59.819Z] [+] #3481 | 473552504_2361486780856907_718946274270247470_n.jpg
[2026-04-17T01:47:01.617Z] [+] #3482 | 473272494_2361484934190425_8358145504029531525_n.jpg
[2026-04-17T01:47:03.412Z] [+] #3483 | 473084072_2361484947523757_607800909821566554_n.jpg
[2026-04-17T01:47:05.218Z] [+] #3484 | 473367089_2361484944190424_5508730137191845191_n.jpg
[2026-04-17T01:47:07.032Z] [+] #3485 | 473153466_2361484857523766_7773047901287383816_n.jpg
[2026-04-17T01:47:08.846Z] [+] #3486 | 473127624_2361484817523770_638141591848749512_n.jpg
[2026-04-17T01:47:10.642Z] [+] #3487 | 473657440_2361482280857357_2433361913754991503_n.jpg
[2026-04-17T01:47:12.437Z] [+] #3488 | 473334775_2361479587524293_6804860533834570945_n.jpg
[2026-04-17T01:47:14.254Z] [+] #3489 | 473110595_2361479614190957_2322861790257685908_n.jpg
[2026-04-17T01:47:16.050Z] [+] #3490 | 473165624_2361479630857622_3122493971957322438_n.jpg
[2026-04-17T01:47:17.857Z] [+] #3491 | 473669614_2361479647524287_5995248886977524357_n.jpg
[2026-04-17T01:47:19.667Z] [+] #3492 | 473180705_2361479624190956_1927455192598686029_n.jpg
[2026-04-17T01:47:21.464Z] [+] #3493 | 473014125_2361479600857625_116556187142970797_n.jpg
[2026-04-17T01:47:23.275Z] [+] #3494 | 473182529_2361479700857615_9085775208834600091_n.jpg
[2026-04-17T01:47:25.091Z] [+] #3495 | 473300044_2361479690857616_2622102879257756372_n.jpg
[2026-04-17T01:47:26.893Z] [+] #3496 | 473674240_2361472400858345_4090832727837804730_n.jpg
[2026-04-17T01:47:28.710Z] [+] #3497 | 473667653_2361472260858359_3931419056630578327_n.jpg
[2026-04-17T01:47:29.007Z] [VIEWER] Round 3500 | Collected: 3497
[2026-04-17T01:47:30.539Z] [+] #3498 | 473158757_2361472247525027_5177268037624928133_n.jpg
[2026-04-17T01:47:32.343Z] [+] #3499 | 473244191_2361472647524987_2798320355986468063_n.jpg
[2026-04-17T01:47:34.145Z] [+] #3500 | 473173007_2361472604191658_3748129077806336256_n.jpg
[2026-04-17T01:47:35.943Z] [+] #3501 | 473182697_2361472374191681_2194988011214984253_n.jpg
[2026-04-17T01:47:37.752Z] [+] #3502 | 473112045_2361472654191653_2530402434823122549_n.jpg
[2026-04-17T01:47:39.561Z] [+] #3503 | 473127865_2361472340858351_7789309607891604181_n.jpg
[2026-04-17T01:47:41.368Z] [+] #3504 | 473274684_2361472264191692_3595417538472768215_n.jpg
[2026-04-17T01:47:43.177Z] [+] #3505 | 473227090_2361472370858348_6128962668389653119_n.jpg
[2026-04-17T01:47:44.981Z] [+] #3506 | 473080874_2361466137525638_9196269204717787868_n.jpg
[2026-04-17T01:47:46.782Z] [+] #3507 | 471736304_2352124045126514_165747219989626378_n.jpg
[2026-04-17T01:47:49.357Z] [+] #3508 | 472003142_2352122078460044_5666343012919137665_n.jpg
[2026-04-17T01:47:51.335Z] [+] #3509 | 471828707_2352116378460614_3202019629192440903_n.jpg
[2026-04-17T01:47:53.135Z] [+] #3510 | 472005607_2352105545128364_1123001141808245249_n.jpg
[2026-04-17T01:47:54.922Z] [+] #3511 | 472003145_2352105601795025_8970227025655217069_n.jpg
[2026-04-17T01:47:56.715Z] [+] #3512 | 472015221_2352105465128372_2506564555643455338_n.jpg
[2026-04-17T01:47:58.551Z] [+] #3513 | 472101641_2352105605128358_8575714487249854844_n.jpg
[2026-04-17T01:48:00.352Z] [+] #3514 | 472135812_2352105908461661_7671802359993814213_n.jpg
[2026-04-17T01:48:02.151Z] [+] #3515 | 471875083_2352105491795036_1270631421197133290_n.jpg
[2026-04-17T01:48:03.949Z] [+] #3516 | 472054668_2352105911794994_2150971091358818523_n.jpg
[2026-04-17T01:48:05.751Z] [+] #3517 | 471991552_2352105481795037_4768008133594644952_n.jpg
[2026-04-17T01:48:06.042Z] [VIEWER] Round 3520 | Collected: 3517
[2026-04-17T01:48:07.562Z] [+] #3518 | 472206684_2352100601795525_5826656544747047471_n.jpg
[2026-04-17T01:48:09.367Z] [+] #3519 | 471841638_2352094875129431_6653169047458262050_n.jpg
[2026-04-17T01:48:11.156Z] [+] #3520 | 471279932_2351445701861015_2945053762913744775_n.jpg
[2026-04-17T01:48:12.959Z] [+] #3521 | 471477106_2351443291861256_7812060689814721065_n.jpg
[2026-04-17T01:48:14.753Z] [+] #3522 | 471578541_2351443435194575_9207600448627847749_n.jpg
[2026-04-17T01:48:16.549Z] [+] #3523 | 471731679_2351443241861261_5865070821908296264_n.jpg
[2026-04-17T01:48:18.347Z] [+] #3524 | 470482768_2351443561861229_3681945762103476005_n.jpg
[2026-04-17T01:48:20.141Z] [+] #3525 | 470527521_2351439728528279_3528718444721482653_n.jpg
[2026-04-17T01:48:21.931Z] [+] #3526 | 470505247_2351439828528269_7911233402268956738_n.jpg
[2026-04-17T01:48:23.734Z] [+] #3527 | 470538127_2351439988528253_2556080091093689004_n.jpg
[2026-04-17T01:48:25.523Z] [+] #3528 | 470503320_2351439745194944_5181206395528616004_n.jpg
[2026-04-17T01:48:27.319Z] [+] #3529 | 470534595_2351439701861615_4811754398132262918_n.jpg
[2026-04-17T01:48:29.123Z] [+] #3530 | 471570474_2351435378528714_276008292308874621_n.jpg
[2026-04-17T01:48:30.921Z] [+] #3531 | 471498665_2351435528528699_622384085671917585_n.jpg
[2026-04-17T01:48:32.722Z] [+] #3532 | 471632979_2351435401862045_4741227053108150395_n.jpg
[2026-04-17T01:48:34.535Z] [+] #3533 | 470527761_2351435231862062_2544556402990389337_n.jpg
[2026-04-17T01:48:36.345Z] [+] #3534 | 470482448_2351435251862060_3684461673343706791_n.jpg
[2026-04-17T01:48:38.156Z] [+] #3535 | 470520786_2351435421862043_4935078035297709136_n.jpg
[2026-04-17T01:48:39.959Z] [+] #3536 | 470525955_2351435541862031_6590767766247546232_n.jpg
[2026-04-17T01:48:41.761Z] [+] #3537 | 472066107_2351435271862058_7645978412867142493_n.jpg
[2026-04-17T01:48:42.036Z] [VIEWER] Round 3540 | Collected: 3537
[2026-04-17T01:48:43.556Z] [+] #3538 | 470496802_2351435308528721_5324064954639059360_n.jpg
[2026-04-17T01:48:45.352Z] [+] #3539 | 472063899_2351435501862035_3617261752382941523_n.jpg
[2026-04-17T01:48:47.153Z] [+] #3540 | 470988905_2345018482503737_4169702118287884942_n.jpg
[2026-04-17T01:48:48.957Z] [+] #3541 | 471282292_2345018632503722_1581227323574521469_n.jpg
[2026-04-17T01:48:50.754Z] [+] #3542 | 471093423_2345018509170401_7590647612133583017_n.jpg
[2026-04-17T01:48:52.552Z] [+] #3543 | 471303296_2345018489170403_2831167337883409484_n.jpg
[2026-04-17T01:48:54.347Z] [+] #3544 | 470693792_2345015515837367_1722649086568177839_n.jpg
[2026-04-17T01:48:56.148Z] [+] #3545 | 471044231_2345012242504361_2380664688169182256_n.jpg
[2026-04-17T01:48:57.952Z] [+] #3546 | 471204757_2345012249171027_201992019654620582_n.jpg
[2026-04-17T01:48:59.740Z] [+] #3547 | 471124679_2345012259171026_4848375647199561233_n.jpg
[2026-04-17T01:49:01.533Z] [+] #3548 | 471354301_2345009912504594_1825474378703459817_n.jpg
[2026-04-17T01:49:03.337Z] [+] #3549 | 471171491_2345006012504984_8952076742457481732_n.jpg
[2026-04-17T01:49:05.148Z] [+] #3550 | 471204856_2345003785838540_4261657898895041182_n.jpg
[2026-04-17T01:49:06.946Z] [+] #3551 | 471247115_2345003792505206_3903080532148973469_n.jpg
[2026-04-17T01:49:08.752Z] [+] #3552 | 471260529_2345003822505203_2030346170804179876_n.jpg
[2026-04-17T01:49:10.553Z] [+] #3553 | 471168387_2345004015838517_2589504034534798010_n.jpg
[2026-04-17T01:49:12.356Z] [+] #3554 | 471226157_2345003825838536_6412828643295535596_n.jpg
[2026-04-17T01:49:14.160Z] [+] #3555 | 471059065_2345003819171870_2410902901088616501_n.jpg
[2026-04-17T01:49:15.956Z] [+] #3556 | 470891739_2344994182506167_1010404924840930073_n.jpg
[2026-04-17T01:49:17.769Z] [+] #3557 | 470136019_2339721193033466_8712001891459004531_n.jpg
[2026-04-17T01:49:18.050Z] [VIEWER] Round 3560 | Collected: 3557
[2026-04-17T01:49:19.568Z] [+] #3558 | 470175613_2339721079700144_5960440284883503170_n.jpg
[2026-04-17T01:49:21.372Z] [+] #3559 | 470179203_2339721163033469_4284085299552538710_n.jpg
[2026-04-17T01:49:23.170Z] [+] #3560 | 470168746_2339721156366803_224165958288691101_n.jpg
[2026-04-17T01:49:24.969Z] [+] #3561 | 470209932_2339721096366809_4446988961934199620_n.jpg
[2026-04-17T01:49:26.754Z] [+] #3562 | 470184461_2339721126366806_2906942066392113130_n.jpg
[2026-04-17T01:49:28.550Z] [+] #3563 | 470184416_2339721073033478_609102380964833020_n.jpg
[2026-04-17T01:49:30.358Z] [+] #3564 | 470176649_2339716066367312_2261352082991206294_n.jpg
[2026-04-17T01:49:32.164Z] [+] #3565 | 470204418_2339716336367285_1206953069909512096_n.jpg
[2026-04-17T01:49:33.964Z] [+] #3566 | 470192390_2339716423033943_2887514385999839546_n.jpg
[2026-04-17T01:49:35.773Z] [+] #3567 | 470230368_2339716356367283_6789802108551973090_n.jpg
[2026-04-17T01:49:37.581Z] [+] #3568 | 470165499_2338917253113860_2147444405518802034_n.jpg
[2026-04-17T01:49:39.388Z] [+] #3569 | 470230617_2338914829780769_3048062348284575744_n.jpg
[2026-04-17T01:49:41.206Z] [+] #3570 | 470214022_2338911723114413_1942970998942039294_n.jpg
[2026-04-17T01:49:43.008Z] [+] #3571 | 470211595_2338911696447749_2179199113992118037_n.jpg
[2026-04-17T01:49:44.803Z] [+] #3572 | 470174472_2338911709781081_159193261324292503_n.jpg
[2026-04-17T01:49:46.601Z] [+] #3573 | 470192736_2338911726447746_1645342731003034726_n.jpg
[2026-04-17T01:49:48.408Z] [+] #3574 | 470196428_2338911319781120_4223678206337434667_n.jpg
[2026-04-17T01:49:50.197Z] [+] #3575 | 470203649_2338911316447787_7196451025940786817_n.jpg
[2026-04-17T01:49:51.991Z] [+] #3576 | 470204960_2338911313114454_989151278344710168_n.jpg
[2026-04-17T01:49:53.793Z] [+] #3577 | 470206364_2338911306447788_1875766197204692388_n.jpg
[2026-04-17T01:49:54.073Z] [VIEWER] Round 3580 | Collected: 3577
[2026-04-17T01:49:55.593Z] [+] #3578 | 470180224_2338907633114822_1117246472973566675_n.jpg
[2026-04-17T01:49:57.399Z] [+] #3579 | 470217189_2338891269783125_7347386504212126717_n.jpg
[2026-04-17T01:49:59.367Z] [+] #3580 | 470168776_2338884789783773_3050094793214823002_n.jpg
[2026-04-17T01:50:01.163Z] [+] #3581 | 470195577_2338882603117325_3029534059410434293_n.jpg
[2026-04-17T01:50:03.143Z] [+] #3582 | 470208779_2338878273117758_6714403751427064458_n.jpg
[2026-04-17T01:50:05.117Z] [+] #3583 | 470148836_2338878516451067_4930679337349759200_n.jpg
[2026-04-17T01:50:06.908Z] [+] #3584 | 470148486_2338878563117729_3602710688212372341_n.jpg
[2026-04-17T01:50:08.707Z] [+] #3585 | 470188920_2338878249784427_4709404950874469171_n.jpg
[2026-04-17T01:50:10.496Z] [+] #3586 | 469606603_2335072673498318_3401378937224970661_n.jpg
[2026-04-17T01:50:12.278Z] [+] #3587 | 469478041_2335070680165184_6721221244283453026_n.jpg
[2026-04-17T01:50:14.070Z] [+] #3588 | 469478062_2335070676831851_6333467810166460439_n.jpg
[2026-04-17T01:50:15.878Z] [+] #3589 | 469640797_2335070623498523_2397518027753759301_n.jpg
[2026-04-17T01:50:17.671Z] [+] #3590 | 469444992_2335070646831854_8423889938897659681_n.jpg
[2026-04-17T01:50:19.463Z] [+] #3591 | 469553545_2335067513498834_5418673556146919848_n.jpg
[2026-04-17T01:50:21.267Z] [+] #3592 | 469393577_2335067483498837_8477308837007901135_n.jpg
[2026-04-17T01:50:23.072Z] [+] #3593 | 469374982_2335067553498830_4266745912709178086_n.jpg
[2026-04-17T01:50:24.861Z] [+] #3594 | 469414931_2335063346832584_306220791823843493_n.jpg
[2026-04-17T01:50:26.647Z] [+] #3595 | 469465280_2335059973499588_3418613691246986545_n.jpg
[2026-04-17T01:50:28.455Z] [+] #3596 | 469488607_2335059983499587_7670519744603125137_n.jpg
[2026-04-17T01:50:30.262Z] [+] #3597 | 469477233_2335059850166267_9032639343760604905_n.jpg
[2026-04-17T01:50:30.554Z] [VIEWER] Round 3600 | Collected: 3597
[2026-04-17T01:50:32.070Z] [+] #3598 | 469695138_2335054683500117_8964681802039598160_n.jpg
[2026-04-17T01:50:33.871Z] [+] #3599 | 469505463_2335055050166747_4764375031175689560_n.jpg
[2026-04-17T01:50:35.675Z] [+] #3600 | 469484042_2335054950166757_3247715178232628756_n.jpg
[2026-04-17T01:50:37.478Z] [+] #3601 | 469579643_2335054996833419_1275075834731162405_n.jpg
[2026-04-17T01:50:39.293Z] [+] #3602 | 469380781_2335055030166749_3928532893158118892_n.jpg
[2026-04-17T01:50:41.108Z] [+] #3603 | 469580747_2335054673500118_53908586797762918_n.jpg
[2026-04-17T01:50:42.915Z] [+] #3604 | 469582325_2335052460167006_8747976787270547537_n.jpg
[2026-04-17T01:50:44.718Z] [+] #3605 | 469524524_2335048340167418_1025366607659516005_n.jpg
[2026-04-17T01:50:46.553Z] [+] #3606 | 469477674_2335048666834052_4624860811319746813_n.jpg
[2026-04-17T01:50:48.348Z] [+] #3607 | 469530211_2335048370167415_2948595451867401234_n.jpg
[2026-04-17T01:50:50.154Z] [+] #3608 | 469488617_2335046183500967_1286718619266423703_n.jpg
[2026-04-17T01:50:51.958Z] [+] #3609 | 469510947_2335044360167816_3260601448411479972_n.jpg
[2026-04-17T01:50:53.770Z] [+] #3610 | 469650811_2335044363501149_5133172895325901692_n.jpg
[2026-04-17T01:50:55.564Z] [+] #3611 | 469658412_2334457170226535_8211004792540624950_n.jpg
[2026-04-17T01:50:57.353Z] [+] #3612 | 469124457_2334452893560296_7899980573346529842_n.jpg
[2026-04-17T01:50:59.132Z] [+] #3613 | 469364603_2334448563560729_4489610473699335752_n.jpg
[2026-04-17T01:51:00.930Z] [+] #3614 | 469397710_2334445703561015_2245043278339793763_n.jpg
[2026-04-17T01:51:02.726Z] [+] #3615 | 469112849_2334443173561268_7186733476586648913_n.jpg
[2026-04-17T01:51:04.529Z] [+] #3616 | 469338188_2334443260227926_2729737129057510264_n.jpg
[2026-04-17T01:51:06.337Z] [+] #3617 | 469673569_2334443573561228_38095797308113808_n.jpg
[2026-04-17T01:51:06.624Z] [VIEWER] Round 3620 | Collected: 3617
[2026-04-17T01:51:08.137Z] [+] #3618 | 469480553_2334443580227894_248976463302787862_n.jpg
[2026-04-17T01:51:09.925Z] [+] #3619 | 469626186_2334443510227901_8172251794049906249_n.jpg
[2026-04-17T01:51:11.721Z] [+] #3620 | 469407278_2334442520228000_8457972601082299683_n.jpg
[2026-04-17T01:51:13.525Z] [+] #3621 | 469124463_2334438390228413_813241542591262785_n.jpg
[2026-04-17T01:51:15.328Z] [+] #3622 | 469395077_2334438256895093_3275196061581913594_n.jpg
[2026-04-17T01:51:17.135Z] [+] #3623 | 469583149_2334438250228427_7019427230489117403_n.jpg
[2026-04-17T01:51:18.925Z] [+] #3624 | 469495420_2334435916895327_4548478408801142143_n.jpg
[2026-04-17T01:51:20.713Z] [+] #3625 | 469578000_2334433473562238_164096775508063787_n.jpg
[2026-04-17T01:51:22.500Z] [+] #3626 | 469478748_2334432123562373_3370597125426344289_n.jpg
[2026-04-17T01:51:24.289Z] [+] #3627 | 469476586_2334426800229572_3289535051792374321_n.jpg
[2026-04-17T01:51:26.084Z] [+] #3628 | 469423169_2333741966964722_1170788647996590904_n.jpg
[2026-04-17T01:51:27.885Z] [+] #3629 | 469124200_2333741976964721_288901817188200620_n.jpg
[2026-04-17T01:51:29.692Z] [+] #3630 | 469335800_2333741950298057_3774810215411342122_n.jpg
[2026-04-17T01:51:31.504Z] [+] #3631 | 469380422_2333741940298058_9165240036435606343_n.jpg
[2026-04-17T01:51:33.306Z] [+] #3632 | 469291974_2333742050298047_4700168658100617973_n.jpg
[2026-04-17T01:51:35.114Z] [+] #3633 | 469396310_2333741960298056_7857952368764013345_n.jpg
[2026-04-17T01:51:36.908Z] [+] #3634 | 469515407_2333741963631389_5564891676251877503_n.jpg
[2026-04-17T01:51:38.704Z] [+] #3635 | 469022993_2333736943631891_4662014331422462337_n.jpg
[2026-04-17T01:51:40.498Z] [+] #3636 | 469256356_2333733990298853_4479159708544000711_n.jpg
[2026-04-17T01:51:42.294Z] [+] #3637 | 469056296_2333733846965534_7984154262023563325_n.jpg
[2026-04-17T01:51:42.589Z] [VIEWER] Round 3640 | Collected: 3637
[2026-04-17T01:51:44.110Z] [+] #3638 | 469487033_2333733870298865_7029589044104650855_n.jpg
[2026-04-17T01:51:45.912Z] [+] #3639 | 469065417_2333733913632194_2602843575414885801_n.jpg
[2026-04-17T01:51:47.724Z] [+] #3640 | 469051240_2333728073632778_416137920847354459_n.jpg
[2026-04-17T01:51:49.528Z] [+] #3641 | 469194966_2333727706966148_703583830272165320_n.jpg
[2026-04-17T01:51:51.337Z] [+] #3642 | 469456069_2333727793632806_363185013434041272_n.jpg
[2026-04-17T01:51:53.146Z] [+] #3643 | 469321210_2333727746966144_7413059131804993605_n.jpg
[2026-04-17T01:51:54.945Z] [+] #3644 | 469513092_2333722633633322_3820388701499779441_n.jpg
[2026-04-17T01:51:56.922Z] [+] #3645 | 469365045_2333722923633293_8853103514950740230_n.jpg
[2026-04-17T01:51:58.900Z] [+] #3646 | 469481542_2333722906966628_4076173882349435617_n.jpg
[2026-04-17T01:52:00.705Z] [+] #3647 | 469451116_2333722973633288_5093856500720236447_n.jpg
[2026-04-17T01:52:02.490Z] [+] #3648 | 469461796_2333716473633938_6397801202797045842_n.jpg
[2026-04-17T01:52:04.280Z] [+] #3649 | 469064155_2333710933634492_5036800185796587995_n.jpg
[2026-04-17T01:52:06.072Z] [+] #3650 | 469495051_2333710430301209_8398656439383821980_n.jpg
[2026-04-17T01:52:07.856Z] [+] #3651 | 469395821_2333710283634557_3848179541809110312_n.jpg
[2026-04-17T01:52:09.653Z] [+] #3652 | 469067130_2333710303634555_5659645810742359796_n.jpg
[2026-04-17T01:52:11.455Z] [+] #3653 | 469554079_2333704306968488_1099846243462217692_n.jpg
[2026-04-17T01:52:13.265Z] [+] #3654 | 469398319_2333115550360697_3652397600920887327_n.jpg
[2026-04-17T01:52:15.050Z] [+] #3655 | 469286330_2333111100361142_6014295613916219798_n.jpg
[2026-04-17T01:52:17.822Z] [+] #3656 | 205971681_1453172608355000_5531966682997008756_n.jpg
[2026-04-17T01:52:19.625Z] [+] #3657 | 205892418_1450385781967016_2299035633867171109_n.jpg
[2026-04-17T01:52:21.297Z] [VIEWER] Round 3660 | Collected: 3657
[2026-04-17T01:52:22.806Z] [+] #3658 | 204549667_1449026268769634_2649032580327277327_n.jpg
[2026-04-17T01:52:24.786Z] [+] #3659 | 202593439_1449026262102968_6837973002635621790_n.jpg
[2026-04-17T01:52:26.630Z] [+] #3660 | 208334348_1449026265436301_2763423273790586646_n.jpg
[2026-04-17T01:52:29.842Z] [+] #3661 | 200649641_1449026248769636_6200260293723584342_n.jpg
[2026-04-17T01:52:31.832Z] [+] #3662 | 202177065_1446208515718076_8663587098306719695_n.jpg
[2026-04-17T01:52:33.633Z] [+] #3663 | 131535410_1446208462384748_3609350832996113528_n.jpg
[2026-04-17T01:52:35.442Z] [+] #3664 | 200597726_1446208455718082_2133116417040020673_n.jpg
[2026-04-17T01:52:37.260Z] [+] #3665 | 200499499_1446208429051418_8414694825138993821_n.jpg
[2026-04-17T01:52:39.065Z] [+] #3666 | 200946121_1446208399051421_6332617451081553845_n.jpg
[2026-04-17T01:52:40.867Z] [+] #3667 | 198876252_1446208345718093_214767638494459684_n.jpg
[2026-04-17T01:52:42.668Z] [+] #3668 | 202723297_1446208342384760_1970585766790794539_n.jpg
[2026-04-17T01:52:44.467Z] [+] #3669 | 199515880_1446208332384761_454528500361337263_n.jpg
[2026-04-17T01:52:46.273Z] [+] #3670 | 205281520_1446208325718095_5581852501051254209_n.jpg
[2026-04-17T01:52:48.080Z] [+] #3671 | 204808811_1446208295718098_24836305753271022_n.jpg
[2026-04-17T01:52:49.877Z] [+] #3672 | 198652973_1444813552524239_941078000448753189_n.jpg
[2026-04-17T01:52:51.680Z] [+] #3673 | 203004491_1443454925993435_7155665772156874914_n.jpg
[2026-04-17T01:52:53.482Z] [+] #3674 | 200973355_1443454919326769_6070080991794181670_n.jpg
[2026-04-17T01:52:56.072Z] [+] #3675 | 197713105_1443454885993439_5138308337265679823_n.jpg
[2026-04-17T01:52:58.041Z] [+] #3676 | 197847257_1443454852660109_397553612723557208_n.jpg
[2026-04-17T01:52:59.842Z] [+] #3677 | 199225607_1443454839326777_8240509222257191602_n.jpg
[2026-04-17T01:53:00.193Z] [VIEWER] Round 3680 | Collected: 3677
[2026-04-17T01:53:01.707Z] [+] #3678 | 195475829_1443454779326783_4356005531446383690_n.jpg
[2026-04-17T01:53:03.509Z] [+] #3679 | 197706330_1443454775993450_383836509976537774_n.jpg
[2026-04-17T01:53:05.314Z] [+] #3680 | 196732146_1443454765993451_4315637953285637063_n.jpg
[2026-04-17T01:53:07.108Z] [+] #3681 | 199944129_1443454709326790_6816249782782126222_n.jpg
[2026-04-17T01:53:08.909Z] [+] #3682 | 200567003_1443454699326791_5763944887448965636_n.jpg
[2026-04-17T01:53:10.708Z] [+] #3683 | 198556683_1443454695993458_8967241577385358023_n.jpg
[2026-04-17T01:53:12.511Z] [+] #3684 | 200138948_1442188502786744_28135736265799523_n.jpg
[2026-04-17T01:53:14.325Z] [+] #3685 | 195265238_1440871942918400_8749840105944184033_n.jpg
[2026-04-17T01:53:16.131Z] [+] #3686 | 200411273_1440871442918450_518431659021720284_n.jpg
[2026-04-17T01:53:17.932Z] [+] #3687 | 195670986_1440871439585117_6879638671935655681_n.jpg
[2026-04-17T01:53:19.727Z] [+] #3688 | 195827521_1440871429585118_3832267333637504932_n.jpg
[2026-04-17T01:53:21.533Z] [+] #3689 | 200069333_1440871416251786_3778712319358641884_n.jpg
[2026-04-17T01:53:23.343Z] [+] #3690 | 196623086_1440871349585126_8883546094051213151_n.jpg
[2026-04-17T01:53:25.142Z] [+] #3691 | 197484444_1440871326251795_4746958196988632307_n.jpg
[2026-04-17T01:53:26.947Z] [+] #3692 | 195637813_1440871306251797_3790337047491821503_n.jpg
[2026-04-17T01:53:28.749Z] [+] #3693 | 193643365_1439627756376152_3781637567774794498_n.jpg
[2026-04-17T01:53:30.543Z] [+] #3694 | 197095248_1439627226376205_6350333516355959150_n.jpg
[2026-04-17T01:53:32.336Z] [+] #3695 | 131316166_1439627143042880_5708987927965555464_n.jpg
[2026-04-17T01:53:34.126Z] [+] #3696 | 197562759_1438869506451977_1294437842597668325_n.jpg
[2026-04-17T01:53:35.927Z] [+] #3697 | 198091079_1438238919848369_1554979649662249480_n.jpg
[2026-04-17T01:53:36.208Z] [VIEWER] Round 3700 | Collected: 3697
[2026-04-17T01:53:37.727Z] [+] #3698 | 197254454_1437039149968346_1604998053391323301_n.jpg
[2026-04-17T01:53:39.526Z] [+] #3699 | 192810316_1437039093301685_1165052184697244466_n.jpg
[2026-04-17T01:53:41.328Z] [+] #3700 | 192280631_1437039086635019_3419686238311767404_n.jpg
[2026-04-17T01:53:43.127Z] [+] #3701 | 197993467_1437039049968356_3199813828732022124_n.jpg
[2026-04-17T01:53:44.935Z] [+] #3702 | 193725865_1437039043301690_1170462813140007786_n.jpg
[2026-04-17T01:53:46.729Z] [+] #3703 | 195942670_1437038956635032_778613572962216423_n.jpg
[2026-04-17T01:53:48.522Z] [+] #3704 | 196267563_1437038946635033_961312843625030716_n.jpg
[2026-04-17T01:53:50.315Z] [+] #3705 | 200346822_1437038939968367_1516233315733883825_n.jpg
[2026-04-17T01:53:52.111Z] [+] #3706 | 195357307_1437038933301701_7365705796718559908_n.jpg
[2026-04-17T01:53:53.917Z] [+] #3707 | 192108111_1437038926635035_8185416779928247136_n.jpg
[2026-04-17T01:53:55.730Z] [+] #3708 | 196650248_1435645846774343_2174462481131904716_n.jpg
[2026-04-17T01:53:57.527Z] [+] #3709 | 197305757_1434982863507308_6281203702102027362_n.jpg
[2026-04-17T01:53:59.320Z] [+] #3710 | 194655358_1434982726840655_4914069577501455398_n.jpg
[2026-04-17T01:54:01.121Z] [+] #3711 | 191665369_1434982706840657_6360181028603624107_n.jpg
[2026-04-17T01:54:02.920Z] [+] #3712 | 189066393_1433631733642421_2219545858461305887_n.jpg
[2026-04-17T01:54:04.722Z] [+] #3713 | 191271240_1433631710309090_5078227695210016905_n.jpg
[2026-04-17T01:54:06.532Z] [+] #3714 | 191157987_1433631683642426_3687519145096661448_n.jpg
[2026-04-17T01:54:08.339Z] [+] #3715 | 192768965_1433631663642428_6827357942317310769_n.jpg
[2026-04-17T01:54:10.126Z] [+] #3716 | 191800486_1433631633642431_2452971422798513584_n.jpg
[2026-04-17T01:54:11.919Z] [+] #3717 | 192668468_1433631626975765_6805275953117561554_n.jpg
[2026-04-17T01:54:12.207Z] [VIEWER] Round 3720 | Collected: 3717
[2026-04-17T01:54:13.721Z] [+] #3718 | 191479505_1433631596975768_1566763611306448922_n.jpg
[2026-04-17T01:54:15.516Z] [+] #3719 | 194005065_1433631590309102_5253596544532229237_n.jpg
[2026-04-17T01:54:17.323Z] [+] #3720 | 192210043_1431508837188044_9000551936686030006_n.jpg
[2026-04-17T01:54:19.124Z] [+] #3721 | 190990183_1431508263854768_3975255552217352220_n.jpg
[2026-04-17T01:54:20.927Z] [+] #3722 | 193711541_1431030763902518_9139170413847490225_n.jpg
[2026-04-17T01:54:22.733Z] [+] #3723 | 188875800_1431030733902521_123900653499171681_n.jpg
[2026-04-17T01:54:24.533Z] [+] #3724 | 193161737_1431030710569190_158704327419347490_n.jpg
[2026-04-17T01:54:26.337Z] [+] #3725 | 192269768_1430360613969533_8506789393774415585_n.jpg
[2026-04-17T01:54:28.129Z] [+] #3726 | 188702425_1430360577302870_7458161404665195295_n.jpg
[2026-04-17T01:54:29.930Z] [+] #3727 | 190083308_1430360563969538_7636203360940931444_n.jpg
[2026-04-17T01:54:31.724Z] [+] #3728 | 193154196_1429221017416826_6445414936773071345_n.jpg
[2026-04-17T01:54:33.515Z] [+] #3729 | 191812087_1428168017522126_2405880577255221124_n.jpg
[2026-04-17T01:54:35.311Z] [+] #3730 | 187140715_1427606154244979_4260563259713881586_n.jpg
[2026-04-17T01:54:37.108Z] [+] #3731 | 188371148_1427606124244982_7690143984311830098_n.jpg
[2026-04-17T01:54:38.889Z] [+] #3732 | 189169374_1427606107578317_1319641855288467079_n.jpg
[2026-04-17T01:54:40.674Z] [+] #3733 | 186530629_1427606060911655_5285577171906337502_n.jpg
[2026-04-17T01:54:42.462Z] [+] #3734 | 188335813_1427606050911656_5357832607868436128_n.jpg
[2026-04-17T01:54:44.273Z] [+] #3735 | 189206208_1427605997578328_7560920609974672457_n.jpg
[2026-04-17T01:54:46.075Z] [+] #3736 | 187418514_1427605974244997_4910031225830691721_n.jpg
[2026-04-17T01:54:47.884Z] [+] #3737 | 188280532_1426946207644307_4554406756687953352_n.jpg
[2026-04-17T01:54:48.174Z] [VIEWER] Round 3740 | Collected: 3737
[2026-04-17T01:54:49.690Z] [+] #3738 | 190902916_1426236861048575_1371474338878485595_n.jpg
[2026-04-17T01:54:51.484Z] [+] #3739 | 186551733_1426236814381913_2296701352096681597_n.jpg
[2026-04-17T01:54:53.283Z] [+] #3740 | 189834786_1426236794381915_2328149047658229797_n.jpg
[2026-04-17T01:54:55.086Z] [+] #3741 | 190367412_1426236787715249_7156326257371696907_n.jpg
[2026-04-17T01:54:56.883Z] [+] #3742 | 188715074_1426236714381923_1194831773921830092_n.jpg
[2026-04-17T01:54:58.677Z] [+] #3743 | 189121062_1426236701048591_8734737912770513051_n.jpg
[2026-04-17T01:55:00.474Z] [+] #3744 | 187962634_1424764597862468_1850352394565539744_n.jpg
[2026-04-17T01:55:02.276Z] [+] #3745 | 186498676_1424764561195805_4172684315548932726_n.jpg
[2026-04-17T01:55:04.076Z] [+] #3746 | 187091721_1424764534529141_6047935403851005785_n.jpg
[2026-04-17T01:55:05.878Z] [+] #3747 | 186527014_1424764507862477_1731852730105896602_n.jpg
[2026-04-17T01:55:07.678Z] [+] #3748 | 188465094_1424764491195812_6482813125422649788_n.jpg
[2026-04-17T01:55:09.470Z] [+] #3749 | 186498516_1424764471195814_2582568646190929566_n.jpg
[2026-04-17T01:55:11.262Z] [+] #3750 | 186484453_1424764421195819_2230074781761611805_n.jpg
[2026-04-17T01:55:13.061Z] [+] #3751 | 186551695_1424764414529153_723188934662798342_n.jpg
[2026-04-17T01:55:14.858Z] [+] #3752 | 186548080_1424764374529157_6683521787257859460_n.jpg
[2026-04-17T01:55:16.663Z] [+] #3753 | 186486472_1424764354529159_4552280220627836000_n.jpg
[2026-04-17T01:55:18.463Z] [+] #3754 | 186495002_1424764327862495_2847475367656772591_n.jpg
[2026-04-17T01:55:20.264Z] [+] #3755 | 186448905_1424764294529165_5403320417965063875_n.jpg
[2026-04-17T01:55:22.064Z] [+] #3756 | 186498680_1424764284529166_182942158469910790_n.jpg
[2026-04-17T01:55:23.861Z] [+] #3757 | 186629895_1424764261195835_8474345277038118340_n.jpg
[2026-04-17T01:55:24.145Z] [VIEWER] Round 3760 | Collected: 3757
[2026-04-17T01:55:25.655Z] [+] #3758 | 185764432_1423466714658923_8786499839446465956_n.jpg
[2026-04-17T01:55:27.445Z] [+] #3759 | 186488185_1422743504731244_7477318696355349092_n.jpg
[2026-04-17T01:55:29.235Z] [+] #3760 | 187107554_1422085701463691_5939892398742567471_n.jpg
[2026-04-17T01:55:31.415Z] [+] #3761 | 187972456_1421417311530530_7537079264559856255_n.jpg
[2026-04-17T01:55:33.388Z] [+] #3762 | 185269375_1420741594931435_3951199266726381361_n.jpg
[2026-04-17T01:55:35.188Z] [+] #3763 | 184396964_1420171964988398_8792303346369441815_n.jpg
[2026-04-17T01:55:36.986Z] [+] #3764 | 186480942_1420171911655070_4301707957015714726_n.jpg
[2026-04-17T01:55:38.960Z] [+] #3765 | 185046074_1420171891655072_1825970707704046649_n.jpg
[2026-04-17T01:55:40.754Z] [+] #3766 | 185951562_1417927001879561_366476034704667024_n.jpg
[2026-04-17T01:55:42.548Z] [+] #3767 | 186065999_1417926995212895_5034056358879890318_n.jpg
[2026-04-17T01:55:44.340Z] [+] #3768 | 185123387_1417926945212900_332049849001058498_n.jpg
[2026-04-17T01:55:46.139Z] [+] #3769 | 183850601_1417926925212902_5689952568764560485_n.jpg
[2026-04-17T01:55:47.939Z] [+] #3770 | 183471237_1417926918546236_1870118739732796667_n.jpg
[2026-04-17T01:55:49.740Z] [+] #3771 | 185844839_1417926915212903_854698870234143438_n.jpg
[2026-04-17T01:55:51.542Z] [+] #3772 | 186464430_1417926901879571_1081668718489041361_n.jpg
[2026-04-17T01:55:53.340Z] [+] #3773 | 186522417_1417926895212905_1752888266303729289_n.jpg
[2026-04-17T01:55:55.138Z] [+] #3774 | 184112585_1417166121955649_6459563619390970935_n.jpg
[2026-04-17T01:55:56.932Z] [+] #3775 | 184065587_1417166091955652_852063807278819684_n.jpg
[2026-04-17T01:55:58.740Z] [+] #3776 | 185421770_1417166068622321_2797543947116731851_n.jpg
[2026-04-17T01:56:00.545Z] [+] #3777 | 186508494_1417166015288993_6324253687614441475_n.jpg
[2026-04-17T01:56:00.825Z] [VIEWER] Round 3780 | Collected: 3777
[2026-04-17T01:56:02.345Z] [+] #3778 | 184892878_1417166008622327_4883589318043040490_n.jpg
[2026-04-17T01:56:04.139Z] [+] #3779 | 183353883_1417166001955661_7859898237259863176_n.jpg
[2026-04-17T01:56:05.926Z] [+] #3780 | 186367252_1417165985288996_1694949776393147013_n.jpg
[2026-04-17T01:56:07.723Z] [+] #3781 | 185248612_1417165981955663_5982549875604153964_n.jpg
[2026-04-17T01:56:09.528Z] [+] #3782 | 184142685_1416460378692890_5623553662463590795_n.jpg
[2026-04-17T01:56:11.326Z] [+] #3783 | 183139385_1416460368692891_8602296727048944759_n.jpg
[2026-04-17T01:56:13.125Z] [+] #3784 | 184146183_1416460345359560_3894475239292937376_n.jpg
[2026-04-17T01:56:14.913Z] [+] #3785 | 185980363_1416460322026229_283806492343939234_n.jpg
[2026-04-17T01:56:16.706Z] [+] #3786 | 184124222_1414382465567348_2157771768859292824_n.jpg
[2026-04-17T01:56:18.507Z] [+] #3787 | 183205335_1411618425843752_4940064330338536475_n.jpg
[2026-04-17T01:56:20.296Z] [+] #3788 | 182131258_1411617502510511_8397764911288234275_n.jpg
[2026-04-17T01:56:22.091Z] [+] #3789 | 181814673_1411617445843850_5474341975884811271_n.jpg
[2026-04-17T01:56:23.892Z] [+] #3790 | 181382034_1411617422510519_2225668900673497784_n.jpg
[2026-04-17T01:56:25.689Z] [+] #3791 | 179284481_1410405102631751_680126561174979318_n.jpg
[2026-04-17T01:56:27.486Z] [+] #3792 | 179483228_1409114772760784_6726216625601522631_n.jpg
[2026-04-17T01:56:29.287Z] [+] #3793 | 179675309_1409114739427454_7366341346762758556_n.jpg
[2026-04-17T01:56:31.092Z] [+] #3794 | 179221946_1409114716094123_5008061060558673275_n.jpg
[2026-04-17T01:56:32.907Z] [+] #3795 | 178946585_1409114656094129_2117921171414072211_n.jpg
[2026-04-17T01:56:34.706Z] [+] #3796 | 178912830_1409114626094132_5825174992336957487_n.jpg
[2026-04-17T01:56:36.501Z] [+] #3797 | 178515236_1409114602760801_521779088049945485_n.jpg
[2026-04-17T01:56:36.779Z] [VIEWER] Round 3800 | Collected: 3797
[2026-04-17T01:56:38.298Z] [+] #3798 | 180599412_1408825609456367_5937748759711704191_n.jpg
[2026-04-17T01:56:40.097Z] [+] #3799 | 180783628_1408130649525863_6648712532473527736_n.jpg
[2026-04-17T01:56:41.891Z] [+] #3800 | 177528762_1406215673050694_2375752028195632237_n.jpg
[2026-04-17T01:56:43.680Z] [+] #3801 | 178653064_1404196016585993_4394759876098012677_n.jpg
[2026-04-17T01:56:45.468Z] [+] #3802 | 177678337_1404195979919330_3833720767289755073_n.jpg
[2026-04-17T01:56:47.268Z] [+] #3803 | 178211656_1404195973252664_2893110117226339923_n.jpg
[2026-04-17T01:56:49.085Z] [+] #3804 | 178375770_1404195953252666_1756946102832227512_n.jpg
[2026-04-17T01:56:51.063Z] [+] #3805 | 177752774_1404195929919335_2609730530724872257_n.jpg
[2026-04-17T01:56:52.851Z] [+] #3806 | 176297075_1404195886586006_668356500946202821_n.jpg
[2026-04-17T01:56:54.648Z] [+] #3807 | 176525236_1404195863252675_4116102049117562921_n.jpg
[2026-04-17T01:56:56.468Z] [+] #3808 | 178127507_1404195819919346_3351870806014211152_n.jpg
[2026-04-17T01:56:58.271Z] [+] #3809 | 174289702_1404195769919351_7116617693202124959_n.jpg
[2026-04-17T01:57:00.079Z] [+] #3810 | 177388205_1404195756586019_8502886547915722348_n.jpg
[2026-04-17T01:57:01.870Z] [+] #3811 | 176207123_1404195726586022_8555745545168799860_n.jpg
[2026-04-17T01:57:03.697Z] [+] #3812 | 176344989_1404195686586026_4458066674384702396_n.jpg
[2026-04-17T01:57:05.499Z] [+] #3813 | 175722924_1404195659919362_2274595617504610485_n.jpg
[2026-04-17T01:57:07.329Z] [+] #3814 | 179052090_1404195676586027_8017811715882135061_n.jpg
[2026-04-17T01:57:09.129Z] [+] #3815 | 175671710_1404195619919366_7077886397024745621_n.jpg
[2026-04-17T01:57:10.928Z] [+] #3816 | 175722924_1404195579919370_3826905130207803663_n.jpg
[2026-04-17T01:57:12.740Z] [+] #3817 | 176031342_1404195569919371_1178813157872154808_n.jpg
[2026-04-17T01:57:13.051Z] [VIEWER] Round 3820 | Collected: 3817
[2026-04-17T01:57:14.565Z] [+] #3818 | 175681403_1404195539919374_7745610919600969920_n.jpg
[2026-04-17T01:57:16.356Z] [+] #3819 | 176503664_1404195519919376_2047211497333066834_n.jpg
[2026-04-17T01:57:18.166Z] [+] #3820 | 176982334_1404195496586045_5163428677643531080_n.jpg
[2026-04-17T01:57:19.974Z] [+] #3821 | 176074045_1402617980077130_2146582393979605578_n.jpg
[2026-04-17T01:57:21.774Z] [+] #3822 | 175940658_1402617956743799_4131059323779686597_n.jpg
[2026-04-17T01:57:23.568Z] [+] #3823 | 175443104_1402617936743801_6351826910989017416_n.jpg
[2026-04-17T01:57:25.421Z] [+] #3824 | 175994039_1402617920077136_7491162308147946039_n.jpg
[2026-04-17T01:57:27.232Z] [+] #3825 | 176612573_1402617900077138_1343105650009790905_n.jpg
[2026-04-17T01:57:29.046Z] [+] #3826 | 175695003_1402617873410474_1133203535424709502_n.jpg
[2026-04-17T01:57:30.873Z] [+] #3827 | 174251286_1401209876884607_7100521447777197188_n.jpg
[2026-04-17T01:57:32.850Z] [+] #3828 | 176043129_1401209840217944_6833274511994921503_n.jpg
[2026-04-17T01:57:34.644Z] [+] #3829 | 174614147_1401209766884618_2331403811195152037_n.jpg
[2026-04-17T01:57:36.442Z] [+] #3830 | 175130964_1401209743551287_9205919955930580045_n.jpg
[2026-04-17T01:57:38.244Z] [+] #3831 | 175954717_1401209716884623_6739625250869789268_n.jpg
[2026-04-17T01:57:40.050Z] [+] #3832 | 174268883_1401209696884625_3382324261213502852_n.jpg
[2026-04-17T01:57:41.843Z] [+] #3833 | 175934338_1401209660217962_1249570785361300326_n.jpg
[2026-04-17T01:57:43.637Z] [+] #3834 | 176241658_1401209653551296_2107823273154626733_n.jpg
[2026-04-17T01:57:45.434Z] [+] #3835 | 175930781_1401209630217965_1498338037923849627_n.jpg
[2026-04-17T01:57:47.242Z] [+] #3836 | 174113537_1401209560217972_7442218176974772526_n.jpg
[2026-04-17T01:57:49.044Z] [+] #3837 | 176120320_1401209550217973_3938188095206793678_n.jpg
[2026-04-17T01:57:49.329Z] [VIEWER] Round 3840 | Collected: 3837
[2026-04-17T01:57:50.849Z] [+] #3838 | 174480892_1399785037027091_8839383599413335318_n.jpg
[2026-04-17T01:57:52.650Z] [+] #3839 | 174395206_1399204323751829_6896984776586228498_n.jpg
[2026-04-17T01:57:54.448Z] [+] #3840 | 173438963_1399204307085164_8847742277696634040_n.jpg
[2026-04-17T01:57:56.252Z] [+] #3841 | 174593469_1399204277085167_7556303351037952416_n.jpg
[2026-04-17T01:57:58.054Z] [+] #3842 | 174166897_1399204257085169_1531640613307744143_n.jpg
[2026-04-17T01:57:59.848Z] [+] #3843 | 173725546_1399204233751838_7487002268844819448_n.jpg
[2026-04-17T01:58:01.643Z] [+] #3844 | 174151364_1399204197085175_3041462566362696967_n.jpg
[2026-04-17T01:58:03.440Z] [+] #3845 | 173278966_1399204170418511_8323020427578041251_n.jpg
[2026-04-17T01:58:05.240Z] [+] #3846 | 173502493_1399204147085180_1571185626633475980_n.jpg
[2026-04-17T01:58:07.039Z] [+] #3847 | 172704424_1396481854024076_9136845130593796308_n.jpg
[2026-04-17T01:58:08.836Z] [+] #3848 | 171677262_1395627024109559_593942770002686389_n.jpg
[2026-04-17T01:58:10.633Z] [+] #3849 | 170378317_1395627017442893_5644976129062137245_n.jpg
[2026-04-17T01:58:12.426Z] [+] #3850 | 170332105_1395627000776228_832693019815306959_n.jpg
[2026-04-17T01:58:14.232Z] [+] #3851 | 169599759_1393771544295107_4379891592207256484_n.jpg
[2026-04-17T01:58:16.036Z] [+] #3852 | 169538280_1393771277628467_579607806823241739_n.jpg
[2026-04-17T01:58:17.834Z] [+] #3853 | 171002482_1393771250961803_6695433982897633203_n.jpg
[2026-04-17T01:58:19.632Z] [+] #3854 | 169699243_1393771197628475_7974946607919660353_n.jpg
[2026-04-17T01:58:21.430Z] [+] #3855 | 169134274_1393071971031731_5391989271949015764_n.jpg
[2026-04-17T01:58:23.223Z] [+] #3856 | 170273012_1393071934365068_7363770490732856943_n.jpg
[2026-04-17T01:58:25.023Z] [+] #3857 | 170037981_1393071911031737_7709477624852696753_n.jpg
[2026-04-17T01:58:25.301Z] [VIEWER] Round 3860 | Collected: 3857
[2026-04-17T01:58:26.820Z] [+] #3858 | 169258686_1392415014430760_6515798659054117977_n.jpg
[2026-04-17T01:58:28.620Z] [+] #3859 | 169247310_1391107511228177_6588609348356573818_n.jpg
[2026-04-17T01:58:30.413Z] [+] #3860 | 169607416_1391107487894846_6860737612690034743_n.jpg
[2026-04-17T01:58:32.252Z] [+] #3861 | 167588420_1391107461228182_1063456265626684246_n.jpg
[2026-04-17T01:58:34.065Z] [+] #3862 | 167992514_1390419531296975_601983124348018361_n.jpg
[2026-04-17T01:58:35.886Z] [+] #3863 | 167858839_1390419501296978_7280314217412631095_n.jpg
[2026-04-17T01:58:37.691Z] [+] #3864 | 168330985_1390419494630312_6083855434522741685_n.jpg
[2026-04-17T01:58:39.488Z] [+] #3865 | 167395117_1390419467963648_7971180669930901015_n.jpg
[2026-04-17T01:58:41.288Z] [+] #3866 | 168494310_1389846958020899_3199621235718527514_n.jpg
[2026-04-17T01:58:43.084Z] [+] #3867 | 168079199_1389075938098001_2794539981206375838_n.jpg
[2026-04-17T01:58:44.882Z] [+] #3868 | 167098549_1389075911431337_6053660750212115285_n.jpg
[2026-04-17T01:58:46.686Z] [+] #3869 | 168265175_1389075874764674_109471332054622944_n.jpg
[2026-04-17T01:58:48.486Z] [+] #3870 | 166776783_1389075834764678_7056734067251072252_n.jpg
[2026-04-17T01:58:50.284Z] [+] #3871 | 166237185_1388212731517655_3899552937154926649_n.jpg
[2026-04-17T01:58:52.087Z] [+] #3872 | 165941504_1388212721517656_8720965271481919361_n.jpg
[2026-04-17T01:58:53.901Z] [+] #3873 | 166102177_1388113878194207_4347064501502090110_n.jpg
[2026-04-17T01:58:55.714Z] [+] #3874 | 165920759_1388113041527624_6616632430638168159_n.jpg
[2026-04-17T01:58:57.687Z] [+] #3875 | 166008147_1387035994968662_4886389701450966020_n.jpg
[2026-04-17T01:58:59.664Z] [+] #3876 | 166649177_1387035954968666_5603093239568544245_n.jpg
[2026-04-17T01:59:02.640Z] [+] #3877 | 165901637_1387035948302000_7042503994897332720_n.jpg
[2026-04-17T01:59:04.505Z] [VIEWER] Round 3880 | Collected: 3877
[2026-04-17T01:59:06.023Z] [+] #3878 | 165769209_1387035941635334_9182748698518066453_n.jpg
[2026-04-17T01:59:08.003Z] [+] #3879 | 166919175_1387035901635338_2754943382804867707_n.jpg
[2026-04-17T01:59:09.787Z] [+] #3880 | 166701811_1387035891635339_666546464583678284_n.jpg
[2026-04-17T01:59:11.578Z] [+] #3881 | 166703952_1387035874968674_7226704355059463725_n.jpg
[2026-04-17T01:59:13.373Z] [+] #3882 | 167292524_1387035854968676_939871603170588257_n.jpg
[2026-04-17T01:59:15.177Z] [+] #3883 | 165369525_1386486658356929_877543756509263959_n.jpg
[2026-04-17T01:59:16.968Z] [+] #3884 | 164505557_1385718248433770_5565165414508486223_n.jpg
[2026-04-17T01:59:18.767Z] [+] #3885 | 163487571_1383715051967423_5386734584714953366_n.jpg
[2026-04-17T01:59:20.571Z] [+] #3886 | 163505298_1383715028634092_8549268050259604372_n.jpg
[2026-04-17T01:59:22.371Z] [+] #3887 | 165223222_1383715005300761_1580003727151531927_n.jpg
[2026-04-17T01:59:24.166Z] [+] #3888 | 163630338_1383714961967432_490539279459659379_n.jpg
[2026-04-17T01:59:25.963Z] [+] #3889 | 164007301_1383714968634098_4339939843844996112_n.jpg
[2026-04-17T01:59:27.758Z] [+] #3890 | 163531189_1383714938634101_2496658144483795700_n.jpg
[2026-04-17T01:59:29.551Z] [+] #3891 | 165092170_1383714915300770_7992677929026684560_n.jpg
[2026-04-17T01:59:31.332Z] [+] #3892 | 165073544_1383714895300772_7454874698761110432_n.jpg
[2026-04-17T01:59:33.151Z] [+] #3893 | 163534648_1383714868634108_2571889209650008521_n.jpg
[2026-04-17T01:59:35.007Z] [+] #3894 | 163823849_1383714848634110_8530081770916476821_n.jpg
[2026-04-17T01:59:36.842Z] [+] #3895 | 163835591_1383114252027503_7891763009590539659_n.jpg
[2026-04-17T01:59:38.688Z] [+] #3896 | 165294461_1383114228694172_8604318954939575864_n.jpg
[2026-04-17T01:59:40.588Z] [+] #3897 | 163627718_1383114205360841_3771888405493565690_n.jpg
[2026-04-17T01:59:40.872Z] [VIEWER] Round 3900 | Collected: 3897
[2026-04-17T01:59:42.388Z] [+] #3898 | 162543791_1383114175360844_3728043655676101535_n.jpg
[2026-04-17T01:59:44.182Z] [+] #3899 | 163636871_1382498915422370_1376641519473895345_n.jpg
[2026-04-17T01:59:45.979Z] [+] #3900 | 162535407_1382367885435473_8615631453925489747_n.jpg
[2026-04-17T01:59:47.785Z] [+] #3901 | 163630751_1380983512240577_8703891848740567426_n.jpg
[2026-04-17T01:59:49.587Z] [+] #3902 | 162104253_1379698785702383_7803676393233294928_n.jpg
[2026-04-17T01:59:52.179Z] [+] #3903 | 162045957_1378245355847726_1196395664618505016_n.jpg
[2026-04-17T01:59:54.010Z] [+] #3904 | 160574704_1378245335847728_3983366223429726783_n.jpg
[2026-04-17T01:59:55.835Z] [+] #3905 | 159902863_1378245312514397_4668650800438784855_n.jpg
[2026-04-17T01:59:57.640Z] [+] #3906 | 160558019_1378245292514399_8317766674958768538_n.jpg
[2026-04-17T01:59:59.440Z] [+] #3907 | 160715416_1377641185908143_3772513857812921446_n.jpg
[2026-04-17T02:00:01.229Z] [+] #3908 | 160850568_1377641165908145_4062481839172539901_n.jpg
[2026-04-17T02:00:03.015Z] [+] #3909 | 161879049_1377641145908147_6720403901653097514_n.jpg
[2026-04-17T02:00:04.810Z] [+] #3910 | 159862507_1377641109241484_7691298679512562643_n.jpg
[2026-04-17T02:00:06.605Z] [+] #3911 | 160921234_1377641099241485_4384464163143132807_n.jpg
[2026-04-17T02:00:09.187Z] [+] #3912 | 161283602_1377641092574819_8444230366060334636_n.jpg
[2026-04-17T02:00:10.982Z] [+] #3913 | 160651615_1377641065908155_4047766971803376321_n.jpg
[2026-04-17T02:00:13.162Z] [+] #3914 | 161377596_1377641035908158_937955381331169898_n.jpg
[2026-04-17T02:00:14.965Z] [+] #3915 | 159954043_1377640999241495_1302475645403789141_n.jpg
[2026-04-17T02:00:16.765Z] [+] #3916 | 160562914_1377640972574831_1913517169831770160_n.jpg
[2026-04-17T02:00:18.561Z] [+] #3917 | 162230476_1377640952574833_735997842015362401_n.jpg
[2026-04-17T02:00:18.842Z] [VIEWER] Round 3920 | Collected: 3917
[2026-04-17T02:00:20.358Z] [+] #3918 | 159535970_1376122052726723_2124851394425754151_n.jpg
[2026-04-17T02:00:22.156Z] [+] #3919 | 159622310_1375432379462357_1361761550500118888_n.jpg
[2026-04-17T02:00:23.957Z] [+] #3920 | 158696207_1373800722958856_3603987518038235538_n.jpg
[2026-04-17T02:00:25.751Z] [+] #3921 | 159995046_1373102733028655_7717039420398802305_n.jpg
[2026-04-17T02:00:27.544Z] [+] #3922 | 159108623_1373102706361991_706706979532293187_n.jpg
[2026-04-17T02:00:29.342Z] [+] #3923 | 159559561_1373102686361993_2633561295744103525_n.jpg
[2026-04-17T02:00:31.139Z] [+] #3924 | 158962685_1373102663028662_5959247291414336625_n.jpg
[2026-04-17T02:00:32.929Z] [+] #3925 | 157776690_1372335983105330_1629597009541318349_n.jpg
[2026-04-17T02:00:34.734Z] [+] #3926 | 157596873_1372335959771999_1846174994419631465_n.jpg
[2026-04-17T02:00:36.534Z] [+] #3927 | 158612233_1372335933105335_1015426705736552032_n.jpg
[2026-04-17T02:00:38.327Z] [+] #3928 | 158708768_1372335916438670_6176246006678351146_n.jpg
[2026-04-17T02:00:40.122Z] [+] #3929 | 157687603_1372335899772005_6990101705726346369_n.jpg
[2026-04-17T02:00:41.926Z] [+] #3930 | 158132257_1372335883105340_7211248327636373474_n.jpg
[2026-04-17T02:00:43.718Z] [+] #3931 | 158272787_1372335846438677_6816652002647672698_n.jpg
[2026-04-17T02:00:45.509Z] [+] #3932 | 157766164_1372335839772011_4945127847138834095_n.jpg
[2026-04-17T02:00:47.316Z] [+] #3933 | 157568645_1372335813105347_5339093618666265919_n.jpg
[2026-04-17T02:00:49.099Z] [+] #3934 | 157185626_1370527199952875_4397319799645983659_n.jpg
[2026-04-17T02:00:50.880Z] [+] #3935 | 157204156_1370525479953047_7540369769890618018_n.jpg
[2026-04-17T02:00:52.713Z] [+] #3936 | 156355480_1369756910029904_6049904455063243516_n.jpg
[2026-04-17T02:00:54.511Z] [+] #3937 | 155427558_1369118440093751_4585539341488821050_n.jpg
[2026-04-17T02:00:54.793Z] [VIEWER] Round 3940 | Collected: 3937
[2026-04-17T02:00:56.314Z] [+] #3938 | 155509459_1369118390093756_3936315659906046218_n.jpg
[2026-04-17T02:00:58.108Z] [+] #3939 | 156780794_1369118370093758_1589292958849720960_n.jpg
[2026-04-17T02:00:59.904Z] [+] #3940 | 156818835_1367780763560852_7713216961135181639_n.jpg
[2026-04-17T02:01:01.709Z] [+] #3941 | 156210410_1367780733560855_5489455783547590842_n.jpg
[2026-04-17T02:01:03.514Z] [+] #3942 | 155379342_1367780726894189_4923429221348249420_n.jpg
[2026-04-17T02:01:05.309Z] [+] #3943 | 153714020_1367780673560861_3023833745590455033_n.jpg
[2026-04-17T02:01:07.119Z] [+] #3944 | 154237269_1365678190437776_1556906799322189804_n.jpg
[2026-04-17T02:01:08.928Z] [+] #3945 | 152834003_1365678100437785_2612783143404073685_n.jpg
[2026-04-17T02:01:10.722Z] [+] #3946 | 149751728_1365678050437790_4977812163314378604_n.jpg
[2026-04-17T02:01:12.512Z] [+] #3947 | 150583168_1365383377133924_1534668677888940076_n.jpg
[2026-04-17T02:01:14.296Z] [+] #3948 | 153134208_1364729067199355_9108338296927811493_n.jpg
[2026-04-17T02:01:16.099Z] [+] #3949 | 148904053_1364297013909227_9094593944437866010_n.jpg
[2026-04-17T02:01:17.904Z] [+] #3950 | 151309201_1364296980575897_9089524563361076097_n.jpg
[2026-04-17T02:01:19.707Z] [+] #3951 | 153286106_1363720630633532_6369192918104011903_n.jpg
[2026-04-17T02:01:21.529Z] [+] #3952 | 153107794_1363720567300205_7917274127775372701_n.jpg
[2026-04-17T02:01:23.332Z] [+] #3953 | 154577775_1363720500633545_1147738686751951938_n.jpg
[2026-04-17T02:01:25.127Z] [+] #3954 | 152849429_1363720450633550_2589085115311966061_n.jpg
[2026-04-17T02:01:26.919Z] [+] #3955 | 152959879_1363720417300220_4246636872289902875_n.jpg
[2026-04-17T02:01:28.716Z] [+] #3956 | 153682831_1362941954044733_6115662916299991723_n.jpg
[2026-04-17T02:01:30.530Z] [+] #3957 | 152052091_1362214664117462_5761047751254693304_n.jpg
[2026-04-17T02:01:30.836Z] [VIEWER] Round 3960 | Collected: 3957
[2026-04-17T02:01:32.351Z] [+] #3958 | 153018930_1362214540784141_5102697937650087064_n.jpg
[2026-04-17T02:01:34.146Z] [+] #3959 | 152886218_1362214497450812_5643620003974023049_n.jpg
[2026-04-17T02:01:35.946Z] [+] #3960 | 152391299_1361578914181037_4511495047442999808_n.jpg
[2026-04-17T02:01:37.747Z] [+] #3961 | 151784501_1360885600917035_8095918348066599663_n.jpg
[2026-04-17T02:01:39.549Z] [+] #3962 | 152747637_1360885574250371_7789977306517135156_n.jpg
[2026-04-17T02:01:41.346Z] [+] #3963 | 152730709_1360885527583709_3728259594015538380_n.jpg
[2026-04-17T02:01:43.141Z] [+] #3964 | 151327913_1360885480917047_5537350633327710157_n.jpg
[2026-04-17T02:01:44.945Z] [+] #3965 | 150942745_1360885430917052_3389273366028848782_n.jpg
[2026-04-17T02:01:46.750Z] [+] #3966 | 151118703_1360885404250388_3173098581606715206_n.jpg
[2026-04-17T02:01:48.547Z] [+] #3967 | 151033871_1360255607646701_6744420643491757766_n.jpg
[2026-04-17T02:01:50.344Z] [+] #3968 | 150934892_1360255447646717_6956766009002265460_n.jpg
[2026-04-17T02:01:52.137Z] [+] #3969 | 150998911_1360255207646741_9104374822655162577_n.jpg
[2026-04-17T02:01:53.944Z] [+] #3970 | 150939616_1360255074313421_975025423516948938_n.jpg
[2026-04-17T02:01:55.744Z] [+] #3971 | 151381345_1360254237646838_3085173721567536838_n.jpg
[2026-04-17T02:01:57.546Z] [+] #3972 | 152023028_1360254104313518_968501931295703467_n.jpg
[2026-04-17T02:01:59.341Z] [+] #3973 | 151005715_1360253914313537_5396775318357701342_n.jpg
[2026-04-17T02:02:02.731Z] [+] #3974 | 151512158_1360253790980216_3753704235681483900_n.jpg
[2026-04-17T02:02:04.710Z] [+] #3975 | 150742833_1360253670980228_3036608707970720742_n.jpg
[2026-04-17T02:02:06.491Z] [+] #3976 | 151697464_1360253557646906_1367862731403702359_n.jpg
[2026-04-17T02:02:08.293Z] [+] #3977 | 150841292_1360253347646927_3329296818295862680_n.jpg
[2026-04-17T02:02:10.366Z] [VIEWER] Round 3980 | Collected: 3977
[2026-04-17T02:02:11.885Z] [+] #3978 | 152414559_1360253214313607_2246895079932550863_n.jpg
[2026-04-17T02:02:13.682Z] [+] #3979 | 151308544_1359627267709535_5442282800500884879_n.jpg
[2026-04-17T02:02:15.479Z] [+] #3980 | 152012445_1359626444376284_8023900802350391266_n.jpg
[2026-04-17T02:02:17.269Z] [+] #3981 | 151927937_1359626251042970_2800763327866190308_n.jpg
[2026-04-17T02:02:19.071Z] [+] #3982 | 152018963_1359626234376305_4881130094308205153_n.jpg
[2026-04-17T02:02:20.895Z] [+] #3983 | 150532469_1359626217709640_6035209782052484232_n.jpg
[2026-04-17T02:02:22.686Z] [+] #3984 | 150395193_1359626187709643_439930280620751761_n.jpg
[2026-04-17T02:02:24.475Z] [+] #3985 | 151058602_1359625631043032_4502283304540126047_n.jpg
[2026-04-17T02:02:26.853Z] [+] #3986 | 150904500_1359625554376373_5934843339716473441_n.jpg
[2026-04-17T02:02:30.439Z] [+] #3987 | 151240152_1358337421171853_4398910201430082351_n.jpg
[2026-04-17T02:02:32.815Z] [+] #3988 | 150244792_1358337387838523_3607102472759508877_n.jpg
[2026-04-17T02:02:34.616Z] [+] #3989 | 150568170_1358337354505193_4847059104821691129_n.jpg
[2026-04-17T02:02:36.795Z] [+] #3990 | 149818586_1358337267838535_4944002487011861727_n.jpg
[2026-04-17T02:02:38.769Z] [+] #3991 | 149397644_1358337204505208_1713160008320040560_n.jpg
[2026-04-17T02:02:40.946Z] [+] #3992 | 151240154_1358337141171881_2166659860818650852_n.jpg
[2026-04-17T02:02:42.742Z] [+] #3993 | 151261331_1358337117838550_4034901908873056136_n.jpg
[2026-04-17T02:02:44.529Z] [+] #3994 | 151594669_1358337074505221_5535160500329375509_n.jpg
[2026-04-17T02:02:46.329Z] [+] #3995 | 149800927_1357534794585449_1753620246767172455_n.jpg
[2026-04-17T02:02:50.125Z] [+] #3996 | 149387861_1357534634585465_6956017540091987367_n.jpg
[2026-04-17T02:02:51.921Z] [+] #3997 | 149296005_1357534507918811_8977260526214160816_n.jpg
[2026-04-17T02:02:52.382Z] [VIEWER] Round 4000 | Collected: 3997
[2026-04-17T02:02:53.898Z] [+] #3998 | 150180231_1357534384585490_3781700665746881126_n.jpg
[2026-04-17T02:02:55.691Z] [+] #3999 | 150499867_1357534297918832_6519298071844157515_n.jpg
[2026-04-17T02:02:57.672Z] [+] #4000 | 149578532_1357534164585512_666353501520238486_n.jpg
[2026-04-17T02:02:59.463Z] [+] #4001 | 149041192_1357534091252186_9081054265554902392_n.jpg
[2026-04-17T02:03:01.257Z] [+] #4002 | 150532475_1356864441319151_2997242515298640317_n.jpg
[2026-04-17T02:03:03.059Z] [+] #4003 | 148556161_1355705298101732_3456591001298253263_n.jpg
[2026-04-17T02:03:04.870Z] [+] #4004 | 148069499_1355495134789415_7731844426705600273_n.jpg
[2026-04-17T02:03:06.696Z] [+] #4005 | 148673187_1354300228242239_3101765739128806896_n.jpg
[2026-04-17T02:03:08.494Z] [+] #4006 | 147673558_1354057091599886_2623284866805005344_n.jpg
[2026-04-17T02:03:10.301Z] [+] #4007 | 147371661_1352963981709197_3115834545376869606_n.jpg
[2026-04-17T02:03:12.103Z] [+] #4008 | 147311546_1352960428376219_2003693113151011690_n.jpg
[2026-04-17T02:03:13.901Z] [+] #4009 | 147301289_1352960378376224_2301654177553386012_n.jpg
[2026-04-17T02:03:15.697Z] [+] #4010 | 147021576_1352879928384269_2812768301234334098_n.jpg
[2026-04-17T02:03:17.497Z] [+] #4011 | 147279485_1352879905050938_7679351269068933340_n.jpg
[2026-04-17T02:03:19.286Z] [+] #4012 | 148913428_1352879891717606_4118107282576018798_n.jpg
[2026-04-17T02:03:21.079Z] [+] #4013 | 146634494_1351613655177563_4280890441499061276_n.jpg
[2026-04-17T02:03:22.883Z] [+] #4014 | 145278532_1351613608510901_4141613207778337751_n.jpg
[2026-04-17T02:03:24.679Z] [+] #4015 | 147792353_1351613571844238_8548433987360323207_n.jpg
[2026-04-17T02:03:26.475Z] [+] #4016 | 145948715_1350992331906362_6468525630630065744_n.jpg
[2026-04-17T02:03:28.262Z] [+] #4017 | 144960805_1350373328634929_3448301819722924323_n.jpg
[2026-04-17T02:03:28.539Z] [VIEWER] Round 4020 | Collected: 4017
[2026-04-17T02:03:30.050Z] [+] #4018 | 144630455_1348397792165816_5287176670265971359_n.jpg
[2026-04-17T02:03:31.847Z] [+] #4019 | 145372969_1348397092165886_3681290478579715589_n.jpg
[2026-04-17T02:03:33.652Z] [+] #4020 | 144184112_1347667285572200_6268454089756513634_n.jpg
[2026-04-17T02:03:35.460Z] [+] #4021 | 143332676_1347666998905562_6339266097727802613_n.jpg
[2026-04-17T02:03:37.267Z] [+] #4022 | 143335677_1347666972238898_3975917346355685855_n.jpg
[2026-04-17T02:03:39.062Z] [+] #4023 | 144556058_1347666965572232_1515751037579188126_n.jpg
[2026-04-17T02:03:40.857Z] [+] #4024 | 143982836_1347666908905571_6443586045303202547_n.jpg
[2026-04-17T02:03:42.659Z] [+] #4025 | 143419229_1347666878905574_846792674508796628_n.jpg
[2026-04-17T02:03:44.462Z] [+] #4026 | 144262846_1347666862238909_6411138243233445374_n.jpg
[2026-04-17T02:03:46.444Z] [+] #4027 | 144232332_1347666832238912_3027013800406937701_n.jpg
[2026-04-17T02:03:48.630Z] [+] #4028 | 143736943_1347110638961198_6313461612417792111_n.jpg
[2026-04-17T02:03:50.818Z] [+] #4029 | 143182796_1346128685726060_4664157218032895312_n.jpg
[2026-04-17T02:03:52.632Z] [+] #4030 | 142883514_1345710612434534_3747080860670663568_n.jpg
[2026-04-17T02:03:54.813Z] [+] #4031 | 142797937_1345710482434547_2354875607301981883_n.jpg
[2026-04-17T02:03:57.999Z] [+] #4032 | 144073880_1345710389101223_7320631239195723028_n.jpg
[2026-04-17T02:03:59.795Z] [+] #4033 | 142167099_1345400732465522_8765866268610415379_n.jpg
[2026-04-17T02:04:01.602Z] [+] #4034 | 141719162_1344768049195457_1278030980633012459_n.jpg
[2026-04-17T02:04:03.406Z] [+] #4035 | 142130189_1344324625906466_286609448604196801_n.jpg
[2026-04-17T02:04:05.202Z] [+] #4036 | 141610691_1344249439247318_5273356991127341185_n.jpg
[2026-04-17T02:04:06.995Z] [+] #4037 | 141513435_1343639435974985_4882217874616196619_n.jpg
[2026-04-17T02:04:07.278Z] [VIEWER] Round 4040 | Collected: 4037
[2026-04-17T02:04:08.794Z] [+] #4038 | 141474826_1343639419308320_1831255539506641214_n.jpg
[2026-04-17T02:04:10.588Z] [+] #4039 | 142197219_1343639335974995_1511531213733677200_n.jpg
[2026-04-17T02:04:12.377Z] [+] #4040 | 142164695_1343639275975001_1313037788032514424_n.jpg
[2026-04-17T02:04:14.172Z] [+] #4041 | 141936019_1343639222641673_3860395241815312141_n.jpg
[2026-04-17T02:04:15.965Z] [+] #4042 | 142446395_1343639199308342_3065390740230446489_n.jpg
[2026-04-17T02:04:17.759Z] [+] #4043 | 142919884_1343638999308362_1065477588959352986_n.jpg
[2026-04-17T02:04:19.548Z] [+] #4044 | 141025909_1343638985975030_3154077590025587569_n.jpg
[2026-04-17T02:04:21.348Z] [+] #4045 | 142007740_1342242136114715_8200217408476272058_n.jpg
[2026-04-17T02:04:23.151Z] [+] #4046 | 142501533_1342242099448052_4291341113736714384_n.jpg
[2026-04-17T02:04:24.940Z] [+] #4047 | 139878527_1342242082781387_250175912050500873_n.jpg
[2026-04-17T02:04:26.733Z] [+] #4048 | 140356321_1342242072781388_913304804886179729_n.jpg
[2026-04-17T02:04:28.532Z] [+] #4049 | 140631984_1341510439521218_2588013708799437810_n.jpg
[2026-04-17T02:04:30.336Z] [+] #4050 | 140849212_1341510432854552_2350279375602165474_n.jpg
[2026-04-17T02:04:32.135Z] [+] #4051 | 140488123_1341510409521221_2773329131824904099_n.jpg
[2026-04-17T02:04:33.940Z] [+] #4052 | 140919463_1340964162909179_851951323575062689_n.jpg
[2026-04-17T02:04:35.736Z] [+] #4053 | 139883995_1340964122909183_6140011491807771274_n.jpg
[2026-04-17T02:04:37.531Z] [+] #4054 | 140783739_1340964109575851_1344817538021348615_n.jpg
[2026-04-17T02:04:39.339Z] [+] #4055 | 139722659_1340964119575850_5360272967873697364_n.jpg
[2026-04-17T02:04:41.138Z] [+] #4056 | 139477083_1339657283039867_5648982195366692719_n.jpg
[2026-04-17T02:04:42.929Z] [+] #4057 | 139902054_1339615199710742_7626526520713928079_n.jpg
[2026-04-17T02:04:43.222Z] [VIEWER] Round 4060 | Collected: 4057
[2026-04-17T02:04:44.740Z] [+] #4058 | 139412665_1338918123113783_8696928896354032296_n.jpg
[2026-04-17T02:04:46.543Z] [+] #4059 | 139670689_1338918099780452_1540012831395349146_n.jpg
[2026-04-17T02:04:48.345Z] [+] #4060 | 139980759_1338918049780457_3174902028425580497_n.jpg
[2026-04-17T02:04:50.133Z] [+] #4061 | 139330191_1338917979780464_2180997679316655546_n.jpg
[2026-04-17T02:04:51.933Z] [+] #4062 | 139085328_1338917946447134_5483269935622545284_n.jpg
[2026-04-17T02:04:53.736Z] [+] #4063 | 139712903_1338917909780471_6170823606762821715_n.jpg
[2026-04-17T02:04:55.532Z] [+] #4064 | 139758065_1338335099838752_1233157811944860557_n.jpg
[2026-04-17T02:04:57.331Z] [+] #4065 | 139411868_1337691046569824_5633929433103733211_n.jpg
[2026-04-17T02:04:59.129Z] [+] #4066 | 138373420_1337690983236497_7779875995644278069_n.jpg
[2026-04-17T02:05:00.939Z] [+] #4067 | 139726468_1336993103306285_6863300587967842529_n.jpg
[2026-04-17T02:05:02.739Z] [+] #4068 | 139122501_1336294843376111_3237218526143706509_n.jpg
[2026-04-17T02:05:04.538Z] [+] #4069 | 138307753_1335032056835723_6076565695058340730_n.jpg
[2026-04-17T02:05:06.334Z] [+] #4070 | 137272817_1335032036835725_8695798690356372167_n.jpg
[2026-04-17T02:05:08.136Z] [+] #4071 | 138658879_1335032016835727_6022406870241446127_n.jpg
[2026-04-17T02:05:09.938Z] [+] #4072 | 136972285_1335031990169063_2871329901714142336_n.jpg
[2026-04-17T02:05:11.735Z] [+] #4073 | 139196262_1335031966835732_6397999320327109328_n.jpg
[2026-04-17T02:05:13.545Z] [+] #4074 | 137306374_1335031943502401_25313435504062399_n.jpg
[2026-04-17T02:05:15.341Z] [+] #4075 | 139264964_1335031920169070_7595048944229990345_n.jpg
[2026-04-17T02:05:17.144Z] [+] #4076 | 137316683_1335031900169072_641778109886336520_n.jpg
[2026-04-17T02:05:18.942Z] [+] #4077 | 137594639_1335031880169074_6893021817720788575_n.jpg
[2026-04-17T02:05:19.223Z] [VIEWER] Round 4080 | Collected: 4077
[2026-04-17T02:05:20.745Z] [+] #4078 | 137071065_1335031860169076_1209590983983686817_n.jpg
[2026-04-17T02:05:22.545Z] [+] #4079 | 137604395_1334416106897318_1575274156539279393_n.jpg
[2026-04-17T02:05:24.352Z] [+] #4080 | 136494881_1334416080230654_3031198334885364649_n.jpg
[2026-04-17T02:05:26.149Z] [+] #4081 | 137049857_1334416056897323_2480837972382923735_n.jpg
[2026-04-17T02:05:27.937Z] [+] #4082 | 136145449_1334416033563992_3366891064284862974_n.jpg
[2026-04-17T02:05:29.727Z] [+] #4083 | 138201560_1334416013563994_4885558898523837941_n.jpg
[2026-04-17T02:05:31.525Z] [+] #4084 | 136472514_1334415996897329_5821012892912298609_n.jpg
[2026-04-17T02:05:33.326Z] [+] #4085 | 136677621_1334415973563998_184595954423998152_n.jpg
[2026-04-17T02:05:35.121Z] [+] #4086 | 138182481_1334415953564000_7125601596573178552_n.jpg
[2026-04-17T02:05:36.924Z] [+] #4087 | 136969355_1333782523627343_6498983445993378534_n.jpg
[2026-04-17T02:05:38.903Z] [+] #4088 | 137209413_1332858020386460_4418436856762820872_n.jpg
[2026-04-17T02:05:40.707Z] [+] #4089 | 137291047_1332151477123781_577240782453994921_n.jpg
[2026-04-17T02:05:42.681Z] [+] #4090 | 135181601_1330990507239878_6898180469483221158_n.jpg
[2026-04-17T02:05:44.663Z] [+] #4091 | 136423336_1330316340640628_7310947022123035251_n.jpg
[2026-04-17T02:05:46.635Z] [+] #4092 | 134656817_1330316330640629_2255865644834724468_n.jpg
[2026-04-17T02:05:48.432Z] [+] #4093 | 135513026_1330316307307298_5980780573548120163_n.jpg
[2026-04-17T02:05:50.413Z] [+] #4094 | 135206983_1330316283973967_242775684920912334_n.jpg
[2026-04-17T02:05:52.216Z] [+] #4095 | 135215302_1330316267307302_272095960453759770_n.jpg
[2026-04-17T02:05:54.013Z] [+] #4096 | 134393141_1330316247307304_5183165275501781265_n.jpg
[2026-04-17T02:05:55.820Z] [+] #4097 | 134415862_1329583870713875_927102237489455800_n.jpg
[2026-04-17T02:05:56.107Z] [VIEWER] Round 4100 | Collected: 4097
[2026-04-17T02:05:57.621Z] [+] #4098 | 134333308_1329583860713876_491548505604828481_n.jpg
[2026-04-17T02:05:59.419Z] [+] #4099 | 135815393_1329583834047212_7046814005556015820_n.jpg
[2026-04-17T02:06:01.219Z] [+] #4100 | 134928889_1329583807380548_7123164056841125075_n.jpg
[2026-04-17T02:06:03.019Z] [+] #4101 | 135027647_1329583800713882_2350984624454415211_n.jpg
[2026-04-17T02:06:04.817Z] [+] #4102 | 135493522_1329583777380551_8872677290657885213_n.jpg
[2026-04-17T02:06:06.611Z] [+] #4103 | 134424903_1329583747380554_5483851619959578169_n.jpg
[2026-04-17T02:06:08.402Z] [+] #4104 | 134530774_1328178447521084_2838811106027998783_n.jpg
[2026-04-17T02:06:10.200Z] [+] #4105 | 132951917_1326992574306338_3521284751346194564_n.jpg
[2026-04-17T02:06:11.997Z] [+] #4106 | 134348060_1326992524306343_6798164776255392181_n.jpg
[2026-04-17T02:06:13.796Z] [+] #4107 | 133529671_1326992480973014_8189651933945156381_n.jpg
[2026-04-17T02:06:15.598Z] [+] #4108 | 133708004_1326992427639686_2333427851582469037_n.jpg
[2026-04-17T02:06:17.401Z] [+] #4109 | 134673371_1326992380973024_6566736156693811264_n.jpg
[2026-04-17T02:06:19.207Z] [+] #4110 | 133329971_1326992337639695_120440225113256786_n.jpg
[2026-04-17T02:06:21.010Z] [+] #4111 | 134128102_1326992307639698_7306293487565903699_n.jpg
[2026-04-17T02:06:22.800Z] [+] #4112 | 133512300_1326992287639700_7032124839772591086_n.jpg
[2026-04-17T02:06:24.617Z] [+] #4113 | 135343268_1326992264306369_4332541542607201329_n.jpg
[2026-04-17T02:06:26.434Z] [+] #4114 | 133636312_1326992234306372_1046066286130845648_n.jpg
[2026-04-17T02:06:28.285Z] [+] #4115 | 134995745_1326992220973040_8447329897838701450_n.jpg
[2026-04-17T02:06:30.069Z] [+] #4116 | 133725612_1326992200973042_2493004475816896351_n.jpg
[2026-04-17T02:06:31.975Z] [+] #4117 | 134127157_1326992164306379_9167811414850830778_n.jpg
[2026-04-17T02:06:32.268Z] [VIEWER] Round 4120 | Collected: 4117
[2026-04-17T02:06:33.784Z] [+] #4118 | 133811402_1326992120973050_3408720667144010591_n.jpg
[2026-04-17T02:06:35.580Z] [+] #4119 | 134437545_1326992110973051_771866953420235665_n.jpg
[2026-04-17T02:06:37.407Z] [+] #4120 | 134076049_1326992040973058_4524166133712009682_n.jpg
[2026-04-17T02:06:39.207Z] [+] #4121 | 134689621_1326992017639727_5894921892137918486_n.jpg
[2026-04-17T02:06:41.003Z] [+] #4122 | 134921148_1326991980973064_4647583239476111308_n.jpg
[2026-04-17T02:06:42.804Z] [+] #4123 | 134163555_1326009647737964_8219138775462960380_n.jpg
[2026-04-17T02:06:44.604Z] [+] #4124 | 134248781_1326009611071301_7788380325847104446_n.jpg
[2026-04-17T02:06:46.407Z] [+] #4125 | 133199092_1326009571071305_5860125346389967559_n.jpg
[2026-04-17T02:06:48.206Z] [+] #4126 | 133794852_1325979354407660_85816611413584870_n.jpg
[2026-04-17T02:06:50.004Z] [+] #4127 | 133623792_1325374111134851_6789393499179551185_n.jpg
[2026-04-17T02:06:52.995Z] [+] #4128 | 133802999_1324774977861431_266114338034539047_n.jpg
[2026-04-17T02:06:54.790Z] [+] #4129 | 132392056_1324196591252603_450513998300772222_n.jpg
[2026-04-17T02:06:56.580Z] [+] #4130 | 134042737_1324196554585940_6228589307746076383_n.jpg
[2026-04-17T02:06:58.376Z] [+] #4131 | 133714474_1324196534585942_342876254966052000_n.jpg
[2026-04-17T02:07:00.178Z] [+] #4132 | 132747441_1322804418058487_2073635829325371285_n.jpg
[2026-04-17T02:07:01.975Z] [+] #4133 | 133133408_1322804391391823_3088878226546216600_n.jpg
[2026-04-17T02:07:03.757Z] [+] #4134 | 133362769_1322804364725159_961329364745187966_n.jpg
[2026-04-17T02:07:05.539Z] [+] #4135 | 133114830_1322804341391828_1421664243189265733_n.jpg
[2026-04-17T02:07:07.329Z] [+] #4136 | 132314063_1322804311391831_153045422906842750_n.jpg
[2026-04-17T02:07:09.203Z] [+] #4137 | 133048177_1322804291391833_3744811143462288989_n.jpg
[2026-04-17T02:07:09.482Z] [VIEWER] Round 4140 | Collected: 4137
[2026-04-17T02:07:11.004Z] [+] #4138 | 132266778_1322804264725169_8002065064198525756_n.jpg
[2026-04-17T02:07:12.818Z] [+] #4139 | 133544861_1322804241391838_7862931643585874936_n.jpg
[2026-04-17T02:07:14.615Z] [+] #4140 | 133567466_1322804204725175_3582949624025398324_n.jpg
[2026-04-17T02:07:16.405Z] [+] #4141 | 133090891_1322804184725177_8565648051509085940_n.jpg
[2026-04-17T02:07:18.194Z] [+] #4142 | 133619929_1322562314749364_1545732224673514916_n.jpg
[2026-04-17T02:07:20.010Z] [+] #4143 | 132190972_1322055604800035_6658450883635266563_n.jpg
[2026-04-17T02:07:21.797Z] [+] #4144 | 132324659_1322055574800038_5583715271403605452_n.jpg
[2026-04-17T02:07:23.583Z] [+] #4145 | 132198111_1322055548133374_4848355670766678578_n.jpg
[2026-04-17T02:07:25.374Z] [+] #4146 | 132338717_1322055514800044_5376751049351151612_n.jpg
[2026-04-17T02:07:27.166Z] [+] #4147 | 132280776_1321373724868223_4768472771835560378_n.jpg
[2026-04-17T02:07:29.164Z] [+] #4148 | 132706029_1321373708201558_3056218449909946642_n.jpg
[2026-04-17T02:07:31.074Z] [+] #4149 | 131968861_1321373691534893_421246891303495487_n.jpg
[2026-04-17T02:07:32.874Z] [+] #4150 | 132284740_1321373648201564_4143419994712423511_n.jpg
[2026-04-17T02:07:34.682Z] [+] #4151 | 132682283_1321373618201567_3529231970530130918_n.jpg
[2026-04-17T02:07:36.491Z] [+] #4152 | 131947431_1321373611534901_6333056102203414002_n.jpg
[2026-04-17T02:07:38.287Z] [+] #4153 | 131977839_1321373584868237_1585292944161259054_n.jpg
[2026-04-17T02:07:40.875Z] [+] #4154 | 131970637_1321373561534906_1768006996755946241_n.jpg
[2026-04-17T02:07:43.057Z] [+] #4155 | 131675396_1321373538201575_1763363479418925970_n.jpg
[2026-04-17T02:07:44.860Z] [+] #4156 | 132004669_1321373494868246_7805810871991761224_n.jpg
[2026-04-17T02:07:46.649Z] [+] #4157 | 132202382_1321373474868248_2683003516156205765_n.jpg
[2026-04-17T02:07:46.924Z] [VIEWER] Round 4160 | Collected: 4157
[2026-04-17T02:07:48.441Z] [+] #4158 | 132069488_1321373441534918_2144668891557938769_n.jpg
[2026-04-17T02:07:50.248Z] [+] #4159 | 132870904_1320620474943548_7285978063851843823_n.jpg
[2026-04-17T02:07:52.049Z] [+] #4160 | 131331136_1319885601683702_6562597441555845244_n.jpg
[2026-04-17T02:07:53.867Z] [+] #4161 | 131988026_1319885571683705_7424220585774580464_n.jpg
[2026-04-17T02:07:55.665Z] [+] #4162 | 132300767_1319885548350374_3181630693683572803_n.jpg
[2026-04-17T02:07:57.462Z] [+] #4163 | 131942153_1319885518350377_2540078109133351672_n.jpg
[2026-04-17T02:07:59.262Z] [+] #4164 | 131356932_1319489215056674_3721583319933907186_n.jpg
[2026-04-17T02:08:01.050Z] [+] #4165 | 131930207_1318693998469529_7882803595630992081_n.jpg
[2026-04-17T02:08:02.837Z] [+] #4166 | 131046322_1317744808564448_1879892526871729564_n.jpg
[2026-04-17T02:08:04.635Z] [+] #4167 | 131499214_1317085938630335_8635679949073188225_n.jpg
[2026-04-17T02:08:06.444Z] [+] #4168 | 131348479_1317085915297004_6643147779210107602_n.jpg
[2026-04-17T02:08:08.251Z] [+] #4169 | 131581226_1317085885297007_1584312785135679504_n.jpg
[2026-04-17T02:08:10.060Z] [+] #4170 | 131474650_1317085845297011_8188787889195897179_n.jpg
[2026-04-17T02:08:11.860Z] [+] #4171 | 131466492_1317085758630353_43796450172997673_n.jpg
[2026-04-17T02:08:13.663Z] [+] #4172 | 131757971_1317085675297028_7972418288807534783_n.jpg
[2026-04-17T02:08:15.455Z] [+] #4173 | 131503558_1317085638630365_5097136793579785467_n.jpg
[2026-04-17T02:08:18.841Z] [+] #4174 | 131787051_1316286728710256_5544272428382513421_n.jpg
[2026-04-17T02:08:20.820Z] [+] #4175 | 131494969_1316286678710261_5559767100538241821_n.jpg
[2026-04-17T02:08:22.610Z] [+] #4176 | 131929433_1316286622043600_192064671549262428_n.jpg
[2026-04-17T02:08:24.403Z] [+] #4177 | 131494955_1314961468842782_153665775534992493_n.jpg
[2026-04-17T02:08:24.679Z] [VIEWER] Round 4180 | Collected: 4177
[2026-04-17T02:08:26.201Z] [+] #4178 | 130783708_1314961448842784_8735929239453270293_n.jpg
[2026-04-17T02:08:28.010Z] [+] #4179 | 131324606_1314961422176120_1273944776517680198_n.jpg
[2026-04-17T02:08:29.863Z] [+] #4180 | 130908597_1314961392176123_8164675729815609042_n.jpg
[2026-04-17T02:08:31.692Z] [+] #4181 | 131539656_1314961372176125_7258822323684147473_n.jpg
[2026-04-17T02:08:33.528Z] [+] #4182 | 131472161_1314961342176128_5478349497953600888_n.jpg
[2026-04-17T02:08:36.512Z] [+] #4183 | 130575847_1313587352313527_1856839285015638389_n.jpg
[2026-04-17T02:08:38.488Z] [+] #4184 | 130556127_1313587328980196_8485283922147002747_n.jpg
[2026-04-17T02:08:40.284Z] [+] #4185 | 130541153_1313586772313585_7235117719061042806_n.jpg
[2026-04-17T02:08:42.085Z] [+] #4186 | 130709839_1313586742313588_8571873445763972323_n.jpg
[2026-04-17T02:08:43.888Z] [+] #4187 | 130717528_1313586712313591_9104655335449361125_n.jpg
[2026-04-17T02:08:45.687Z] [+] #4188 | 130728718_1313586702313592_8796720822170935462_n.jpg
[2026-04-17T02:08:47.498Z] [+] #4189 | 130690585_1313586645646931_6298009335637008289_n.jpg
[2026-04-17T02:08:50.079Z] [+] #4190 | 130581804_1313586638980265_4159782704193037761_n.jpg
[2026-04-17T02:08:51.877Z] [+] #4191 | 130605509_1313586632313599_930334578740305309_n.jpg
[2026-04-17T02:08:53.675Z] [+] #4192 | 130579124_1313586628980266_1277888190809207427_n.jpg
[2026-04-17T02:08:55.468Z] [+] #4193 | 130575841_1313585588980370_2827736254655492976_n.jpg
[2026-04-17T02:08:57.266Z] [+] #4194 | 130552950_1313584122313850_935096201087970618_n.jpg
[2026-04-17T02:08:59.065Z] [+] #4195 | 130602553_1313584085647187_5977076794748016494_n.jpg
[2026-04-17T02:09:00.857Z] [+] #4196 | 130575850_1313584098980519_1742953559946462303_n.jpg
[2026-04-17T02:09:02.647Z] [+] #4197 | 130301520_1313584022313860_7307952299634503725_n.jpg
[2026-04-17T02:09:02.924Z] [VIEWER] Round 4200 | Collected: 4197
[2026-04-17T02:09:04.443Z] [+] #4198 | 130537048_1313583998980529_7255340721353399460_n.jpg
[2026-04-17T02:09:06.238Z] [+] #4199 | 130708508_1313583992313863_1823394575724159257_n.jpg
[2026-04-17T02:09:08.033Z] [+] #4200 | 130567632_1313583918980537_3343462018276821404_n.jpg
[2026-04-17T02:09:10.415Z] [+] #4201 | 130736684_1313583912313871_538846743370326380_n.jpg
[2026-04-17T02:09:12.209Z] [+] #4202 | 130583514_1313583855647210_348136754670875099_n.jpg
[2026-04-17T02:09:14.006Z] [+] #4203 | 130572440_1313583848980544_2402991666068569147_n.jpg
[2026-04-17T02:09:15.801Z] [+] #4204 | 130569941_1313583822313880_4809761440342788327_n.jpg
[2026-04-17T02:09:17.605Z] [+] #4205 | 130581804_1313583782313884_8763773879957801719_n.jpg
[2026-04-17T02:09:19.466Z] [+] #4206 | 130581805_1313583775647218_438354587452738601_n.jpg
[2026-04-17T02:09:21.264Z] [+] #4207 | 130538890_1313583755647220_6171523199737873993_n.jpg
[2026-04-17T02:09:23.079Z] [+] #4208 | 130713339_1313583462313916_703037534629789868_n.jpg
[2026-04-17T02:09:24.882Z] [+] #4209 | 130541221_1313583432313919_1966834216530097515_n.jpg
[2026-04-17T02:09:26.693Z] [+] #4210 | 130664839_1313583425647253_102688780665456083_n.jpg
[2026-04-17T02:09:28.512Z] [+] #4211 | 130721570_1313583405647255_1482489289429507759_n.jpg
[2026-04-17T02:09:30.346Z] [+] #4212 | 130584704_1313583365647259_2382708278761806350_n.jpg
[2026-04-17T02:09:32.156Z] [+] #4213 | 130531718_1313583358980593_7980346545252056335_n.jpg
[2026-04-17T02:09:33.950Z] [+] #4214 | 130575372_1313583338980595_1607519742987365819_n.jpg
[2026-04-17T02:09:35.761Z] [+] #4215 | 130581804_1313583318980597_2990018946411449016_n.jpg
[2026-04-17T02:09:37.560Z] [+] #4216 | 131415383_1313583042313958_2420502809442812379_n.jpg
[2026-04-17T02:09:39.371Z] [+] #4217 | 131406632_1313582908980638_7363714303408301072_n.jpg
[2026-04-17T02:09:39.677Z] [VIEWER] Round 4220 | Collected: 4217
[2026-04-17T02:09:41.197Z] [+] #4218 | 131517124_1313221095683486_7169257035062583755_n.jpg
[2026-04-17T02:09:42.997Z] [+] #4219 | 130749301_1312431092429153_5020216195853663706_n.jpg
[2026-04-17T02:09:44.795Z] [+] #4220 | 131249719_1311977115807884_8413837593974795185_n.jpg
[2026-04-17T02:09:46.590Z] [+] #4221 | 131026889_1311977102474552_355875146888818762_n.jpg
[2026-04-17T02:09:48.388Z] [+] #4222 | 130243743_1310951282577134_8693917434876697225_n.jpg
[2026-04-17T02:09:50.191Z] [+] #4223 | 129939005_1310951242577138_1658766097159414909_n.jpg
[2026-04-17T02:09:51.978Z] [+] #4224 | 130241312_1310359332636329_3182631136538406573_n.jpg
[2026-04-17T02:09:53.774Z] [+] #4225 | 129674964_1309647796040816_2793464980153425786_n.jpg
[2026-04-17T02:09:55.584Z] [+] #4226 | 130048335_1309647759374153_1453160924881519124_n.jpg
[2026-04-17T02:09:57.385Z] [+] #4227 | 130025603_1308802706125325_2310399862528323379_n.jpg
[2026-04-17T02:09:59.175Z] [+] #4228 | 129333707_1308071816198414_9071161588817068323_n.jpg
[2026-04-17T02:10:01.015Z] [+] #4229 | 129171020_1307993686206227_790547777933661379_n.jpg
[2026-04-17T02:10:02.818Z] [+] #4230 | 129670943_1307172052955057_3196154739379794315_n.jpg
[2026-04-17T02:10:04.620Z] [+] #4231 | 128337125_1306015696404026_9143664905456786212_n.jpg
[2026-04-17T02:10:06.605Z] [+] #4232 | 128446116_1306015629737366_1510034808269533801_n.jpg
[2026-04-17T02:10:08.405Z] [+] #4233 | 129160573_1305771139761815_3183508390325355129_n.jpg
[2026-04-17T02:10:10.198Z] [+] #4234 | 128934133_1305771109761818_3740252901082173815_n.jpg
[2026-04-17T02:10:12.006Z] [+] #4235 | 128646542_1305771073095155_267798306297698100_n.jpg
[2026-04-17T02:10:13.803Z] [+] #4236 | 128758910_1305092463163016_4444552837375479344_n.jpg
[2026-04-17T02:10:15.780Z] [+] #4237 | 129099589_1305092446496351_1488233861473551328_n.jpg
[2026-04-17T02:10:16.060Z] [VIEWER] Round 4240 | Collected: 4237
[2026-04-17T02:10:17.579Z] [+] #4238 | 128722954_1305092426496353_1725896828536687301_n.jpg
[2026-04-17T02:10:19.380Z] [+] #4239 | 128142147_1305092396496356_9001948394718778608_n.jpg
[2026-04-17T02:10:22.167Z] [+] #4240 | 128350252_1305092386496357_5013068148692522119_n.jpg
[2026-04-17T02:10:23.965Z] [+] #4241 | 128708594_1305092359829693_505014562172931187_n.jpg
[2026-04-17T02:10:25.938Z] [+] #4242 | 128618822_1305092349829694_1748632350796219462_n.jpg
[2026-04-17T02:10:27.730Z] [+] #4243 | 128034213_1304942003178062_8211333668799666473_n.jpg
[2026-04-17T02:10:29.532Z] [+] #4244 | 128785309_1304214666584129_4763575641642603243_n.jpg
[2026-04-17T02:10:31.332Z] [+] #4245 | 128649491_1304214623250800_3176486415810885750_n.jpg
[2026-04-17T02:10:33.125Z] [+] #4246 | 128361600_1304214596584136_4975649049130712182_n.jpg
[2026-04-17T02:10:34.930Z] [+] #4247 | 128939207_1303578526647743_2102686949598471079_n.jpg
[2026-04-17T02:10:36.716Z] [+] #4248 | 127217055_1301419833530279_1684552376286538670_n.jpg
[2026-04-17T02:10:38.514Z] [+] #4249 | 127123444_1301419806863615_6542295774319221477_n.jpg
[2026-04-17T02:10:40.313Z] [+] #4250 | 126946216_1301419780196951_7642641309413236035_n.jpg
[2026-04-17T02:10:42.113Z] [+] #4251 | 127036814_1301419740196955_7834058321408524341_n.jpg
[2026-04-17T02:10:43.911Z] [+] #4252 | 127027021_1301419430196986_7380734189700730309_n.jpg
[2026-04-17T02:10:45.715Z] [+] #4253 | 127944951_1301419383530324_6420982140919815544_n.jpg
[2026-04-17T02:10:47.513Z] [+] #4254 | 126954309_1301419373530325_6989942893848097407_n.jpg
[2026-04-17T02:10:49.312Z] [+] #4255 | 127242086_1301419350196994_2899522185341047669_n.jpg
[2026-04-17T02:10:51.117Z] [+] #4256 | 127053320_1301419306863665_8295405370774204064_n.jpg
[2026-04-17T02:10:52.906Z] [+] #4257 | 126838053_1300677556937840_4445985996100576134_n.jpg
[2026-04-17T02:10:53.190Z] [VIEWER] Round 4260 | Collected: 4257
[2026-04-17T02:10:54.707Z] [+] #4258 | 126877913_1299152790423650_7916184452954349804_n.jpg
[2026-04-17T02:10:56.507Z] [+] #4259 | 126838053_1299152733756989_6879077193596955686_n.jpg
[2026-04-17T02:10:58.295Z] [+] #4260 | 126323726_1295884577417138_1921543069842551063_n.jpg
[2026-04-17T02:11:00.077Z] [+] #4261 | 125449089_1294940400844889_5940674498933518145_n.jpg
[2026-04-17T02:11:01.863Z] [+] #4262 | 125423762_1294253677580228_147230595233476196_n.jpg
[2026-04-17T02:11:03.649Z] [+] #4263 | 125961533_1294253640913565_2597467790320696401_n.jpg
[2026-04-17T02:11:05.453Z] [+] #4264 | 126288155_1294253634246899_6142956407054898007_n.jpg
[2026-04-17T02:11:07.239Z] [+] #4265 | 125864969_1294253614246901_6233576828341442028_n.jpg
[2026-04-17T02:11:09.037Z] [+] #4266 | 125561474_1294253570913572_1900466956549089243_n.jpg
[2026-04-17T02:11:10.833Z] [+] #4267 | 125473164_1294253560913573_2911568919228363193_n.jpg
[2026-04-17T02:11:12.632Z] [+] #4268 | 125877261_1294253524246910_7500608195498626059_n.jpg
[2026-04-17T02:11:14.439Z] [+] #4269 | 125376928_1293380147667581_3141423651260888622_n.jpg
[2026-04-17T02:11:16.237Z] [+] #4270 | 125237874_1292584334413829_3282364358250461754_n.jpg
[2026-04-17T02:11:18.036Z] [+] #4271 | 125216318_1290884864583776_7271800797763998664_n.jpg
[2026-04-17T02:11:19.833Z] [+] #4272 | 124761672_1290884734583789_8699617377616387684_n.jpg
[2026-04-17T02:11:21.633Z] [+] #4273 | 124989487_1290884661250463_4652945517934627738_n.jpg
[2026-04-17T02:11:23.438Z] [+] #4274 | 125037477_1288981794774083_9008225443900121436_n.jpg
[2026-04-17T02:11:25.241Z] [+] #4275 | 124133197_1288246531514276_4218444665708813682_n.jpg
[2026-04-17T02:11:27.040Z] [+] #4276 | 124174685_1288246511514278_1192252484773198269_n.jpg
[2026-04-17T02:11:28.829Z] [+] #4277 | 124335451_1288246471514282_4828679819953332940_n.jpg
[2026-04-17T02:11:29.103Z] [VIEWER] Round 4280 | Collected: 4277
[2026-04-17T02:11:30.619Z] [+] #4278 | 124175171_1288246428180953_2548274502869141451_n.jpg
[2026-04-17T02:11:32.430Z] [+] #4279 | 123927282_1286265251712404_1876471681122793874_n.jpg
[2026-04-17T02:11:34.221Z] [+] #4280 | 123771098_1286265178379078_5606037428388823827_n.jpg
[2026-04-17T02:11:36.018Z] [+] #4281 | 123727018_1286265138379082_2298645012935849549_n.jpg
[2026-04-17T02:11:37.814Z] [+] #4282 | 123870269_1286265088379087_3463943482131893772_n.jpg
[2026-04-17T02:11:39.616Z] [+] #4283 | 123926729_1286265045045758_687785029984250821_n.jpg
[2026-04-17T02:11:41.409Z] [+] #4284 | 124025649_1285343875137875_2144928151810413479_n.jpg
[2026-04-17T02:11:43.205Z] [+] #4285 | 123918645_1284424218563174_4157507579541127917_n.jpg
[2026-04-17T02:11:45.009Z] [+] #4286 | 123949881_1284424161896513_6036318396103420636_n.jpg
[2026-04-17T02:11:46.810Z] [+] #4287 | 123609525_1283826918622904_8888300811173765212_n.jpg
[2026-04-17T02:11:48.608Z] [+] #4288 | 123584565_1283826855289577_4095107241174827891_n.jpg
[2026-04-17T02:11:50.403Z] [+] #4289 | 123359411_1282065768799019_6382413315699666083_n.jpg
[2026-04-17T02:11:52.204Z] [+] #4290 | 123495171_1282065742132355_7724142463895397219_n.jpg
[2026-04-17T02:11:53.999Z] [+] #4291 | 123346184_1282065722132357_7094887161391042967_n.jpg
[2026-04-17T02:11:55.809Z] [+] #4292 | 123647473_1281201415552121_3500886193865545477_n.jpg
[2026-04-17T02:11:57.614Z] [+] #4293 | 123138483_1280332045639058_7776397121112204264_n.jpg
[2026-04-17T02:11:59.591Z] [+] #4294 | 123189350_1279703512368578_1047098607093944209_n.jpg
[2026-04-17T02:12:01.568Z] [+] #4295 | 123135473_1279703489035247_3735965309243001269_n.jpg
[2026-04-17T02:12:03.367Z] [+] #4296 | 123341900_1279703459035250_7013134794366897536_n.jpg
[2026-04-17T02:12:05.169Z] [+] #4297 | 123095784_1279703445701918_3176838589988799333_n.jpg
[2026-04-17T02:12:06.032Z] [VIEWER] Round 4300 | Collected: 4297
[2026-04-17T02:12:07.551Z] [+] #4298 | 123168783_1279703422368587_3931587813601287595_n.jpg
[2026-04-17T02:12:09.357Z] [+] #4299 | 123516082_1279703365701926_9101683809203536779_n.jpg
[2026-04-17T02:12:11.150Z] [+] #4300 | 123171158_1279703352368594_4015419385842341004_n.jpg
[2026-04-17T02:12:12.938Z] [+] #4301 | 123247700_1279703345701928_5549622032552518679_n.jpg
[2026-04-17T02:12:14.744Z] [+] #4302 | 123318009_1279703295701933_8543885264029946885_n.jpg
[2026-04-17T02:12:16.544Z] [+] #4303 | 123139268_1279703289035267_1212176541772249357_n.jpg
[2026-04-17T02:12:18.351Z] [+] #4304 | 123341068_1279703282368601_7376786463993195766_n.jpg
[2026-04-17T02:12:20.148Z] [+] #4305 | 123335286_1279703242368605_1442895068288630366_n.jpg
[2026-04-17T02:12:21.953Z] [+] #4306 | 123315103_1279702935701969_7487620702596433319_n.jpg
[2026-04-17T02:12:23.756Z] [+] #4307 | 123095532_1278769309128665_6177515451079898665_n.jpg
[2026-04-17T02:12:25.735Z] [+] #4308 | 123297902_1278768859128710_8152959643282006288_n.jpg
[2026-04-17T02:12:27.538Z] [+] #4309 | 123286687_1278768559128740_5375232529588717754_n.jpg
[2026-04-17T02:12:29.331Z] [+] #4310 | 123392521_1278768062462123_1778304750615891364_n.jpg
[2026-04-17T02:12:31.133Z] [+] #4311 | 123083233_1278768025795460_7307550217054357603_n.jpg
[2026-04-17T02:12:32.944Z] [+] #4312 | 123246831_1278768019128794_7271236543598074258_n.jpg
[2026-04-17T02:12:34.734Z] [+] #4313 | 123102917_1278767809128815_4954395133342984380_n.jpg
[2026-04-17T02:12:36.534Z] [+] #4314 | 123251824_1278767669128829_7510067530296506241_n.jpg
[2026-04-17T02:12:38.337Z] [+] #4315 | 123137570_1278767609128835_841536917972119159_n.jpg
[2026-04-17T02:12:40.161Z] [+] #4316 | 122854728_1276838929321703_6985640593859148851_n.jpg
[2026-04-17T02:12:41.961Z] [+] #4317 | 123106193_1276838889321707_8964370469578864015_n.jpg
[2026-04-17T02:12:42.244Z] [VIEWER] Round 4320 | Collected: 4317
[2026-04-17T02:12:43.764Z] [+] #4318 | 122761338_1276838882655041_520193611851122738_n.jpg
[2026-04-17T02:12:45.573Z] [+] #4319 | 122794059_1276838832655046_192618588681642978_n.jpg
[2026-04-17T02:12:47.379Z] [+] #4320 | 122902276_1276838819321714_3610110724431665656_n.jpg
[2026-04-17T02:12:49.189Z] [+] #4321 | 122724668_1276838769321719_4190570770495373310_n.jpg
[2026-04-17T02:12:50.995Z] [+] #4322 | 122970685_1276838715988391_7960901868774783987_n.jpg
[2026-04-17T02:12:52.795Z] [+] #4323 | 123034434_1276838712655058_4022320642887955459_n.jpg
[2026-04-17T02:12:54.588Z] [+] #4324 | 122792552_1276838695988393_8271040640305368824_n.jpg
[2026-04-17T02:12:56.421Z] [+] #4325 | 123139705_1276838669321729_6686050328894878775_n.jpg
[2026-04-17T02:12:58.217Z] [+] #4326 | 122848641_1276838619321734_6607628691844091760_n.jpg
[2026-04-17T02:13:00.020Z] [+] #4327 | 122780127_1276838605988402_6810821628764222949_n.jpg
[2026-04-17T02:13:01.821Z] [+] #4328 | 122792550_1276838579321738_7175650517791857113_n.jpg
[2026-04-17T02:13:03.626Z] [+] #4329 | 122800748_1276838532655076_5915229565817970233_n.jpg
[2026-04-17T02:13:05.425Z] [+] #4330 | 122724964_1276838512655078_5313316611186834230_n.jpg
[2026-04-17T02:13:07.228Z] [+] #4331 | 123168503_1276838472655082_5299329635885807873_n.jpg
[2026-04-17T02:13:09.026Z] [+] #4332 | 122750448_1276838445988418_1723465925872769774_n.jpg
[2026-04-17T02:13:10.824Z] [+] #4333 | 122820901_1276838429321753_4790168209072055440_n.jpg
[2026-04-17T02:13:12.614Z] [+] #4334 | 122762603_1275894529416143_4968052603758732544_n.jpg
[2026-04-17T02:13:14.479Z] [+] #4335 | 122624438_1274993692839560_7497056097696629237_n.jpg
[2026-04-17T02:13:16.301Z] [+] #4336 | 122620032_1274993649506231_419571702521552737_n.jpg
[2026-04-17T02:13:18.104Z] [+] #4337 | 122321438_1273160123022917_1264210874627752013_n.jpg
[2026-04-17T02:13:18.384Z] [VIEWER] Round 4340 | Collected: 4337
[2026-04-17T02:13:19.904Z] [+] #4338 | 122450205_1273159973022932_43631152812651311_n.jpg
[2026-04-17T02:13:21.725Z] [+] #4339 | 122468233_1273159879689608_2056555434364876413_n.jpg
[2026-04-17T02:13:23.585Z] [+] #4340 | 122154789_1271493763189553_7568838445704250250_n.jpg
[2026-04-17T02:13:25.393Z] [+] #4341 | 122232698_1271493733189556_3163002484894697619_n.jpg
[2026-04-17T02:13:27.190Z] [+] #4342 | 122384660_1271493326522930_5812582277446448237_n.jpg
[2026-04-17T02:13:28.997Z] [+] #4343 | 122119752_1271493293189600_7713295708961163143_n.jpg
[2026-04-17T02:13:30.815Z] [+] #4344 | 122239506_1268828643456065_3986457429076536505_n.jpg
[2026-04-17T02:13:32.632Z] [+] #4345 | 121801543_1268828626789400_5315512059090088195_n.jpg
[2026-04-17T02:13:34.447Z] [+] #4346 | 121995336_1268828596789403_6285684939231259159_n.jpg
[2026-04-17T02:13:36.259Z] [+] #4347 | 122036911_1268828590122737_4788869669782447629_n.jpg
[2026-04-17T02:13:38.056Z] [+] #4348 | 121653574_1267130016959261_8975086253464956170_n.jpg
[2026-04-17T02:13:39.850Z] [+] #4349 | 122097144_1267129533625976_7495373803007472690_n.jpg
[2026-04-17T02:13:41.654Z] [+] #4350 | 122079356_1267129413625988_1185520894538845972_n.jpg
[2026-04-17T02:13:43.455Z] [+] #4351 | 121335131_1266376050367991_7654822837199181247_n.jpg
[2026-04-17T02:13:45.262Z] [+] #4352 | 121481780_1266374493701480_6650488260224355829_n.jpg
[2026-04-17T02:13:47.062Z] [+] #4353 | 121734383_1265107273828202_5286483481695560937_n.jpg
[2026-04-17T02:13:49.244Z] [+] #4354 | 121592302_1265107243828205_4383344331078975910_n.jpg
[2026-04-17T02:13:51.042Z] [+] #4355 | 121560772_1265107213828208_3785849453244514578_n.jpg
[2026-04-17T02:13:52.839Z] [+] #4356 | 121600509_1265107177161545_5306408589655556830_n.jpg
[2026-04-17T02:13:54.634Z] [+] #4357 | 121487658_1265107160494880_481145746558767368_n.jpg
[2026-04-17T02:13:55.697Z] [VIEWER] Round 4360 | Collected: 4357
[2026-04-17T02:13:57.205Z] [+] #4358 | 121467351_1265107137161549_482807380863449115_n.jpg
[2026-04-17T02:13:59.001Z] [+] #4359 | 121543339_1265107110494885_488079559677533543_n.jpg
[2026-04-17T02:14:02.391Z] [+] #4360 | 121520890_1265107103828219_4173550206205141511_n.jpg
[2026-04-17T02:14:04.188Z] [+] #4361 | 121488350_1265107063828223_5254364475333319812_n.jpg
[2026-04-17T02:14:05.985Z] [+] #4362 | 121701956_1265107030494893_7073131754706960542_n.jpg
[2026-04-17T02:14:07.770Z] [+] #4363 | 121618784_1264189023920027_4368398180839448116_n.jpg
[2026-04-17T02:14:09.744Z] [+] #4364 | 121491046_1264188970586699_7725728632005244836_n.jpg
[2026-04-17T02:14:11.726Z] [+] #4365 | 121634704_1264188903920039_9189520339013056629_n.jpg
[2026-04-17T02:14:13.706Z] [+] #4366 | 121295814_1263384747333788_4855973168769977358_n.jpg
[2026-04-17T02:14:15.902Z] [+] #4367 | 121452788_1263384714000458_5006192939950785975_n.jpg
[2026-04-17T02:14:18.002Z] [+] #4368 | 121613571_1263384704000459_4663630114014845686_n.jpg
[2026-04-17T02:14:19.804Z] [+] #4369 | 121233423_1263384684000461_1955009790825920023_n.jpg
[2026-04-17T02:14:21.599Z] [+] #4370 | 121618652_1263384644000465_3109154517357655956_n.jpg
[2026-04-17T02:14:23.391Z] [+] #4371 | 121352196_1263384634000466_5558254361435092478_n.jpg
[2026-04-17T02:14:25.187Z] [+] #4372 | 121254890_1263384604000469_8712398293767645766_n.jpg
[2026-04-17T02:14:26.979Z] [+] #4373 | 121240436_1262548687417394_8211071224112892530_n.jpg
[2026-04-17T02:14:28.770Z] [+] #4374 | 120970591_1262546560750940_7864839477125810416_n.jpg
[2026-04-17T02:14:30.568Z] [+] #4375 | 121000203_1262546554084274_2911384686484462313_n.jpg
[2026-04-17T02:14:32.354Z] [+] #4376 | 121127842_1262546517417611_5407142404797833973_n.jpg
[2026-04-17T02:14:34.150Z] [+] #4377 | 121099543_1260890870916509_8242553212868582298_n.jpg
[2026-04-17T02:14:34.431Z] [VIEWER] Round 4380 | Collected: 4377
[2026-04-17T02:14:35.940Z] [+] #4378 | 121120295_1260890837583179_7121974516463190638_n.jpg
[2026-04-17T02:14:37.724Z] [+] #4379 | 121143350_1260890814249848_8113399123264406228_n.jpg
[2026-04-17T02:14:39.524Z] [+] #4380 | 121150997_1260890800916516_580552692995357245_n.jpg
[2026-04-17T02:14:41.322Z] [+] #4381 | 121010546_1260103540995242_4058916118709586370_n.jpg
[2026-04-17T02:14:43.130Z] [+] #4382 | 120938788_1260103534328576_5942394517071268424_n.jpg
[2026-04-17T02:14:44.930Z] [+] #4383 | 120960772_1260103297661933_1683006149956109040_n.jpg
[2026-04-17T02:14:46.737Z] [+] #4384 | 120972059_1260103290995267_6213589468535477760_n.jpg
[2026-04-17T02:14:48.536Z] [+] #4385 | 121198112_1259224861083110_8988586223808668937_n.jpg
[2026-04-17T02:14:50.336Z] [+] #4386 | 120895963_1259224827749780_233511167069427822_n.jpg
[2026-04-17T02:14:52.314Z] [+] #4387 | 120896310_1259224801083116_3038038187697675749_n.jpg
[2026-04-17T02:14:54.114Z] [+] #4388 | 120916711_1258581664480763_2603976655103518644_n.jpg
[2026-04-17T02:14:55.910Z] [+] #4389 | 121071106_1258581637814099_6382550530833335424_n.jpg
[2026-04-17T02:14:57.702Z] [+] #4390 | 121028339_1258581074480822_7769343873329820179_n.jpg
[2026-04-17T02:14:59.503Z] [+] #4391 | 120970607_1258580997814163_1419723053907946864_n.jpg
[2026-04-17T02:15:01.319Z] [+] #4392 | 120966152_1258447817827481_986519395593529177_n.jpg
[2026-04-17T02:15:03.128Z] [+] #4393 | 120928189_1258447754494154_6874005304802468382_n.jpg
[2026-04-17T02:15:04.928Z] [+] #4394 | 120885280_1258447701160826_5326748557263847041_n.jpg
[2026-04-17T02:15:06.735Z] [+] #4395 | 121081853_1258447644494165_3903543483430820575_n.jpg
[2026-04-17T02:15:08.530Z] [+] #4396 | 120821020_1257763591229237_2814090525057661722_n.jpg
[2026-04-17T02:15:10.497Z] [+] #4397 | 120807122_1257763391229257_8112204550740344773_n.jpg
[2026-04-17T02:15:10.955Z] [VIEWER] Round 4400 | Collected: 4397
[2026-04-17T02:15:12.476Z] [+] #4398 | 120845122_1257763247895938_4913393333104173852_n.jpg
[2026-04-17T02:15:14.273Z] [+] #4399 | 120726362_1256871634651766_3268072216780225636_n.jpg
[2026-04-17T02:15:16.073Z] [+] #4400 | 120727802_1256871544651775_9088253563169514452_n.jpg
[2026-04-17T02:15:17.875Z] [+] #4401 | 120701542_1256871507985112_4837788578898247265_n.jpg
[2026-04-17T02:15:19.675Z] [+] #4402 | 120703953_1256871464651783_2450275250476817754_n.jpg
[2026-04-17T02:15:22.048Z] [+] #4403 | 120664435_1256871437985119_4251037974483124194_n.jpg
[2026-04-17T02:15:23.837Z] [+] #4404 | 120728523_1256853011320295_9124199833071331522_n.jpg
[2026-04-17T02:15:25.640Z] [+] #4405 | 120814875_1255316774807252_7024686200579616261_n.jpg
[2026-04-17T02:15:27.429Z] [+] #4406 | 120771170_1255304984808431_7936672859776338948_n.jpg
[2026-04-17T02:15:29.606Z] [+] #4407 | 120642490_1255304978141765_7664863647256111111_n.jpg
[2026-04-17T02:15:31.403Z] [+] #4408 | 120489614_1255304921475104_4861769635146425232_n.jpg
[2026-04-17T02:15:33.211Z] [+] #4409 | 120522904_1255304884808441_2472815426664191866_n.jpg
[2026-04-17T02:15:35.016Z] [+] #4410 | 120614225_1255304878141775_6980501395662646409_n.jpg
[2026-04-17T02:15:36.825Z] [+] #4411 | 120814360_1255304828141780_993801604339537440_n.jpg
[2026-04-17T02:15:38.637Z] [+] #4412 | 120575661_1255304801475116_4679762127258936024_n.jpg
[2026-04-17T02:15:40.454Z] [+] #4413 | 120577368_1255304738141789_3736897840088704965_n.jpg
[2026-04-17T02:15:42.255Z] [+] #4414 | 120715882_1255304724808457_6766479172311894482_n.jpg
[2026-04-17T02:15:44.637Z] [+] #4415 | 120564531_1255304711475125_2311212145918472429_n.jpg
[2026-04-17T02:15:46.439Z] [+] #4416 | 120452970_1254614591544137_8750767141406125608_n.jpg
[2026-04-17T02:15:48.247Z] [+] #4417 | 120570382_1254294708242792_5126505229494759109_n.jpg
[2026-04-17T02:15:48.531Z] [VIEWER] Round 4420 | Collected: 4417
[2026-04-17T02:15:50.044Z] [+] #4418 | 120356381_1253483711657225_599844440380875326_n.jpg
[2026-04-17T02:15:51.840Z] [+] #4419 | 120365304_1252602951745301_6029085171563628812_n.jpg
[2026-04-17T02:15:53.641Z] [+] #4420 | 120142790_1251515655187364_4561780483163793436_n.jpg
[2026-04-17T02:15:55.448Z] [+] #4421 | 120235708_1250600788612184_2510872475157566104_n.jpg
[2026-04-17T02:15:57.247Z] [+] #4422 | 120199524_1248928755446054_5863523764530850717_n.jpg
[2026-04-17T02:15:59.057Z] [+] #4423 | 120202063_1248928715446058_9136606741711917352_n.jpg
[2026-04-17T02:16:01.037Z] [+] #4424 | 120286190_1248928668779396_6698569634660870411_n.jpg
[2026-04-17T02:16:02.837Z] [+] #4425 | 120036680_1247961102209486_3767981757903377843_n.jpg
[2026-04-17T02:16:05.021Z] [+] #4426 | 120202778_1247149625623967_2399725625685979595_n.jpg
[2026-04-17T02:16:06.819Z] [+] #4427 | 120026043_1247149548957308_4525702699847320030_n.jpg
[2026-04-17T02:16:08.622Z] [+] #4428 | 119973757_1247149542290642_1885845133420042081_n.jpg
[2026-04-17T02:16:10.416Z] [+] #4429 | 120190483_1247149535623976_7756970212026970588_n.jpg
[2026-04-17T02:16:12.235Z] [+] #4430 | 119993192_1247149485623981_3626550515295440195_n.jpg
[2026-04-17T02:16:14.039Z] [+] #4431 | 120064333_1247149488957314_4579337673263491826_n.jpg
[2026-04-17T02:16:15.846Z] [+] #4432 | 120050183_1247149475623982_6307211625765014080_n.jpg
[2026-04-17T02:16:17.643Z] [+] #4433 | 120217848_1246299849042278_1959613433766926625_n.jpg
[2026-04-17T02:16:19.442Z] [+] #4434 | 119962809_1246299799042283_2934830517465767686_n.jpg
[2026-04-17T02:16:21.422Z] [+] #4435 | 120069849_1246299762375620_4230977292610719179_n.jpg
[2026-04-17T02:16:23.211Z] [+] #4436 | 120133084_1245375562468040_796643668761428738_n.jpg
[2026-04-17T02:16:25.006Z] [+] #4437 | 119760909_1245375525801377_6233207492182396449_n.jpg
[2026-04-17T02:16:25.285Z] [VIEWER] Round 4440 | Collected: 4437
[2026-04-17T02:16:26.805Z] [+] #4438 | 119774021_1245375472468049_1015338942535258859_n.jpg
[2026-04-17T02:16:28.614Z] [+] #4439 | 120013680_1245375372468059_3743040965809105871_n.jpg
[2026-04-17T02:16:30.402Z] [+] #4440 | 119884977_1244693862536210_4424756652325107030_n.jpg
[2026-04-17T02:16:32.199Z] [+] #4441 | 119907842_1243691012636495_5739892237235262974_n.jpg
[2026-04-17T02:16:33.989Z] [+] #4442 | 119740809_1243690992636497_6843430970215113570_n.jpg
[2026-04-17T02:16:35.779Z] [+] #4443 | 119595247_1242963389375924_359736716652798419_n.jpg
[2026-04-17T02:16:37.579Z] [+] #4444 | 119765651_1242963336042596_4365427790157303551_n.jpg
[2026-04-17T02:16:39.380Z] [+] #4445 | 119568978_1242054466133483_8586102770774817422_n.jpg
[2026-04-17T02:16:41.187Z] [+] #4446 | 119761900_1241100659562197_3712128267308091994_n.jpg
[2026-04-17T02:16:42.989Z] [+] #4447 | 119761148_1240380929634170_7999559668636334161_n.jpg
[2026-04-17T02:16:44.786Z] [+] #4448 | 119170530_1239535859718677_7197344109876249510_n.jpg
[2026-04-17T02:16:46.593Z] [+] #4449 | 119204092_1238673593138237_6731885526219341349_n.jpg
[2026-04-17T02:16:48.384Z] [+] #4450 | 119152783_1237096803295916_1625439536547551334_n.jpg
[2026-04-17T02:16:50.963Z] [+] #4451 | 119214423_1237096716629258_7003886248907402397_n.jpg
[2026-04-17T02:16:52.769Z] [+] #4452 | 119138840_1237096226629307_2160450171377606692_n.jpg
[2026-04-17T02:16:54.567Z] [+] #4453 | 119219633_1237096176629312_5576592453619838718_n.jpg
[2026-04-17T02:16:56.363Z] [+] #4454 | 119021863_1236451166693813_3410861085390772359_n.jpg
[2026-04-17T02:16:58.164Z] [+] #4455 | 118991915_1235457133459883_3735137151482756221_n.jpg
[2026-04-17T02:17:00.004Z] [+] #4456 | 118995309_1234487760223487_8467872343678765444_n.jpg
[2026-04-17T02:17:01.808Z] [+] #4457 | 118866098_1233840036954926_354692133233212201_n.jpg
[2026-04-17T02:17:02.088Z] [VIEWER] Round 4460 | Collected: 4457
[2026-04-17T02:17:03.598Z] [+] #4458 | 118995902_1233840030288260_311209617814508473_n.jpg
[2026-04-17T02:17:05.390Z] [+] #4459 | 118862467_1233839976954932_5155873215258340186_n.jpg
[2026-04-17T02:17:07.188Z] [+] #4460 | 118996983_1233839956954934_5019102338454109528_n.jpg
[2026-04-17T02:17:08.985Z] [+] #4461 | 119103511_1233839940288269_1747869892216101620_n.jpg
[2026-04-17T02:17:10.800Z] [+] #4462 | 118995309_1233839870288276_162609753222028366_n.jpg
[2026-04-17T02:17:12.614Z] [+] #4463 | 119004829_1233839896954940_3742356394974791072_n.jpg
[2026-04-17T02:17:14.430Z] [+] #4464 | 118825383_1233839876954942_6956501177214782929_n.jpg
[2026-04-17T02:17:16.235Z] [+] #4465 | 118637470_1230369007302029_3720782462983220379_n.jpg
[2026-04-17T02:17:18.151Z] [+] #4466 | 118600986_1229498570722406_908243224698372625_n.jpg
[2026-04-17T02:17:19.955Z] [+] #4467 | 118641206_1229498534055743_1152784646873362635_n.jpg
[2026-04-17T02:17:21.765Z] [+] #4468 | 118592811_1229498510722412_9059889359585082095_n.jpg
[2026-04-17T02:17:23.584Z] [+] #4469 | 118841153_1229498487389081_2294297869752036382_n.jpg
[2026-04-17T02:17:25.447Z] [+] #4470 | 118781248_1229498457389084_8065088169695518709_n.jpg
[2026-04-17T02:17:27.418Z] [+] #4471 | 118481251_1229498447389085_4897275653878829145_n.jpg
[2026-04-17T02:17:29.208Z] [+] #4472 | 118595284_1229498417389088_5829638936964753855_n.jpg
[2026-04-17T02:17:31.001Z] [+] #4473 | 118746511_1229498360722427_6222629570297134907_n.jpg
[2026-04-17T02:17:32.800Z] [+] #4474 | 118811807_1229498357389094_7373905405624570467_n.jpg
[2026-04-17T02:17:34.591Z] [+] #4475 | 118726344_1229498344055762_5968273514705077153_n.jpg
[2026-04-17T02:17:36.382Z] [+] #4476 | 118457630_1228636267475303_4627857377946683966_n.jpg
[2026-04-17T02:17:38.185Z] [+] #4477 | 118604755_1228636234141973_359753303843769667_n.jpg
[2026-04-17T02:17:38.473Z] [VIEWER] Round 4480 | Collected: 4477
[2026-04-17T02:17:39.989Z] [+] #4478 | 118814529_1228636194141977_7848071509507502419_n.jpg
[2026-04-17T02:17:41.779Z] [+] #4479 | 118490193_1228636174141979_3435862367825876428_n.jpg
[2026-04-17T02:17:43.583Z] [+] #4480 | 118679561_1228636154141981_4966608748683072917_n.jpg
[2026-04-17T02:17:45.371Z] [+] #4481 | 118799872_1228636110808652_850298485828690879_n.jpg
[2026-04-17T02:17:47.167Z] [+] #4482 | 118536630_1228636087475321_2995607965987525369_n.jpg
[2026-04-17T02:17:48.972Z] [+] #4483 | 118773160_1228636077475322_4528441269536896057_n.jpg
[2026-04-17T02:17:50.765Z] [+] #4484 | 118357128_1228636004141996_3360325164912641907_n.jpg
[2026-04-17T02:17:52.569Z] [+] #4485 | 118497012_1228635997475330_1219737874994664879_n.jpg
[2026-04-17T02:17:54.370Z] [+] #4486 | 118621356_1228635984141998_3681783176297192522_n.jpg
[2026-04-17T02:17:56.166Z] [+] #4487 | 118361454_1226893817649548_5945328990552600807_n.jpg
[2026-04-17T02:17:57.974Z] [+] #4488 | 118407558_1226893794316217_4770038538277236709_n.jpg
[2026-04-17T02:17:59.783Z] [+] #4489 | 118703537_1226893737649556_4221396488785338425_n.jpg
[2026-04-17T02:18:01.583Z] [+] #4490 | 118204208_1226893730982890_8913113328240156873_n.jpg
[2026-04-17T02:18:03.381Z] [+] #4491 | 118268260_1226893720982891_7407138810686459562_n.jpg
[2026-04-17T02:18:05.175Z] [+] #4492 | 118516999_1226893660982897_4353173749934737359_n.jpg
[2026-04-17T02:18:06.971Z] [+] #4493 | 118403556_1226893654316231_2035910072963472495_n.jpg
[2026-04-17T02:18:08.776Z] [+] #4494 | 118296043_1226893647649565_4363181385567692489_n.jpg
[2026-04-17T02:18:10.563Z] [+] #4495 | 118346296_1226893587649571_6037941579937977990_n.jpg
[2026-04-17T02:18:12.367Z] [+] #4496 | 118604136_1226893577649572_1677316301787540671_n.jpg
[2026-04-17T02:18:14.175Z] [+] #4497 | 118495210_1226893570982906_5952373977548110491_n.jpg
[2026-04-17T02:18:14.457Z] [VIEWER] Round 4500 | Collected: 4497
[2026-04-17T02:18:15.982Z] [+] #4498 | 118456867_1225692261103037_112182551291040668_n.jpg
[2026-04-17T02:18:17.779Z] [+] #4499 | 118379145_1225692217769708_2350675920058150958_n.jpg
[2026-04-17T02:18:19.579Z] [+] #4500 | 118146145_1225692127769717_8388710582365476503_n.jpg
[2026-04-17T02:18:21.389Z] [+] #4501 | 118279880_1225692107769719_6649618121915429392_n.jpg
[2026-04-17T02:18:23.202Z] [+] #4502 | 118420424_1225692074436389_5992716254165854171_n.jpg
[2026-04-17T02:18:24.994Z] [+] #4503 | 118495188_1225692044436392_5060747825216143169_n.jpg
[2026-04-17T02:18:26.781Z] [+] #4504 | 118284954_1225691994436397_1421607934612980613_n.jpg
[2026-04-17T02:18:28.577Z] [+] #4505 | 118580778_1225691944436402_4535604068766013175_n.jpg
[2026-04-17T02:18:30.375Z] [+] #4506 | 118587789_1225691904436406_4110564651564810060_n.jpg
[2026-04-17T02:18:32.191Z] [+] #4507 | 118371661_1225691871103076_4739283027025936057_n.jpg
[2026-04-17T02:18:33.995Z] [+] #4508 | 118673538_1225691824436414_3658952661670905202_n.jpg
[2026-04-17T02:18:35.780Z] [+] #4509 | 118310670_1224881187850811_9103554657847481520_n.jpg
[2026-04-17T02:18:37.568Z] [+] #4510 | 118470202_1224881121184151_403499110145434949_n.jpg
[2026-04-17T02:18:39.367Z] [+] #4511 | 118168740_1224406401231623_8767543795809083981_n.jpg
[2026-04-17T02:18:41.154Z] [+] #4512 | 118253325_1224406364564960_6429164096124567068_n.jpg
[2026-04-17T02:18:42.945Z] [+] #4513 | 118310218_1224406341231629_1344472910973498782_n.jpg
[2026-04-17T02:18:44.739Z] [+] #4514 | 118539771_1224406314564965_5083223548274265553_n.jpg
[2026-04-17T02:18:46.534Z] [+] #4515 | 118357984_1224406274564969_1350981907018044207_n.jpg
[2026-04-17T02:18:48.333Z] [+] #4516 | 118188380_1224406234564973_5324280206441995006_n.jpg
[2026-04-17T02:18:50.129Z] [+] #4517 | 118342507_1224406217898308_5976761739942273684_n.jpg
[2026-04-17T02:18:50.403Z] [VIEWER] Round 4520 | Collected: 4517
[2026-04-17T02:18:51.922Z] [+] #4518 | 118307841_1224406187898311_6024114175198278398_n.jpg
[2026-04-17T02:18:53.722Z] [+] #4519 | 118373659_1224406154564981_7118107612963786377_n.jpg
[2026-04-17T02:18:55.532Z] [+] #4520 | 118405668_1224406134564983_347006608031361040_n.jpg
[2026-04-17T02:18:57.338Z] [+] #4521 | 118190580_1224406111231652_4856668159252150577_n.jpg
[2026-04-17T02:18:59.138Z] [+] #4522 | 118322322_1224406081231655_5438152005127440535_n.jpg
[2026-04-17T02:19:00.930Z] [+] #4523 | 118120329_1224406061231657_6681013374307294276_n.jpg
[2026-04-17T02:19:02.730Z] [+] #4524 | 118391956_1223417164663880_7537642875420308019_n.jpg
[2026-04-17T02:19:04.528Z] [+] #4525 | 118489754_1223417091330554_8463864971415865210_n.jpg
[2026-04-17T02:19:06.334Z] [+] #4526 | 118248201_1223417044663892_7255657642829023583_n.jpg
[2026-04-17T02:19:08.138Z] [+] #4527 | 118159561_1223416974663899_5761749080286490494_n.jpg
[2026-04-17T02:19:09.935Z] [+] #4528 | 118342506_1223416914663905_7002988070493999548_n.jpg
[2026-04-17T02:19:11.907Z] [+] #4529 | 118436107_1223416904663906_5208047748469977474_n.jpg
[2026-04-17T02:19:13.886Z] [+] #4530 | 118225346_1222626361409627_1236389083191212207_n.jpg
[2026-04-17T02:19:15.687Z] [+] #4531 | 117971782_1221915921480671_6914755389740227771_n.jpg
[2026-04-17T02:19:17.472Z] [+] #4532 | 118112534_1221915791480684_3268761480663074684_n.jpg
[2026-04-17T02:19:19.261Z] [+] #4533 | 118627105_1221915784814018_4261161264438556440_n.jpg
[2026-04-17T02:19:21.062Z] [+] #4534 | 118146567_1221915731480690_7253870792777379127_n.jpg
[2026-04-17T02:19:22.867Z] [+] #4535 | 118491685_1221915718147358_2274223282327987248_n.jpg
[2026-04-17T02:19:24.663Z] [+] #4536 | 118276082_1221915708147359_9118665080836949216_n.jpg
[2026-04-17T02:19:26.458Z] [+] #4537 | 118143968_1221915621480701_5935481579351704641_n.jpg
[2026-04-17T02:19:26.735Z] [VIEWER] Round 4540 | Collected: 4537
[2026-04-17T02:19:28.254Z] [+] #4538 | 118229146_1221915554814041_2902629223325809554_n.jpg
[2026-04-17T02:19:30.046Z] [+] #4539 | 118140236_1221915548147375_1996797787694359890_n.jpg
[2026-04-17T02:19:31.843Z] [+] #4540 | 118081109_1221915498147380_3593338129672152128_n.jpg
[2026-04-17T02:19:33.654Z] [+] #4541 | 117768866_1221915441480719_4146145267737559150_n.jpg
[2026-04-17T02:19:35.459Z] [+] #4542 | 118324515_1221915418147388_3420713049653024154_n.jpg
[2026-04-17T02:19:37.267Z] [+] #4543 | 118076347_1221915391480724_7954546145927079882_n.jpg
[2026-04-17T02:19:39.075Z] [+] #4544 | 117832963_1221915331480730_2220019074258831134_n.jpg
[2026-04-17T02:19:40.876Z] [+] #4545 | 118247532_1221915328147397_6383309766791239990_n.jpg
[2026-04-17T02:19:42.685Z] [+] #4546 | 118404000_1221915301480733_2927322284345648962_n.jpg
[2026-04-17T02:19:44.490Z] [+] #4547 | 118086970_1221915204814076_9075067748427642369_n.jpg
[2026-04-17T02:19:46.292Z] [+] #4548 | 118235416_1221915178147412_3924214975631666223_n.jpg
[2026-04-17T02:19:48.093Z] [+] #4549 | 118155183_1221915164814080_7837332988356273397_n.jpg
[2026-04-17T02:19:49.916Z] [+] #4550 | 118256343_1220965568242373_2692408693497350179_n.jpg
[2026-04-17T02:19:51.717Z] [+] #4551 | 117877441_1220965468242383_4666536831260002598_n.jpg
[2026-04-17T02:19:53.511Z] [+] #4552 | 118032819_1220965334909063_7328162148584386437_n.jpg
[2026-04-17T02:19:55.304Z] [+] #4553 | 117870038_1220965238242406_6557924306711614318_n.jpg
[2026-04-17T02:19:57.099Z] [+] #4554 | 118168532_1220790291593234_5185290406858522918_n.jpg
[2026-04-17T02:19:58.902Z] [+] #4555 | 117765997_1219209518417978_2775813969281351643_n.jpg
[2026-04-17T02:20:00.712Z] [+] #4556 | 117771693_1219209468417983_6628748105402117372_n.jpg
[2026-04-17T02:20:02.511Z] [+] #4557 | 118471232_1218915608447369_3668520225932349124_n.jpg
[2026-04-17T02:20:02.800Z] [VIEWER] Round 4560 | Collected: 4557
[2026-04-17T02:20:04.315Z] [+] #4558 | 118085295_1218085078530422_1027062466118628215_n.jpg
[2026-04-17T02:20:06.104Z] [+] #4559 | 118114951_1217465155259081_5821256588173172366_n.jpg
[2026-04-17T02:20:07.899Z] [+] #4560 | 117653881_1216671012005162_3870843248883378555_n.jpg
[2026-04-17T02:20:09.701Z] [+] #4561 | 118131593_1216670992005164_5682425756137829354_n.jpg
[2026-04-17T02:20:11.502Z] [+] #4562 | 117968479_1216670962005167_5468653576091696799_n.jpg
[2026-04-17T02:20:13.301Z] [+] #4563 | 117990845_1216670922005171_1857447857275601555_n.jpg
[2026-04-17T02:20:15.092Z] [+] #4564 | 117715389_1216670888671841_6537164972753867884_n.jpg
[2026-04-17T02:20:16.892Z] [+] #4565 | 117625526_1215728362099427_6541583293574547305_n.jpg
[2026-04-17T02:20:18.695Z] [+] #4566 | 117866147_1213990025606594_8248124951439096137_n.jpg
[2026-04-17T02:20:20.499Z] [+] #4567 | 118049292_1213081145697482_6387202183256593104_n.jpg
[2026-04-17T02:20:22.473Z] [+] #4568 | 117643490_1213081109030819_4411280214989847635_n.jpg
[2026-04-17T02:20:24.264Z] [+] #4569 | 117246544_1211443359194594_4187310048051969976_n.jpg
[2026-04-17T02:20:26.446Z] [+] #4570 | 117287680_1211443149194615_7309385804271021949_n.jpg
[2026-04-17T02:20:28.248Z] [+] #4571 | 117177658_1211443075861289_3982240724447019980_n.jpg
[2026-04-17T02:20:30.223Z] [+] #4572 | 117913187_1211443012527962_8871853554183866558_n.jpg
[2026-04-17T02:20:32.198Z] [+] #4573 | 116938332_1209758066029790_1840617677837173092_n.jpg
[2026-04-17T02:20:34.171Z] [+] #4574 | 117608604_1209757849363145_1133300569401669441_n.jpg
[2026-04-17T02:20:35.960Z] [+] #4575 | 116712358_1209757449363185_3630967338245179679_n.jpg
[2026-04-17T02:20:37.753Z] [+] #4576 | 117261011_1209757212696542_7408166707386535398_n.jpg
[2026-04-17T02:20:39.559Z] [+] #4577 | 117303763_1208238202848443_940428283271443826_n.jpg
[2026-04-17T02:20:39.837Z] [VIEWER] Round 4580 | Collected: 4577
[2026-04-17T02:20:41.362Z] [+] #4578 | 117113648_1208238149515115_3777145225025512299_n.jpg
[2026-04-17T02:20:43.737Z] [+] #4579 | 117534513_1208238112848452_8308252130934486165_n.jpg
[2026-04-17T02:20:45.531Z] [+] #4580 | 116433011_1208220552850208_7371746841093141823_n.jpg
[2026-04-17T02:20:47.331Z] [+] #4581 | 117363513_1208219769516953_8860637186976999912_n.jpg
[2026-04-17T02:20:49.121Z] [+] #4582 | 117125574_1207326509606279_7233265549277018687_n.jpg
[2026-04-17T02:20:50.928Z] [+] #4583 | 117127109_1207326402939623_5091988657830823237_n.jpg
[2026-04-17T02:20:52.728Z] [+] #4584 | 116975592_1206554486350148_8723163981272501334_n.jpg
[2026-04-17T02:20:56.331Z] [+] #4585 | 117126220_1203926596612937_9160993345246403518_n.jpg
[2026-04-17T02:20:58.130Z] [+] #4586 | 116896236_1203926536612943_6982788480702972511_n.jpg
[2026-04-17T02:21:00.510Z] [+] #4587 | 116418721_1203926509946279_7702034251986086347_n.jpg
[2026-04-17T02:21:02.315Z] [+] #4588 | 116521840_1203926493279614_7900624086723560759_n.jpg
[2026-04-17T02:21:04.116Z] [+] #4589 | 116698937_1203926459946284_6816398733844670358_n.jpg
[2026-04-17T02:21:05.911Z] [+] #4590 | 116797547_1203926429946287_2916379613140994339_n.jpg
[2026-04-17T02:21:07.721Z] [+] #4591 | 116610198_1203926416612955_3275369153356977829_n.jpg
[2026-04-17T02:21:09.522Z] [+] #4592 | 117135948_1203926376612959_6595743079600680739_n.jpg
[2026-04-17T02:21:11.328Z] [+] #4593 | 117301451_1203926346612962_4839587959245686745_n.jpg
[2026-04-17T02:21:13.162Z] [+] #4594 | 116797666_1203926339946296_1116606416686249283_n.jpg
[2026-04-17T02:21:14.969Z] [+] #4595 | 116698533_1203926306612966_3640963938948790658_n.jpg
[2026-04-17T02:21:16.765Z] [+] #4596 | 115467134_1203926286612968_3562048727637555500_n.jpg
[2026-04-17T02:21:18.549Z] [+] #4597 | 116628525_1203926256612971_3358853626267625379_n.jpg
[2026-04-17T02:21:18.825Z] [VIEWER] Round 4600 | Collected: 4597
[2026-04-17T02:21:20.346Z] [+] #4598 | 116449459_1203926206612976_7456451051102902799_n.jpg
[2026-04-17T02:21:22.156Z] [+] #4599 | 116337133_1203926156612981_2651809005641211117_n.jpg
[2026-04-17T02:21:23.992Z] [+] #4600 | 113680554_1203926139946316_2482616401545662780_n.jpg
[2026-04-17T02:21:25.792Z] [+] #4601 | 113936151_1203926116612985_5538214789827405461_n.jpg
[2026-04-17T02:21:27.606Z] [+] #4602 | 116703704_1203926059946324_8844621890241365786_n.jpg
[2026-04-17T02:21:29.433Z] [+] #4603 | 116360749_1203926043279659_6895159750673701134_n.jpg
[2026-04-17T02:21:31.242Z] [+] #4604 | 116720999_1203926019946328_1393847847151078087_n.jpg
[2026-04-17T02:21:33.042Z] [+] #4605 | 116648866_1203925976612999_605173594454978420_n.jpg
[2026-04-17T02:21:34.849Z] [+] #4606 | 117292740_1203925953279668_4994690349384693913_n.jpg
[2026-04-17T02:21:36.652Z] [+] #4607 | 116380822_1202442796761317_4562277928086013508_n.jpg
[2026-04-17T02:21:38.453Z] [+] #4608 | 116702753_1202442756761321_3299171334247304287_n.jpg
[2026-04-17T02:21:40.252Z] [+] #4609 | 116779974_1202442710094659_4416864961464524194_n.jpg
[2026-04-17T02:21:42.060Z] [+] #4610 | 116712603_1202442666761330_4869434813081324531_n.jpg
[2026-04-17T02:21:43.862Z] [+] #4611 | 116698524_1199593357046261_4915565801747695131_n.jpg
[2026-04-17T02:21:45.665Z] [+] #4612 | 116263654_1199593303712933_7159404247804616793_n.jpg
[2026-04-17T02:21:47.464Z] [+] #4613 | 110315420_1199593270379603_354723561374482175_n.jpg
[2026-04-17T02:21:49.268Z] [+] #4614 | 110186247_1198287003843563_7040810672472785570_n.jpg
[2026-04-17T02:21:51.062Z] [+] #4615 | 112961910_1196782230660707_1246239131238069515_n.jpg
[2026-04-17T02:21:52.860Z] [+] #4616 | 115821850_1194211960917734_3615359766564029138_n.jpg
[2026-04-17T02:21:54.647Z] [+] #4617 | 109462868_1192809834391280_590628401525317197_n.jpg
[2026-04-17T02:21:54.924Z] [VIEWER] Round 4620 | Collected: 4617
[2026-04-17T02:21:56.436Z] [+] #4618 | 115837339_1192729754399288_5372182233330430012_n.jpg
[2026-04-17T02:21:58.229Z] [+] #4619 | 110336323_1191136991225231_2920795128987961522_n.jpg
[2026-04-17T02:22:00.035Z] [+] #4620 | 110743196_1189586348046962_3321881565710828689_n.jpg
[2026-04-17T02:22:01.831Z] [+] #4621 | 109566729_1189572851381645_2037464936547736236_n.jpg
[2026-04-17T02:22:03.648Z] [+] #4622 | 108198439_1189572808048316_6499849964145723440_n.jpg
[2026-04-17T02:22:05.443Z] [+] #4623 | 110153332_1189572534715010_1042003334534273596_n.jpg
[2026-04-17T02:22:07.249Z] [+] #4624 | 109526055_1188823271456603_8099242571744530924_n.jpg
[2026-04-17T02:22:09.073Z] [+] #4625 | 108667226_1187783641560566_7755995868613428375_n.jpg
[2026-04-17T02:22:10.865Z] [+] #4626 | 108851580_1187783594893904_5640851810008456935_n.jpg
[2026-04-17T02:22:12.659Z] [+] #4627 | 107703331_1187783494893914_7478869366721667624_n.jpg
[2026-04-17T02:22:14.462Z] [+] #4628 | 108779082_1187783428227254_5206452039235424136_n.jpg
[2026-04-17T02:22:16.249Z] [+] #4629 | 107828713_1187154014956862_5794991764614110008_n.jpg
[2026-04-17T02:22:18.071Z] [+] #4630 | 107817535_1186525018353095_6527734094445393167_n.jpg
[2026-04-17T02:22:19.867Z] [+] #4631 | 107700240_1186524968353100_1000506337887331151_n.jpg
[2026-04-17T02:22:21.658Z] [+] #4632 | 107698537_1186524935019770_4556791220698864338_n.jpg
[2026-04-17T02:22:23.443Z] [+] #4633 | 109409272_1186499518355645_5008494583878740634_n.jpg
[2026-04-17T02:22:25.239Z] [+] #4634 | 109143281_1186492255023038_3902334435732737807_n.jpg
[2026-04-17T02:22:27.031Z] [+] #4635 | 107540463_1184451271893803_8848344848994867727_n.jpg
[2026-04-17T02:22:28.829Z] [+] #4636 | 106555753_1182452435427020_5528538846268165825_n.jpg
[2026-04-17T02:22:30.640Z] [+] #4637 | 107136157_1182452405427023_5483383936722934144_n.jpg
[2026-04-17T02:22:30.934Z] [VIEWER] Round 4640 | Collected: 4637
[2026-04-17T02:22:32.446Z] [+] #4638 | 107596675_1182452365427027_6208059794742173632_n.jpg
[2026-04-17T02:22:34.245Z] [+] #4639 | 107567015_1182452348760362_549661021878853980_n.jpg
[2026-04-17T02:22:36.048Z] [+] #4640 | 107814814_1182452325427031_9094541685057237324_n.jpg
[2026-04-17T02:22:37.844Z] [+] #4641 | 107612815_1182452275427036_4567489166702154614_n.jpg
[2026-04-17T02:22:39.646Z] [+] #4642 | 106733515_1182452265427037_6024340556819200769_n.jpg
[2026-04-17T02:22:41.447Z] [+] #4643 | 106469999_1182452248760372_3726550015176571176_n.jpg
[2026-04-17T02:22:43.249Z] [+] #4644 | 106700929_1180862738919323_6099342308032395898_n.jpg
[2026-04-17T02:22:45.058Z] [+] #4645 | 106633329_1180283362310594_977444434274979463_n.jpg
[2026-04-17T02:22:46.861Z] [+] #4646 | 106327188_1180283255643938_5921610685058888238_n.jpg
[2026-04-17T02:22:48.661Z] [+] #4647 | 75424609_1180283252310605_1528620232432151730_n.jpg
[2026-04-17T02:22:50.463Z] [+] #4648 | 106476448_1180283242310606_837984408268740423_n.jpg
[2026-04-17T02:22:52.262Z] [+] #4649 | 106986624_1180283175643946_3418971518415101962_n.jpg
[2026-04-17T02:22:54.064Z] [+] #4650 | 106268615_1180283168977280_4891743471902408717_n.jpg
[2026-04-17T02:22:55.862Z] [+] #4651 | 106488109_1180283162310614_9030174493177277695_n.jpg
[2026-04-17T02:22:57.656Z] [+] #4652 | 107653760_1180283092310621_8111424620295813404_n.jpg
[2026-04-17T02:22:59.458Z] [+] #4653 | 106958598_1180283085643955_3081844298052903748_n.jpg
[2026-04-17T02:23:01.256Z] [+] #4654 | 106575480_1180283078977289_3217445615140789898_n.jpg
[2026-04-17T02:23:03.054Z] [+] #4655 | 106511207_1178985679107029_2482029880157634044_n.jpg
[2026-04-17T02:23:04.870Z] [+] #4656 | 106212072_1178250882513842_4476169184523479954_n.jpg
[2026-04-17T02:23:06.665Z] [+] #4657 | 106800865_1178250819180515_7218304638194208176_n.jpg
[2026-04-17T02:23:06.949Z] [VIEWER] Round 4660 | Collected: 4657
[2026-04-17T02:23:08.471Z] [+] #4658 | 106181026_1178250762513854_2569584873902007681_n.jpg
[2026-04-17T02:23:10.275Z] [+] #4659 | 80248945_1177149115957352_1773729027945863328_n.jpg
[2026-04-17T02:23:12.070Z] [+] #4660 | 106019178_1177149035957360_5560430132477949428_n.jpg
[2026-04-17T02:23:13.861Z] [+] #4661 | 106142987_1176073072731623_6689679670851711481_n.jpg
[2026-04-17T02:23:15.659Z] [+] #4662 | 106927812_1176073029398294_3667904124898864406_n.jpg
[2026-04-17T02:23:17.469Z] [+] #4663 | 105682821_1176073012731629_2780602741860023236_n.jpg
[2026-04-17T02:23:19.258Z] [+] #4664 | 106423852_1176072986064965_3683077065025213298_n.jpg
[2026-04-17T02:23:21.045Z] [+] #4665 | 106206836_1176072959398301_8032623092663743255_n.jpg
[2026-04-17T02:23:22.848Z] [+] #4666 | 106796237_1176072926064971_4577846849819806097_n.jpg
[2026-04-17T02:23:24.648Z] [+] #4667 | 106483877_1176072919398305_6968192472571630210_n.jpg
[2026-04-17T02:23:26.450Z] [+] #4668 | 106462337_1174537016218562_3243229004423838340_n.jpg
[2026-04-17T02:23:28.292Z] [+] #4669 | 104886317_1172113689794228_7647460670720427286_n.jpg
[2026-04-17T02:23:30.092Z] [+] #4670 | 84640172_1172113663127564_8349313161176235718_n.jpg
[2026-04-17T02:23:31.900Z] [+] #4671 | 104588863_1170407299964867_5671368066373546144_n.jpg
[2026-04-17T02:23:33.699Z] [+] #4672 | 105704050_1169651283373802_7442935673693232586_n.jpg
[2026-04-17T02:23:35.501Z] [+] #4673 | 105594855_1168677580137839_4349170773147604870_n.jpg
[2026-04-17T02:23:37.295Z] [+] #4674 | 104155535_1160773910928206_6601043049986071586_n.jpg
[2026-04-17T02:23:39.287Z] [+] #4675 | 103385294_1159699477702316_2554699748044061528_n.jpg
[2026-04-17T02:23:41.471Z] [+] #4676 | 101532216_1154990128173251_4831423881094889472_n.jpg
[2026-04-17T02:23:43.451Z] [+] #4677 | 101053080_1151533021852295_600196188985098240_n.jpg
[2026-04-17T02:23:43.729Z] [VIEWER] Round 4680 | Collected: 4677
[2026-04-17T02:23:45.242Z] [+] #4678 | 100900134_1151532971852300_1649820238314733568_n.jpg
[2026-04-17T02:23:47.058Z] [+] #4679 | 101510849_1151532905185640_8620539498159144960_n.jpg
[2026-04-17T02:23:48.862Z] [+] #4680 | 101402582_1151532895185641_2945624176599236608_n.jpg
[2026-04-17T02:23:50.661Z] [+] #4681 | 100853583_1151532855185645_1199459373634551808_n.jpg
[2026-04-17T02:23:52.460Z] [+] #4682 | 100925351_1151532775185653_6412495690299080704_n.jpg
[2026-04-17T02:23:54.259Z] [+] #4683 | 101141124_1151532735185657_5085867785343467520_n.jpg
[2026-04-17T02:23:56.057Z] [+] #4684 | 101247237_1151532645185666_408380024673009664_n.jpg
[2026-04-17T02:23:57.862Z] [+] #4685 | 101809435_1151532625185668_3206381098657382400_n.jpg
[2026-04-17T02:23:59.675Z] [+] #4686 | 101213039_1151532601852337_8554629621524463616_n.jpg
[2026-04-17T02:24:01.477Z] [+] #4687 | 100895554_1151532488519015_4331503805397991424_n.jpg
[2026-04-17T02:24:03.280Z] [+] #4688 | 83768703_1151532478519016_4231111225481625600_n.jpg
[2026-04-17T02:24:05.086Z] [+] #4689 | 101462189_1151532451852352_7452490276922195968_n.jpg
[2026-04-17T02:24:06.896Z] [+] #4690 | 101373016_1149205648751699_7264160848665378816_n.jpg
[2026-04-17T02:24:08.698Z] [+] #4691 | 100531171_1146876922317905_7794337680472408064_n.jpg
[2026-04-17T02:24:10.500Z] [+] #4692 | 100545174_1146876888984575_1329026030010105856_n.jpg
[2026-04-17T02:24:12.305Z] [+] #4693 | 100991623_1146876855651245_4769284616378908672_n.jpg
[2026-04-17T02:24:14.100Z] [+] #4694 | 99159493_1146876835651247_789790051318890496_n.jpg
[2026-04-17T02:24:15.899Z] [+] #4695 | 101197937_1146876798984584_2322758145203503104_n.jpg
[2026-04-17T02:24:17.703Z] [+] #4696 | 99109334_1143823385956592_5863478460462137344_n.jpg
[2026-04-17T02:24:19.508Z] [+] #4697 | 100084498_1143823362623261_3134514896952098816_n.jpg
[2026-04-17T02:24:19.785Z] [VIEWER] Round 4700 | Collected: 4697
[2026-04-17T02:24:21.297Z] [+] #4698 | 98170657_1143823332623264_5333374119113129984_n.jpg
[2026-04-17T02:24:23.117Z] [+] #4699 | 100509537_1143823295956601_5073691325426040832_n.jpg
[2026-04-17T02:24:24.957Z] [+] #4700 | 100052033_1143823239289940_8418388762064584704_n.jpg
[2026-04-17T02:24:26.766Z] [+] #4701 | 98920542_1143823209289943_6078138709713092608_n.jpg
[2026-04-17T02:24:28.589Z] [+] #4702 | 98181329_1143823179289946_6318658570506207232_n.jpg
[2026-04-17T02:24:30.389Z] [+] #4703 | 98036723_1143823145956616_1622165695515066368_n.jpg
[2026-04-17T02:24:32.192Z] [+] #4704 | 100549510_1143823119289952_203638169168510976_n.jpg
[2026-04-17T02:24:33.981Z] [+] #4705 | 97529468_1143015539370710_6067544129200455680_n.jpg
[2026-04-17T02:24:35.780Z] [+] #4706 | 99102738_1142039689468295_2613893246392205312_n.jpg
[2026-04-17T02:24:37.594Z] [+] #4707 | 99097012_1140596486279282_117737728031850496_n.jpg
[2026-04-17T02:24:39.414Z] [+] #4708 | 98599751_1140596449612619_711602765855457280_n.jpg
[2026-04-17T02:24:41.214Z] [+] #4709 | 97998776_1140596412945956_1594923860417839104_n.jpg
[2026-04-17T02:24:43.014Z] [+] #4710 | 97466778_1140596376279293_8262686310569869312_n.jpg
[2026-04-17T02:24:44.820Z] [+] #4711 | 98966478_1140596342945963_629079247050244096_n.jpg
[2026-04-17T02:24:46.621Z] [+] #4712 | 98078228_1140596309612633_4468166357631893504_n.jpg
[2026-04-17T02:24:48.416Z] [+] #4713 | 97262177_1140596269612637_8035290817566343168_n.jpg
[2026-04-17T02:24:50.220Z] [+] #4714 | 99142335_1140596229612641_3779455986507448320_n.jpg
[2026-04-17T02:24:52.063Z] [+] #4715 | 97468614_1140596199612644_5569701022378491904_n.jpg
[2026-04-17T02:24:53.849Z] [+] #4716 | 97492408_1140596159612648_2625833319899594752_n.jpg
[2026-04-17T02:24:55.645Z] [+] #4717 | 97251183_1140596122945985_2378131973139857408_n.jpg
[2026-04-17T02:24:55.928Z] [VIEWER] Round 4720 | Collected: 4717
[2026-04-17T02:24:57.451Z] [+] #4718 | 97051471_1140596082945989_2816276816958849024_n.jpg
[2026-04-17T02:24:59.278Z] [+] #4719 | 97998639_1140596032945994_6914978469902286848_n.jpg
[2026-04-17T02:25:01.088Z] [+] #4720 | 96822956_1140596019612662_8832562766339375104_n.jpg
[2026-04-17T02:25:02.891Z] [+] #4721 | 98623223_1140595992945998_1473438661751078912_n.jpg
[2026-04-17T02:25:04.688Z] [+] #4722 | 97472359_1139975349674729_2147351101014278144_n.jpg
[2026-04-17T02:25:06.481Z] [+] #4723 | 96740521_1136581046680826_7962519283999703040_n.jpg
[2026-04-17T02:25:08.288Z] [+] #4724 | 96724877_1135132823492315_4076636597762654208_n.jpg
[2026-04-17T02:25:10.092Z] [+] #4725 | 95833898_1132700793735518_7678056779577556992_n.jpg
[2026-04-17T02:25:11.890Z] [+] #4726 | 95753019_1132700767068854_3000718896085860352_n.jpg
[2026-04-17T02:25:13.684Z] [+] #4727 | 96522624_1132700733735524_6414563553843347456_n.jpg
[2026-04-17T02:25:15.471Z] [+] #4728 | 95695007_1132700673735530_1562204421599789056_n.jpg
[2026-04-17T02:25:17.273Z] [+] #4729 | 96372446_1132700640402200_6405798625103839232_n.jpg
[2026-04-17T02:25:19.261Z] [+] #4730 | 95997324_1132700613735536_336995851442323456_n.jpg
[2026-04-17T02:25:21.243Z] [+] #4731 | 97051902_1132700583735539_5248510500261593088_n.jpg
[2026-04-17T02:25:23.038Z] [+] #4732 | 95898179_1132700550402209_2169578355634995200_n.jpg
[2026-04-17T02:25:24.857Z] [+] #4733 | 96721771_1132700520402212_7909830897250074624_n.jpg
[2026-04-17T02:25:26.701Z] [+] #4734 | 95688938_1132700500402214_8288887771444019200_n.jpg
[2026-04-17T02:25:28.527Z] [+] #4735 | 96087910_1132700467068884_2766705614393442304_n.jpg
[2026-04-17T02:25:30.328Z] [+] #4736 | 95667097_1132700443735553_5175125357602275328_n.jpg
[2026-04-17T02:25:32.140Z] [+] #4737 | 96513289_1130399673965630_437250893620969472_n.jpg
[2026-04-17T02:25:32.447Z] [VIEWER] Round 4740 | Collected: 4737
[2026-04-17T02:25:33.970Z] [+] #4738 | 95663357_1130399653965632_2485237432321048576_n.jpg
[2026-04-17T02:25:35.768Z] [+] #4739 | 96364640_1130399640632300_7804575568246079488_n.jpg
[2026-04-17T02:25:37.584Z] [+] #4740 | 95419140_1130399583965639_6981201806135132160_n.jpg
[2026-04-17T02:25:39.400Z] [+] #4741 | 95492363_1130399497298981_547605826274066432_n.jpg
[2026-04-17T02:25:41.201Z] [+] #4742 | 95939564_1130399487298982_2826992038807863296_n.jpg
[2026-04-17T02:25:43.017Z] [+] #4743 | 95189895_1128131860859078_676631239460913152_n.jpg
[2026-04-17T02:25:44.840Z] [+] #4744 | 94711566_1124846134520984_6434385905951178752_n.jpg
[2026-04-17T02:25:46.638Z] [+] #4745 | 94779908_1124846101187654_61391665528569856_n.jpg
[2026-04-17T02:25:48.437Z] [+] #4746 | 95099514_1124846067854324_6881264771925016576_n.jpg
[2026-04-17T02:25:50.243Z] [+] #4747 | 94640442_1124846054520992_2731081691056570368_n.jpg
[2026-04-17T02:25:52.082Z] [+] #4748 | 95097811_1124846014520996_4772126544699064320_n.jpg
[2026-04-17T02:25:53.893Z] [+] #4749 | 94886963_1124845981187666_1269157407129337856_n.jpg
[2026-04-17T02:25:55.686Z] [+] #4750 | 95125771_1124845967854334_775296327696252928_n.jpg
[2026-04-17T02:25:57.488Z] [+] #4751 | 94889296_1124845931187671_749668030207754240_n.jpg
[2026-04-17T02:25:59.292Z] [+] #4752 | 94573452_1124845907854340_3236254954138107904_n.jpg
[2026-04-17T02:26:01.093Z] [+] #4753 | 94785208_1124845897854341_6837238427973320704_n.jpg
[2026-04-17T02:26:02.891Z] [+] #4754 | 94269022_1122627328076198_5774287052174524416_n.jpg
[2026-04-17T02:26:04.877Z] [+] #4755 | 94510981_1122626868076244_242926442638213120_n.jpg
[2026-04-17T02:26:06.676Z] [+] #4756 | 94385981_1122626708076260_8196877679199256576_n.jpg
[2026-04-17T02:26:08.475Z] [+] #4757 | 94397307_1122626484742949_3368735720054194176_n.jpg
[2026-04-17T02:26:08.754Z] [VIEWER] Round 4760 | Collected: 4757
[2026-04-17T02:26:10.274Z] [+] #4758 | 94231897_1122625438076387_4781421755870740480_n.jpg
[2026-04-17T02:26:12.076Z] [+] #4759 | 93953547_1120059434999654_4040316829594288128_n.jpg
[2026-04-17T02:26:14.253Z] [+] #4760 | 94707347_1120058981666366_2040100257190117376_n.jpg
[2026-04-17T02:26:16.057Z] [+] #4761 | 94640437_1120058571666407_5601821759935348736_n.jpg
[2026-04-17T02:26:18.057Z] [+] #4762 | 94393178_1120057568333174_5455570989565870080_n.jpg
[2026-04-17T02:26:19.886Z] [+] #4763 | 92838460_1118915788447352_1103060353094254592_n.jpg
[2026-04-17T02:26:21.887Z] [+] #4764 | 93838207_1118913138447617_2618844918482731008_n.jpg
[2026-04-17T02:26:23.680Z] [+] #4765 | 93800349_1118909441781320_3705044140505956352_n.jpg
[2026-04-17T02:26:25.481Z] [+] #4766 | 93476392_1117437751928489_8957172811412013056_n.jpg
[2026-04-17T02:26:27.283Z] [+] #4767 | 93562953_1117437691928495_3227398392271339520_n.jpg
[2026-04-17T02:26:29.081Z] [+] #4768 | 93483615_1117437631928501_322605219919691776_n.jpg
[2026-04-17T02:26:30.897Z] [+] #4769 | 94138090_1117437588595172_4013053137408491520_n.jpg
[2026-04-17T02:26:32.697Z] [+] #4770 | 93903965_1117437511928513_5308194731606409216_n.jpg
[2026-04-17T02:26:34.674Z] [+] #4771 | 93840248_1117437431928521_6018491238993362944_n.jpg
[2026-04-17T02:26:36.654Z] [+] #4772 | 93279838_1114009952271269_9204376517491032064_n.jpg
[2026-04-17T02:26:38.440Z] [+] #4773 | 93426664_1113189905686607_8491941322549100544_n.jpg
[2026-04-17T02:26:40.224Z] [+] #4774 | 92978759_1113189849019946_2491482752856096768_n.jpg
[2026-04-17T02:26:42.016Z] [+] #4775 | 92810778_1113189825686615_3646030443750359040_n.jpg
[2026-04-17T02:26:44.453Z] [+] #4776 | 92573356_1113189785686619_153374531975643136_n.jpg
[2026-04-17T02:26:46.250Z] [+] #4777 | 93779180_1113189712353293_8715038068685406208_n.jpg
[2026-04-17T02:26:46.539Z] [VIEWER] Round 4780 | Collected: 4777
[2026-04-17T02:26:48.063Z] [+] #4778 | 93282366_1113189699019961_3628088024597790720_n.jpg
[2026-04-17T02:26:49.864Z] [+] #4779 | 93418494_1113189685686629_5276593560538316800_n.jpg
[2026-04-17T02:26:51.651Z] [+] #4780 | 92877002_1112413465764251_774028539249819648_n.jpg
[2026-04-17T02:26:53.444Z] [+] #4781 | 92745538_1111416092530655_2137816660164214784_n.jpg
[2026-04-17T02:26:55.235Z] [+] #4782 | 92395080_1109733229365608_1779399062332637184_n.jpg
[2026-04-17T02:26:57.036Z] [+] #4783 | 92573356_1108927419446189_458373323739365376_n.jpg
[2026-04-17T02:26:58.832Z] [+] #4784 | 92458943_1108152842856980_9084422998651305984_n.jpg
[2026-04-17T02:27:03.017Z] [+] #4785 | 92354563_1107423852929879_8967584808569929728_n.jpg
[2026-04-17T02:27:04.811Z] [+] #4786 | 92265098_1107423829596548_9047923756684541952_n.jpg
[2026-04-17T02:27:06.613Z] [+] #4787 | 92811010_1107423786263219_9221769910974152704_n.jpg
[2026-04-17T02:27:08.412Z] [+] #4788 | 92458514_1107423766263221_15800604861399040_n.jpg
[2026-04-17T02:27:10.213Z] [+] #4789 | 92492176_1107423749596556_500859535368388608_n.jpg
[2026-04-17T02:27:12.008Z] [+] #4790 | 92570906_1107423682929896_6792557170228461568_n.jpg
[2026-04-17T02:27:13.799Z] [+] #4791 | 92144646_1107423662929898_3045607295808438272_n.jpg
[2026-04-17T02:27:19.202Z] [+] #4792 | 92354890_1107423642929900_416166950704513024_n.jpg
[2026-04-17T02:27:21.177Z] [+] #4793 | 91616100_1105767336428864_1311523355379105792_n.jpg
[2026-04-17T02:27:23.162Z] [+] #4794 | 91749798_1104179243254340_4059758699139301376_n.jpg
[2026-04-17T02:27:25.140Z] [+] #4795 | 92131027_1104179203254344_3882478611122356224_n.jpg
[2026-04-17T02:27:27.122Z] [+] #4796 | 91183531_1100256063646658_6702073273137496064_n.jpg
[2026-04-17T02:27:29.509Z] [+] #4797 | 90988794_1098845707121027_7198207021630357504_n.jpg
[2026-04-17T02:27:29.969Z] [VIEWER] Round 4800 | Collected: 4797
[2026-04-17T02:27:31.481Z] [+] #4798 | 90982816_1098845593787705_1960618331144716288_n.jpg
[2026-04-17T02:27:33.461Z] [+] #4799 | 90358124_1098031097202488_1341481237600010240_n.jpg
[2026-04-17T02:27:35.441Z] [+] #4800 | 91007476_1097052770633654_7940909233359290368_n.jpg
[2026-04-17T02:27:37.418Z] [+] #4801 | 90211894_1096212364051028_5686811496206565376_n.jpg
[2026-04-17T02:27:39.395Z] [+] #4802 | 90286061_1096212284051036_8264063487538364416_n.jpg
[2026-04-17T02:27:41.775Z] [+] #4803 | 90945818_1096211894051075_1955957819182153728_n.jpg
[2026-04-17T02:27:43.581Z] [+] #4804 | 90176574_1095457387459859_5916813969934254080_n.jpg
[2026-04-17T02:27:45.382Z] [+] #4805 | 90622955_1094490304223234_8452908015517958144_n.jpg
[2026-04-17T02:27:47.366Z] [+] #4806 | 90653055_1094490154223249_4457959277658636288_n.jpg
[2026-04-17T02:27:49.167Z] [+] #4807 | 90560551_1094489977556600_2251768421769281536_n.jpg
[2026-04-17T02:27:50.964Z] [+] #4808 | 89858740_1094489927556605_8621940112764174336_n.jpg
[2026-04-17T02:27:52.764Z] [+] #4809 | 90426177_1093676287637969_5160728335168307200_n.jpg
[2026-04-17T02:27:54.564Z] [+] #4810 | 90136800_1092765957729002_8749484711421673472_n.jpg
[2026-04-17T02:27:56.356Z] [+] #4811 | 90241186_1092765247729073_7804396244771536896_n.jpg
[2026-04-17T02:27:58.200Z] [+] #4812 | 90091592_1092765164395748_5827006886674694144_n.jpg
[2026-04-17T02:28:00.033Z] [+] #4813 | 90241186_1092765101062421_7134104660507361280_n.jpg
[2026-04-17T02:28:01.816Z] [+] #4814 | 90207321_1090586734613591_3340188339453034496_n.jpg
[2026-04-17T02:28:03.603Z] [+] #4815 | 90079818_1090586654613599_5055460838521962496_n.jpg
[2026-04-17T02:28:05.395Z] [+] #4816 | 90196981_1090586591280272_5211748178663047168_n.jpg
[2026-04-17T02:28:07.203Z] [+] #4817 | 90236168_1090578474614417_7522051008902463488_n.jpg
[2026-04-17T02:28:07.477Z] [VIEWER] Round 4820 | Collected: 4817
[2026-04-17T02:28:08.998Z] [+] #4818 | 90257069_1090577121281219_245104772741332992_n.jpg
[2026-04-17T02:28:10.800Z] [+] #4819 | 89560158_1089641334708131_4695821348264476672_n.jpg
[2026-04-17T02:28:12.601Z] [+] #4820 | 89553692_1089169504755314_6391588115919667200_n.jpg
[2026-04-17T02:28:14.581Z] [+] #4821 | 89554640_1089169438088654_7054732805883822080_n.jpg
[2026-04-17T02:28:16.585Z] [+] #4822 | 89940174_1089169318088666_1682390955300225024_n.jpg
[2026-04-17T02:28:18.553Z] [+] #4823 | 89722653_1087249661613965_659108241044668416_n.jpg
[2026-04-17T02:28:20.732Z] [+] #4824 | 89640999_1086819751656956_4612803384234213376_n.jpg
[2026-04-17T02:28:22.535Z] [+] #4825 | 89257169_1086819724990292_8372925622703357952_n.jpg
[2026-04-17T02:28:24.353Z] [+] #4826 | 89381402_1086819701656961_2732410755801415680_n.jpg
[2026-04-17T02:28:26.181Z] [+] #4827 | 89744180_1086819644990300_5696564349028532224_n.jpg
[2026-04-17T02:28:30.376Z] [+] #4828 | 89615156_1086819634990301_5761951571092963328_n.jpg
[2026-04-17T02:28:32.355Z] [+] #4829 | 89490574_1086819594990305_4358046926625570816_n.jpg
[2026-04-17T02:28:34.338Z] [+] #4830 | 89318137_1086819564990308_6432870065963532288_n.jpg
[2026-04-17T02:28:38.522Z] [+] #4831 | 89666665_1086819554990309_316952119540187136_n.jpg
[2026-04-17T02:28:40.318Z] [+] #4832 | 89124247_1085693928436205_5356332759419715584_n.jpg
[2026-04-17T02:28:42.297Z] [+] #4833 | 87804618_1082512915420973_4783717536149536768_n.jpg
[2026-04-17T02:28:44.279Z] [+] #4834 | 88253721_1080975235574741_759992440097603584_n.jpg
[2026-04-17T02:28:47.663Z] [+] #4835 | 88280850_1080975152241416_3916826692949114880_n.jpg
[2026-04-17T02:28:49.641Z] [+] #4836 | 87509226_1080975105574754_6975912734298734592_n.jpg
[2026-04-17T02:28:51.437Z] [+] #4837 | 88010253_1078820942456837_8157036428690194432_n.jpg
[2026-04-17T02:28:51.897Z] [VIEWER] Round 4840 | Collected: 4837
[2026-04-17T02:28:53.427Z] [+] #4838 | 87657366_1075727369432861_7641163345512366080_n.jpg
[2026-04-17T02:28:55.408Z] [+] #4839 | 88261620_1074972849508313_8033788257617575936_n.jpg
[2026-04-17T02:28:57.427Z] [+] #4840 | 87458057_1074972792841652_2123649384120844288_n.jpg
[2026-04-17T02:28:59.418Z] [+] #4841 | 87806363_1074972726174992_6045847882861379584_n.jpg
[2026-04-17T02:29:01.231Z] [+] #4842 | 87543429_1074972659508332_4453130892604342272_n.jpg
[2026-04-17T02:29:03.026Z] [+] #4843 | 87547063_1074972652841666_7090570163325501440_n.jpg
[2026-04-17T02:29:04.826Z] [+] #4844 | 87585175_1074972626175002_2294308204525387776_n.jpg
[2026-04-17T02:29:06.620Z] [+] #4845 | 87790357_1074972562841675_417844019469484032_n.jpg
[2026-04-17T02:29:08.418Z] [+] #4846 | 87602822_1074972526175012_5236979646943199232_n.jpg
[2026-04-17T02:29:10.407Z] [+] #4847 | 87506788_1074972502841681_2653117520554229760_n.jpg
[2026-04-17T02:29:12.219Z] [+] #4848 | 87703343_1074972389508359_72810265581715456_n.jpg
[2026-04-17T02:29:14.018Z] [+] #4849 | 87895880_1074972386175026_2048347509226471424_n.jpg
[2026-04-17T02:29:15.830Z] [+] #4850 | 88153229_1074972349508363_7617962052438458368_n.jpg
[2026-04-17T02:29:17.631Z] [+] #4851 | 87450836_1073136476358617_3571331049688399872_n.jpg
[2026-04-17T02:29:19.611Z] [+] #4852 | 87291459_1072225243116407_1713369373290266624_n.jpg
[2026-04-17T02:29:21.408Z] [+] #4853 | 87265816_1071188026553462_7639976577329004544_n.jpg
[2026-04-17T02:29:23.396Z] [+] #4854 | 87049471_1070689309936667_8622623059808878592_n.jpg
[2026-04-17T02:29:25.374Z] [+] #4855 | 87008314_1068915050114093_2726122481298440192_n.jpg
[2026-04-17T02:29:27.166Z] [+] #4856 | 87033508_1068915003447431_805319712463388672_n.jpg
[2026-04-17T02:29:28.950Z] [+] #4857 | 87071461_1068914923447439_4588111496990425088_n.jpg
[2026-04-17T02:29:29.230Z] [VIEWER] Round 4860 | Collected: 4857
[2026-04-17T02:29:30.750Z] [+] #4858 | 87039892_1068914910114107_5207796447973474304_n.jpg
[2026-04-17T02:29:32.550Z] [+] #4859 | 87295003_1068914900114108_7931798108780888064_n.jpg
[2026-04-17T02:29:34.347Z] [+] #4860 | 87153488_1068914826780782_4947637930823778304_n.jpg
[2026-04-17T02:29:36.134Z] [+] #4861 | 87265223_1068914820114116_7525028945951981568_n.jpg
[2026-04-17T02:29:37.931Z] [+] #4862 | 86932280_1068914806780784_442623803218984960_n.jpg
[2026-04-17T02:29:39.739Z] [+] #4863 | 84285824_1066750246997240_4444379222428876800_n.jpg
[2026-04-17T02:29:41.571Z] [+] #4864 | 84011464_1064238350581763_771308639540477952_n.jpg
[2026-04-17T02:29:43.568Z] [+] #4865 | 84231474_1061980950807503_3307092403801817088_n.jpg
[2026-04-17T02:29:45.548Z] [+] #4866 | 85085368_1061107004228231_5216513814245146624_n.jpg
[2026-04-17T02:29:47.528Z] [+] #4867 | 84505631_1061106957561569_5445466739699613696_n.jpg
[2026-04-17T02:29:49.334Z] [+] #4868 | 83867738_1061106920894906_3000225022091460608_n.jpg
[2026-04-17T02:29:51.181Z] [+] #4869 | 84622724_1058371887835076_8482116516140023808_n.jpg
[2026-04-17T02:29:53.115Z] [+] #4870 | 84866060_1058371874501744_8840088197582028800_n.jpg
[2026-04-17T02:29:54.904Z] [+] #4871 | 84282421_1058371814501750_4337989107230703616_n.jpg
[2026-04-17T02:29:56.892Z] [+] #4872 | 84734665_1058371721168426_6299949207633526784_n.jpg
[2026-04-17T02:29:58.701Z] [+] #4873 | 85026758_1058371704501761_7399206620590243840_n.jpg
[2026-04-17T02:30:00.505Z] [+] #4874 | 83916721_1058371694501762_939666607309848576_n.jpg
[2026-04-17T02:30:02.311Z] [+] #4875 | 83895849_1057747281230870_3202199101886169088_n.jpg
[2026-04-17T02:30:04.108Z] [+] #4876 | 84932876_1057747251230873_1699425328172105728_n.jpg
[2026-04-17T02:30:06.091Z] [+] #4877 | 84917962_1057747214564210_5177584028810739712_n.jpg
[2026-04-17T02:30:06.369Z] [VIEWER] Round 4880 | Collected: 4877
[2026-04-17T02:30:07.884Z] [+] #4878 | 83278205_1055449638127301_7857683491696148480_n.jpg
[2026-04-17T02:30:09.702Z] [+] #4879 | 83475060_1055337878138477_7745452508738224128_n.jpg
[2026-04-17T02:30:11.511Z] [+] #4880 | 84137922_1054476078224657_8896537214746361856_n.jpg
[2026-04-17T02:30:13.496Z] [+] #4881 | 83763714_1054476018224663_7048598179540893696_n.jpg
[2026-04-17T02:30:15.472Z] [+] #4882 | 83471847_1053409141664684_741331064894521344_n.jpg
[2026-04-17T02:30:17.453Z] [+] #4883 | 83105273_1050028848669380_5899788852716896256_n.jpg
[2026-04-17T02:30:19.439Z] [+] #4884 | 84018901_1050028818669383_2784951382791159808_n.jpg
[2026-04-17T02:30:21.246Z] [+] #4885 | 83894045_1050028782002720_1220505456414294016_n.jpg
[2026-04-17T02:30:23.035Z] [+] #4886 | 83675871_1048698088802456_2284109443903782912_n.jpg
[2026-04-17T02:30:25.015Z] [+] #4887 | 83408527_1046357689036496_1073541416531001344_n.jpg
[2026-04-17T02:30:26.995Z] [+] #4888 | 82853125_1046098799062385_2795889212795125760_n.jpg
[2026-04-17T02:30:28.794Z] [+] #4889 | 82627654_1044689429203322_8368929958793314304_n.jpg
[2026-04-17T02:30:30.760Z] [+] #4890 | 83048593_1044689349203330_1498692180393328640_n.jpg
[2026-04-17T02:30:32.734Z] [+] #4891 | 83844652_1044689292536669_1877034749986340864_n.jpg
[2026-04-17T02:30:34.718Z] [+] #4892 | 83069253_1044689252536673_187805266153046016_n.jpg
[2026-04-17T02:30:36.520Z] [+] #4893 | 82565104_1042243256114606_4941637818561593344_n.jpg
[2026-04-17T02:30:38.501Z] [+] #4894 | 82368466_1040072556331676_4474717604392468480_n.jpg
[2026-04-17T02:30:40.486Z] [+] #4895 | 82800550_1039384093067189_5972145432313200640_n.jpg
[2026-04-17T02:30:42.290Z] [+] #4896 | 81795997_1038313519840913_5499385986766864384_n.jpg
[2026-04-17T02:30:44.269Z] [+] #4897 | 81811710_1037063916632540_8658428260830412800_n.jpg
[2026-04-17T02:30:44.928Z] [VIEWER] Round 4900 | Collected: 4897
[2026-04-17T02:30:46.439Z] [+] #4898 | 81856299_1032384863767112_4882955491417784320_n.jpg
[2026-04-17T02:30:48.407Z] [+] #4899 | 81545682_1032384857100446_9021331286282731520_n.jpg
[2026-04-17T02:30:50.384Z] [+] #4900 | 81911452_1032384793767119_7648707550057070592_n.jpg
[2026-04-17T02:30:52.390Z] [+] #4901 | 81597971_1032384770433788_7342491105000161280_n.jpg
[2026-04-17T02:30:54.202Z] [+] #4902 | 81728759_1032384747100457_3707087591456112640_n.jpg
[2026-04-17T02:30:56.036Z] [+] #4903 | 81377436_1032384693767129_386676219191492608_n.jpg
[2026-04-17T02:30:57.946Z] [+] #4904 | 81272959_1032384683767130_8935886635665457152_n.jpg
[2026-04-17T02:30:59.808Z] [+] #4905 | 81161209_1032384667100465_2895037532095905792_n.jpg
[2026-04-17T02:31:01.612Z] [+] #4906 | 81795954_1029039317435000_2731723969055948800_n.jpg
[2026-04-17T02:31:03.403Z] [+] #4907 | 80787199_1026371264368472_620644146029264896_n.jpg
[2026-04-17T02:31:05.786Z] [+] #4908 | 80648621_1025850254420573_9039989706548314112_n.jpg
[2026-04-17T02:31:08.177Z] [+] #4909 | 80856084_1023295478009384_529948094733746176_n.jpg
[2026-04-17T02:31:10.359Z] [+] #4910 | 80422404_1021328778206054_346965428314046464_n.jpg
[2026-04-17T02:31:12.155Z] [+] #4911 | 80853173_1021320441540221_3818688068920016896_n.jpg
[2026-04-17T02:31:13.956Z] [+] #4912 | 80367818_1021320318206900_4455791564714672128_n.jpg
[2026-04-17T02:31:15.759Z] [+] #4913 | 80527602_1021320261540239_6540543491619946496_n.jpg
[2026-04-17T02:31:17.558Z] [+] #4914 | 80620906_1021320208206911_1483056661189885952_n.jpg
[2026-04-17T02:31:19.363Z] [+] #4915 | 80298270_1021320141540251_6457463585571340288_n.jpg
[2026-04-17T02:31:21.165Z] [+] #4916 | 79865159_1021320114873587_2147088047152300032_n.jpg
[2026-04-17T02:31:22.957Z] [+] #4917 | 80295169_1021320094873589_1735418996653555712_n.jpg
[2026-04-17T02:31:23.245Z] [VIEWER] Round 4920 | Collected: 4917
[2026-04-17T02:31:24.766Z] [+] #4918 | 80253757_1021320011540264_445335151648440320_n.jpg
[2026-04-17T02:31:26.567Z] [+] #4919 | 81121779_1021320004873598_232966318989508608_n.jpg
[2026-04-17T02:31:28.389Z] [+] #4920 | 80268358_1021319994873599_2666728383584403456_n.jpg
[2026-04-17T02:31:30.202Z] [+] #4921 | 80119197_1021320214873577_7787639532945408000_n.jpg
[2026-04-17T02:31:32.001Z] [+] #4922 | 80319848_1020363864969212_815079557492113408_n.jpg
[2026-04-17T02:31:33.978Z] [+] #4923 | 80251013_1019332418405690_5376482100272693248_n.jpg
[2026-04-17T02:31:35.966Z] [+] #4924 | 80880194_1019332331739032_1530266812858499072_n.jpg
[2026-04-17T02:31:37.794Z] [+] #4925 | 80583155_1019332301739035_121663989565358080_n.jpg
[2026-04-17T02:31:39.606Z] [+] #4926 | 80991228_1019332291739036_4731155004826583040_n.jpg
[2026-04-17T02:31:41.411Z] [+] #4927 | 79877044_1018305761841689_949365287709310976_n.jpg
[2026-04-17T02:31:43.213Z] [+] #4928 | 80404612_1017587741913491_6658124586489479168_n.jpg
[2026-04-17T02:31:45.396Z] [+] #4929 | 74610985_1017587691913496_7931258587874066432_n.jpg
[2026-04-17T02:31:47.392Z] [+] #4930 | 80872918_1017587645246834_2076253582490861568_n.jpg
[2026-04-17T02:31:49.198Z] [+] #4931 | 80335515_1017587565246842_3190780604912238592_n.jpg
[2026-04-17T02:31:50.998Z] [+] #4932 | 79887176_1017587515246847_5990762985964961792_n.jpg
[2026-04-17T02:31:52.792Z] [+] #4933 | 79926537_1016950301977235_5791479415418388480_n.jpg
[2026-04-17T02:31:54.774Z] [+] #4934 | 80039002_1015256165479982_1662326057799254016_n.jpg
[2026-04-17T02:31:57.160Z] [+] #4935 | 79429008_1014589985546600_8871289150712578048_n.jpg
[2026-04-17T02:31:59.542Z] [+] #4936 | 80349034_1013694148969517_2402938682039336960_n.jpg
[2026-04-17T02:32:01.526Z] [+] #4937 | 80261613_1012774549061477_1442404353351614464_n.jpg
[2026-04-17T02:32:03.801Z] [VIEWER] Round 4940 | Collected: 4937
[2026-04-17T02:32:05.312Z] [+] #4938 | 79411059_1012774499061482_4786714237911171072_n.jpg
[2026-04-17T02:32:07.293Z] [+] #4939 | 79327341_1012774482394817_5045765009980784640_n.jpg
[2026-04-17T02:32:09.474Z] [+] #4940 | 79682247_1012774435728155_6418963769312935936_n.jpg
[2026-04-17T02:32:11.276Z] [+] #4941 | 79459270_1012774369061495_4173688367432597504_n.jpg
[2026-04-17T02:32:13.263Z] [+] #4942 | 79456896_1012774362394829_8907292676143972352_n.jpg
[2026-04-17T02:32:15.095Z] [+] #4943 | 80121714_1012774322394833_4792049154228486144_n.jpg
[2026-04-17T02:32:16.930Z] [+] #4944 | 80248369_1012774282394837_4683537140502495232_n.jpg
[2026-04-17T02:32:19.306Z] [+] #4945 | 80979691_1012774275728171_7468314976550125568_n.jpg
[2026-04-17T02:32:21.290Z] [+] #4946 | 80521469_1011496479189284_4177292248720867328_n.jpg
[2026-04-17T02:32:23.093Z] [+] #4947 | 80575736_1011496399189292_3839733700728193024_n.jpg
[2026-04-17T02:32:25.274Z] [+] #4948 | 79272339_1011496309189301_8090400384754909184_n.jpg
[2026-04-17T02:32:27.955Z] [+] #4949 | 79371874_1011496249189307_4172859408679698432_n.jpg
[2026-04-17T02:32:29.841Z] [+] #4950 | 79366966_1010433442628921_6041682005102428160_n.jpg
[2026-04-17T02:32:32.225Z] [+] #4951 | 79287655_1010433419295590_7703899932805038080_n.jpg
[2026-04-17T02:32:34.204Z] [+] #4952 | 80083562_1009435199395412_6135127419582939136_n.jpg
[2026-04-17T02:32:36.593Z] [+] #4953 | 79855571_1007954382876827_727265128604499968_n.jpg
[2026-04-17T02:32:38.770Z] [+] #4954 | 79372447_1007954369543495_4048928234727800832_n.jpg
[2026-04-17T02:32:40.565Z] [+] #4955 | 80262065_1007954306210168_2785822316259442688_n.jpg
[2026-04-17T02:32:42.553Z] [+] #4956 | 78770540_1007954272876838_2243810010578550784_n.jpg
[2026-04-17T02:32:44.535Z] [+] #4957 | 79755070_1007954259543506_5340871091902480384_n.jpg
[2026-04-17T02:32:44.815Z] [VIEWER] Round 4960 | Collected: 4957
[2026-04-17T02:32:46.337Z] [+] #4958 | 79769100_1007954166210182_5012422100825145344_n.jpg
[2026-04-17T02:32:48.130Z] [+] #4959 | 79840828_1007954159543516_7056342336288063488_n.jpg
[2026-04-17T02:32:50.109Z] [+] #4960 | 78500139_1007954142876851_1771217360087154688_n.jpg
[2026-04-17T02:32:52.295Z] [+] #4961 | 78811147_1007077166297882_6088532693778169856_n.jpg
[2026-04-17T02:32:54.280Z] [+] #4962 | 80014363_1007077152964550_2008316189234692096_n.jpg
[2026-04-17T02:32:56.660Z] [+] #4963 | 78512229_1007077136297885_4731779974107758592_n.jpg
[2026-04-17T02:32:59.038Z] [+] #4964 | 78582167_1007077062964559_9017029279535333376_n.jpg
[2026-04-17T02:33:01.252Z] [+] #4965 | 78826882_1007077052964560_3405335262392221696_n.jpg
[2026-04-17T02:33:03.044Z] [+] #4966 | 79249263_1007077046297894_5968462987483152384_n.jpg
[2026-04-17T02:33:05.021Z] [+] #4967 | 79601971_1005840736421525_598909687366156288_n.jpg
[2026-04-17T02:33:07.015Z] [+] #4968 | 79144839_1005829799755952_1845936047142207488_n.jpg
[2026-04-17T02:33:08.996Z] [+] #4969 | 76916723_1005005999838332_6288371633660887040_n.jpg
[2026-04-17T02:33:10.965Z] [+] #4970 | 78493321_1003974619941470_1794643121036853248_n.jpg
[2026-04-17T02:33:13.140Z] [+] #4971 | 79087947_1003974606608138_5526949020993323008_n.jpg
[2026-04-17T02:33:15.122Z] [+] #4972 | 78953216_1003974593274806_5262102976536772608_n.jpg
[2026-04-17T02:33:16.923Z] [+] #4973 | 78667313_1003974526608146_2815207017914826752_n.jpg
[2026-04-17T02:33:18.962Z] [+] #4974 | 78598031_1003974516608147_8683432847463153664_n.jpg
[2026-04-17T02:33:20.945Z] [+] #4975 | 78699384_1003974509941481_4049963867306983424_n.jpg
[2026-04-17T02:33:22.917Z] [+] #4976 | 78836761_1001770990161833_679012974920204288_n.jpg
[2026-04-17T02:33:24.898Z] [+] #4977 | 78775225_999387870400145_6737645356219105280_n.jpg
[2026-04-17T02:33:25.758Z] [VIEWER] Round 4980 | Collected: 4977
[2026-04-17T02:33:27.283Z] [+] #4978 | 78202034_997336070605325_8781926549323513856_n.jpg
[2026-04-17T02:33:29.283Z] [+] #4979 | 78591911_996868963985369_224826303696601088_n.jpg
[2026-04-17T02:33:31.868Z] [+] #4980 | 78503727_995701944102071_4990556929127350272_n.jpg
[2026-04-17T02:33:34.246Z] [+] #4981 | 76643690_989927998012799_7228725465802866688_n.jpg
[2026-04-17T02:33:36.222Z] [+] #4982 | 74265362_989927951346137_7462382127770763264_n.jpg
[2026-04-17T02:33:38.200Z] [+] #4983 | 73153811_989927898012809_866340236983009280_n.jpg
[2026-04-17T02:33:39.997Z] [+] #4984 | 75519344_989927831346149_3670582005822652416_n.jpg
[2026-04-17T02:33:41.813Z] [+] #4985 | 76682078_989003954771870_4386047021019037696_n.jpg
[2026-04-17T02:33:43.790Z] [+] #4986 | 72643227_989003908105208_5938707956567638016_n.jpg
[2026-04-17T02:33:45.590Z] [+] #4987 | 76186716_989003848105214_479306483238961152_n.jpg
[2026-04-17T02:33:47.383Z] [+] #4988 | 75627557_989003798105219_4852107331195895808_n.jpg
[2026-04-17T02:33:49.364Z] [+] #4989 | 76914422_989003768105222_5995462229942599680_n.jpg
[2026-04-17T02:33:51.338Z] [+] #4990 | 78250159_988132304859035_8993602642412306432_n.jpg
[2026-04-17T02:33:54.516Z] [+] #4991 | 75649378_988132261525706_706722793948971008_n.jpg
[2026-04-17T02:33:56.311Z] [+] #4992 | 74478970_984927711846161_7304918597950767104_n.jpg
[2026-04-17T02:33:58.487Z] [+] #4993 | 77045116_983923525279913_1638955375510159360_n.jpg
[2026-04-17T02:34:00.675Z] [+] #4994 | 74575403_983923461946586_519773454648475648_n.jpg
[2026-04-17T02:34:05.795Z] [STUCK] URL không đổi sau ArrowRight round=4997, tự reload...
[2026-04-17T02:34:11.149Z] [+] #4995 | 74575403_983923461946586_519773454648475648_n.jpg
[2026-04-17T02:34:12.986Z] [+] #4996 | 75398312_983923361946596_7655988460221628416_n.jpg
[2026-04-17T02:34:14.794Z] [+] #4997 | 72632542_983923295279936_7223100209696342016_n.jpg
[2026-04-17T02:34:15.080Z] [VIEWER] Round 5000 | Collected: 4997
[2026-04-17T02:34:16.593Z] [+] #4998 | 75456955_983923255279940_8794846072942886912_n.jpg
[2026-04-17T02:34:18.397Z] [+] #4999 | 74582308_982797962059136_310149539883384832_n.jpg
[2026-04-17T02:34:20.214Z] [+] #5000 | 76775158_982070092131923_5838328957337862144_n.jpg
[2026-04-17T02:34:22.014Z] [+] #5001 | 76705146_982070022131930_4895961640232550400_n.jpg
[2026-04-17T02:34:23.826Z] [+] #5002 | 74186676_982069985465267_8000742036212809728_n.jpg
[2026-04-17T02:34:25.646Z] [+] #5003 | 75627513_982069945465271_8720477893873893376_n.jpg
[2026-04-17T02:34:27.454Z] [+] #5004 | 74406150_982069908798608_4387581415265402880_n.jpg
[2026-04-17T02:34:29.263Z] [+] #5005 | 74489531_981180325554233_7435028632113774592_n.jpg
[2026-04-17T02:34:31.071Z] [+] #5006 | 75584996_975960756076190_919577597862477824_n.jpg
[2026-04-17T02:34:32.930Z] [+] #5007 | 73358343_975960746076191_1949205924434411520_n.jpg
[2026-04-17T02:34:34.726Z] [+] #5008 | 72148224_975960696076196_2284458023449526272_n.jpg
[2026-04-17T02:34:36.531Z] [+] #5009 | 74693508_975960639409535_460048597208006656_n.jpg
[2026-04-17T02:34:40.923Z] [+] #5010 | 76697438_975960632742869_6508177245142515712_n.jpg
[2026-04-17T02:34:42.718Z] [+] #5011 | 75580336_975960562742876_5625902043836186624_n.jpg
[2026-04-17T02:34:44.516Z] [+] #5012 | 75429525_975960539409545_6519568271505620992_n.jpg
[2026-04-17T02:34:46.320Z] [+] #5013 | 76706881_975960519409547_336680102626590720_n.jpg
[2026-04-17T02:34:48.120Z] [+] #5014 | 73280495_974118909593708_1968787547920269312_n.jpg
[2026-04-17T02:34:49.915Z] [+] #5015 | 74906723_974118846260381_8725764899831021568_n.jpg
[2026-04-17T02:34:51.707Z] [+] #5016 | 75224750_974118829593716_5239064595867369472_n.jpg
[2026-04-17T02:34:53.495Z] [+] #5017 | 74309375_974118816260384_5875416244751958016_n.jpg
[2026-04-17T02:34:53.773Z] [VIEWER] Round 5020 | Collected: 5017
[2026-04-17T02:34:55.291Z] [+] #5018 | 73472589_973470172991915_2988601861335941120_n.jpg
[2026-04-17T02:34:57.082Z] [+] #5019 | 74394219_973470122991920_564609928216444928_n.jpg
[2026-04-17T02:34:58.879Z] [+] #5020 | 76686414_973470079658591_3209311584908214272_n.jpg
[2026-04-17T02:35:00.681Z] [+] #5021 | 75354905_973470016325264_7739165170538119168_n.jpg
[2026-04-17T02:35:04.058Z] [+] #5022 | 73446220_973470002991932_1638541027130212352_n.jpg
[2026-04-17T02:35:05.848Z] [+] #5023 | 75513433_973469909658608_2346807050073276416_n.jpg
[2026-04-17T02:35:09.037Z] [+] #5024 | 75442912_973469892991943_72721462837903360_n.jpg
[2026-04-17T02:35:10.818Z] [+] #5025 | 76765558_973469942991938_697610329340772352_n.jpg
[2026-04-17T02:35:12.597Z] [+] #5026 | 75567410_972543916417874_1419208600785518592_n.jpg
[2026-04-17T02:35:14.389Z] [+] #5027 | 72757984_971148949890704_9165455893221867520_n.jpg
[2026-04-17T02:35:16.183Z] [+] #5028 | 73318243_970593256612940_58482095768469504_n.jpg
[2026-04-17T02:35:17.984Z] [+] #5029 | 73482530_968998543439078_7702249321038610432_n.jpg
[2026-04-17T02:35:19.786Z] [+] #5030 | 72851370_968998510105748_8442640728693145600_n.jpg
[2026-04-17T02:35:21.587Z] [+] #5031 | 75429372_968998446772421_8418390364087386112_n.jpg
[2026-04-17T02:35:23.391Z] [+] #5032 | 73235545_968998420105757_7652339597740867584_n.jpg
[2026-04-17T02:35:25.192Z] [+] #5033 | 73212340_968998410105758_4915012684933496832_n.jpg
[2026-04-17T02:35:26.988Z] [+] #5034 | 74162230_967764353562497_7553979078521389056_n.jpg
[2026-04-17T02:35:28.782Z] [+] #5035 | 75224730_967189296953336_7055046209647411200_n.jpg
[2026-04-17T02:35:30.579Z] [+] #5036 | 75486123_966179297054336_1541949330062049280_n.jpg
[2026-04-17T02:35:32.377Z] [+] #5037 | 74936924_962761450729454_3493031360635863040_n.jpg
[2026-04-17T02:35:32.657Z] [VIEWER] Round 5040 | Collected: 5037
[2026-04-17T02:35:34.178Z] [+] #5038 | 71909770_956750904663842_3592560115254820864_n.jpg
[2026-04-17T02:35:35.978Z] [+] #5039 | 72552163_956060338066232_8136739023134654464_n.jpg
[2026-04-17T02:35:37.777Z] [+] #5040 | 73357423_955056924833240_7777537400498028544_n.jpg
[2026-04-17T02:35:39.574Z] [+] #5041 | 73110627_954200504918882_7226248712782086144_n.jpg
[2026-04-17T02:35:41.375Z] [+] #5042 | 72281489_953164308355835_2524921079005184_n.jpg
[2026-04-17T02:35:43.169Z] [+] #5043 | 72746697_952333978438868_8359964991951994880_n.jpg
[2026-04-17T02:35:44.965Z] [+] #5044 | 71780265_951535598518706_7131219730974638080_n.jpg
[2026-04-17T02:35:46.775Z] [+] #5045 | 71918127_950411848631081_6463542059511840768_n.jpg
[2026-04-17T02:35:48.592Z] [+] #5046 | 71901959_950411785297754_7919708815224733696_n.jpg
[2026-04-17T02:35:50.440Z] [+] #5047 | 72315756_949635512042048_4596912911477112832_n.jpg
[2026-04-17T02:35:52.249Z] [+] #5048 | 71500046_948747865464146_1899428185481674752_n.jpg
[2026-04-17T02:35:54.044Z] [+] #5049 | 72629406_947667015572231_4983675867533148160_n.jpg
[2026-04-17T02:35:55.849Z] [+] #5050 | 71795493_946999015639031_5483623160437800960_n.jpg
[2026-04-17T02:35:57.644Z] [+] #5051 | 71265595_945663612439238_8097896541500473344_n.jpg
[2026-04-17T02:35:59.436Z] [+] #5052 | 72108313_944763722529227_3547533499189690368_n.jpg
[2026-04-17T02:36:01.246Z] [+] #5053 | 71179661_943060942699505_3900432716880936960_n.jpg
[2026-04-17T02:36:03.045Z] [+] #5054 | 70623671_934839423521657_2966205646996766720_n.jpg
[2026-04-17T02:36:04.859Z] [+] #5055 | 71389708_932725053733094_2597990855100858368_n.jpg
[2026-04-17T02:36:06.648Z] [+] #5056 | 70513292_932511287087804_5846640036883202048_n.jpg
[2026-04-17T02:36:08.441Z] [+] #5057 | 70108793_932511267087806_6372845024668811264_n.jpg
[2026-04-17T02:36:08.722Z] [VIEWER] Round 5060 | Collected: 5057
[2026-04-17T02:36:10.243Z] [+] #5058 | 70640071_932511200421146_4492389131367743488_n.jpg
[2026-04-17T02:36:12.039Z] [+] #5059 | 70344964_932511190421147_6338641279513001984_n.jpg
[2026-04-17T02:36:13.832Z] [+] #5060 | 70358397_932511183754481_2572616175431188480_n.jpg
[2026-04-17T02:36:15.626Z] [+] #5061 | 70342911_932511127087820_4686469014027763712_n.jpg
[2026-04-17T02:36:17.415Z] [+] #5062 | 70670334_932511110421155_4578189293607976960_n.jpg
[2026-04-17T02:36:19.202Z] [+] #5063 | 70124732_932511097087823_2455269624430723072_n.jpg
[2026-04-17T02:36:20.998Z] [+] #5064 | 69998255_931806580491608_8825919482724614144_n.jpg
[2026-04-17T02:36:22.799Z] [+] #5065 | 70657806_931358270536439_4509902509057245184_n.jpg
[2026-04-17T02:36:25.586Z] [+] #5066 | 70292845_929772707361662_4736803208943370240_n.jpg
[2026-04-17T02:36:27.388Z] [+] #5067 | 70706618_929772594028340_1836011399923367936_n.jpg
[2026-04-17T02:36:29.186Z] [+] #5068 | 70940195_929772527361680_4034021270826778624_n.jpg
[2026-04-17T02:36:30.977Z] [+] #5069 | 70705480_929772477361685_7206376564823425024_n.jpg
[2026-04-17T02:36:32.771Z] [+] #5070 | 69828102_929772447361688_395598713101221888_n.jpg
[2026-04-17T02:36:34.565Z] [+] #5071 | 69279389_921229144882685_5625807417116721152_n.jpg
[2026-04-17T02:36:36.362Z] [+] #5072 | 69519939_921229124882687_1329092795276722176_n.jpg
[2026-04-17T02:36:38.158Z] [+] #5073 | 69849974_919764025029197_523128464056778752_n.jpg
[2026-04-17T02:36:39.957Z] [+] #5074 | 69567729_917250058613927_8420796933047582720_n.jpg
[2026-04-17T02:36:41.762Z] [+] #5075 | 69218810_913888988950034_7846589097249341440_n.jpg
[2026-04-17T02:36:43.558Z] [+] #5076 | 68788783_912971299041803_5751283422085513216_n.jpg
[2026-04-17T02:36:45.349Z] [+] #5077 | 68623806_911954855810114_4077586318111014912_n.jpg
[2026-04-17T02:36:45.622Z] [VIEWER] Round 5080 | Collected: 5077
[2026-04-17T02:36:47.145Z] [+] #5078 | 68854870_911954849143448_2489410066063556608_n.jpg
[2026-04-17T02:36:48.932Z] [+] #5079 | 68507302_911954789143454_6064191774081941504_n.jpg
[2026-04-17T02:36:50.722Z] [+] #5080 | 68292358_911954782476788_4733958561908916224_n.jpg
[2026-04-17T02:36:52.519Z] [+] #5081 | 68374144_911954772476789_3077814250538795008_n.jpg
[2026-04-17T02:36:54.318Z] [+] #5082 | 68952601_911588925846707_4485295451712520192_n.jpg
[2026-04-17T02:36:56.112Z] [+] #5083 | 67965581_910288285976771_8901291335521140736_n.jpg
[2026-04-17T02:36:57.914Z] [+] #5084 | 68609959_909118229427110_8709587918395539456_n.jpg
[2026-04-17T02:36:59.706Z] [+] #5085 | 67826683_909118239427109_2556123492424613888_n.jpg
[2026-04-17T02:37:01.499Z] [+] #5086 | 69068171_909118236093776_401065141317140480_n.jpg
[2026-04-17T02:37:03.288Z] [+] #5087 | 68607271_909066386098961_7994074185385115648_n.jpg
[2026-04-17T02:37:05.091Z] [+] #5088 | 67747905_907790146226585_2237849953181368320_n.jpg
[2026-04-17T02:37:06.934Z] [+] #5089 | 68256409_907790072893259_7006365693104881664_n.jpg
[2026-04-17T02:37:08.723Z] [+] #5090 | 67921975_907790016226598_5231253519234760704_n.jpg
[2026-04-17T02:37:10.537Z] [+] #5091 | 67932744_907789936226606_152096212269400064_n.jpg
[2026-04-17T02:37:12.327Z] [+] #5092 | 68382369_907789866226613_3232634425556598784_n.jpg
[2026-04-17T02:37:15.620Z] [+] #5093 | 67790922_907789819559951_2665713792050003968_n.jpg
[2026-04-17T02:37:17.497Z] [+] #5094 | 67757357_907789672893299_5084594430619418624_n.jpg
[2026-04-17T02:37:19.293Z] [+] #5095 | 68240464_907789622893304_5601869949468409856_n.jpg
[2026-04-17T02:37:21.089Z] [+] #5096 | 67848594_907789532893313_3576510651398356992_n.jpg
[2026-04-17T02:37:22.881Z] [+] #5097 | 68263096_907789426226657_667871932833595392_n.jpg
[2026-04-17T02:37:23.152Z] [VIEWER] Round 5100 | Collected: 5097
[2026-04-17T02:37:24.666Z] [+] #5098 | 67841050_907789326226667_6574492429250985984_n.jpg
[2026-04-17T02:37:26.450Z] [+] #5099 | 67825092_907506732921593_912404487082082304_n.jpg
[2026-04-17T02:37:28.238Z] [+] #5100 | 68682897_906830069655926_4185529935865053184_n.jpg
[2026-04-17T02:37:30.025Z] [+] #5101 | 68538329_906312143041052_3894272883374948352_n.jpg
[2026-04-17T02:37:31.816Z] [+] #5102 | 67680665_905874679751465_7784165200755687424_n.jpg
[2026-04-17T02:37:33.618Z] [+] #5103 | 67652121_905874663084800_13677005526532096_n.jpg
[2026-04-17T02:37:35.422Z] [+] #5104 | 67784331_905874599751473_7493842943602589696_n.jpg
[2026-04-17T02:37:37.217Z] [+] #5105 | 67731308_905874586418141_6544198521673744384_n.jpg
[2026-04-17T02:37:39.025Z] [+] #5106 | 68834297_905874576418142_6486885756521414656_n.jpg
[2026-04-17T02:37:40.819Z] [+] #5107 | 67886008_905874506418149_3730593986121826304_n.jpg
[2026-04-17T02:37:42.614Z] [+] #5108 | 67742107_905874499751483_7200191257866403840_n.jpg
[2026-04-17T02:37:44.420Z] [+] #5109 | 67906901_905874486418151_4981615979743150080_n.jpg
[2026-04-17T02:37:46.221Z] [+] #5110 | 67706218_905003909838542_3029972485274599424_n.jpg
[2026-04-17T02:37:48.021Z] [+] #5111 | 68670975_905003829838550_5524711033794461696_n.jpg
[2026-04-17T02:37:49.821Z] [+] #5112 | 67910091_905003766505223_4233543207763312640_n.jpg
[2026-04-17T02:37:51.615Z] [+] #5113 | 67627035_905003703171896_3832573719662821376_n.jpg
[2026-04-17T02:37:53.383Z] [+] #5114 | 67914586_905003496505250_890232208042754048_n.jpg
[2026-04-17T02:37:55.179Z] [+] #5115 | 68339970_905003433171923_7414335045889949696_n.jpg
[2026-04-17T02:37:56.964Z] [RETRY] Không tìm thấy ảnh, reload lần 1 | url=https://www.facebook.com/photo/?fbid=904575433214723&set=pb.100044313229653.-2207520000
[2026-04-17T02:38:00.920Z] [+] #5116 | 67702550_904575439881389_9045974515842023424_n.jpg
[2026-04-17T02:38:02.721Z] [+] #5117 | 68461048_904302616575338_1196517299561955328_n.jpg
[2026-04-17T02:38:03.002Z] [VIEWER] Round 5120 | Collected: 5117
[2026-04-17T02:38:04.553Z] [+] #5118 | 67798817_904302593242007_5848661497600802816_n.jpg
[2026-04-17T02:38:06.460Z] [+] #5119 | 68510850_904302556575344_4641511448151851008_n.jpg
[2026-04-17T02:38:08.280Z] [+] #5120 | 67630313_904302523242014_5590628546880995328_n.jpg
[2026-04-17T02:38:10.080Z] [+] #5121 | 67783543_904302509908682_5464318682601619456_n.jpg
[2026-04-17T02:38:11.948Z] [+] #5122 | 68403686_904302449908688_5848249425553522688_n.jpg
[2026-04-17T02:38:13.804Z] [+] #5123 | 68443002_904302436575356_8240091707396325376_n.jpg
[2026-04-17T02:38:15.600Z] [+] #5124 | 67641291_904302423242024_4500389409899675648_n.jpg
[2026-04-17T02:38:17.389Z] [+] #5125 | 67579707_903734316632168_2994704683446042624_n.jpg
[2026-04-17T02:38:19.184Z] [+] #5126 | 67891690_903734303298836_1205690602381901824_n.jpg
[2026-04-17T02:38:20.971Z] [+] #5127 | 67822629_903734266632173_9095214481939628032_n.jpg
[2026-04-17T02:38:22.766Z] [+] #5128 | 69009086_903734209965512_5930188618353082368_n.jpg
[2026-04-17T02:38:24.564Z] [+] #5129 | 67634431_903734189965514_8717000576681902080_n.jpg
[2026-04-17T02:38:26.349Z] [+] #5130 | 67557552_903734179965515_9053547067170881536_n.jpg
[2026-04-17T02:38:28.143Z] [+] #5131 | 68272445_903075136698086_6494104686012923904_n.jpg
[2026-04-17T02:38:29.941Z] [+] #5132 | 67690325_903075116698088_8831755746279424000_n.jpg
[2026-04-17T02:38:31.754Z] [+] #5133 | 67684880_903075056698094_8023073576934440960_n.jpg
[2026-04-17T02:38:33.543Z] [+] #5134 | 67521126_903075046698095_3035578504222605312_n.jpg
[2026-04-17T02:38:35.331Z] [+] #5135 | 67761884_903075033364763_2114232762813644800_n.jpg
[2026-04-17T02:38:37.125Z] [+] #5136 | 68546957_903074956698104_6997448314501201920_n.jpg
[2026-04-17T02:38:38.921Z] [+] #5137 | 67699548_903074946698105_2663981301027045376_n.jpg
[2026-04-17T02:38:39.201Z] [VIEWER] Round 5140 | Collected: 5137
[2026-04-17T02:38:40.719Z] [+] #5138 | 67636963_903074943364772_2069051424846643200_n.jpg
[2026-04-17T02:38:42.539Z] [+] #5139 | 67432495_902539130085020_5154338364429697024_n.jpg
[2026-04-17T02:38:44.361Z] [+] #5140 | 67518407_901823803489886_2932957480524709888_n.jpg
[2026-04-17T02:38:46.196Z] [+] #5141 | 67423762_900996016905998_4514713422184579072_n.jpg
[2026-04-17T02:38:47.986Z] [+] #5142 | 67547474_900995950239338_6521252740499243008_n.jpg
[2026-04-17T02:38:49.791Z] [+] #5143 | 67392063_899745793697687_4907488739749527552_n.jpg
[2026-04-17T02:38:51.585Z] [+] #5144 | 67271070_898896883782578_738821515503468544_n.jpg
[2026-04-17T02:38:53.369Z] [+] #5145 | 67249748_898896790449254_4599129896285896704_n.jpg
[2026-04-17T02:38:55.163Z] [+] #5146 | 67092232_898896700449263_6150757046091251712_n.jpg
[2026-04-17T02:38:56.949Z] [+] #5147 | 67811533_898896597115940_4482199484666740736_n.jpg
[2026-04-17T02:38:58.735Z] [+] #5148 | 67323238_898896530449280_7063705078464512_n.jpg
[2026-04-17T02:39:00.535Z] [+] #5149 | 67560250_898896450449288_7906399746661548032_n.jpg
[2026-04-17T02:39:02.361Z] [+] #5150 | 67617094_898896377115962_6262078247601700864_n.jpg
[2026-04-17T02:39:04.199Z] [+] #5151 | 67617545_898896287115971_1862445055319474176_n.jpg
[2026-04-17T02:39:05.995Z] [+] #5152 | 67700078_898896220449311_2388744047054290944_n.jpg
[2026-04-17T02:39:07.779Z] [+] #5153 | 67310477_898896170449316_2149078219033149440_n.jpg
[2026-04-17T02:39:09.587Z] [+] #5154 | 67383719_898896107115989_64539601678630912_n.jpg
[2026-04-17T02:39:11.381Z] [+] #5155 | 67368723_898896040449329_3677589889211170816_n.jpg
[2026-04-17T02:39:14.164Z] [+] #5156 | 67585156_898896013782665_576682067673219072_n.jpg
[2026-04-17T02:39:15.964Z] [+] #5157 | 67325181_898895950449338_8443266294974775296_n.jpg
[2026-04-17T02:39:16.242Z] [VIEWER] Round 5160 | Collected: 5157
[2026-04-17T02:39:17.758Z] [+] #5158 | 67614030_898895913782675_1555023536928587776_n.jpg
[2026-04-17T02:39:19.551Z] [+] #5159 | 67161712_898206077184992_3506847325534289920_n.jpg
[2026-04-17T02:39:21.383Z] [+] #5160 | 67310478_897593197246280_2946394994379849728_n.jpg
[2026-04-17T02:39:23.197Z] [+] #5161 | 67210080_895014984170768_5124876469327101952_n.jpg
[2026-04-17T02:39:24.992Z] [+] #5162 | 67087878_895014960837437_738273456201662464_n.jpg
[2026-04-17T02:39:26.798Z] [+] #5163 | 67025818_895014947504105_6841031828988493824_n.jpg
[2026-04-17T02:39:28.585Z] [+] #5164 | 67457519_895014870837446_270182644401045504_n.jpg
[2026-04-17T02:39:30.386Z] [+] #5165 | 67403747_895014860837447_5990805909868118016_n.jpg
[2026-04-17T02:39:32.180Z] [+] #5166 | 67221461_895014854170781_5601670048805552128_n.jpg
[2026-04-17T02:39:33.971Z] [+] #5167 | 66722784_891519114520355_6076115934735499264_n.jpg
[2026-04-17T02:39:35.772Z] [+] #5168 | 66748097_890193194652947_2121187268348608512_n.jpg
[2026-04-17T02:39:37.575Z] [+] #5169 | 66674653_888375161501417_7985204687076851712_n.jpg
[2026-04-17T02:39:39.587Z] [+] #5170 | 66505010_886271995045067_2745358480176054272_n.jpg
[2026-04-17T02:39:41.521Z] [+] #5171 | 65526170_881688108836789_6170615737917374464_n.jpg
[2026-04-17T02:39:43.414Z] [+] #5172 | 65624477_881163162222617_4667340019965362176_n.jpg
[2026-04-17T02:39:45.323Z] [+] #5173 | 65318301_877804465891820_2318101228128567296_n.jpg
[2026-04-17T02:39:47.185Z] [+] #5174 | 64955636_874119986260268_6113380037363236864_n.jpg
[2026-04-17T02:39:49.173Z] [+] #5175 | 64275694_870546549950945_3837362161521262592_n.jpg
[2026-04-17T02:39:51.054Z] [+] #5176 | 62372382_865585460447054_1719200229481250816_n.jpg
[2026-04-17T02:39:52.859Z] [+] #5177 | 61603393_860658897606377_5982827385345540096_n.jpg
[2026-04-17T02:39:53.132Z] [VIEWER] Round 5180 | Collected: 5177
[2026-04-17T02:39:54.646Z] [+] #5178 | 61492498_860389917633275_1536829441282408448_n.jpg
[2026-04-17T02:39:56.463Z] [+] #5179 | 61754256_860389880966612_7105822313748103168_n.jpg
[2026-04-17T02:39:58.351Z] [+] #5180 | 62195628_860389840966616_2174448517836177408_n.jpg
[2026-04-17T02:40:00.203Z] [+] #5181 | 61639970_860389807633286_8341731279527477248_n.jpg
[2026-04-17T02:40:02.142Z] [+] #5182 | 61682880_860389770966623_2251938966330671104_n.jpg
[2026-04-17T02:40:03.936Z] [+] #5183 | 62144073_860389764299957_5070587301021614080_n.jpg
[2026-04-17T02:40:05.722Z] [+] #5184 | 61681833_860389747633292_7434101889840447488_n.jpg
[2026-04-17T02:40:07.504Z] [+] #5185 | 61204819_857425154596418_6489375059436634112_n.jpg
[2026-04-17T02:40:09.296Z] [+] #5186 | 61276635_855421774796756_799600688630857728_n.jpg
[2026-04-17T02:40:11.090Z] [+] #5187 | 60922150_854793018192965_890687319957307392_n.jpg
[2026-04-17T02:40:12.882Z] [+] #5188 | 60864684_853214365017497_3600625595685273600_n.jpg
[2026-04-17T02:40:14.678Z] [+] #5189 | 60637605_853214298350837_149932523709792256_n.jpg
[2026-04-17T02:40:16.482Z] [+] #5190 | 60805640_853214288350838_5220603628133285888_n.jpg
[2026-04-17T02:40:18.338Z] [+] #5191 | 60574056_853214268350840_6007823094280880128_n.jpg
[2026-04-17T02:40:20.154Z] [+] #5192 | 60874243_852877148384552_3063759296480149504_n.jpg
[2026-04-17T02:40:21.950Z] [+] #5193 | 60496422_851460621859538_3402203148901679104_n.jpg
[2026-04-17T02:40:23.742Z] [+] #5194 | 60424140_851460558526211_4562817476806574080_n.jpg
[2026-04-17T02:40:25.534Z] [+] #5195 | 60712422_851274161878184_3332766227943653376_n.jpg
[2026-04-17T02:40:27.332Z] [+] #5196 | 60549580_851274121878188_3665053682833031168_n.jpg
[2026-04-17T02:40:29.125Z] [+] #5197 | 60630989_851274058544861_8284227624553676800_n.jpg
[2026-04-17T02:40:29.402Z] [VIEWER] Round 5200 | Collected: 5197
[2026-04-17T02:40:30.923Z] [+] #5198 | 60335286_850559888616278_6289453806505689088_n.jpg
[2026-04-17T02:40:32.718Z] [+] #5199 | 60943856_850559825282951_827425058732376064_n.jpg
[2026-04-17T02:40:34.507Z] [+] #5200 | 60845905_850559768616290_8884911056103669760_n.jpg
[2026-04-17T02:40:36.299Z] [+] #5201 | 60333852_849537078718559_3224557645067190272_n.jpg
[2026-04-17T02:40:38.309Z] [+] #5202 | 60618345_849537022051898_6145851802597195776_n.jpg
[2026-04-17T02:40:40.097Z] [+] #5203 | 60611773_849536998718567_3618033823985434624_n.jpg
[2026-04-17T02:40:41.888Z] [+] #5204 | 60271019_849536978718569_3613486050619424768_n.jpg
[2026-04-17T02:40:43.877Z] [+] #5205 | 60359715_849536918718575_7894500660027064320_n.jpg
[2026-04-17T02:40:47.062Z] [+] #5206 | 60499487_849536892051911_6047165879475503104_n.jpg
[2026-04-17T02:40:48.819Z] [RETRY] Không tìm thấy ảnh, reload lần 1 | url=https://www.facebook.com/photo/?fbid=848779612127639&set=pb.100044313229653.-2207520000
[2026-04-17T02:40:52.449Z] [+] #5207 | 60805313_848779615460972_9031898052587159552_n.jpg
[2026-04-17T02:40:54.282Z] [+] #5208 | 60333780_848779582127642_8549789193381871616_n.jpg
[2026-04-17T02:40:56.109Z] [+] #5209 | 60259095_848055582200042_863704540107505664_n.jpg
[2026-04-17T02:40:57.925Z] [+] #5210 | 60226677_848053825533551_7318439167883476992_n.jpg
[2026-04-17T02:40:59.783Z] [+] #5211 | 60713779_848053775533556_3081676298016260096_n.jpg
[2026-04-17T02:41:02.377Z] [+] #5212 | 60091218_848053762200224_3767136366740111360_n.jpg
[2026-04-17T02:41:04.382Z] [+] #5213 | 60078898_848053752200225_2795857743569747968_n.jpg
[2026-04-17T02:41:06.664Z] [+] #5214 | 59972670_847467905592143_2507564450442117120_n.jpg
[2026-04-17T02:41:08.569Z] [+] #5215 | 60327141_847467895592144_2759529995352145920_n.jpg
[2026-04-17T02:41:10.512Z] [+] #5216 | 60097054_847467842258816_8706369583436529664_n.jpg
[2026-04-17T02:41:12.420Z] [+] #5217 | 60206394_847467832258817_6582569707956600832_n.jpg
[2026-04-17T02:41:12.800Z] [VIEWER] Round 5220 | Collected: 5217
[2026-04-17T02:41:14.367Z] [+] #5218 | 59981835_847467822258818_7190113726991695872_n.jpg
[2026-04-17T02:41:16.265Z] [+] #5219 | 60236262_846691389003128_5065157977028165632_n.jpg
[2026-04-17T02:41:21.527Z] [+] #5220 | 59800671_845844169087850_7778200401714610176_n.jpg
[2026-04-17T02:41:23.349Z] [+] #5221 | 60003692_845844132421187_2115600933235720192_n.jpg
[2026-04-17T02:41:25.186Z] [+] #5222 | 60039538_845620219110245_3164367041373143040_n.jpg
[2026-04-17T02:41:27.006Z] [+] #5223 | 60242637_844933945845539_693478373233524736_n.jpg
[2026-04-17T02:41:28.840Z] [+] #5224 | 60044863_844933915845542_3598660703981928448_n.jpg
[2026-04-17T02:41:30.651Z] [+] #5225 | 60236256_844933889178878_1237306333389127680_n.jpg
[2026-04-17T02:41:32.483Z] [+] #5226 | 60140597_844933879178879_5101101222593560576_n.jpg
[2026-04-17T02:41:34.299Z] [+] #5227 | 59624677_843707985968135_7131554356171636736_n.jpg
[2026-04-17T02:41:36.103Z] [+] #5228 | 59921802_843707935968140_990811700640874496_n.jpg
[2026-04-17T02:41:39.238Z] [+] #5229 | 59611821_843707902634810_4414488796964323328_n.jpg
[2026-04-17T02:41:41.142Z] [+] #5230 | 59632152_841881442817456_7929891096056823808_n.jpg
[2026-04-17T02:41:43.001Z] [+] #5231 | 59538899_841881232817477_3009574216707080192_n.jpg
[2026-04-17T02:41:44.834Z] [+] #5232 | 59295896_841881222817478_8996967689159180288_n.jpg
[2026-04-17T02:41:46.629Z] [+] #5233 | 59436500_841881212817479_6631454076531900416_n.jpg
[2026-04-17T02:41:48.606Z] [+] #5234 | 59039421_841222516216682_6257526939477606400_n.jpg
[2026-04-17T02:41:50.418Z] [+] #5235 | 58679360_839567489715518_1219476828926771200_n.jpg
[2026-04-17T02:41:52.398Z] [+] #5236 | 58666121_839567459715521_5281165987016605696_n.jpg
[2026-04-17T02:41:54.197Z] [+] #5237 | 58784826_839567399715527_38743740336046080_n.jpg
[2026-04-17T02:41:54.481Z] [VIEWER] Round 5240 | Collected: 5237
[2026-04-17T02:41:55.997Z] [+] #5238 | 59342922_839567353048865_9066952192677642240_n.jpg
[2026-04-17T02:41:57.802Z] [+] #5239 | 58441450_838316439840623_2166537858091843584_n.jpg
[2026-04-17T02:41:59.607Z] [+] #5240 | 59388660_838316379840629_3212365942310830080_n.jpg
[2026-04-17T02:42:01.414Z] [+] #5241 | 58671901_838316369840630_2383478996969979904_n.jpg
[2026-04-17T02:42:03.220Z] [+] #5242 | 59064496_838316363173964_5544160561266163712_n.jpg
[2026-04-17T02:42:05.039Z] [+] #5243 | 58443587_836571460015121_1679805986283454464_n.jpg
[2026-04-17T02:42:06.865Z] [+] #5244 | 58382126_836571440015123_5148955069600759808_n.jpg
[2026-04-17T02:42:08.664Z] [+] #5245 | 58656802_836494173356183_6223618052416602112_n.jpg
[2026-04-17T02:42:10.516Z] [+] #5246 | 58032958_836490846689849_6259310480481845248_n.png
[2026-04-17T02:42:12.442Z] [+] #5247 | 58380401_835222800149987_2192119400566358016_n.jpg
[2026-04-17T02:42:14.280Z] [+] #5248 | 57882573_834512146887719_8200700857222692864_n.jpg
[2026-04-17T02:42:16.079Z] [+] #5249 | 57410767_831447047194229_2798566712587321344_n.jpg
[2026-04-17T02:42:18.112Z] [+] #5250 | 56478685_827326944272906_2425283026058477568_n.jpg
[2026-04-17T02:42:24.752Z] [+] #5251 | 56852924_827326920939575_4581883738576650240_n.jpg
[2026-04-17T02:42:26.930Z] [+] #5252 | 56608911_825786101093657_4670302173010067456_n.jpg
[2026-04-17T02:42:29.318Z] [+] #5253 | 56533738_823366278002306_2590954895511126016_n.jpg
[2026-04-17T02:42:31.140Z] [+] #5254 | 55576421_817514951920772_3845393363817725952_n.jpg
[2026-04-17T02:42:33.126Z] [+] #5255 | 54114840_814342158904718_2583953570537668608_n.jpg
[2026-04-17T02:42:35.106Z] [+] #5256 | 53687163_811324829206451_1147498726143557632_n.jpg
[2026-04-17T02:42:37.090Z] [+] #5257 | 54114873_811324732539794_5369502280200486912_n.jpg
[2026-04-17T02:42:38.356Z] [VIEWER] Round 5260 | Collected: 5257
[2026-04-17T02:42:39.879Z] [+] #5258 | 53567228_811324705873130_6236091045466079232_n.jpg
[2026-04-17T02:42:42.469Z] [+] #5259 | 54435353_811324649206469_469187368490893312_n.jpg
[2026-04-17T02:42:44.452Z] [+] #5260 | 53685677_811324609206473_699039608557535232_n.jpg
[2026-04-17T02:42:46.635Z] [+] #5261 | 53617034_811324589206475_1834581111389290496_n.jpg
[2026-04-17T02:42:49.219Z] [+] #5262 | 54432845_811324532539814_867262280562114560_n.jpg
[2026-04-17T02:42:51.604Z] [+] #5263 | 53725698_811324519206482_2295457138341838848_n.jpg
[2026-04-17T02:42:54.182Z] [+] #5264 | 53761280_811324502539817_4810641535076925440_n.jpg
[2026-04-17T02:42:56.779Z] [+] #5265 | 53516242_810170019321932_572600031970852864_n.jpg
[2026-04-17T02:42:58.965Z] [+] #5266 | 52983108_803646243307643_825303473737170944_n.jpg
[2026-04-17T02:43:01.148Z] [+] #5267 | 52685570_800255196980081_38562840608505856_n.jpg
[2026-04-17T02:43:04.152Z] [+] #5268 | 51669876_799665900372344_7317956044192219136_n.jpg
[2026-04-17T02:43:08.753Z] [+] #5269 | 52378368_799665873705680_8463610983825276928_n.jpg
[2026-04-17T02:43:10.942Z] [+] #5270 | 52598841_799665810372353_7879738591142739968_n.jpg
[2026-04-17T02:43:13.933Z] [+] #5271 | 52498753_799665770372357_8665150112281919488_n.jpg
[2026-04-17T02:43:16.112Z] [+] #5272 | 52868336_799665757039025_6681266278302220288_n.jpg
[2026-04-17T02:43:18.693Z] [+] #5273 | 52415926_798978030441131_7646286949438717952_n.jpg
[2026-04-17T02:43:20.670Z] [+] #5274 | 52520525_798977500441184_5427327529440509952_n.jpg
[2026-04-17T02:43:22.851Z] [+] #5275 | 52562644_798977457107855_8951122323478413312_n.jpg
[2026-04-17T02:43:24.838Z] [+] #5276 | 52327098_798977427107858_1186680119352098816_n.jpg
[2026-04-17T02:43:27.218Z] [+] #5277 | 52350887_798977400441194_1675407836693135360_n.jpg
[2026-04-17T02:43:28.080Z] [VIEWER] Round 5280 | Collected: 5277
[2026-04-17T02:43:29.600Z] [+] #5278 | 52188138_798977337107867_3675606013752377344_n.jpg
[2026-04-17T02:43:32.004Z] [+] #5279 | 52550248_798977313774536_2414723969220345856_n.jpg
[2026-04-17T02:43:34.015Z] [+] #5280 | 52403879_798977287107872_6361467755085955072_n.jpg
[2026-04-17T02:43:36.593Z] [+] #5281 | 52551332_798977260441208_5387197635654320128_n.jpg
[2026-04-17T02:43:38.574Z] [+] #5282 | 52480850_798977210441213_6555491957789949952_n.jpg
[2026-04-17T02:43:40.749Z] [+] #5283 | 52141239_798977187107882_1721497946790297600_n.jpg
[2026-04-17T02:43:42.928Z] [+] #5284 | 52109814_798321597173441_8613712432893788160_n.jpg
[2026-04-17T02:43:45.513Z] [+] #5285 | 51822175_797160947289506_487333961798778880_n.png
[2026-04-17T02:43:48.508Z] [+] #5286 | 52596478_796145867391014_4458082113723301888_n.jpg
[2026-04-17T02:43:50.693Z] [+] #5287 | 51749978_796145840724350_8453132010947346432_n.jpg
[2026-04-17T02:43:53.478Z] [+] #5288 | 51952967_796145817391019_941765201345118208_n.jpg
[2026-04-17T02:43:56.461Z] [+] #5289 | 52120263_796145774057690_7138656853394718720_n.jpg
[2026-04-17T02:43:58.441Z] [+] #5290 | 52364618_796145747391026_1980613495556669440_n.jpg
[2026-04-17T02:44:00.639Z] [+] #5291 | 51805381_796145710724363_8929602505805922304_n.jpg
[2026-04-17T02:44:03.420Z] [+] #5292 | 51828319_796145690724365_1294266554740899840_n.jpg
[2026-04-17T02:44:06.619Z] [+] #5293 | 51912961_796145667391034_5365461802601676800_n.jpg
[2026-04-17T02:44:11.235Z] [+] #5294 | 51900611_796145607391040_7615367548594290688_n.jpg
[2026-04-17T02:44:14.241Z] [+] #5295 | 52569209_796145594057708_4091349141379088384_n.jpg
[2026-04-17T02:44:17.263Z] [+] #5296 | 51895257_796145584057709_7535841500349857792_n.jpg
[2026-04-17T02:44:19.905Z] [+] #5297 | 52025810_795530840785850_212524044187074560_n.jpg
[2026-04-17T02:44:21.369Z] [VIEWER] Round 5300 | Collected: 5297
[2026-04-17T02:44:22.884Z] [RETRY] Không tìm thấy ảnh, reload lần 1 | url=https://www.facebook.com/photo/?fbid=791143801224554&set=pb.100044313229653.-2207520000
[2026-04-17T02:44:27.681Z] [+] #5298 | 50791526_791143807891220_1571162658227355648_n.jpg
[2026-04-17T02:44:29.486Z] [+] #5299 | 50517200_782261925446075_4783435674625769472_n.jpg
[2026-04-17T02:44:31.290Z] [+] #5300 | 50803404_782261892112745_7108339890433032192_n.jpg
[2026-04-17T02:44:33.100Z] [+] #5301 | 50962038_782261868779414_7468891962456670208_n.jpg
[2026-04-17T02:44:35.103Z] [+] #5302 | 50556444_782261848779416_2929091254044065792_n.jpg
[2026-04-17T02:44:38.096Z] [+] #5303 | 50277578_782261818779419_5925285028421435392_n.jpg
[2026-04-17T02:44:40.118Z] [+] #5304 | 50567770_782261765446091_4427994802662932480_n.jpg
[2026-04-17T02:44:43.127Z] [+] #5305 | 51121306_782261782112756_7236780599657103360_n.jpg
[2026-04-17T02:44:46.120Z] [+] #5306 | 50681589_782261748779426_6048829732626104320_n.jpg
[2026-04-17T02:44:51.280Z] [STUCK] URL không đổi sau ArrowRight round=5309, tự reload...
[2026-04-17T02:44:57.235Z] [+] #5307 | 50681589_782261748779426_6048829732626104320_n.jpg
[2026-04-17T02:44:59.037Z] [+] #5308 | 49719501_776265056045762_8935892446756208640_n.jpg
[2026-04-17T02:45:00.833Z] [+] #5309 | 48422349_765217287150539_5363839842562080768_n.jpg
[2026-04-17T02:45:03.224Z] [+] #5310 | 48046811_757570951248506_1881543984610803712_n.jpg
[2026-04-17T02:45:05.837Z] [+] #5311 | 47688690_757570707915197_4215854659832643584_n.jpg
[2026-04-17T02:45:08.297Z] [+] #5312 | 48244254_757570611248540_6438983642671742976_n.jpg
[2026-04-17T02:45:11.100Z] [+] #5313 | 47573124_757570511248550_334618415245295616_n.jpg
[2026-04-17T02:45:13.489Z] [+] #5314 | 48056347_757570451248556_6462049850434256896_n.jpg
[2026-04-17T02:45:15.701Z] [+] #5315 | 48243129_757570421248559_1231552344227840000_n.jpg
[2026-04-17T02:45:17.889Z] [+] #5316 | 47685935_757570361248565_3423378969758531584_n.jpg
[2026-04-17T02:45:20.069Z] [+] #5317 | 48355492_757570264581908_6012925292090228736_n.jpg
[2026-04-17T02:45:20.730Z] [VIEWER] Round 5320 | Collected: 5317
[2026-04-17T02:45:22.258Z] [+] #5318 | 48371048_757570187915249_682290992744759296_n.jpg
[2026-04-17T02:45:24.644Z] [+] #5319 | 48358638_757570151248586_3158080901468913664_n.jpg
[2026-04-17T02:45:26.627Z] [+] #5320 | 48235369_757570001248601_3696861849849954304_n.jpg
[2026-04-17T02:45:28.610Z] [+] #5321 | 48059199_757569947915273_2203688839870939136_n.jpg
[2026-04-17T02:45:30.594Z] [+] #5322 | 48357699_757569787915289_3589067456439648256_n.jpg
[2026-04-17T02:45:32.393Z] [+] #5323 | 48197935_757569701248631_3208983320557780992_n.jpg
[2026-04-17T02:45:34.374Z] [+] #5324 | 48176028_757569654581969_916372908014567424_n.jpg
[2026-04-17T02:45:37.165Z] [+] #5325 | 48350178_757569571248644_3707305492326907904_n.jpg
[2026-04-17T02:45:39.143Z] [+] #5326 | 47685315_757569337915334_5825549917803773952_n.jpg
[2026-04-17T02:45:41.325Z] [+] #5327 | 47684317_757569227915345_2654838870432022528_n.jpg
[2026-04-17T02:45:43.303Z] [+] #5328 | 47572450_757569147915353_6643406321976606720_n.jpg
[2026-04-17T02:45:45.272Z] [+] #5329 | 48277866_757569107915357_878885802094886912_n.jpg
[2026-04-17T02:45:47.248Z] [+] #5330 | 47686395_757569071248694_6322174297590726656_n.jpg
[2026-04-17T02:45:49.630Z] [+] #5331 | 47577545_757568954582039_348216492157829120_n.jpg
[2026-04-17T02:45:52.216Z] [+] #5332 | 48202612_757568874582047_1340977639799652352_n.jpg
[2026-04-17T02:45:54.013Z] [+] #5333 | 48364814_757568734582061_5363195876640555008_n.jpg
[2026-04-17T02:45:55.809Z] [+] #5334 | 48358522_757568651248736_6449867218648825856_n.jpg
[2026-04-17T02:45:57.579Z] [+] #5335 | 48321952_757568577915410_4485403199557074944_n.jpg
[2026-04-17T02:46:01.378Z] [+] #5336 | 48084340_757568377915430_1262063684524441600_n.jpg
[2026-04-17T02:46:04.162Z] [+] #5337 | 48360398_757568197915448_8251475591228817408_n.jpg
[2026-04-17T02:46:04.620Z] [VIEWER] Round 5340 | Collected: 5337
[2026-04-17T02:46:06.135Z] [+] #5338 | 48045663_757568134582121_2713360991000723456_n.jpg
[2026-04-17T02:46:07.950Z] [+] #5339 | 48373929_757568041248797_515434283549065216_n.jpg
[2026-04-17T02:46:09.788Z] [+] #5340 | 48174593_757567841248817_7632474437693997056_n.jpg
[2026-04-17T02:46:11.763Z] [+] #5341 | 48374775_757567811248820_2252552175991390208_n.jpg
[2026-04-17T02:46:13.553Z] [+] #5342 | 48266695_757567417915526_7865590114171224064_n.jpg
[2026-04-17T02:46:15.533Z] [+] #5343 | 48386499_757567374582197_411767839041519616_n.jpg
[2026-04-17T02:46:17.713Z] [+] #5344 | 47290704_757567201248881_5698422029758234624_n.jpg
[2026-04-17T02:46:19.690Z] [+] #5345 | 48368808_757567187915549_4140732254441701376_n.jpg
[2026-04-17T02:46:21.869Z] [+] #5346 | 48252782_756645888007679_7335263598458961920_n.jpg
[2026-04-17T02:46:23.669Z] [+] #5347 | 48266701_756645814674353_2839829592976392192_n.jpg
[2026-04-17T02:46:25.456Z] [+] #5348 | 47580182_756645734674361_6567685838094729216_n.jpg
[2026-04-17T02:46:27.235Z] [+] #5349 | 48350175_756645674674367_3600155258111655936_n.jpg
[2026-04-17T02:46:29.029Z] [+] #5350 | 47581150_755890084749926_7270250730039017472_n.jpg
[2026-04-17T02:46:30.823Z] [+] #5351 | 48045688_754968911508710_2508617554948259840_n.jpg
[2026-04-17T02:46:32.617Z] [+] #5352 | 47380518_754345444904390_1027828095324782592_n.jpg
[2026-04-17T02:46:34.415Z] [+] #5353 | 45693909_738656779806590_1575890506687184896_n.jpg
[2026-04-17T02:46:36.207Z] [+] #5354 | 45737643_738656759806592_8893949058863857664_n.jpg
[2026-04-17T02:46:38.004Z] [+] #5355 | 45643931_738640846474850_1320437718915743744_n.jpg
[2026-04-17T02:46:40.184Z] [+] #5356 | 45797977_738640513141550_6773492016559947776_n.jpg
[2026-04-17T02:46:42.155Z] [+] #5357 | 45696403_738640429808225_2414817028276748288_n.jpg
[2026-04-17T02:46:44.630Z] [VIEWER] Round 5360 | Collected: 5357
[2026-04-17T02:46:46.156Z] [+] #5358 | 45665145_738640419808226_2677557520851009536_n.jpg
[2026-04-17T02:46:47.948Z] [+] #5359 | 45907962_738639999808268_7056998156319326208_n.jpg
[2026-04-17T02:46:49.926Z] [+] #5360 | 45860115_738639826474952_5492407841731903488_n.jpg
[2026-04-17T02:46:51.893Z] [+] #5361 | 45841121_738639806474954_7397211363468115968_n.jpg
[2026-04-17T02:46:53.688Z] [+] #5362 | 45665844_738639466474988_8391880339877789696_n.jpg
[2026-04-17T02:46:55.669Z] [+] #5363 | 45707986_738639359808332_5790306610173706240_n.jpg
[2026-04-17T02:46:57.853Z] [+] #5364 | 45801824_738639226475012_3970166063596830720_n.jpg
[2026-04-17T02:47:02.050Z] [+] #5365 | 45383228_736391516699783_4031262909685301248_n.jpg
[2026-04-17T02:47:03.847Z] [+] #5366 | 45483829_736391473366454_7916061992853438464_n.jpg
[2026-04-17T02:47:05.645Z] [+] #5367 | 45424054_736391423366459_5517684304089448448_n.jpg
[2026-04-17T02:47:07.440Z] [+] #5368 | 45280746_735376646801270_8980516096104726528_n.jpg
[2026-04-17T02:47:09.416Z] [+] #5369 | 45252664_735376546801280_5025646326604365824_n.jpg
[2026-04-17T02:47:11.209Z] [+] #5370 | 45231185_735376493467952_679885656440176640_n.jpg
[2026-04-17T02:47:13.186Z] [+] #5371 | 45449508_735376423467959_4277808699789017088_n.jpg
[2026-04-17T02:47:14.976Z] [+] #5372 | 45424927_735376350134633_6716924870615105536_n.jpg
[2026-04-17T02:47:16.765Z] [+] #5373 | 45290536_735376256801309_2737805711466561536_n.jpg
[2026-04-17T02:47:18.567Z] [+] #5374 | 45410546_735376166801318_4533566829670432768_n.jpg
[2026-04-17T02:47:20.740Z] [+] #5375 | 45359149_735376043467997_5579251479161602048_n.jpg
[2026-04-17T02:47:22.538Z] [+] #5376 | 45414770_735375986801336_5172293273347162112_n.jpg
[2026-04-17T02:47:24.335Z] [+] #5377 | 45393973_735375900134678_953519951308652544_n.jpg
[2026-04-17T02:47:24.611Z] [VIEWER] Round 5380 | Collected: 5377
[2026-04-17T02:47:26.138Z] [+] #5378 | 45381838_735375846801350_7377874329779830784_n.jpg
[2026-04-17T02:47:27.936Z] [+] #5379 | 45289469_734939920178276_2936121101895335936_n.jpg
[2026-04-17T02:47:29.730Z] [+] #5380 | 45228723_734939863511615_1814915276479660032_n.jpg
[2026-04-17T02:47:33.528Z] [+] #5381 | 45208127_734939820178286_6430449662913675264_n.jpg
[2026-04-17T02:47:35.512Z] [+] #5382 | 45184356_734939723511629_6579775135945850880_n.jpg
[2026-04-17T02:47:37.492Z] [+] #5383 | 45345815_734939703511631_1189574858590126080_n.jpg
[2026-04-17T02:47:39.678Z] [+] #5384 | 45371610_734939666844968_6751642727651213312_n.jpg
[2026-04-17T02:47:41.855Z] [+] #5385 | 45282907_734939620178306_6615998005357051904_n.jpg
[2026-04-17T02:47:44.031Z] [+] #5386 | 45328000_734939550178313_6457169848462999552_n.jpg
[2026-04-17T02:47:46.211Z] [+] #5387 | 45265688_734939526844982_2735544041818030080_n.jpg
[2026-04-17T02:47:48.383Z] [+] #5388 | 45201159_734939466844988_6499645357033521152_n.jpg
[2026-04-17T02:47:50.363Z] [+] #5389 | 45232398_734939323511669_6497823702489497600_n.jpg
[2026-04-17T02:47:52.342Z] [+] #5390 | 45213304_734939316845003_266531978034020352_n.jpg
[2026-04-17T02:47:54.522Z] [+] #5391 | 45261580_734939283511673_891680848972087296_n.jpg
[2026-04-17T02:47:56.515Z] [+] #5392 | 45222723_734938563511745_7602985793535082496_n.jpg
[2026-04-17T02:47:58.495Z] [+] #5393 | 45284381_734938556845079_6490382401066237952_n.jpg
[2026-04-17T02:48:00.679Z] [+] #5394 | 45329586_734938493511752_6960339234423046144_n.jpg
[2026-04-17T02:48:03.055Z] [+] #5395 | 45208541_734938406845094_2393402570446995456_n.jpg
[2026-04-17T02:48:05.237Z] [+] #5396 | 45276549_734938423511759_482175955184386048_n.jpg
[2026-04-17T02:48:07.420Z] [+] #5397 | 45194050_734938380178430_4498782297562021888_n.jpg
[2026-04-17T02:48:08.281Z] [VIEWER] Round 5400 | Collected: 5397
[2026-04-17T02:48:09.803Z] [+] #5398 | 45221565_734938293511772_1205241022385225728_n.jpg
[2026-04-17T02:48:11.788Z] [+] #5399 | 45291709_734938260178442_3872521081633898496_n.jpg
[2026-04-17T02:48:13.587Z] [+] #5400 | 45166289_734938223511779_6956781317874778112_n.jpg
[2026-04-17T02:48:15.386Z] [+] #5401 | 45163725_734938130178455_3364044430355988480_n.jpg
[2026-04-17T02:48:17.366Z] [+] #5402 | 45222643_734938120178456_4178750738010210304_n.jpg
[2026-04-17T02:48:20.359Z] [+] #5403 | 45196136_734938086845126_8202308008215052288_n.jpg
[2026-04-17T02:48:22.740Z] [+] #5404 | 45326877_734937846845150_1601397707572772864_n.jpg
[2026-04-17T02:48:24.723Z] [+] #5405 | 45219343_734937770178491_1793267876803641344_n.jpg
[2026-04-17T02:48:26.706Z] [+] #5406 | 45254730_734937750178493_2813880435661078528_n.jpg
[2026-04-17T02:48:28.681Z] [+] #5407 | 45250658_734937703511831_450968941854982144_n.jpg
[2026-04-17T02:48:30.666Z] [+] #5408 | 45155483_733746556964279_3654789466909835264_n.jpg
[2026-04-17T02:48:33.049Z] [+] #5409 | 45114039_733746486964286_3377062227122061312_n.jpg
[2026-04-17T02:48:35.427Z] [+] #5410 | 45095162_733746403630961_8327875977023586304_n.jpg
[2026-04-17T02:48:37.608Z] [+] #5411 | 45085739_733746356964299_281571957072199680_n.jpg
[2026-04-17T02:48:39.785Z] [+] #5412 | 45163762_733274223678179_3011848556509134848_n.jpg
[2026-04-17T02:48:41.761Z] [+] #5413 | 45085111_733274187011516_1481250283844534272_n.jpg
[2026-04-17T02:48:43.940Z] [+] #5414 | 44996430_733274147011520_7644103770317520896_n.jpg
[2026-04-17T02:48:46.117Z] [+] #5415 | 45126478_733274097011525_6675415721096249344_n.jpg
[2026-04-17T02:48:48.300Z] [+] #5416 | 42761311_718213551850913_4881168072058077184_n.jpg
[2026-04-17T02:48:50.886Z] [+] #5417 | 42707489_717249825280619_6214453644473925632_n.jpg
[2026-04-17T02:48:51.163Z] [VIEWER] Round 5420 | Collected: 5417
[2026-04-17T02:48:52.678Z] [+] #5418 | 42635999_717249801947288_6462487971458187264_n.jpg
[2026-04-17T02:48:55.061Z] [+] #5419 | 42730742_717249761947292_3285678096295919616_n.jpg
[2026-04-17T02:48:57.274Z] [+] #5420 | 42620002_717249725280629_232877241367789568_n.jpg
[2026-04-17T02:48:59.449Z] [+] #5421 | 42394594_715522725453329_3106343519262867456_n.jpg
[2026-04-17T02:49:01.433Z] [+] #5422 | 42394651_715522695453332_4603373427053559808_n.jpg
[2026-04-17T02:49:03.408Z] [+] #5423 | 42372639_715522658786669_5562429196069765120_n.jpg
[2026-04-17T02:49:05.592Z] [+] #5424 | 42438141_715522632120005_7238694918120538112_n.jpg
[2026-04-17T02:49:08.178Z] [+] #5425 | 42190359_713205282351740_3465052461906001920_n.jpg
[2026-04-17T02:49:10.959Z] [+] #5426 | 42107428_713205122351756_7426872373254553600_n.jpg
[2026-04-17T02:49:12.944Z] [+] #5427 | 42124194_713204869018448_1549039221556117504_n.jpg
[2026-04-17T02:49:15.127Z] [+] #5428 | 42132818_713203029018632_6942354698821173248_n.jpg
[2026-04-17T02:49:17.313Z] [+] #5429 | 42059126_713202562352012_8689052756335394816_n.jpg
[2026-04-17T02:49:20.908Z] [+] #5430 | 42158382_713202355685366_603178365167337472_n.jpg
[2026-04-17T02:49:23.901Z] [+] #5431 | 42125592_713202089018726_7554529762048212992_n.jpg
[2026-04-17T02:49:25.885Z] [+] #5432 | 42223546_713201939018741_3112281333024423936_n.jpg
[2026-04-17T02:49:28.269Z] [+] #5433 | 42059582_713201702352098_709603819356422144_n.jpg
[2026-04-17T02:49:30.248Z] [+] #5434 | 41916539_713201432352125_5482269756113289216_n.jpg
[2026-04-17T02:49:32.832Z] [+] #5435 | 42090051_713201409018794_380905479657750528_n.jpg
[2026-04-17T02:49:34.813Z] [+] #5436 | 42120737_713200999018835_2062547972482138112_n.jpg
[2026-04-17T02:49:37.193Z] [+] #5437 | 42194352_713200729018862_6344856380658155520_n.jpg
[2026-04-17T02:49:38.256Z] [VIEWER] Round 5440 | Collected: 5437
[2026-04-17T02:49:39.780Z] [+] #5438 | 42117768_713200619018873_2467654656549978112_n.jpg
[2026-04-17T02:49:41.998Z] [+] #5439 | 42142884_713199862352282_6454374576372580352_n.jpg
[2026-04-17T02:49:44.796Z] [+] #5440 | 42132847_713199732352295_8157946369051459584_n.jpg
[2026-04-17T02:49:47.179Z] [+] #5441 | 42144616_713199615685640_2074142653309517824_n.jpg
[2026-04-17T02:49:49.766Z] [+] #5442 | 42119053_713199529018982_648466506086088704_n.jpg
[2026-04-17T02:49:51.948Z] [+] #5443 | 42156885_713199409018994_1651285724105801728_n.jpg
[2026-04-17T02:49:53.936Z] [+] #5444 | 42143640_713199255685676_6766228084401111040_n.jpg
[2026-04-17T02:49:55.920Z] [+] #5445 | 42202466_713199172352351_1383934897671897088_n.jpg
[2026-04-17T02:49:57.902Z] [+] #5446 | 42045306_713198852352383_8280793519027650560_n.jpg
[2026-04-17T02:49:59.892Z] [+] #5447 | 42088786_713198709019064_1249358277909676032_n.jpg
[2026-04-17T02:50:02.073Z] [+] #5448 | 42135623_713198592352409_3996112768485818368_n.jpg
[2026-04-17T02:50:04.049Z] [+] #5449 | 42096573_713198562352412_445301745392812032_n.jpg
[2026-04-17T02:50:06.632Z] [+] #5450 | 42058405_712556952416573_1490103186399166464_n.jpg
[2026-04-17T02:50:08.803Z] [+] #5451 | 41761450_711118472560421_3991629681622253568_n.jpg
[2026-04-17T02:50:10.785Z] [+] #5452 | 40549203_703517609987174_2605979425551941632_n.jpg
[2026-04-17T02:50:13.579Z] [+] #5453 | 40063660_701107583561510_2875310605571457024_n.jpg
[2026-04-17T02:50:15.759Z] [+] #5454 | 40026363_699620307043571_2723072002251292672_n.jpg
[2026-04-17T02:50:18.035Z] [+] #5455 | 39913657_698508200488115_2929946639730737152_n.jpg
[2026-04-17T02:50:20.430Z] [+] #5456 | 39804947_697646380574297_8087749376320995328_n.jpg
[2026-04-17T02:50:22.614Z] [+] #5457 | 39270916_692191731119762_7907873637703614464_n.jpg
[2026-04-17T02:50:23.073Z] [VIEWER] Round 5460 | Collected: 5457
[2026-04-17T02:50:24.595Z] [+] #5458 | 39285754_690058747999727_747622479018590208_n.jpg
[2026-04-17T02:50:26.984Z] [+] #5459 | 39109208_690058631333072_2397173427178831872_n.jpg
[2026-04-17T02:50:29.362Z] [+] #5460 | 39138621_690058567999745_975720925024485376_n.jpg
[2026-04-17T02:50:31.339Z] [+] #5461 | 39161513_690058497999752_4802470368386220032_n.jpg
[2026-04-17T02:50:33.322Z] [+] #5462 | 39169605_690058431333092_3517618777095143424_n.jpg
[2026-04-17T02:50:35.120Z] [+] #5463 | 39137824_690058344666434_6549309794748989440_n.jpg
[2026-04-17T02:50:39.120Z] [+] #5464 | 39200061_690058294666439_5824616655770091520_n.jpg
[2026-04-17T02:50:41.105Z] [+] #5465 | 39145618_690058214666447_5432914263985356800_n.jpg
[2026-04-17T02:50:44.091Z] [+] #5466 | 38999953_690058134666455_319193302194716672_n.jpg
[2026-04-17T02:50:46.068Z] [+] #5467 | 39090069_690058037999798_4454527547249524736_n.jpg
[2026-04-17T02:50:48.250Z] [+] #5468 | 39137663_690057994666469_2562733524402569216_n.jpg
[2026-04-17T02:50:50.638Z] [+] #5469 | 39253509_690057927999809_6547357895321714688_n.jpg
[2026-04-17T02:50:52.624Z] [+] #5470 | 39253465_690057891333146_8857737661310304256_n.jpg
[2026-04-17T02:50:54.626Z] [+] #5471 | 39245320_690057834666485_8028054231464280064_n.jpg
[2026-04-17T02:50:56.606Z] [+] #5472 | 39273566_690057767999825_2975354859345149952_n.jpg
[2026-04-17T02:50:59.385Z] [+] #5473 | 39091703_689030918102510_6200444805479137280_n.jpg
[2026-04-17T02:51:01.767Z] [+] #5474 | 38935483_686332125039056_1016708227426942976_n.jpg
[2026-04-17T02:51:03.561Z] [+] #5475 | 39005904_686332071705728_2734959629913030656_n.jpg
[2026-04-17T02:51:05.755Z] [+] #5476 | 38996299_686332025039066_4704061668223614976_n.jpg
[2026-04-17T02:51:07.960Z] [+] #5477 | 38882245_685370681801867_2344609594480787456_n.jpg
[2026-04-17T02:51:08.423Z] [VIEWER] Round 5480 | Collected: 5477
[2026-04-17T02:51:09.949Z] [+] #5478 | 38985024_685370595135209_5382710945313193984_n.jpg
[2026-04-17T02:51:11.743Z] [+] #5479 | 38528631_679894935682775_2147325189476581376_n.jpg
[2026-04-17T02:51:14.124Z] [+] #5480 | 38392446_677302639275338_1696562307267559424_n.jpg
[2026-04-17T02:51:16.506Z] [+] #5481 | 38406440_677302565942012_5680924161195638784_n.jpg
[2026-04-17T02:51:18.500Z] [+] #5482 | 38085291_673814966290772_1561980649508700160_n.jpg
[2026-04-17T02:51:20.479Z] [+] #5483 | 38158064_673814912957444_1253653202256003072_n.jpg
[2026-04-17T02:51:22.663Z] [+] #5484 | 38029029_672487593090176_8022338398792450048_n.jpg
[2026-04-17T02:51:24.644Z] [+] #5485 | 37989593_672487543090181_5533287181541441536_n.jpg
[2026-04-17T02:51:26.436Z] [+] #5486 | 37963583_672487476423521_8359090064164126720_n.jpg
[2026-04-17T02:51:28.415Z] [+] #5487 | 37985158_672487433090192_1930277561179308032_n.jpg
[2026-04-17T02:51:30.399Z] [+] #5488 | 37966064_672487423090193_7500321833049128960_n.jpg
[2026-04-17T02:51:32.786Z] [+] #5489 | 38036880_672487179756884_3390758521346719744_n.jpg
[2026-04-17T02:51:34.591Z] [+] #5490 | 37960507_672487129756889_2105506505959669760_n.jpg
[2026-04-17T02:51:36.390Z] [+] #5491 | 37954482_672487059756896_1558727430825312256_n.jpg
[2026-04-17T02:51:38.373Z] [+] #5492 | 38003140_672486953090240_1347181166007943168_n.jpg
[2026-04-17T02:51:40.166Z] [+] #5493 | 38017300_672486936423575_4691292537179078656_n.jpg
[2026-04-17T02:51:42.150Z] [+] #5494 | 37984142_672486916423577_4140088516153442304_n.jpg
[2026-04-17T02:51:43.950Z] [+] #5495 | 38002660_672486823090253_6776920895110774784_n.jpg
[2026-04-17T02:51:45.746Z] [+] #5496 | 37978437_672486839756918_732216890889338880_n.jpg
[2026-04-17T02:51:47.934Z] [+] #5497 | 37964963_672486809756921_8970520234033152000_n.jpg
[2026-04-17T02:51:48.394Z] [VIEWER] Round 5500 | Collected: 5497
[2026-04-17T02:51:49.916Z] [+] #5498 | 37985272_672486573090278_8945489254826377216_n.jpg
[2026-04-17T02:51:51.893Z] [+] #5499 | 38003692_672486463090289_1773573707994759168_n.jpg
[2026-04-17T02:51:54.074Z] [+] #5500 | 38019117_672486436423625_7729764380480372736_n.jpg
[2026-04-17T02:51:56.058Z] [+] #5501 | 38030591_672486423090293_1481073056314032128_n.jpg
[2026-04-17T02:51:58.228Z] [+] #5502 | 37872590_670404589965143_2964088485817876480_n.jpg
[2026-04-17T02:52:00.189Z] [RETRY] Không tìm thấy ảnh, reload lần 1 | url=https://www.facebook.com/photo/?fbid=669821233356812&set=pb.100044313229653.-2207520000
[2026-04-17T02:52:04.064Z] [+] #5503 | 37872823_669821236690145_1476156611545268224_n.jpg
[2026-04-17T02:52:05.866Z] [+] #5504 | 37851555_669821186690150_7828626448800808960_n.jpg
[2026-04-17T02:52:07.654Z] [+] #5505 | 37660308_665261570479445_4259844582461669376_n.jpg
[2026-04-17T02:52:09.456Z] [+] #5506 | 37594970_664373563901579_4517966808371691520_n.jpg
[2026-04-17T02:52:11.254Z] [+] #5507 | 37277230_657515554587380_7334603573654716416_n.jpg
[2026-04-17T02:52:13.630Z] [+] #5508 | 37189694_657513467920922_822938823657783296_n.jpg
[2026-04-17T02:52:15.607Z] [+] #5509 | 37243144_657513351254267_9046821612241813504_n.jpg
[2026-04-17T02:52:17.787Z] [+] #5510 | 37183198_657513324587603_6608777770195484672_n.jpg
[2026-04-17T02:52:22.183Z] [+] #5511 | 37189514_657513267920942_4231195995251146752_n.jpg
[2026-04-17T02:52:24.157Z] [+] #5512 | 37147488_657512391254363_7594629290415620096_n.jpg
[2026-04-17T02:52:26.539Z] [+] #5513 | 37226817_657512317921037_3539028871238123520_n.jpg
[2026-04-17T02:52:28.511Z] [+] #5514 | 37192309_657512294587706_1723080152612601856_n.jpg
[2026-04-17T02:52:30.703Z] [+] #5515 | 37188658_657512271254375_6768389183095439360_n.jpg
[2026-04-17T02:52:33.282Z] [+] #5516 | 37207849_657512191254383_9216389502363238400_n.jpg
[2026-04-17T02:52:35.083Z] [+] #5517 | 37171443_657512207921048_772522457427869696_n.jpg
[2026-04-17T02:52:35.358Z] [VIEWER] Round 5520 | Collected: 5517
[2026-04-17T02:52:36.878Z] [+] #5518 | 37179879_657512147921054_5916715645247946752_n.jpg
[2026-04-17T02:52:38.856Z] [+] #5519 | 37227018_657512057921063_7226634594118795264_n.jpg
[2026-04-17T02:52:40.840Z] [+] #5520 | 37104464_657512054587730_1572989221918998528_n.jpg
[2026-04-17T02:52:42.823Z] [+] #5521 | 37125253_657512021254400_8718496672704888832_n.jpg
[2026-04-17T02:52:46.000Z] [+] #5522 | 37033753_655902604748675_4903745555491979264_n.jpg
[2026-04-17T02:52:47.794Z] [+] #5523 | 37038482_653035131702089_3411454907889221632_n.jpg
[2026-04-17T02:52:49.780Z] [+] #5524 | 36893884_653035038368765_1574479987887570944_n.jpg
[2026-04-17T02:52:51.584Z] [+] #5525 | 36994352_653034871702115_7581640961420165120_n.jpg
[2026-04-17T02:52:53.400Z] [+] #5526 | 36907321_653034865035449_5581401041573773312_n.jpg
[2026-04-17T02:52:55.215Z] [+] #5527 | 36885996_653034855035450_3917295793572151296_n.jpg
[2026-04-17T02:52:57.017Z] [+] #5528 | 36887399_653034785035457_7161422812878471168_n.jpg
[2026-04-17T02:52:59.028Z] [+] #5529 | 36914088_653034765035459_2473353893468176384_n.jpg
[2026-04-17T02:53:00.872Z] [+] #5530 | 36939208_653034761702126_4507321353971433472_n.jpg
[2026-04-17T02:53:02.691Z] [+] #5531 | 36692118_650509345288001_1106255112977776640_n.jpg
[2026-04-17T02:53:04.753Z] [+] #5532 | 36792777_649585025380433_5768394477303496704_n.jpg
[2026-04-17T02:53:06.574Z] [+] #5533 | 36726845_649577568714512_2182055656536670208_n.jpg
[2026-04-17T02:53:08.376Z] [+] #5534 | 36715183_649577558714513_6142456695374217216_n.jpg
[2026-04-17T02:53:10.178Z] [+] #5535 | 36729135_649577488714520_4137638984635383808_n.jpg
[2026-04-17T02:53:12.367Z] [+] #5536 | 36783067_649577482047854_4862603634266865664_n.jpg
[2026-04-17T02:53:14.341Z] [+] #5537 | 36728137_649577472047855_5873813049424478208_n.jpg
[2026-04-17T02:53:14.798Z] [VIEWER] Round 5540 | Collected: 5537
[2026-04-17T02:53:16.324Z] [+] #5538 | 36805413_649577408714528_5732206431487131648_n.jpg
[2026-04-17T02:53:18.509Z] [+] #5539 | 36547124_649577395381196_2157000110116962304_n.jpg
[2026-04-17T02:53:20.694Z] [+] #5540 | 36741683_649577382047864_3749925822899683328_n.jpg
[2026-04-17T02:53:23.077Z] [+] #5541 | 36826298_649577328714536_790608719330148352_n.jpg
[2026-04-17T02:53:25.086Z] [+] #5542 | 36760824_649577322047870_4610646125240647680_n.jpg
[2026-04-17T02:53:27.074Z] [+] #5543 | 36827667_649577312047871_8709848034499887104_n.jpg
[2026-04-17T02:53:29.059Z] [+] #5544 | 36650085_649576655381270_2983697176187633664_n.jpg
[2026-04-17T02:53:31.042Z] [+] #5545 | 36736071_649575585381377_3945035187745718272_n.jpg
[2026-04-17T02:53:33.026Z] [+] #5546 | 36750432_649575538714715_3414090536045248512_n.jpg
[2026-04-17T02:53:35.006Z] [+] #5547 | 36780787_649575522048050_8869514152398290944_n.jpg
[2026-04-17T02:53:37.188Z] [+] #5548 | 36728159_649575512048051_3901628770783592448_n.jpg
[2026-04-17T02:53:41.183Z] [+] #5549 | 36736093_649573668714902_5609874145010515968_n.jpg
[2026-04-17T02:53:43.362Z] [+] #5550 | 36738194_649573638714905_336100690063523840_n.jpg
[2026-04-17T02:53:45.544Z] [+] #5551 | 36701153_649573608714908_162375263009636352_n.jpg
[2026-04-17T02:53:48.338Z] [+] #5552 | 36735792_649571412048461_4795685002958340096_n.jpg
[2026-04-17T02:53:50.523Z] [+] #5553 | 36711061_649571318715137_6396214268143861760_n.jpg
[2026-04-17T02:53:52.703Z] [+] #5554 | 36736095_649569822048620_3960832683050795008_n.jpg
[2026-04-17T02:53:54.696Z] [+] #5555 | 36745274_648780205460915_7812764988547792896_n.jpg
[2026-04-17T02:53:56.872Z] [+] #5556 | 36682569_648769345462001_7281919700915716096_n.jpg
[2026-04-17T02:53:59.455Z] [+] #5557 | 672677315_1500626341424459_8280433191639789303_n.jpg
[2026-04-17T02:53:59.730Z] [VIEWER] Round 5560 | Collected: 5557
[2026-04-17T02:54:35.558Z] [VIEWER] Round 5580 | Collected: 5557
[2026-04-17T02:55:11.346Z] [VIEWER] Round 5600 | Collected: 5557
[2026-04-17T02:55:47.110Z] [VIEWER] Round 5620 | Collected: 5557
[2026-04-17T02:56:22.895Z] [VIEWER] Round 5640 | Collected: 5557
[2026-04-17T02:56:58.811Z] [VIEWER] Round 5660 | Collected: 5557
[2026-04-17T02:57:34.654Z] [VIEWER] Round 5680 | Collected: 5557
[2026-04-17T02:58:10.479Z] [VIEWER] Round 5700 | Collected: 5557
[2026-04-17T02:58:46.508Z] [VIEWER] Round 5720 | Collected: 5557
[2026-04-17T02:59:22.455Z] [VIEWER] Round 5740 | Collected: 5557
[2026-04-17T02:59:58.263Z] [VIEWER] Round 5760 | Collected: 5557
[2026-04-17T03:00:34.101Z] [VIEWER] Round 5780 | Collected: 5557
[2026-04-17T03:01:09.971Z] [VIEWER] Round 5800 | Collected: 5557
[2026-04-17T03:01:45.776Z] [VIEWER] Round 5820 | Collected: 5557
[2026-04-17T03:02:21.591Z] [VIEWER] Round 5840 | Collected: 5557
[2026-04-17T03:02:57.419Z] [VIEWER] Round 5860 | Collected: 5557
[2026-04-17T03:03:33.264Z] [VIEWER] Round 5880 | Collected: 5557
[2026-04-17T03:04:09.051Z] [VIEWER] Round 5900 | Collected: 5557
[2026-04-17T03:04:45.519Z] [VIEWER] Round 5920 | Collected: 5557
[2026-04-17T03:05:22.020Z] [VIEWER] Round 5940 | Collected: 5557
[2026-04-17T03:05:57.945Z] [VIEWER] Round 5960 | Collected: 5557
[2026-04-17T03:06:33.837Z] [VIEWER] Round 5980 | Collected: 5557
[2026-04-17T03:07:09.752Z] [VIEWER] Round 6000 | Collected: 5557
[2026-04-17T03:07:45.809Z] [VIEWER] Round 6020 | Collected: 5557
[2026-04-17T03:08:21.777Z] [VIEWER] Round 6040 | Collected: 5557
[2026-04-17T03:08:57.860Z] [VIEWER] Round 6060 | Collected: 5557
[2026-04-17T03:09:33.783Z] [VIEWER] Round 6080 | Collected: 5557
[2026-04-17T03:10:09.609Z] [VIEWER] Round 6100 | Collected: 5557
[2026-04-17T03:10:45.551Z] [VIEWER] Round 6120 | Collected: 5557
[2026-04-17T03:11:21.574Z] [VIEWER] Round 6140 | Collected: 5557
[2026-04-17T03:11:51.835Z] [+] #5558 | 672681266_1609917224475049_6621218640334268271_n.jpg
[2026-04-17T03:11:56.920Z] [STUCK] URL không đổi sau ArrowRight round=6157, tự reload...
[2026-04-17T03:12:09.902Z] [STUCK] URL không đổi sau ArrowRight round=6159, tự reload...
[2026-04-17T03:12:16.957Z] [+] #5559 | 634089875_1451401006346993_7958458384415950949_n.jpg
[2026-04-17T03:12:17.250Z] [VIEWER] Round 6160 | Collected: 5559
[2026-04-17T03:12:53.201Z] [VIEWER] Round 6180 | Collected: 5559
[2026-04-17T03:13:29.130Z] [VIEWER] Round 6200 | Collected: 5559
[2026-04-17T03:14:05.102Z] [VIEWER] Round 6220 | Collected: 5559
[2026-04-17T03:14:41.040Z] [VIEWER] Round 6240 | Collected: 5559
[2026-04-17T03:15:17.208Z] [VIEWER] Round 6260 | Collected: 5559
[2026-04-17T03:15:54.432Z] [VIEWER] Round 6280 | Collected: 5559
[2026-04-17T03:16:30.375Z] [VIEWER] Round 6300 | Collected: 5559
[2026-04-17T03:17:06.340Z] [VIEWER] Round 6320 | Collected: 5559
[2026-04-17T03:17:42.287Z] [VIEWER] Round 6340 | Collected: 5559
[2026-04-17T03:18:18.195Z] [VIEWER] Round 6360 | Collected: 5559
[2026-04-17T03:18:54.143Z] [VIEWER] Round 6380 | Collected: 5559
[2026-04-17T03:19:30.147Z] [VIEWER] Round 6400 | Collected: 5559
[2026-04-17T03:20:06.126Z] [VIEWER] Round 6420 | Collected: 5559
[2026-04-17T03:20:42.129Z] [VIEWER] Round 6440 | Collected: 5559
[2026-04-17T03:21:18.129Z] [VIEWER] Round 6460 | Collected: 5559
[2026-04-17T03:21:54.036Z] [VIEWER] Round 6480 | Collected: 5559
[2026-04-17T03:22:29.948Z] [VIEWER] Round 6500 | Collected: 5559
[2026-04-17T03:23:05.880Z] [VIEWER] Round 6520 | Collected: 5559
[2026-04-17T03:23:41.802Z] [VIEWER] Round 6540 | Collected: 5559
[2026-04-17T03:24:17.814Z] [VIEWER] Round 6560 | Collected: 5559
[2026-04-17T03:24:53.843Z] [VIEWER] Round 6580 | Collected: 5559
[2026-04-17T03:25:29.877Z] [VIEWER] Round 6600 | Collected: 5559
[2026-04-17T03:26:05.904Z] [VIEWER] Round 6620 | Collected: 5559
[2026-04-17T03:26:41.971Z] [VIEWER] Round 6640 | Collected: 5559
[2026-04-17T03:27:17.969Z] [VIEWER] Round 6660 | Collected: 5559
[2026-04-17T03:27:53.982Z] [VIEWER] Round 6680 | Collected: 5559
[2026-04-17T03:28:29.957Z] [VIEWER] Round 6700 | Collected: 5559
[2026-04-17T03:29:05.871Z] [VIEWER] Round 6720 | Collected: 5559
[2026-04-17T03:29:41.872Z] [VIEWER] Round 6740 | Collected: 5559
[2026-04-17T03:30:17.768Z] [VIEWER] Round 6760 | Collected: 5559
[2026-04-17T03:30:54.018Z] [VIEWER] Round 6780 | Collected: 5559
[2026-04-17T03:31:29.950Z] [VIEWER] Round 6800 | Collected: 5559
[2026-04-17T03:32:05.908Z] [VIEWER] Round 6820 | Collected: 5559
[2026-04-17T03:32:41.927Z] [VIEWER] Round 6840 | Collected: 5559
[2026-04-17T03:33:17.881Z] [VIEWER] Round 6860 | Collected: 5559
[2026-04-17T03:33:53.805Z] [VIEWER] Round 6880 | Collected: 5559
[2026-04-17T03:34:29.708Z] [VIEWER] Round 6900 | Collected: 5559
[2026-04-17T03:35:05.631Z] [VIEWER] Round 6920 | Collected: 5559
[2026-04-17T03:35:41.502Z] [VIEWER] Round 6940 | Collected: 5559
[2026-04-17T03:36:17.397Z] [VIEWER] Round 6960 | Collected: 5559
[2026-04-17T03:36:53.288Z] [VIEWER] Round 6980 | Collected: 5559
[2026-04-17T03:37:29.104Z] [VIEWER] Round 7000 | Collected: 5559
[2026-04-17T03:38:05.007Z] [VIEWER] Round 7020 | Collected: 5559
[2026-04-17T03:38:40.941Z] [VIEWER] Round 7040 | Collected: 5559
[2026-04-17T03:39:16.896Z] [VIEWER] Round 7060 | Collected: 5559
[2026-04-17T03:39:52.856Z] [VIEWER] Round 7080 | Collected: 5559
[2026-04-17T03:40:28.845Z] [VIEWER] Round 7100 | Collected: 5559
[2026-04-17T03:41:04.782Z] [VIEWER] Round 7120 | Collected: 5559
[2026-04-17T03:41:40.655Z] [VIEWER] Round 7140 | Collected: 5559
[2026-04-17T03:42:16.547Z] [VIEWER] Round 7160 | Collected: 5559
[2026-04-17T03:42:52.462Z] [VIEWER] Round 7180 | Collected: 5559
[2026-04-17T03:43:28.367Z] [VIEWER] Round 7200 | Collected: 5559
[2026-04-17T03:44:04.229Z] [VIEWER] Round 7220 | Collected: 5559
[2026-04-17T03:44:40.112Z] [VIEWER] Round 7240 | Collected: 5559
[2026-04-17T03:45:16.088Z] [VIEWER] Round 7260 | Collected: 5559
[2026-04-17T03:45:52.012Z] [VIEWER] Round 7280 | Collected: 5559
[2026-04-17T03:46:27.894Z] [VIEWER] Round 7300 | Collected: 5559
[2026-04-17T03:47:03.786Z] [VIEWER] Round 7320 | Collected: 5559
[2026-04-17T03:47:40.833Z] [VIEWER] Round 7340 | Collected: 5559
[2026-04-17T03:48:16.755Z] [VIEWER] Round 7360 | Collected: 5559
[2026-04-17T03:48:52.649Z] [VIEWER] Round 7380 | Collected: 5559
[2026-04-17T03:49:28.551Z] [VIEWER] Round 7400 | Collected: 5559
[2026-04-17T03:50:04.448Z] [VIEWER] Round 7420 | Collected: 5559
[2026-04-17T03:50:40.366Z] [VIEWER] Round 7440 | Collected: 5559
[2026-04-17T03:51:16.289Z] [VIEWER] Round 7460 | Collected: 5559
[2026-04-17T03:51:52.344Z] [VIEWER] Round 7480 | Collected: 5559
[2026-04-17T03:52:28.160Z] [VIEWER] Round 7500 | Collected: 5559
[2026-04-17T03:53:04.083Z] [VIEWER] Round 7520 | Collected: 5559
[2026-04-17T03:53:39.948Z] [VIEWER] Round 7540 | Collected: 5559
[2026-04-17T03:54:15.753Z] [VIEWER] Round 7560 | Collected: 5559
[2026-04-17T03:54:51.683Z] [VIEWER] Round 7580 | Collected: 5559
[2026-04-17T03:55:27.569Z] [VIEWER] Round 7600 | Collected: 5559
[2026-04-17T03:56:03.475Z] [VIEWER] Round 7620 | Collected: 5559
[2026-04-17T03:56:39.491Z] [VIEWER] Round 7640 | Collected: 5559
[2026-04-17T03:57:15.887Z] [VIEWER] Round 7660 | Collected: 5559
[2026-04-17T03:57:52.146Z] [VIEWER] Round 7680 | Collected: 5559
[2026-04-17T03:58:28.180Z] [VIEWER] Round 7700 | Collected: 5559
[2026-04-17T03:59:04.556Z] [VIEWER] Round 7720 | Collected: 5559
[2026-04-17T03:59:40.537Z] [VIEWER] Round 7740 | Collected: 5559
[2026-04-17T04:00:16.533Z] [VIEWER] Round 7760 | Collected: 5559
[2026-04-17T04:00:52.415Z] [VIEWER] Round 7780 | Collected: 5559
[2026-04-17T04:01:28.446Z] [VIEWER] Round 7800 | Collected: 5559
[2026-04-17T04:02:04.391Z] [VIEWER] Round 7820 | Collected: 5559
[2026-04-17T04:02:40.343Z] [VIEWER] Round 7840 | Collected: 5559
[2026-04-17T04:03:16.225Z] [VIEWER] Round 7860 | Collected: 5559
[2026-04-17T04:03:54.852Z] [VIEWER] Round 7880 | Collected: 5559
[2026-04-17T04:04:31.219Z] [VIEWER] Round 7900 | Collected: 5559
[2026-04-17T04:05:07.431Z] [VIEWER] Round 7920 | Collected: 5559
[2026-04-17T04:05:43.345Z] [VIEWER] Round 7940 | Collected: 5559
[2026-04-17T04:06:19.277Z] [VIEWER] Round 7960 | Collected: 5559
[2026-04-17T04:06:55.356Z] [VIEWER] Round 7980 | Collected: 5559
[2026-04-17T04:07:31.191Z] [VIEWER] Round 8000 | Collected: 5559
[2026-04-17T04:08:07.074Z] [VIEWER] Round 8020 | Collected: 5559
[2026-04-17T04:08:43.102Z] [VIEWER] Round 8040 | Collected: 5559
[2026-04-17T04:09:19.054Z] [VIEWER] Round 8060 | Collected: 5559
[2026-04-17T04:09:55.109Z] [VIEWER] Round 8080 | Collected: 5559
[2026-04-17T04:10:31.529Z] [VIEWER] Round 8100 | Collected: 5559
[2026-04-17T04:11:07.487Z] [VIEWER] Round 8120 | Collected: 5559
[2026-04-17T04:11:43.386Z] [VIEWER] Round 8140 | Collected: 5559
[2026-04-17T04:12:19.395Z] [VIEWER] Round 8160 | Collected: 5559
[2026-04-17T04:12:55.498Z] [VIEWER] Round 8180 | Collected: 5559
[2026-04-17T04:13:31.426Z] [VIEWER] Round 8200 | Collected: 5559
[2026-04-17T04:13:41.676Z] [STUCK] URL không đổi sau ArrowRight round=8203, tự reload...
[2026-04-17T04:13:46.272Z] [+] #5560 | 475765497_1160710682082695_2850782583528063109_n.jpg
[2026-04-17T04:14:15.229Z] [VIEWER] Round 8220 | Collected: 5560
[2026-04-17T04:14:50.976Z] [VIEWER] Round 8240 | Collected: 5560
[2026-04-17T04:15:27.167Z] [VIEWER] Round 8260 | Collected: 5560
[2026-04-17T04:16:02.961Z] [VIEWER] Round 8280 | Collected: 5560
[2026-04-17T04:16:38.705Z] [VIEWER] Round 8300 | Collected: 5560
[2026-04-17T04:17:15.047Z] [VIEWER] Round 8320 | Collected: 5560
[2026-04-17T04:17:50.846Z] [VIEWER] Round 8340 | Collected: 5560
[2026-04-17T04:18:28.455Z] [VIEWER] Round 8360 | Collected: 5560
[2026-04-17T04:19:04.233Z] [VIEWER] Round 8380 | Collected: 5560
[2026-04-17T04:19:40.021Z] [VIEWER] Round 8400 | Collected: 5560
[2026-04-17T04:20:15.788Z] [VIEWER] Round 8420 | Collected: 5560
[2026-04-17T04:20:51.566Z] [VIEWER] Round 8440 | Collected: 5560
[2026-04-17T04:21:27.384Z] [VIEWER] Round 8460 | Collected: 5560
[2026-04-17T04:22:03.289Z] [VIEWER] Round 8480 | Collected: 5560
[2026-04-17T04:22:39.365Z] [VIEWER] Round 8500 | Collected: 5560
[2026-04-17T04:23:15.279Z] [VIEWER] Round 8520 | Collected: 5560
[2026-04-17T04:23:51.006Z] [VIEWER] Round 8540 | Collected: 5560
[2026-04-17T04:24:26.912Z] [VIEWER] Round 8560 | Collected: 5560
[2026-04-17T04:25:05.614Z] [VIEWER] Round 8580 | Collected: 5560
[2026-04-17T04:25:43.006Z] [VIEWER] Round 8600 | Collected: 5560
[2026-04-17T04:26:18.757Z] [VIEWER] Round 8620 | Collected: 5560
[2026-04-17T04:26:55.876Z] [VIEWER] Round 8640 | Collected: 5560
[2026-04-17T04:27:33.191Z] [VIEWER] Round 8660 | Collected: 5560
[2026-04-17T04:28:09.970Z] [VIEWER] Round 8680 | Collected: 5560
[2026-04-17T04:28:46.053Z] [VIEWER] Round 8700 | Collected: 5560
[2026-04-17T04:29:23.752Z] [VIEWER] Round 8720 | Collected: 5560
[2026-04-17T04:29:59.545Z] [VIEWER] Round 8740 | Collected: 5560
[2026-04-17T04:30:35.692Z] [VIEWER] Round 8760 | Collected: 5560
[2026-04-17T04:31:11.618Z] [VIEWER] Round 8780 | Collected: 5560
[2026-04-17T04:31:47.513Z] [VIEWER] Round 8800 | Collected: 5560
[2026-04-17T04:32:23.613Z] [VIEWER] Round 8820 | Collected: 5560
[2026-04-17T04:33:01.317Z] [VIEWER] Round 8840 | Collected: 5560
[2026-04-17T04:33:37.231Z] [VIEWER] Round 8860 | Collected: 5560
[2026-04-17T04:34:13.331Z] [VIEWER] Round 8880 | Collected: 5560
[2026-04-17T04:34:49.221Z] [VIEWER] Round 8900 | Collected: 5560
[2026-04-17T04:35:25.134Z] [VIEWER] Round 8920 | Collected: 5560
[2026-04-17T04:36:01.043Z] [VIEWER] Round 8940 | Collected: 5560
[2026-04-17T04:36:36.960Z] [VIEWER] Round 8960 | Collected: 5560
[2026-04-17T04:37:13.518Z] [VIEWER] Round 8980 | Collected: 5560
[2026-04-17T04:37:51.853Z] [VIEWER] Round 9000 | Collected: 5560
[2026-04-17T04:38:27.695Z] [VIEWER] Round 9020 | Collected: 5560
[2026-04-17T04:39:03.577Z] [VIEWER] Round 9040 | Collected: 5560
[2026-04-17T04:39:39.794Z] [VIEWER] Round 9060 | Collected: 5560
[2026-04-17T04:40:18.015Z] [VIEWER] Round 9080 | Collected: 5560
[2026-04-17T04:40:55.021Z] [VIEWER] Round 9100 | Collected: 5560
[2026-04-17T04:41:31.353Z] [VIEWER] Round 9120 | Collected: 5560
[2026-04-17T04:42:10.234Z] [VIEWER] Round 9140 | Collected: 5560
[2026-04-17T04:42:43.953Z] [STUCK] URL không đổi sau ArrowRight round=9156, tự reload...
[2026-04-17T04:42:48.596Z] [+] #5561 | 473108908_1143705343783229_780618094399059643_n.jpg
[2026-04-17T04:42:54.240Z] [VIEWER] Round 9160 | Collected: 5561
[2026-04-17T04:43:31.852Z] [VIEWER] Round 9180 | Collected: 5561
[2026-04-17T04:44:08.682Z] [VIEWER] Round 9200 | Collected: 5561
[2026-04-17T04:44:44.700Z] [VIEWER] Round 9220 | Collected: 5561
[2026-04-17T04:45:20.596Z] [VIEWER] Round 9240 | Collected: 5561
[2026-04-17T04:45:56.494Z] [VIEWER] Round 9260 | Collected: 5561
[2026-04-17T04:46:32.574Z] [VIEWER] Round 9280 | Collected: 5561
[2026-04-17T04:47:09.596Z] [VIEWER] Round 9300 | Collected: 5561
[2026-04-17T04:47:46.245Z] [VIEWER] Round 9320 | Collected: 5561
[2026-04-17T04:48:22.103Z] [VIEWER] Round 9340 | Collected: 5561
[2026-04-17T04:48:58.130Z] [VIEWER] Round 9360 | Collected: 5561
[2026-04-17T04:49:34.098Z] [VIEWER] Round 9380 | Collected: 5561
[2026-04-17T04:50:10.031Z] [VIEWER] Round 9400 | Collected: 5561
[2026-04-17T04:50:46.745Z] [VIEWER] Round 9420 | Collected: 5561
[2026-04-17T04:51:22.719Z] [VIEWER] Round 9440 | Collected: 5561
[2026-04-17T04:52:00.026Z] [VIEWER] Round 9460 | Collected: 5561
[2026-04-17T04:52:35.873Z] [VIEWER] Round 9480 | Collected: 5561
[2026-04-17T04:53:11.976Z] [VIEWER] Round 9500 | Collected: 5561
[2026-04-17T04:53:49.862Z] [VIEWER] Round 9520 | Collected: 5561
[2026-04-17T04:54:29.743Z] [VIEWER] Round 9540 | Collected: 5561
[2026-04-17T04:55:07.364Z] [VIEWER] Round 9560 | Collected: 5561
[2026-04-17T04:55:43.224Z] [VIEWER] Round 9580 | Collected: 5561
[2026-04-17T04:56:04.194Z] [STUCK] URL không đổi sau ArrowRight round=9589, tự reload...
[2026-04-17T04:56:08.840Z] [+] #5562 | 471498665_2351435528528699_622384085671917585_n.jpg
[2026-04-17T04:56:15.732Z] [STUCK] URL không đổi sau ArrowRight round=9591, tự reload...
[2026-04-17T04:56:24.988Z] [+] #5563 | 471632979_2351435401862045_4741227053108150395_n.jpg
[2026-04-17T04:56:31.898Z] [STUCK] URL không đổi sau ArrowRight round=9593, tự reload...
[2026-04-17T04:56:36.546Z] [+] #5564 | 470527761_2351435231862062_2544556402990389337_n.jpg
[2026-04-17T04:56:43.435Z] [STUCK] URL không đổi sau ArrowRight round=9595, tự reload...
[2026-04-17T04:56:48.033Z] [+] #5565 | 470482448_2351435251862060_3684461673343706791_n.jpg
[2026-04-17T04:56:54.931Z] [STUCK] URL không đổi sau ArrowRight round=9597, tự reload...
[2026-04-17T04:56:59.537Z] [+] #5566 | 470520786_2351435421862043_4935078035297709136_n.jpg
[2026-04-17T04:57:06.438Z] [STUCK] URL không đổi sau ArrowRight round=9599, tự reload...
[2026-04-17T04:57:11.039Z] [+] #5567 | 470525955_2351435541862031_6590767766247546232_n.jpg
[2026-04-17T04:57:11.318Z] [VIEWER] Round 9600 | Collected: 5567
[2026-04-17T04:57:17.941Z] [STUCK] URL không đổi sau ArrowRight round=9601, tự reload...
[2026-04-17T04:57:27.255Z] [+] #5568 | 472066107_2351435271862058_7645978412867142493_n.jpg
[2026-04-17T04:57:34.152Z] [STUCK] URL không đổi sau ArrowRight round=9603, tự reload...
[2026-04-17T04:57:38.754Z] [+] #5569 | 470496802_2351435308528721_5324064954639059360_n.jpg
[2026-04-17T04:57:45.651Z] [STUCK] URL không đổi sau ArrowRight round=9605, tự reload...
[2026-04-17T04:57:50.294Z] [+] #5570 | 472063899_2351435501862035_3617261752382941523_n.jpg
[2026-04-17T04:57:57.214Z] [STUCK] URL không đổi sau ArrowRight round=9607, tự reload...
[2026-04-17T04:58:02.033Z] [+] #5571 | 470988905_2345018482503737_4169702118287884942_n.jpg
[2026-04-17T04:58:08.936Z] [STUCK] URL không đổi sau ArrowRight round=9609, tự reload...
[2026-04-17T04:58:13.549Z] [+] #5572 | 471282292_2345018632503722_1581227323574521469_n.jpg
[2026-04-17T04:58:20.459Z] [STUCK] URL không đổi sau ArrowRight round=9611, tự reload...
[2026-04-17T04:58:25.007Z] [+] #5573 | 471093423_2345018509170401_7590647612133583017_n.jpg
[2026-04-17T04:58:31.918Z] [STUCK] URL không đổi sau ArrowRight round=9613, tự reload...
[2026-04-17T04:58:36.564Z] [+] #5574 | 471303296_2345018489170403_2831167337883409484_n.jpg
[2026-04-17T04:58:43.469Z] [STUCK] URL không đổi sau ArrowRight round=9615, tự reload...
[2026-04-17T04:58:48.216Z] [+] #5575 | 470693792_2345015515837367_1722649086568177839_n.jpg
[2026-04-17T04:58:55.119Z] [STUCK] URL không đổi sau ArrowRight round=9617, tự reload...
[2026-04-17T04:59:00.033Z] [+] #5576 | 471044231_2345012242504361_2380664688169182256_n.jpg
[2026-04-17T04:59:06.940Z] [STUCK] URL không đổi sau ArrowRight round=9619, tự reload...
[2026-04-17T04:59:21.615Z] [+] #5577 | 471204757_2345012249171027_201992019654620582_n.jpg
[2026-04-17T04:59:21.903Z] [VIEWER] Round 9620 | Collected: 5577
[2026-04-17T04:59:28.518Z] [STUCK] URL không đổi sau ArrowRight round=9621, tự reload...
[2026-04-17T04:59:33.245Z] [+] #5578 | 471124679_2345012259171026_4848375647199561233_n.jpg
[2026-04-17T04:59:40.151Z] [STUCK] URL không đổi sau ArrowRight round=9623, tự reload...
[2026-04-17T04:59:44.967Z] [+] #5579 | 471354301_2345009912504594_1825474378703459817_n.jpg
[2026-04-17T04:59:51.875Z] [STUCK] URL không đổi sau ArrowRight round=9625, tự reload...
[2026-04-17T04:59:56.897Z] [+] #5580 | 471171491_2345006012504984_8952076742457481732_n.jpg
[2026-04-17T05:00:03.810Z] [STUCK] URL không đổi sau ArrowRight round=9627, tự reload...
[2026-04-17T05:00:08.885Z] [+] #5581 | 471204856_2345003785838540_4261657898895041182_n.jpg
[2026-04-17T05:00:15.797Z] [STUCK] URL không đổi sau ArrowRight round=9629, tự reload...
[2026-04-17T05:00:20.981Z] [+] #5582 | 471247115_2345003792505206_3903080532148973469_n.jpg
[2026-04-17T05:00:27.882Z] [STUCK] URL không đổi sau ArrowRight round=9631, tự reload...
[2026-04-17T05:00:32.686Z] [+] #5583 | 471260529_2345003822505203_2030346170804179876_n.jpg
[2026-04-17T05:00:39.581Z] [STUCK] URL không đổi sau ArrowRight round=9633, tự reload...
[2026-04-17T05:00:44.735Z] [+] #5584 | 471168387_2345004015838517_2589504034534798010_n.jpg
[2026-04-17T05:00:51.632Z] [STUCK] URL không đổi sau ArrowRight round=9635, tự reload...
[2026-04-17T05:00:56.727Z] [+] #5585 | 471226157_2345003825838536_6412828643295535596_n.jpg
[2026-04-17T05:01:03.633Z] [STUCK] URL không đổi sau ArrowRight round=9637, tự reload...
[2026-04-17T05:01:08.868Z] [+] #5586 | 471059065_2345003819171870_2410902901088616501_n.jpg
[2026-04-17T05:01:15.769Z] [STUCK] URL không đổi sau ArrowRight round=9639, tự reload...
[2026-04-17T05:01:21.309Z] [+] #5587 | 470891739_2344994182506167_1010404924840930073_n.jpg
[2026-04-17T05:01:21.599Z] [VIEWER] Round 9640 | Collected: 5587
[2026-04-17T05:01:28.216Z] [STUCK] URL không đổi sau ArrowRight round=9641, tự reload...
[2026-04-17T05:01:33.607Z] [+] #5588 | 470136019_2339721193033466_8712001891459004531_n.jpg
[2026-04-17T05:01:40.506Z] [STUCK] URL không đổi sau ArrowRight round=9643, tự reload...
[2026-04-17T05:01:45.742Z] [+] #5589 | 470175613_2339721079700144_5960440284883503170_n.jpg
[2026-04-17T05:01:52.650Z] [STUCK] URL không đổi sau ArrowRight round=9645, tự reload...
[2026-04-17T05:01:58.180Z] [+] #5590 | 470179203_2339721163033469_4284085299552538710_n.jpg
[2026-04-17T05:02:05.076Z] [STUCK] URL không đổi sau ArrowRight round=9647, tự reload...
[2026-04-17T05:02:10.042Z] [+] #5591 | 470168746_2339721156366803_224165958288691101_n.jpg
[2026-04-17T05:02:16.934Z] [STUCK] URL không đổi sau ArrowRight round=9649, tự reload...
[2026-04-17T05:02:22.512Z] [+] #5592 | 470209932_2339721096366809_4446988961934199620_n.jpg
[2026-04-17T05:02:29.413Z] [STUCK] URL không đổi sau ArrowRight round=9651, tự reload...
[2026-04-17T05:02:34.557Z] [+] #5593 | 470184461_2339721126366806_2906942066392113130_n.jpg
[2026-04-17T05:02:41.455Z] [STUCK] URL không đổi sau ArrowRight round=9653, tự reload...
[2026-04-17T05:02:46.683Z] [+] #5594 | 470184416_2339721073033478_609102380964833020_n.jpg
[2026-04-17T05:02:53.584Z] [STUCK] URL không đổi sau ArrowRight round=9655, tự reload...
[2026-04-17T05:03:02.498Z] [+] #5595 | 470176649_2339716066367312_2261352082991206294_n.jpg
[2026-04-17T05:03:09.409Z] [STUCK] URL không đổi sau ArrowRight round=9657, tự reload...
[2026-04-17T05:03:14.546Z] [+] #5596 | 470204418_2339716336367285_1206953069909512096_n.jpg
[2026-04-17T05:03:21.437Z] [STUCK] URL không đổi sau ArrowRight round=9659, tự reload...
[2026-04-17T05:03:26.555Z] [+] #5597 | 470192390_2339716423033943_2887514385999839546_n.jpg
[2026-04-17T05:03:26.840Z] [VIEWER] Round 9660 | Collected: 5597
[2026-04-17T05:03:33.460Z] [STUCK] URL không đổi sau ArrowRight round=9661, tự reload...
[2026-04-17T05:03:38.733Z] [+] #5598 | 470230368_2339716356367283_6789802108551973090_n.jpg
[2026-04-17T05:03:45.640Z] [STUCK] URL không đổi sau ArrowRight round=9663, tự reload...
[2026-04-17T05:03:51.046Z] [+] #5599 | 470165499_2338917253113860_2147444405518802034_n.jpg
[2026-04-17T05:03:57.949Z] [STUCK] URL không đổi sau ArrowRight round=9665, tự reload...
[2026-04-17T05:04:03.107Z] [+] #5600 | 470230617_2338914829780769_3048062348284575744_n.jpg
[2026-04-17T05:04:10.013Z] [STUCK] URL không đổi sau ArrowRight round=9667, tự reload...
[2026-04-17T05:04:14.870Z] [+] #5601 | 470214022_2338911723114413_1942970998942039294_n.jpg
[2026-04-17T05:04:21.756Z] [STUCK] URL không đổi sau ArrowRight round=9669, tự reload...
[2026-04-17T05:04:26.379Z] [+] #5602 | 470211595_2338911696447749_2179199113992118037_n.jpg
[2026-04-17T05:04:33.278Z] [STUCK] URL không đổi sau ArrowRight round=9671, tự reload...
[2026-04-17T05:04:38.583Z] [+] #5603 | 470174472_2338911709781081_159193261324292503_n.jpg
[2026-04-17T05:04:45.484Z] [STUCK] URL không đổi sau ArrowRight round=9673, tự reload...
[2026-04-17T05:04:50.730Z] [+] #5604 | 470192736_2338911726447746_1645342731003034726_n.jpg
[2026-04-17T05:04:57.630Z] [STUCK] URL không đổi sau ArrowRight round=9675, tự reload...
[2026-04-17T05:05:02.769Z] [+] #5605 | 470196428_2338911319781120_4223678206337434667_n.jpg
[2026-04-17T05:05:09.666Z] [STUCK] URL không đổi sau ArrowRight round=9677, tự reload...
[2026-04-17T05:05:15.588Z] [+] #5606 | 470203649_2338911316447787_7196451025940786817_n.jpg
[2026-04-17T05:05:22.488Z] [STUCK] URL không đổi sau ArrowRight round=9679, tự reload...
[2026-04-17T05:05:29.378Z] [+] #5607 | 470204960_2338911313114454_989151278344710168_n.jpg
[2026-04-17T05:05:29.695Z] [VIEWER] Round 9680 | Collected: 5607
[2026-04-17T05:05:36.311Z] [STUCK] URL không đổi sau ArrowRight round=9681, tự reload...
[2026-04-17T05:05:41.765Z] [+] #5608 | 470206364_2338911306447788_1875766197204692388_n.jpg
[2026-04-17T05:05:48.671Z] [STUCK] URL không đổi sau ArrowRight round=9683, tự reload...
[2026-04-17T05:05:54.434Z] [+] #5609 | 470180224_2338907633114822_1117246472973566675_n.jpg
[2026-04-17T05:06:01.336Z] [STUCK] URL không đổi sau ArrowRight round=9685, tự reload...
[2026-04-17T05:06:06.336Z] [+] #5610 | 470217189_2338891269783125_7347386504212126717_n.jpg
[2026-04-17T05:06:13.242Z] [STUCK] URL không đổi sau ArrowRight round=9687, tự reload...
[2026-04-17T05:06:19.234Z] [+] #5611 | 470168776_2338884789783773_3050094793214823002_n.jpg
[2026-04-17T05:06:26.146Z] [STUCK] URL không đổi sau ArrowRight round=9689, tự reload...
[2026-04-17T05:06:31.643Z] [+] #5612 | 470195577_2338882603117325_3029534059410434293_n.jpg
[2026-04-17T05:06:38.534Z] [STUCK] URL không đổi sau ArrowRight round=9691, tự reload...
[2026-04-17T05:06:43.559Z] [+] #5613 | 470208779_2338878273117758_6714403751427064458_n.jpg
[2026-04-17T05:06:50.458Z] [STUCK] URL không đổi sau ArrowRight round=9693, tự reload...
[2026-04-17T05:06:56.506Z] [+] #5614 | 470148836_2338878516451067_4930679337349759200_n.jpg
[2026-04-17T05:07:03.448Z] [STUCK] URL không đổi sau ArrowRight round=9695, tự reload...
[2026-04-17T05:07:10.833Z] [+] #5615 | 470148486_2338878563117729_3602710688212372341_n.jpg
[2026-04-17T05:07:17.707Z] [STUCK] URL không đổi sau ArrowRight round=9697, tự reload...
[2026-04-17T05:07:22.895Z] [+] #5616 | 470188920_2338878249784427_4709404950874469171_n.jpg
[2026-04-17T05:07:29.785Z] [STUCK] URL không đổi sau ArrowRight round=9699, tự reload...
[2026-04-17T05:07:35.186Z] [+] #5617 | 469606603_2335072673498318_3401378937224970661_n.jpg
[2026-04-17T05:07:35.457Z] [VIEWER] Round 9700 | Collected: 5617
[2026-04-17T05:07:42.073Z] [STUCK] URL không đổi sau ArrowRight round=9701, tự reload...
[2026-04-17T05:07:47.523Z] [+] #5618 | 469478041_2335070680165184_6721221244283453026_n.jpg
[2026-04-17T05:07:54.428Z] [STUCK] URL không đổi sau ArrowRight round=9703, tự reload...
[2026-04-17T05:07:59.516Z] [+] #5619 | 469478062_2335070676831851_6333467810166460439_n.jpg
[2026-04-17T05:08:06.422Z] [STUCK] URL không đổi sau ArrowRight round=9705, tự reload...
[2026-04-17T05:08:11.763Z] [+] #5620 | 469640797_2335070623498523_2397518027753759301_n.jpg
[2026-04-17T05:08:18.648Z] [STUCK] URL không đổi sau ArrowRight round=9707, tự reload...
[2026-04-17T05:08:23.915Z] [+] #5621 | 469444992_2335070646831854_8423889938897659681_n.jpg
[2026-04-17T05:08:30.814Z] [STUCK] URL không đổi sau ArrowRight round=9709, tự reload...
[2026-04-17T05:08:35.884Z] [+] #5622 | 469553545_2335067513498834_5418673556146919848_n.jpg
[2026-04-17T05:08:42.803Z] [STUCK] URL không đổi sau ArrowRight round=9711, tự reload...
[2026-04-17T05:08:48.190Z] [+] #5623 | 469393577_2335067483498837_8477308837007901135_n.jpg
[2026-04-17T05:08:55.082Z] [STUCK] URL không đổi sau ArrowRight round=9713, tự reload...
[2026-04-17T05:08:59.976Z] [+] #5624 | 469374982_2335067553498830_4266745912709178086_n.jpg
[2026-04-17T05:09:06.881Z] [STUCK] URL không đổi sau ArrowRight round=9715, tự reload...
[2026-04-17T05:09:13.034Z] [+] #5625 | 469414931_2335063346832584_306220791823843493_n.jpg
[2026-04-17T05:09:19.940Z] [STUCK] URL không đổi sau ArrowRight round=9717, tự reload...
[2026-04-17T05:09:24.683Z] [+] #5626 | 469465280_2335059973499588_3418613691246986545_n.jpg
[2026-04-17T05:09:31.592Z] [STUCK] URL không đổi sau ArrowRight round=9719, tự reload...
[2026-04-17T05:09:37.536Z] [+] #5627 | 469488607_2335059983499587_7670519744603125137_n.jpg
[2026-04-17T05:09:37.828Z] [VIEWER] Round 9720 | Collected: 5627
[2026-04-17T05:09:44.455Z] [STUCK] URL không đổi sau ArrowRight round=9721, tự reload...
[2026-04-17T05:09:49.944Z] [+] #5628 | 469477233_2335059850166267_9032639343760604905_n.jpg
[2026-04-17T05:09:56.845Z] [STUCK] URL không đổi sau ArrowRight round=9723, tự reload...
[2026-04-17T05:10:02.172Z] [+] #5629 | 469695138_2335054683500117_8964681802039598160_n.jpg
[2026-04-17T05:10:09.074Z] [STUCK] URL không đổi sau ArrowRight round=9725, tự reload...
[2026-04-17T05:10:14.349Z] [+] #5630 | 469505463_2335055050166747_4764375031175689560_n.jpg
[2026-04-17T05:10:21.252Z] [STUCK] URL không đổi sau ArrowRight round=9727, tự reload...
[2026-04-17T05:10:26.501Z] [+] #5631 | 469484042_2335054950166757_3247715178232628756_n.jpg
[2026-04-17T05:10:33.398Z] [STUCK] URL không đổi sau ArrowRight round=9729, tự reload...
[2026-04-17T05:10:38.448Z] [+] #5632 | 469579643_2335054996833419_1275075834731162405_n.jpg
[2026-04-17T05:10:45.374Z] [STUCK] URL không đổi sau ArrowRight round=9731, tự reload...
[2026-04-17T05:10:50.273Z] [+] #5633 | 469380781_2335055030166749_3928532893158118892_n.jpg
[2026-04-17T05:10:57.169Z] [STUCK] URL không đổi sau ArrowRight round=9733, tự reload...
[2026-04-17T05:11:02.659Z] [+] #5634 | 469580747_2335054673500118_53908586797762918_n.jpg
[2026-04-17T05:11:09.560Z] [STUCK] URL không đổi sau ArrowRight round=9735, tự reload...
[2026-04-17T05:11:15.967Z] [+] #5635 | 469582325_2335052460167006_8747976787270547537_n.jpg
[2026-04-17T05:11:22.865Z] [STUCK] URL không đổi sau ArrowRight round=9737, tự reload...
[2026-04-17T05:11:28.374Z] [+] #5636 | 469524524_2335048340167418_1025366607659516005_n.jpg
[2026-04-17T05:11:35.285Z] [STUCK] URL không đổi sau ArrowRight round=9739, tự reload...
[2026-04-17T05:11:41.861Z] [+] #5637 | 469477674_2335048666834052_4624860811319746813_n.jpg
[2026-04-17T05:11:42.141Z] [VIEWER] Round 9740 | Collected: 5637
[2026-04-17T05:11:48.759Z] [STUCK] URL không đổi sau ArrowRight round=9741, tự reload...
[2026-04-17T05:11:55.000Z] [+] #5638 | 469530211_2335048370167415_2948595451867401234_n.jpg
[2026-04-17T05:12:01.909Z] [STUCK] URL không đổi sau ArrowRight round=9743, tự reload...
[2026-04-17T05:12:08.382Z] [+] #5639 | 469488617_2335046183500967_1286718619266423703_n.jpg
[2026-04-17T05:12:15.283Z] [STUCK] URL không đổi sau ArrowRight round=9745, tự reload...
[2026-04-17T05:12:20.325Z] [+] #5640 | 469510947_2335044360167816_3260601448411479972_n.jpg
[2026-04-17T05:12:27.217Z] [STUCK] URL không đổi sau ArrowRight round=9747, tự reload...
[2026-04-17T05:12:32.040Z] [+] #5641 | 469650811_2335044363501149_5133172895325901692_n.jpg
[2026-04-17T05:12:38.954Z] [STUCK] URL không đổi sau ArrowRight round=9749, tự reload...
[2026-04-17T05:12:45.171Z] [+] #5642 | 469658412_2334457170226535_8211004792540624950_n.jpg
[2026-04-17T05:12:52.071Z] [STUCK] URL không đổi sau ArrowRight round=9751, tự reload...
[2026-04-17T05:12:57.493Z] [+] #5643 | 469124457_2334452893560296_7899980573346529842_n.jpg
[2026-04-17T05:13:04.392Z] [STUCK] URL không đổi sau ArrowRight round=9753, tự reload...
[2026-04-17T05:13:09.546Z] [+] #5644 | 469364603_2334448563560729_4489610473699335752_n.jpg
[2026-04-17T05:13:16.446Z] [STUCK] URL không đổi sau ArrowRight round=9755, tự reload...
[2026-04-17T05:13:23.205Z] [+] #5645 | 469397710_2334445703561015_2245043278339793763_n.jpg
[2026-04-17T05:13:30.109Z] [STUCK] URL không đổi sau ArrowRight round=9757, tự reload...
[2026-04-17T05:13:36.113Z] [+] #5646 | 469112849_2334443173561268_7186733476586648913_n.jpg
[2026-04-17T05:13:43.008Z] [STUCK] URL không đổi sau ArrowRight round=9759, tự reload...
[2026-04-17T05:13:48.754Z] [+] #5647 | 469338188_2334443260227926_2729737129057510264_n.jpg
[2026-04-17T05:13:49.042Z] [VIEWER] Round 9760 | Collected: 5647
[2026-04-17T05:13:55.660Z] [STUCK] URL không đổi sau ArrowRight round=9761, tự reload...
[2026-04-17T05:14:01.046Z] [+] #5648 | 469673569_2334443573561228_38095797308113808_n.jpg
[2026-04-17T05:14:07.934Z] [STUCK] URL không đổi sau ArrowRight round=9763, tự reload...
[2026-04-17T05:14:13.190Z] [+] #5649 | 469480553_2334443580227894_248976463302787862_n.jpg
[2026-04-17T05:14:20.093Z] [STUCK] URL không đổi sau ArrowRight round=9765, tự reload...
[2026-04-17T05:14:25.039Z] [+] #5650 | 469626186_2334443510227901_8172251794049906249_n.jpg
[2026-04-17T05:14:31.940Z] [STUCK] URL không đổi sau ArrowRight round=9767, tự reload...
[2026-04-17T05:14:38.257Z] [+] #5651 | 469407278_2334442520228000_8457972601082299683_n.jpg
[2026-04-17T05:14:45.171Z] [STUCK] URL không đổi sau ArrowRight round=9769, tự reload...
[2026-04-17T05:14:52.031Z] [+] #5652 | 469124463_2334438390228413_813241542591262785_n.jpg
[2026-04-17T05:14:58.936Z] [STUCK] URL không đổi sau ArrowRight round=9771, tự reload...
[2026-04-17T05:15:04.174Z] [+] #5653 | 469395077_2334438256895093_3275196061581913594_n.jpg
[2026-04-17T05:15:11.064Z] [STUCK] URL không đổi sau ArrowRight round=9773, tự reload...
[2026-04-17T05:15:17.079Z] [+] #5654 | 469583149_2334438250228427_7019427230489117403_n.jpg
[2026-04-17T05:15:23.972Z] [STUCK] URL không đổi sau ArrowRight round=9775, tự reload...
[2026-04-17T05:15:29.375Z] [+] #5655 | 469495420_2334435916895327_4548478408801142143_n.jpg
[2026-04-17T05:15:36.283Z] [STUCK] URL không đổi sau ArrowRight round=9777, tự reload...
[2026-04-17T05:15:41.540Z] [+] #5656 | 469578000_2334433473562238_164096775508063787_n.jpg
[2026-04-17T05:15:48.444Z] [STUCK] URL không đổi sau ArrowRight round=9779, tự reload...
[2026-04-17T05:15:53.613Z] [+] #5657 | 469478748_2334432123562373_3370597125426344289_n.jpg
[2026-04-17T05:15:53.899Z] [VIEWER] Round 9780 | Collected: 5657
[2026-04-17T05:16:00.512Z] [STUCK] URL không đổi sau ArrowRight round=9781, tự reload...
[2026-04-17T05:16:05.536Z] [+] #5658 | 469476586_2334426800229572_3289535051792374321_n.jpg
[2026-04-17T05:16:12.444Z] [STUCK] URL không đổi sau ArrowRight round=9783, tự reload...
[2026-04-17T05:16:17.960Z] [+] #5659 | 469423169_2333741966964722_1170788647996590904_n.jpg
[2026-04-17T05:16:24.861Z] [STUCK] URL không đổi sau ArrowRight round=9785, tự reload...
[2026-04-17T05:16:30.278Z] [+] #5660 | 469124200_2333741976964721_288901817188200620_n.jpg
[2026-04-17T05:16:37.174Z] [STUCK] URL không đổi sau ArrowRight round=9787, tự reload...
[2026-04-17T05:16:42.548Z] [+] #5661 | 469335800_2333741950298057_3774810215411342122_n.jpg
[2026-04-17T05:16:49.436Z] [STUCK] URL không đổi sau ArrowRight round=9789, tự reload...
[2026-04-17T05:16:54.766Z] [+] #5662 | 469380422_2333741940298058_9165240036435606343_n.jpg
[2026-04-17T05:17:01.666Z] [STUCK] URL không đổi sau ArrowRight round=9791, tự reload...
[2026-04-17T05:17:07.585Z] [+] #5663 | 469291974_2333742050298047_4700168658100617973_n.jpg
[2026-04-17T05:17:14.484Z] [STUCK] URL không đổi sau ArrowRight round=9793, tự reload...
[2026-04-17T05:17:20.316Z] [+] #5664 | 469396310_2333741960298056_7857952368764013345_n.jpg
[2026-04-17T05:17:27.216Z] [STUCK] URL không đổi sau ArrowRight round=9795, tự reload...
[2026-04-17T05:17:32.087Z] [+] #5665 | 469515407_2333741963631389_5564891676251877503_n.jpg
[2026-04-17T05:17:38.990Z] [STUCK] URL không đổi sau ArrowRight round=9797, tự reload...
[2026-04-17T05:17:44.132Z] [+] #5666 | 469022993_2333736943631891_4662014331422462337_n.jpg
[2026-04-17T05:17:51.032Z] [STUCK] URL không đổi sau ArrowRight round=9799, tự reload...
[2026-04-17T05:17:56.147Z] [+] #5667 | 469256356_2333733990298853_4479159708544000711_n.jpg
[2026-04-17T05:17:56.437Z] [VIEWER] Round 9800 | Collected: 5667
[2026-04-17T05:18:03.052Z] [STUCK] URL không đổi sau ArrowRight round=9801, tự reload...
[2026-04-17T05:18:08.785Z] [+] #5668 | 469056296_2333733846965534_7984154262023563325_n.jpg
[2026-04-17T05:18:15.720Z] [STUCK] URL không đổi sau ArrowRight round=9803, tự reload...
[2026-04-17T05:18:22.371Z] [+] #5669 | 469487033_2333733870298865_7029589044104650855_n.jpg
[2026-04-17T05:18:29.271Z] [STUCK] URL không đổi sau ArrowRight round=9805, tự reload...
[2026-04-17T05:18:34.426Z] [+] #5670 | 469065417_2333733913632194_2602843575414885801_n.jpg
[2026-04-17T05:18:41.329Z] [STUCK] URL không đổi sau ArrowRight round=9807, tự reload...
[2026-04-17T05:18:46.514Z] [+] #5671 | 469051240_2333728073632778_416137920847354459_n.jpg
[2026-04-17T05:18:53.420Z] [STUCK] URL không đổi sau ArrowRight round=9809, tự reload...
[2026-04-17T05:18:58.615Z] [+] #5672 | 469194966_2333727706966148_703583830272165320_n.jpg
[2026-04-17T05:19:05.520Z] [STUCK] URL không đổi sau ArrowRight round=9811, tự reload...
[2026-04-17T05:19:10.374Z] [+] #5673 | 469456069_2333727793632806_363185013434041272_n.jpg
[2026-04-17T05:19:17.281Z] [STUCK] URL không đổi sau ArrowRight round=9813, tự reload...
[2026-04-17T05:19:21.970Z] [+] #5674 | 469321210_2333727746966144_7413059131804993605_n.jpg
[2026-04-17T05:19:28.867Z] [STUCK] URL không đổi sau ArrowRight round=9815, tự reload...
[2026-04-17T05:19:34.090Z] [+] #5675 | 469513092_2333722633633322_3820388701499779441_n.jpg
[2026-04-17T05:19:40.992Z] [STUCK] URL không đổi sau ArrowRight round=9817, tự reload...
[2026-04-17T05:19:48.274Z] [+] #5676 | 469365045_2333722923633293_8853103514950740230_n.jpg
[2026-04-17T05:19:55.187Z] [STUCK] URL không đổi sau ArrowRight round=9819, tự reload...
[2026-04-17T05:20:00.280Z] [+] #5677 | 469481542_2333722906966628_4076173882349435617_n.jpg
[2026-04-17T05:20:00.565Z] [VIEWER] Round 9820 | Collected: 5677
[2026-04-17T05:20:07.178Z] [STUCK] URL không đổi sau ArrowRight round=9821, tự reload...
[2026-04-17T05:20:11.968Z] [+] #5678 | 469451116_2333722973633288_5093856500720236447_n.jpg
[2026-04-17T05:20:18.872Z] [STUCK] URL không đổi sau ArrowRight round=9823, tự reload...
[2026-04-17T05:20:24.623Z] [+] #5679 | 469461796_2333716473633938_6397801202797045842_n.jpg
[2026-04-17T05:20:31.533Z] [STUCK] URL không đổi sau ArrowRight round=9825, tự reload...
[2026-04-17T05:20:36.442Z] [+] #5680 | 469064155_2333710933634492_5036800185796587995_n.jpg
[2026-04-17T05:20:43.345Z] [STUCK] URL không đổi sau ArrowRight round=9827, tự reload...
[2026-04-17T05:20:49.045Z] [+] #5681 | 469495051_2333710430301209_8398656439383821980_n.jpg
[2026-04-17T05:20:55.949Z] [STUCK] URL không đổi sau ArrowRight round=9829, tự reload...
[2026-04-17T05:21:00.687Z] [+] #5682 | 469395821_2333710283634557_3848179541809110312_n.jpg
[2026-04-17T05:21:07.583Z] [STUCK] URL không đổi sau ArrowRight round=9831, tự reload...
[2026-04-17T05:21:12.111Z] [+] #5683 | 469067130_2333710303634555_5659645810742359796_n.jpg
[2026-04-17T05:21:19.014Z] [STUCK] URL không đổi sau ArrowRight round=9833, tự reload...
[2026-04-17T05:21:24.488Z] [+] #5684 | 469554079_2333704306968488_1099846243462217692_n.jpg
[2026-04-17T05:21:31.390Z] [STUCK] URL không đổi sau ArrowRight round=9835, tự reload...
[2026-04-17T05:21:37.658Z] [+] #5685 | 469398319_2333115550360697_3652397600920887327_n.jpg
[2026-04-17T05:21:44.562Z] [STUCK] URL không đổi sau ArrowRight round=9837, tự reload...
[2026-04-17T05:21:52.463Z] [+] #5686 | 469286330_2333111100361142_6014295613916219798_n.jpg
[2026-04-17T05:21:59.362Z] [STUCK] URL không đổi sau ArrowRight round=9839, tự reload...
[2026-04-17T05:22:04.227Z] [+] #5687 | 205971681_1453172608355000_5531966682997008756_n.jpg
[2026-04-17T05:22:04.501Z] [VIEWER] Round 9840 | Collected: 5687
[2026-04-17T05:22:11.102Z] [STUCK] URL không đổi sau ArrowRight round=9841, tự reload...
[2026-04-17T05:22:15.910Z] [+] #5688 | 205892418_1450385781967016_2299035633867171109_n.jpg
[2026-04-17T05:22:22.784Z] [STUCK] URL không đổi sau ArrowRight round=9843, tự reload...
[2026-04-17T05:22:33.565Z] [+] #5689 | 204549667_1449026268769634_2649032580327277327_n.jpg
[2026-04-17T05:22:40.440Z] [STUCK] URL không đổi sau ArrowRight round=9845, tự reload...
[2026-04-17T05:22:46.172Z] [+] #5690 | 202593439_1449026262102968_6837973002635621790_n.jpg
[2026-04-17T05:22:53.067Z] [STUCK] URL không đổi sau ArrowRight round=9847, tự reload...
[2026-04-17T05:22:58.126Z] [+] #5691 | 208334348_1449026265436301_2763423273790586646_n.jpg
[2026-04-17T05:23:05.025Z] [STUCK] URL không đổi sau ArrowRight round=9849, tự reload...
[2026-04-17T05:23:14.606Z] [+] #5692 | 200649641_1449026248769636_6200260293723584342_n.jpg
[2026-04-17T05:23:21.517Z] [STUCK] URL không đổi sau ArrowRight round=9851, tự reload...
[2026-04-17T05:23:26.218Z] [+] #5693 | 202177065_1446208515718076_8663587098306719695_n.jpg
[2026-04-17T05:23:33.119Z] [STUCK] URL không đổi sau ArrowRight round=9853, tự reload...
[2026-04-17T05:23:37.654Z] [+] #5694 | 131535410_1446208462384748_3609350832996113528_n.jpg
[2026-04-17T05:23:44.553Z] [STUCK] URL không đổi sau ArrowRight round=9855, tự reload...
[2026-04-17T05:23:54.705Z] [+] #5695 | 200597726_1446208455718082_2133116417040020673_n.jpg
[2026-04-17T05:24:01.603Z] [STUCK] URL không đổi sau ArrowRight round=9857, tự reload...
[2026-04-17T05:24:06.647Z] [+] #5696 | 200499499_1446208429051418_8414694825138993821_n.jpg
[2026-04-17T05:24:13.543Z] [STUCK] URL không đổi sau ArrowRight round=9859, tự reload...
[2026-04-17T05:24:19.728Z] [+] #5697 | 200946121_1446208399051421_6332617451081553845_n.jpg
[2026-04-17T05:24:20.019Z] [VIEWER] Round 9860 | Collected: 5697
[2026-04-17T05:24:26.641Z] [STUCK] URL không đổi sau ArrowRight round=9861, tự reload...
[2026-04-17T05:24:31.178Z] [+] #5698 | 198876252_1446208345718093_214767638494459684_n.jpg
[2026-04-17T05:24:38.081Z] [STUCK] URL không đổi sau ArrowRight round=9863, tự reload...
[2026-04-17T05:24:44.096Z] [+] #5699 | 202723297_1446208342384760_1970585766790794539_n.jpg
[2026-04-17T05:24:50.988Z] [STUCK] URL không đổi sau ArrowRight round=9865, tự reload...
[2026-04-17T05:24:55.601Z] [+] #5700 | 199515880_1446208332384761_454528500361337263_n.jpg
[2026-04-17T05:25:02.502Z] [STUCK] URL không đổi sau ArrowRight round=9867, tự reload...
[2026-04-17T05:25:07.174Z] [+] #5701 | 205281520_1446208325718095_5581852501051254209_n.jpg
[2026-04-17T05:25:14.074Z] [STUCK] URL không đổi sau ArrowRight round=9869, tự reload...
[2026-04-17T05:25:18.784Z] [+] #5702 | 204808811_1446208295718098_24836305753271022_n.jpg
[2026-04-17T05:25:25.699Z] [STUCK] URL không đổi sau ArrowRight round=9871, tự reload...
[2026-04-17T05:25:32.466Z] [+] #5703 | 198652973_1444813552524239_941078000448753189_n.jpg
[2026-04-17T05:25:39.366Z] [STUCK] URL không đổi sau ArrowRight round=9873, tự reload...
[2026-04-17T05:25:45.663Z] [+] #5704 | 203004491_1443454925993435_7155665772156874914_n.jpg
[2026-04-17T05:25:52.563Z] [STUCK] URL không đổi sau ArrowRight round=9875, tự reload...
[2026-04-17T05:26:06.776Z] [+] #5705 | 200973355_1443454919326769_6070080991794181670_n.jpg
[2026-04-17T05:26:13.669Z] [STUCK] URL không đổi sau ArrowRight round=9877, tự reload...
[2026-04-17T05:26:18.218Z] [+] #5706 | 197713105_1443454885993439_5138308337265679823_n.jpg
[2026-04-17T05:26:25.121Z] [STUCK] URL không đổi sau ArrowRight round=9879, tự reload...
[2026-04-17T05:26:31.388Z] [+] #5707 | 197847257_1443454852660109_397553612723557208_n.jpg
[2026-04-17T05:26:31.672Z] [VIEWER] Round 9880 | Collected: 5707
[2026-04-17T05:26:38.292Z] [STUCK] URL không đổi sau ArrowRight round=9881, tự reload...
[2026-04-17T05:26:42.974Z] [+] #5708 | 199225607_1443454839326777_8240509222257191602_n.jpg
[2026-04-17T05:26:49.877Z] [STUCK] URL không đổi sau ArrowRight round=9883, tự reload...
[2026-04-17T05:26:55.858Z] [+] #5709 | 195475829_1443454779326783_4356005531446383690_n.jpg
[2026-04-17T05:27:02.757Z] [STUCK] URL không đổi sau ArrowRight round=9885, tự reload...
[2026-04-17T05:27:07.465Z] [+] #5710 | 197706330_1443454775993450_383836509976537774_n.jpg
[2026-04-17T05:27:14.364Z] [STUCK] URL không đổi sau ArrowRight round=9887, tự reload...
[2026-04-17T05:27:19.609Z] [+] #5711 | 196732146_1443454765993451_4315637953285637063_n.jpg
[2026-04-17T05:27:26.498Z] [STUCK] URL không đổi sau ArrowRight round=9889, tự reload...
[2026-04-17T05:27:31.058Z] [+] #5712 | 199944129_1443454709326790_6816249782782126222_n.jpg
[2026-04-17T05:27:37.954Z] [STUCK] URL không đổi sau ArrowRight round=9891, tự reload...
[2026-04-17T05:27:42.572Z] [+] #5713 | 200567003_1443454699326791_5763944887448965636_n.jpg
[2026-04-17T05:27:49.474Z] [STUCK] URL không đổi sau ArrowRight round=9893, tự reload...
[2026-04-17T05:27:54.313Z] [+] #5714 | 198556683_1443454695993458_8967241577385358023_n.jpg
[2026-04-17T05:28:01.214Z] [STUCK] URL không đổi sau ArrowRight round=9895, tự reload...
[2026-04-17T05:28:06.006Z] [+] #5715 | 200138948_1442188502786744_28135736265799523_n.jpg
[2026-04-17T05:28:12.898Z] [STUCK] URL không đổi sau ArrowRight round=9897, tự reload...
[2026-04-17T05:28:17.652Z] [+] #5716 | 195265238_1440871942918400_8749840105944184033_n.jpg
[2026-04-17T05:28:24.548Z] [STUCK] URL không đổi sau ArrowRight round=9899, tự reload...
[2026-04-17T05:28:36.133Z] [+] #5717 | 200411273_1440871442918450_518431659021720284_n.jpg
[2026-04-17T05:28:36.421Z] [VIEWER] Round 9900 | Collected: 5717
[2026-04-17T05:28:43.037Z] [STUCK] URL không đổi sau ArrowRight round=9901, tự reload...
[2026-04-17T05:28:47.550Z] [+] #5718 | 195670986_1440871439585117_6879638671935655681_n.jpg
[2026-04-17T05:28:54.449Z] [STUCK] URL không đổi sau ArrowRight round=9903, tự reload...
[2026-04-17T05:29:05.179Z] [+] #5719 | 195827521_1440871429585118_3832267333637504932_n.jpg
[2026-04-17T05:29:12.098Z] [STUCK] URL không đổi sau ArrowRight round=9905, tự reload...
[2026-04-17T05:29:16.727Z] [+] #5720 | 200069333_1440871416251786_3778712319358641884_n.jpg
[2026-04-17T05:29:23.628Z] [STUCK] URL không đổi sau ArrowRight round=9907, tự reload...
[2026-04-17T05:29:28.197Z] [+] #5721 | 196623086_1440871349585126_8883546094051213151_n.jpg
[2026-04-17T05:29:35.100Z] [STUCK] URL không đổi sau ArrowRight round=9909, tự reload...
[2026-04-17T05:29:39.600Z] [+] #5722 | 197484444_1440871326251795_4746958196988632307_n.jpg
[2026-04-17T05:29:46.507Z] [STUCK] URL không đổi sau ArrowRight round=9911, tự reload...
[2026-04-17T05:29:51.194Z] [+] #5723 | 195637813_1440871306251797_3790337047491821503_n.jpg
[2026-04-17T05:29:58.092Z] [STUCK] URL không đổi sau ArrowRight round=9913, tự reload...
[2026-04-17T05:30:03.001Z] [+] #5724 | 193643365_1439627756376152_3781637567774794498_n.jpg
[2026-04-17T05:30:09.903Z] [STUCK] URL không đổi sau ArrowRight round=9915, tự reload...
[2026-04-17T05:30:14.537Z] [+] #5725 | 197095248_1439627226376205_6350333516355959150_n.jpg
[2026-04-17T05:30:21.440Z] [STUCK] URL không đổi sau ArrowRight round=9917, tự reload...
[2026-04-17T05:30:26.071Z] [+] #5726 | 131316166_1439627143042880_5708987927965555464_n.jpg
[2026-04-17T05:30:32.969Z] [STUCK] URL không đổi sau ArrowRight round=9919, tự reload...
[2026-04-17T05:30:37.779Z] [+] #5727 | 197562759_1438869506451977_1294437842597668325_n.jpg
[2026-04-17T05:30:38.062Z] [VIEWER] Round 9920 | Collected: 5727
[2026-04-17T05:30:44.683Z] [STUCK] URL không đổi sau ArrowRight round=9921, tự reload...
[2026-04-17T05:30:49.488Z] [+] #5728 | 198091079_1438238919848369_1554979649662249480_n.jpg
[2026-04-17T05:30:56.391Z] [STUCK] URL không đổi sau ArrowRight round=9923, tự reload...
[2026-04-17T05:31:06.797Z] [+] #5729 | 197254454_1437039149968346_1604998053391323301_n.jpg
[2026-04-17T05:31:13.696Z] [STUCK] URL không đổi sau ArrowRight round=9925, tự reload...
[2026-04-17T05:31:18.471Z] [+] #5730 | 192810316_1437039093301685_1165052184697244466_n.jpg
[2026-04-17T05:31:25.374Z] [STUCK] URL không đổi sau ArrowRight round=9927, tự reload...
[2026-04-17T05:31:30.049Z] [+] #5731 | 192280631_1437039086635019_3419686238311767404_n.jpg
[2026-04-17T05:31:36.955Z] [STUCK] URL không đổi sau ArrowRight round=9929, tự reload...
[2026-04-17T05:31:41.682Z] [+] #5732 | 197993467_1437039049968356_3199813828732022124_n.jpg
[2026-04-17T05:31:48.587Z] [STUCK] URL không đổi sau ArrowRight round=9931, tự reload...
[2026-04-17T05:31:53.333Z] [+] #5733 | 193725865_1437039043301690_1170462813140007786_n.jpg
[2026-04-17T05:32:00.229Z] [STUCK] URL không đổi sau ArrowRight round=9933, tự reload...
[2026-04-17T05:32:10.456Z] [+] #5734 | 195942670_1437038956635032_778613572962216423_n.jpg
[2026-04-17T05:32:17.351Z] [STUCK] URL không đổi sau ArrowRight round=9935, tự reload...
[2026-04-17T05:32:21.963Z] [+] #5735 | 196267563_1437038946635033_961312843625030716_n.jpg
[2026-04-17T05:32:28.861Z] [STUCK] URL không đổi sau ArrowRight round=9937, tự reload...
[2026-04-17T05:32:33.573Z] [+] #5736 | 200346822_1437038939968367_1516233315733883825_n.jpg
[2026-04-17T05:32:40.470Z] [STUCK] URL không đổi sau ArrowRight round=9939, tự reload...
[2026-04-17T05:32:45.151Z] [+] #5737 | 195357307_1437038933301701_7365705796718559908_n.jpg
[2026-04-17T05:32:45.436Z] [VIEWER] Round 9940 | Collected: 5737
[2026-04-17T05:32:52.056Z] [STUCK] URL không đổi sau ArrowRight round=9941, tự reload...
[2026-04-17T05:32:56.672Z] [+] #5738 | 192108111_1437038926635035_8185416779928247136_n.jpg
[2026-04-17T05:33:03.575Z] [STUCK] URL không đổi sau ArrowRight round=9943, tự reload...
[2026-04-17T05:33:17.446Z] [+] #5739 | 196650248_1435645846774343_2174462481131904716_n.jpg
[2026-04-17T05:33:24.355Z] [STUCK] URL không đổi sau ArrowRight round=9945, tự reload...
[2026-04-17T05:33:29.180Z] [+] #5740 | 197305757_1434982863507308_6281203702102027362_n.jpg
[2026-04-17T05:33:36.092Z] [STUCK] URL không đổi sau ArrowRight round=9947, tự reload...
[2026-04-17T05:33:40.869Z] [+] #5741 | 194655358_1434982726840655_4914069577501455398_n.jpg
[2026-04-17T05:33:47.768Z] [STUCK] URL không đổi sau ArrowRight round=9949, tự reload...
[2026-04-17T05:33:55.138Z] [+] #5742 | 191665369_1434982706840657_6360181028603624107_n.jpg
[2026-04-17T05:34:02.057Z] [STUCK] URL không đổi sau ArrowRight round=9951, tự reload...
[2026-04-17T05:34:07.043Z] [+] #5743 | 189066393_1433631733642421_2219545858461305887_n.jpg
[2026-04-17T05:34:13.954Z] [STUCK] URL không đổi sau ArrowRight round=9953, tự reload...
[2026-04-17T05:34:18.563Z] [+] #5744 | 191271240_1433631710309090_5078227695210016905_n.jpg
[2026-04-17T05:34:25.466Z] [STUCK] URL không đổi sau ArrowRight round=9955, tự reload...
[2026-04-17T05:34:30.098Z] [+] #5745 | 191157987_1433631683642426_3687519145096661448_n.jpg
[2026-04-17T05:34:37.007Z] [STUCK] URL không đổi sau ArrowRight round=9957, tự reload...
[2026-04-17T05:34:41.594Z] [+] #5746 | 192768965_1433631663642428_6827357942317310769_n.jpg
[2026-04-17T05:34:48.501Z] [STUCK] URL không đổi sau ArrowRight round=9959, tự reload...
[2026-04-17T05:34:53.039Z] [+] #5747 | 191800486_1433631633642431_2452971422798513584_n.jpg
[2026-04-17T05:34:53.323Z] [VIEWER] Round 9960 | Collected: 5747
[2026-04-17T05:34:59.961Z] [STUCK] URL không đổi sau ArrowRight round=9961, tự reload...
[2026-04-17T05:35:10.797Z] [+] #5748 | 192668468_1433631626975765_6805275953117561554_n.jpg
[2026-04-17T05:35:17.702Z] [STUCK] URL không đổi sau ArrowRight round=9963, tự reload...
[2026-04-17T05:35:27.213Z] [+] #5749 | 191479505_1433631596975768_1566763611306448922_n.jpg
[2026-04-17T05:35:34.114Z] [STUCK] URL không đổi sau ArrowRight round=9965, tự reload...
[2026-04-17T05:35:38.654Z] [+] #5750 | 194005065_1433631590309102_5253596544532229237_n.jpg
[2026-04-17T05:35:45.551Z] [STUCK] URL không đổi sau ArrowRight round=9967, tự reload...
[2026-04-17T05:35:50.265Z] [+] #5751 | 192210043_1431508837188044_9000551936686030006_n.jpg
[2026-04-17T05:35:57.165Z] [STUCK] URL không đổi sau ArrowRight round=9969, tự reload...
[2026-04-17T05:36:01.889Z] [+] #5752 | 190990183_1431508263854768_3975255552217352220_n.jpg
[2026-04-17T05:36:08.792Z] [STUCK] URL không đổi sau ArrowRight round=9971, tự reload...
[2026-04-17T05:36:13.268Z] [+] #5753 | 193711541_1431030763902518_9139170413847490225_n.jpg
[2026-04-17T05:36:20.167Z] [STUCK] URL không đổi sau ArrowRight round=9973, tự reload...
[2026-04-17T05:36:24.845Z] [+] #5754 | 188875800_1431030733902521_123900653499171681_n.jpg
[2026-04-17T05:36:31.753Z] [STUCK] URL không đổi sau ArrowRight round=9975, tự reload...
[2026-04-17T05:36:40.243Z] [+] #5755 | 193161737_1431030710569190_158704327419347490_n.jpg
[2026-04-17T05:36:47.155Z] [STUCK] URL không đổi sau ArrowRight round=9977, tự reload...
[2026-04-17T05:36:51.758Z] [+] #5756 | 192269768_1430360613969533_8506789393774415585_n.jpg
[2026-04-17T05:36:58.665Z] [STUCK] URL không đổi sau ArrowRight round=9979, tự reload...
[2026-04-17T05:37:08.523Z] [+] #5757 | 188702425_1430360577302870_7458161404665195295_n.jpg
[2026-04-17T05:37:08.802Z] [VIEWER] Round 9980 | Collected: 5757
[2026-04-17T05:37:15.398Z] [STUCK] URL không đổi sau ArrowRight round=9981, tự reload...
[2026-04-17T05:37:28.680Z] [+] #5758 | 190083308_1430360563969538_7636203360940931444_n.jpg
[2026-04-17T05:37:35.567Z] [STUCK] URL không đổi sau ArrowRight round=9983, tự reload...
[2026-04-17T05:37:40.536Z] [+] #5759 | 193154196_1429221017416826_6445414936773071345_n.jpg
[2026-04-17T05:37:47.429Z] [STUCK] URL không đổi sau ArrowRight round=9985, tự reload...
[2026-04-17T05:37:52.250Z] [+] #5760 | 191812087_1428168017522126_2405880577255221124_n.jpg
[2026-04-17T05:37:59.154Z] [STUCK] URL không đổi sau ArrowRight round=9987, tự reload...
[2026-04-17T05:38:03.878Z] [+] #5761 | 187140715_1427606154244979_4260563259713881586_n.jpg
[2026-04-17T05:38:10.782Z] [STUCK] URL không đổi sau ArrowRight round=9989, tự reload...
[2026-04-17T05:38:15.340Z] [+] #5762 | 188371148_1427606124244982_7690143984311830098_n.jpg
[2026-04-17T05:38:22.241Z] [STUCK] URL không đổi sau ArrowRight round=9991, tự reload...
[2026-04-17T05:38:31.724Z] [+] #5763 | 189169374_1427606107578317_1319641855288467079_n.jpg
[2026-04-17T05:38:38.630Z] [STUCK] URL không đổi sau ArrowRight round=9993, tự reload...
[2026-04-17T05:38:43.165Z] [+] #5764 | 186530629_1427606060911655_5285577171906337502_n.jpg
[2026-04-17T05:38:50.059Z] [STUCK] URL không đổi sau ArrowRight round=9995, tự reload...
[2026-04-17T05:38:58.668Z] [+] #5765 | 188335813_1427606050911656_5357832607868436128_n.jpg
[2026-04-17T05:39:05.576Z] [STUCK] URL không đổi sau ArrowRight round=9997, tự reload...
[2026-04-17T05:39:14.029Z] [+] #5766 | 189206208_1427605997578328_7560920609974672457_n.jpg
[2026-04-17T05:39:20.926Z] [STUCK] URL không đổi sau ArrowRight round=9999, tự reload...
[2026-04-17T05:39:25.479Z] [+] #5767 | 187418514_1427605974244997_4910031225830691721_n.jpg
[2026-04-17T05:39:25.766Z] [VIEWER] Round 10000 | Collected: 5767
[2026-04-17T05:39:32.381Z] [STUCK] URL không đổi sau ArrowRight round=10001, tự reload...
[2026-04-17T05:39:37.251Z] [+] #5768 | 188280532_1426946207644307_4554406756687953352_n.jpg
[2026-04-17T05:39:44.162Z] [STUCK] URL không đổi sau ArrowRight round=10003, tự reload...
[2026-04-17T05:39:48.860Z] [+] #5769 | 190902916_1426236861048575_1371474338878485595_n.jpg
[2026-04-17T05:39:55.770Z] [STUCK] URL không đổi sau ArrowRight round=10005, tự reload...
[2026-04-17T05:40:00.349Z] [+] #5770 | 186551733_1426236814381913_2296701352096681597_n.jpg
[2026-04-17T05:40:07.241Z] [STUCK] URL không đổi sau ArrowRight round=10007, tự reload...
[2026-04-17T05:40:11.811Z] [+] #5771 | 189834786_1426236794381915_2328149047658229797_n.jpg
[2026-04-17T05:40:18.706Z] [STUCK] URL không đổi sau ArrowRight round=10009, tự reload...
[2026-04-17T05:40:23.713Z] [+] #5772 | 190367412_1426236787715249_7156326257371696907_n.jpg
[2026-04-17T05:40:30.608Z] [STUCK] URL không đổi sau ArrowRight round=10011, tự reload...
[2026-04-17T05:40:35.309Z] [+] #5773 | 188715074_1426236714381923_1194831773921830092_n.jpg
[2026-04-17T05:40:42.201Z] [STUCK] URL không đổi sau ArrowRight round=10013, tự reload...
[2026-04-17T05:40:46.763Z] [+] #5774 | 189121062_1426236701048591_8734737912770513051_n.jpg
[2026-04-17T05:40:53.659Z] [STUCK] URL không đổi sau ArrowRight round=10015, tự reload...
[2026-04-17T05:40:58.182Z] [+] #5775 | 187962634_1424764597862468_1850352394565539744_n.jpg
[2026-04-17T05:41:05.076Z] [STUCK] URL không đổi sau ArrowRight round=10017, tự reload...
[2026-04-17T05:41:16.819Z] [+] #5776 | 186498676_1424764561195805_4172684315548932726_n.jpg
[2026-04-17T05:41:23.716Z] [STUCK] URL không đổi sau ArrowRight round=10019, tự reload...
[2026-04-17T05:41:28.285Z] [+] #5777 | 187091721_1424764534529141_6047935403851005785_n.jpg
[2026-04-17T05:41:28.565Z] [VIEWER] Round 10020 | Collected: 5777
[2026-04-17T05:41:35.177Z] [STUCK] URL không đổi sau ArrowRight round=10021, tự reload...
[2026-04-17T05:41:39.755Z] [+] #5778 | 186527014_1424764507862477_1731852730105896602_n.jpg
[2026-04-17T05:41:46.661Z] [STUCK] URL không đổi sau ArrowRight round=10023, tự reload...
[2026-04-17T05:41:51.281Z] [+] #5779 | 188465094_1424764491195812_6482813125422649788_n.jpg
[2026-04-17T05:41:58.184Z] [STUCK] URL không đổi sau ArrowRight round=10025, tự reload...
[2026-04-17T05:42:02.666Z] [+] #5780 | 186498516_1424764471195814_2582568646190929566_n.jpg
[2026-04-17T05:42:09.563Z] [STUCK] URL không đổi sau ArrowRight round=10027, tự reload...
[2026-04-17T05:42:14.056Z] [+] #5781 | 186484453_1424764421195819_2230074781761611805_n.jpg
[2026-04-17T05:42:20.957Z] [STUCK] URL không đổi sau ArrowRight round=10029, tự reload...
[2026-04-17T05:42:28.418Z] [+] #5782 | 186551695_1424764414529153_723188934662798342_n.jpg
[2026-04-17T05:42:35.327Z] [STUCK] URL không đổi sau ArrowRight round=10031, tự reload...
[2026-04-17T05:42:39.848Z] [+] #5783 | 186548080_1424764374529157_6683521787257859460_n.jpg
[2026-04-17T05:42:46.741Z] [STUCK] URL không đổi sau ArrowRight round=10033, tự reload...
[2026-04-17T05:42:51.935Z] [+] #5784 | 186486472_1424764354529159_4552280220627836000_n.jpg
[2026-04-17T05:42:58.836Z] [STUCK] URL không đổi sau ArrowRight round=10035, tự reload...
[2026-04-17T05:43:03.447Z] [+] #5785 | 186495002_1424764327862495_2847475367656772591_n.jpg
[2026-04-17T05:43:10.349Z] [STUCK] URL không đổi sau ArrowRight round=10037, tự reload...
[2026-04-17T05:43:20.223Z] [+] #5786 | 186448905_1424764294529165_5403320417965063875_n.jpg
[2026-04-17T05:43:27.125Z] [STUCK] URL không đổi sau ArrowRight round=10039, tự reload...
[2026-04-17T05:43:37.348Z] [+] #5787 | 186498680_1424764284529166_182942158469910790_n.jpg
[2026-04-17T05:43:37.637Z] [VIEWER] Round 10040 | Collected: 5787
[2026-04-17T05:43:44.253Z] [STUCK] URL không đổi sau ArrowRight round=10041, tự reload...
[2026-04-17T05:43:48.746Z] [+] #5788 | 186629895_1424764261195835_8474345277038118340_n.jpg
[2026-04-17T05:43:55.644Z] [STUCK] URL không đổi sau ArrowRight round=10043, tự reload...
[2026-04-17T05:44:00.553Z] [+] #5789 | 185764432_1423466714658923_8786499839446465956_n.jpg
[2026-04-17T05:44:07.449Z] [STUCK] URL không đổi sau ArrowRight round=10045, tự reload...
[2026-04-17T05:44:17.795Z] [+] #5790 | 186488185_1422743504731244_7477318696355349092_n.jpg
[2026-04-17T05:44:24.691Z] [STUCK] URL không đổi sau ArrowRight round=10047, tự reload...
[2026-04-17T05:44:29.617Z] [+] #5791 | 187107554_1422085701463691_5939892398742567471_n.jpg
[2026-04-17T05:44:36.519Z] [STUCK] URL không đổi sau ArrowRight round=10049, tự reload...
[2026-04-17T05:44:41.256Z] [+] #5792 | 187972456_1421417311530530_7537079264559856255_n.jpg
[2026-04-17T05:44:49.952Z] [STUCK] URL không đổi sau ArrowRight round=10052, tự reload...
[2026-04-17T05:44:54.467Z] [+] #5793 | 184396964_1420171964988398_8792303346369441815_n.jpg
[2026-04-17T05:45:01.368Z] [STUCK] URL không đổi sau ArrowRight round=10054, tự reload...
[2026-04-17T05:45:08.890Z] [+] #5794 | 186480942_1420171911655070_4301707957015714726_n.jpg
[2026-04-17T05:45:15.795Z] [STUCK] URL không đổi sau ArrowRight round=10056, tự reload...
[2026-04-17T05:45:20.472Z] [+] #5795 | 185046074_1420171891655072_1825970707704046649_n.jpg
[2026-04-17T05:45:27.371Z] [STUCK] URL không đổi sau ArrowRight round=10058, tự reload...
[2026-04-17T05:45:31.983Z] [+] #5796 | 185951562_1417927001879561_366476034704667024_n.jpg
[2026-04-17T05:45:38.881Z] [STUCK] URL không đổi sau ArrowRight round=10060, tự reload...
[2026-04-17T05:45:43.418Z] [+] #5797 | 186065999_1417926995212895_5034056358879890318_n.jpg
[2026-04-17T05:45:50.313Z] [STUCK] URL không đổi sau ArrowRight round=10062, tự reload...
[2026-04-17T05:45:55.105Z] [+] #5798 | 185123387_1417926945212900_332049849001058498_n.jpg
[2026-04-17T05:46:01.999Z] [STUCK] URL không đổi sau ArrowRight round=10064, tự reload...
[2026-04-17T05:46:06.563Z] [+] #5799 | 183850601_1417926925212902_5689952568764560485_n.jpg
[2026-04-17T05:46:13.473Z] [STUCK] URL không đổi sau ArrowRight round=10066, tự reload...
[2026-04-17T05:46:23.196Z] [+] #5800 | 183471237_1417926918546236_1870118739732796667_n.jpg
[2026-04-17T05:46:30.103Z] [STUCK] URL không đổi sau ArrowRight round=10068, tự reload...
[2026-04-17T05:46:34.717Z] [+] #5801 | 185844839_1417926915212903_854698870234143438_n.jpg
[2026-04-17T05:46:41.629Z] [STUCK] URL không đổi sau ArrowRight round=10070, tự reload...
[2026-04-17T05:46:46.296Z] [+] #5802 | 186464430_1417926901879571_1081668718489041361_n.jpg
[2026-04-17T05:46:53.201Z] [STUCK] URL không đổi sau ArrowRight round=10072, tự reload...
[2026-04-17T05:46:57.681Z] [+] #5803 | 186522417_1417926895212905_1752888266303729289_n.jpg
[2026-04-17T05:47:04.578Z] [STUCK] URL không đổi sau ArrowRight round=10074, tự reload...
[2026-04-17T05:47:09.061Z] [+] #5804 | 184112585_1417166121955649_6459563619390970935_n.jpg
[2026-04-17T05:47:15.963Z] [STUCK] URL không đổi sau ArrowRight round=10076, tự reload...
[2026-04-17T05:47:45.283Z] [+] #5805 | 184065587_1417166091955652_852063807278819684_n.jpg
[2026-04-17T05:47:50.400Z] [STUCK] URL không đổi sau ArrowRight round=10077, tự reload...
[2026-04-17T05:47:55.047Z] [+] #5806 | 184065587_1417166091955652_852063807278819684_n.jpg
[2026-04-17T05:48:01.960Z] [STUCK] URL không đổi sau ArrowRight round=10079, tự reload...
[2026-04-17T05:48:11.992Z] [+] #5807 | 185421770_1417166068622321_2797543947116731851_n.jpg
[2026-04-17T05:48:12.275Z] [VIEWER] Round 10080 | Collected: 5807
[2026-04-17T05:48:18.891Z] [STUCK] URL không đổi sau ArrowRight round=10081, tự reload...
[2026-04-17T05:48:23.431Z] [+] #5808 | 186508494_1417166015288993_6324253687614441475_n.jpg
[2026-04-17T05:48:30.352Z] [STUCK] URL không đổi sau ArrowRight round=10083, tự reload...
[2026-04-17T05:48:34.876Z] [+] #5809 | 184892878_1417166008622327_4883589318043040490_n.jpg
[2026-04-17T05:48:41.780Z] [STUCK] URL không đổi sau ArrowRight round=10085, tự reload...
[2026-04-17T05:48:46.418Z] [+] #5810 | 183353883_1417166001955661_7859898237259863176_n.jpg
[2026-04-17T05:48:53.309Z] [STUCK] URL không đổi sau ArrowRight round=10087, tự reload...
[2026-04-17T05:48:57.795Z] [+] #5811 | 186367252_1417165985288996_1694949776393147013_n.jpg
[2026-04-17T05:49:04.701Z] [STUCK] URL không đổi sau ArrowRight round=10089, tự reload...
[2026-04-17T05:49:13.727Z] [+] #5812 | 185248612_1417165981955663_5982549875604153964_n.jpg
[2026-04-17T05:49:20.632Z] [STUCK] URL không đổi sau ArrowRight round=10091, tự reload...
[2026-04-17T05:49:31.102Z] [+] #5813 | 184142685_1416460378692890_5623553662463590795_n.jpg
[2026-04-17T05:49:37.999Z] [STUCK] URL không đổi sau ArrowRight round=10093, tự reload...
[2026-04-17T05:49:42.646Z] [+] #5814 | 183139385_1416460368692891_8602296727048944759_n.jpg
[2026-04-17T05:49:49.542Z] [STUCK] URL không đổi sau ArrowRight round=10095, tự reload...
[2026-04-17T05:49:54.033Z] [+] #5815 | 184146183_1416460345359560_3894475239292937376_n.jpg
[2026-04-17T05:50:00.936Z] [STUCK] URL không đổi sau ArrowRight round=10097, tự reload...
[2026-04-17T05:50:05.508Z] [+] #5816 | 185980363_1416460322026229_283806492343939234_n.jpg
[2026-04-17T05:50:12.396Z] [STUCK] URL không đổi sau ArrowRight round=10099, tự reload...
[2026-04-17T05:50:17.199Z] [+] #5817 | 184124222_1414382465567348_2157771768859292824_n.jpg
[2026-04-17T05:50:17.486Z] [VIEWER] Round 10100 | Collected: 5817
[2026-04-17T05:50:24.102Z] [STUCK] URL không đổi sau ArrowRight round=10101, tự reload...
[2026-04-17T05:50:28.842Z] [+] #5818 | 183205335_1411618425843752_4940064330338536475_n.jpg
[2026-04-17T05:50:35.748Z] [STUCK] URL không đổi sau ArrowRight round=10103, tự reload...
[2026-04-17T05:50:40.326Z] [+] #5819 | 182131258_1411617502510511_8397764911288234275_n.jpg
[2026-04-17T05:50:47.233Z] [STUCK] URL không đổi sau ArrowRight round=10105, tự reload...
[2026-04-17T05:50:56.713Z] [+] #5820 | 181814673_1411617445843850_5474341975884811271_n.jpg
[2026-04-17T05:51:03.619Z] [STUCK] URL không đổi sau ArrowRight round=10107, tự reload...
[2026-04-17T05:51:08.334Z] [+] #5821 | 181382034_1411617422510519_2225668900673497784_n.jpg
[2026-04-17T05:51:15.236Z] [STUCK] URL không đổi sau ArrowRight round=10109, tự reload...
[2026-04-17T05:51:20.052Z] [+] #5822 | 179284481_1410405102631751_680126561174979318_n.jpg
[2026-04-17T05:51:26.946Z] [STUCK] URL không đổi sau ArrowRight round=10111, tự reload...
[2026-04-17T05:51:31.817Z] [+] #5823 | 179483228_1409114772760784_6726216625601522631_n.jpg
[2026-04-17T05:51:38.726Z] [STUCK] URL không đổi sau ArrowRight round=10113, tự reload...
[2026-04-17T05:51:43.271Z] [+] #5824 | 179675309_1409114739427454_7366341346762758556_n.jpg
[2026-04-17T05:51:50.157Z] [STUCK] URL không đổi sau ArrowRight round=10115, tự reload...
[2026-04-17T05:51:54.759Z] [+] #5825 | 179221946_1409114716094123_5008061060558673275_n.jpg
[2026-04-17T05:52:01.676Z] [STUCK] URL không đổi sau ArrowRight round=10117, tự reload...
[2026-04-17T05:52:12.060Z] [+] #5826 | 178946585_1409114656094129_2117921171414072211_n.jpg
[2026-04-17T05:52:18.948Z] [STUCK] URL không đổi sau ArrowRight round=10119, tự reload...
[2026-04-17T05:52:23.625Z] [+] #5827 | 178912830_1409114626094132_5825174992336957487_n.jpg
[2026-04-17T05:52:23.901Z] [VIEWER] Round 10120 | Collected: 5827
[2026-04-17T05:52:30.511Z] [STUCK] URL không đổi sau ArrowRight round=10121, tự reload...
[2026-04-17T05:52:35.048Z] [+] #5828 | 178515236_1409114602760801_521779088049945485_n.jpg
[2026-04-17T05:52:41.925Z] [STUCK] URL không đổi sau ArrowRight round=10123, tự reload...
[2026-04-17T05:52:46.781Z] [+] #5829 | 180599412_1408825609456367_5937748759711704191_n.jpg
[2026-04-17T05:52:53.686Z] [STUCK] URL không đổi sau ArrowRight round=10125, tự reload...
[2026-04-17T05:52:58.510Z] [+] #5830 | 180783628_1408130649525863_6648712532473527736_n.jpg
[2026-04-17T05:53:05.403Z] [STUCK] URL không đổi sau ArrowRight round=10127, tự reload...
[2026-04-17T05:53:10.232Z] [+] #5831 | 177528762_1406215673050694_2375752028195632237_n.jpg
[2026-04-17T05:53:17.142Z] [STUCK] URL không đổi sau ArrowRight round=10129, tự reload...
[2026-04-17T05:53:21.706Z] [+] #5832 | 178653064_1404196016585993_4394759876098012677_n.jpg
[2026-04-17T05:53:28.614Z] [STUCK] URL không đổi sau ArrowRight round=10131, tự reload...
[2026-04-17T05:53:33.200Z] [+] #5833 | 177678337_1404195979919330_3833720767289755073_n.jpg
[2026-04-17T05:53:40.107Z] [STUCK] URL không đổi sau ArrowRight round=10133, tự reload...
[2026-04-17T05:53:44.759Z] [+] #5834 | 178211656_1404195973252664_2893110117226339923_n.jpg
[2026-04-17T05:53:51.669Z] [STUCK] URL không đổi sau ArrowRight round=10135, tự reload...
[2026-04-17T05:53:58.144Z] [+] #5835 | 178375770_1404195953252666_1756946102832227512_n.jpg
[2026-04-17T05:54:05.040Z] [STUCK] URL không đổi sau ArrowRight round=10137, tự reload...
[2026-04-17T05:54:09.625Z] [+] #5836 | 177752774_1404195929919335_2609730530724872257_n.jpg
[2026-04-17T05:54:16.536Z] [STUCK] URL không đổi sau ArrowRight round=10139, tự reload...
[2026-04-17T05:54:21.056Z] [+] #5837 | 176297075_1404195886586006_668356500946202821_n.jpg
[2026-04-17T05:54:21.341Z] [VIEWER] Round 10140 | Collected: 5837
[2026-04-17T05:54:27.966Z] [STUCK] URL không đổi sau ArrowRight round=10141, tự reload...
[2026-04-17T05:54:37.884Z] [+] #5838 | 176525236_1404195863252675_4116102049117562921_n.jpg
[2026-04-17T05:54:44.783Z] [STUCK] URL không đổi sau ArrowRight round=10143, tự reload...
[2026-04-17T05:54:49.335Z] [+] #5839 | 178127507_1404195819919346_3351870806014211152_n.jpg
[2026-04-17T05:54:56.238Z] [STUCK] URL không đổi sau ArrowRight round=10145, tự reload...
[2026-04-17T05:55:00.869Z] [+] #5840 | 174289702_1404195769919351_7116617693202124959_n.jpg
[2026-04-17T05:55:07.760Z] [STUCK] URL không đổi sau ArrowRight round=10147, tự reload...
[2026-04-17T05:55:12.320Z] [+] #5841 | 177388205_1404195756586019_8502886547915722348_n.jpg
[2026-04-17T05:55:21.012Z] [STUCK] URL không đổi sau ArrowRight round=10150, tự reload...
[2026-04-17T05:55:25.587Z] [+] #5842 | 176344989_1404195686586026_4458066674384702396_n.jpg
[2026-04-17T05:55:32.486Z] [STUCK] URL không đổi sau ArrowRight round=10152, tự reload...
[2026-04-17T05:55:36.950Z] [+] #5843 | 175722924_1404195659919362_2274595617504610485_n.jpg
[2026-04-17T05:55:43.849Z] [STUCK] URL không đổi sau ArrowRight round=10154, tự reload...
[2026-04-17T05:55:53.177Z] [+] #5844 | 179052090_1404195676586027_8017811715882135061_n.jpg
[2026-04-17T05:56:00.083Z] [STUCK] URL không đổi sau ArrowRight round=10156, tự reload...
[2026-04-17T05:56:04.555Z] [+] #5845 | 175671710_1404195619919366_7077886397024745621_n.jpg
[2026-04-17T05:56:11.448Z] [STUCK] URL không đổi sau ArrowRight round=10158, tự reload...
[2026-04-17T05:56:15.923Z] [+] #5846 | 175722924_1404195579919370_3826905130207803663_n.jpg
[2026-04-17T05:56:22.831Z] [STUCK] URL không đổi sau ArrowRight round=10160, tự reload...
[2026-04-17T05:56:27.493Z] [+] #5847 | 176031342_1404195569919371_1178813157872154808_n.jpg
[2026-04-17T05:56:34.392Z] [STUCK] URL không đổi sau ArrowRight round=10162, tự reload...
[2026-04-17T05:56:44.057Z] [+] #5848 | 175681403_1404195539919374_7745610919600969920_n.jpg
[2026-04-17T05:56:50.961Z] [STUCK] URL không đổi sau ArrowRight round=10164, tự reload...
[2026-04-17T05:56:55.477Z] [+] #5849 | 176503664_1404195519919376_2047211497333066834_n.jpg
[2026-04-17T05:57:02.373Z] [STUCK] URL không đổi sau ArrowRight round=10166, tự reload...
[2026-04-17T05:57:06.964Z] [+] #5850 | 176982334_1404195496586045_5163428677643531080_n.jpg
[2026-04-17T05:57:13.852Z] [STUCK] URL không đổi sau ArrowRight round=10168, tự reload...
[2026-04-17T05:57:18.323Z] [+] #5851 | 176074045_1402617980077130_2146582393979605578_n.jpg
[2026-04-17T05:57:25.254Z] [STUCK] URL không đổi sau ArrowRight round=10170, tự reload...
[2026-04-17T05:57:29.797Z] [+] #5852 | 175940658_1402617956743799_4131059323779686597_n.jpg
[2026-04-17T05:57:36.710Z] [STUCK] URL không đổi sau ArrowRight round=10172, tự reload...
[2026-04-17T05:57:41.314Z] [+] #5853 | 175443104_1402617936743801_6351826910989017416_n.jpg
[2026-04-17T05:57:48.219Z] [STUCK] URL không đổi sau ArrowRight round=10174, tự reload...
[2026-04-17T05:57:52.796Z] [+] #5854 | 175994039_1402617920077136_7491162308147946039_n.jpg
[2026-04-17T05:57:59.696Z] [STUCK] URL không đổi sau ArrowRight round=10176, tự reload...
[2026-04-17T05:58:04.227Z] [+] #5855 | 176612573_1402617900077138_1343105650009790905_n.jpg
[2026-04-17T05:58:11.129Z] [STUCK] URL không đổi sau ArrowRight round=10178, tự reload...
[2026-04-17T05:58:15.715Z] [+] #5856 | 175695003_1402617873410474_1133203535424709502_n.jpg
[2026-04-17T05:58:22.636Z] [STUCK] URL không đổi sau ArrowRight round=10180, tự reload...
[2026-04-17T05:58:32.207Z] [+] #5857 | 174251286_1401209876884607_7100521447777197188_n.jpg
[2026-04-17T05:58:39.098Z] [STUCK] URL không đổi sau ArrowRight round=10182, tự reload...
[2026-04-17T05:58:43.648Z] [+] #5858 | 176043129_1401209840217944_6833274511994921503_n.jpg
[2026-04-17T05:58:50.557Z] [STUCK] URL không đổi sau ArrowRight round=10184, tự reload...
[2026-04-17T05:59:00.100Z] [+] #5859 | 174614147_1401209766884618_2331403811195152037_n.jpg
[2026-04-17T05:59:07.010Z] [STUCK] URL không đổi sau ArrowRight round=10186, tự reload...
[2026-04-17T05:59:11.487Z] [+] #5860 | 175130964_1401209743551287_9205919955930580045_n.jpg
[2026-04-17T05:59:18.380Z] [STUCK] URL không đổi sau ArrowRight round=10188, tự reload...
[2026-04-17T05:59:22.963Z] [+] #5861 | 175954717_1401209716884623_6739625250869789268_n.jpg
[2026-04-17T05:59:29.858Z] [STUCK] URL không đổi sau ArrowRight round=10190, tự reload...
[2026-04-17T05:59:34.422Z] [+] #5862 | 174268883_1401209696884625_3382324261213502852_n.jpg
[2026-04-17T05:59:41.315Z] [STUCK] URL không đổi sau ArrowRight round=10192, tự reload...
[2026-04-17T05:59:45.910Z] [+] #5863 | 175934338_1401209660217962_1249570785361300326_n.jpg
[2026-04-17T05:59:52.804Z] [STUCK] URL không đổi sau ArrowRight round=10194, tự reload...
[2026-04-17T05:59:57.565Z] [+] #5864 | 176241658_1401209653551296_2107823273154626733_n.jpg
[2026-04-17T06:00:04.472Z] [STUCK] URL không đổi sau ArrowRight round=10196, tự reload...
[2026-04-17T06:00:13.702Z] [+] #5865 | 175930781_1401209630217965_1498338037923849627_n.jpg
[2026-04-17T06:00:20.598Z] [STUCK] URL không đổi sau ArrowRight round=10198, tự reload...
[2026-04-17T06:00:25.274Z] [+] #5866 | 174113537_1401209560217972_7442218176974772526_n.jpg
[2026-04-17T06:00:32.177Z] [STUCK] URL không đổi sau ArrowRight round=10200, tự reload...
[2026-04-17T06:00:36.833Z] [+] #5867 | 176120320_1401209550217973_3938188095206793678_n.jpg
[2026-04-17T06:00:43.737Z] [STUCK] URL không đổi sau ArrowRight round=10202, tự reload...
[2026-04-17T06:00:54.670Z] [+] #5868 | 174480892_1399785037027091_8839383599413335318_n.jpg
[2026-04-17T06:01:01.573Z] [STUCK] URL không đổi sau ArrowRight round=10204, tự reload...
[2026-04-17T06:01:06.259Z] [+] #5869 | 174395206_1399204323751829_6896984776586228498_n.jpg
[2026-04-17T06:01:13.167Z] [STUCK] URL không đổi sau ArrowRight round=10206, tự reload...
[2026-04-17T06:01:17.836Z] [+] #5870 | 173438963_1399204307085164_8847742277696634040_n.jpg
[2026-04-17T06:01:24.741Z] [STUCK] URL không đổi sau ArrowRight round=10208, tự reload...
[2026-04-17T06:01:29.361Z] [+] #5871 | 174593469_1399204277085167_7556303351037952416_n.jpg
[2026-04-17T06:01:36.265Z] [STUCK] URL không đổi sau ArrowRight round=10210, tự reload...
[2026-04-17T06:01:40.952Z] [+] #5872 | 174166897_1399204257085169_1531640613307744143_n.jpg
[2026-04-17T06:01:47.856Z] [STUCK] URL không đổi sau ArrowRight round=10212, tự reload...
[2026-04-17T06:01:52.482Z] [+] #5873 | 173725546_1399204233751838_7487002268844819448_n.jpg
[2026-04-17T06:01:59.374Z] [STUCK] URL không đổi sau ArrowRight round=10214, tự reload...
[2026-04-17T06:02:03.979Z] [+] #5874 | 174151364_1399204197085175_3041462566362696967_n.jpg
[2026-04-17T06:02:10.872Z] [STUCK] URL không đổi sau ArrowRight round=10216, tự reload...
[2026-04-17T06:02:15.486Z] [+] #5875 | 173278966_1399204170418511_8323020427578041251_n.jpg
[2026-04-17T06:02:22.384Z] [STUCK] URL không đổi sau ArrowRight round=10218, tự reload...
[2026-04-17T06:02:27.024Z] [+] #5876 | 173502493_1399204147085180_1571185626633475980_n.jpg
[2026-04-17T06:02:33.925Z] [STUCK] URL không đổi sau ArrowRight round=10220, tự reload...
[2026-04-17T06:02:38.785Z] [+] #5877 | 172704424_1396481854024076_9136845130593796308_n.jpg
[2026-04-17T06:02:45.710Z] [STUCK] URL không đổi sau ArrowRight round=10222, tự reload...
[2026-04-17T06:02:50.397Z] [+] #5878 | 171677262_1395627024109559_593942770002686389_n.jpg
[2026-04-17T06:02:57.288Z] [STUCK] URL không đổi sau ArrowRight round=10224, tự reload...
[2026-04-17T06:03:01.878Z] [+] #5879 | 170378317_1395627017442893_5644976129062137245_n.jpg
[2026-04-17T06:03:08.779Z] [STUCK] URL không đổi sau ArrowRight round=10226, tự reload...
[2026-04-17T06:03:13.413Z] [+] #5880 | 170332105_1395627000776228_832693019815306959_n.jpg
[2026-04-17T06:03:20.309Z] [STUCK] URL không đổi sau ArrowRight round=10228, tự reload...
[2026-04-17T06:03:25.340Z] [+] #5881 | 169599759_1393771544295107_4379891592207256484_n.jpg
[2026-04-17T06:03:32.238Z] [STUCK] URL không đổi sau ArrowRight round=10230, tự reload...
[2026-04-17T06:03:36.936Z] [+] #5882 | 169538280_1393771277628467_579607806823241739_n.jpg
[2026-04-17T06:03:43.830Z] [STUCK] URL không đổi sau ArrowRight round=10232, tự reload...
[2026-04-17T06:03:48.384Z] [+] #5883 | 171002482_1393771250961803_6695433982897633203_n.jpg
[2026-04-17T06:03:55.280Z] [STUCK] URL không đổi sau ArrowRight round=10234, tự reload...
[2026-04-17T06:03:59.934Z] [+] #5884 | 169699243_1393771197628475_7974946607919660353_n.jpg
[2026-04-17T06:04:06.834Z] [STUCK] URL không đổi sau ArrowRight round=10236, tự reload...
[2026-04-17T06:04:11.533Z] [+] #5885 | 169134274_1393071971031731_5391989271949015764_n.jpg
[2026-04-17T06:04:18.427Z] [STUCK] URL không đổi sau ArrowRight round=10238, tự reload...
[2026-04-17T06:04:22.923Z] [+] #5886 | 170273012_1393071934365068_7363770490732856943_n.jpg
[2026-04-17T06:04:29.835Z] [STUCK] URL không đổi sau ArrowRight round=10240, tự reload...
[2026-04-17T06:04:34.486Z] [+] #5887 | 170037981_1393071911031737_7709477624852696753_n.jpg
[2026-04-17T06:04:41.392Z] [STUCK] URL không đổi sau ArrowRight round=10242, tự reload...
[2026-04-17T06:04:46.478Z] [+] #5888 | 169258686_1392415014430760_6515798659054117977_n.jpg
[2026-04-17T06:04:53.382Z] [STUCK] URL không đổi sau ArrowRight round=10244, tự reload...
[2026-04-17T06:04:58.110Z] [+] #5889 | 169247310_1391107511228177_6588609348356573818_n.jpg
[2026-04-17T06:05:05.015Z] [STUCK] URL không đổi sau ArrowRight round=10246, tự reload...
[2026-04-17T06:05:09.693Z] [+] #5890 | 169607416_1391107487894846_6860737612690034743_n.jpg
[2026-04-17T06:05:16.594Z] [STUCK] URL không đổi sau ArrowRight round=10248, tự reload...
[2026-04-17T06:05:26.829Z] [+] #5891 | 167588420_1391107461228182_1063456265626684246_n.jpg
[2026-04-17T06:05:33.740Z] [STUCK] URL không đổi sau ArrowRight round=10250, tự reload...
[2026-04-17T06:05:38.336Z] [+] #5892 | 167992514_1390419531296975_601983124348018361_n.jpg
[2026-04-17T06:05:45.249Z] [STUCK] URL không đổi sau ArrowRight round=10252, tự reload...
[2026-04-17T06:05:49.898Z] [+] #5893 | 167858839_1390419501296978_7280314217412631095_n.jpg
[2026-04-17T06:05:56.794Z] [STUCK] URL không đổi sau ArrowRight round=10254, tự reload...
[2026-04-17T06:06:01.361Z] [+] #5894 | 168330985_1390419494630312_6083855434522741685_n.jpg
[2026-04-17T06:06:08.259Z] [STUCK] URL không đổi sau ArrowRight round=10256, tự reload...
[2026-04-17T06:06:12.783Z] [+] #5895 | 167395117_1390419467963648_7971180669930901015_n.jpg
[2026-04-17T06:06:19.681Z] [STUCK] URL không đổi sau ArrowRight round=10258, tự reload...
[2026-04-17T06:06:24.513Z] [+] #5896 | 168494310_1389846958020899_3199621235718527514_n.jpg
[2026-04-17T06:06:31.413Z] [STUCK] URL không đổi sau ArrowRight round=10260, tự reload...
[2026-04-17T06:06:36.059Z] [+] #5897 | 168079199_1389075938098001_2794539981206375838_n.jpg
[2026-04-17T06:06:42.958Z] [STUCK] URL không đổi sau ArrowRight round=10262, tự reload...
[2026-04-17T06:06:47.542Z] [+] #5898 | 167098549_1389075911431337_6053660750212115285_n.jpg
[2026-04-17T06:06:54.432Z] [STUCK] URL không đổi sau ArrowRight round=10264, tự reload...
[2026-04-17T06:06:59.157Z] [+] #5899 | 168265175_1389075874764674_109471332054622944_n.jpg
[2026-04-17T06:07:06.053Z] [STUCK] URL không đổi sau ArrowRight round=10266, tự reload...
[2026-04-17T06:07:11.040Z] [+] #5900 | 166776783_1389075834764678_7056734067251072252_n.jpg
[2026-04-17T06:07:17.936Z] [STUCK] URL không đổi sau ArrowRight round=10268, tự reload...
[2026-04-17T06:07:22.579Z] [+] #5901 | 166237185_1388212731517655_3899552937154926649_n.jpg
[2026-04-17T06:07:29.454Z] [STUCK] URL không đổi sau ArrowRight round=10270, tự reload...
[2026-04-17T06:07:34.107Z] [+] #5902 | 165941504_1388212721517656_8720965271481919361_n.jpg
[2026-04-17T06:07:40.992Z] [STUCK] URL không đổi sau ArrowRight round=10272, tự reload...
[2026-04-17T06:07:45.944Z] [+] #5903 | 166102177_1388113878194207_4347064501502090110_n.jpg
[2026-04-17T06:07:52.853Z] [STUCK] URL không đổi sau ArrowRight round=10274, tự reload...
[2026-04-17T06:07:57.748Z] [+] #5904 | 165920759_1388113041527624_6616632430638168159_n.jpg
[2026-04-17T06:08:04.643Z] [STUCK] URL không đổi sau ArrowRight round=10276, tự reload...
[2026-04-17T06:08:09.182Z] [+] #5905 | 166008147_1387035994968662_4886389701450966020_n.jpg
[2026-04-17T06:08:16.087Z] [STUCK] URL không đổi sau ArrowRight round=10278, tự reload...
[2026-04-17T06:08:20.661Z] [+] #5906 | 166649177_1387035954968666_5603093239568544245_n.jpg
[2026-04-17T06:08:27.560Z] [STUCK] URL không đổi sau ArrowRight round=10280, tự reload...
[2026-04-17T06:08:32.304Z] [+] #5907 | 165901637_1387035948302000_7042503994897332720_n.jpg
[2026-04-17T06:08:39.206Z] [STUCK] URL không đổi sau ArrowRight round=10282, tự reload...
[2026-04-17T06:08:47.561Z] [+] #5908 | 165769209_1387035941635334_9182748698518066453_n.jpg
[2026-04-17T06:08:54.480Z] [STUCK] URL không đổi sau ArrowRight round=10284, tự reload...
[2026-04-17T06:08:59.078Z] [+] #5909 | 166919175_1387035901635338_2754943382804867707_n.jpg
[2026-04-17T06:09:05.984Z] [STUCK] URL không đổi sau ArrowRight round=10286, tự reload...
[2026-04-17T06:09:15.501Z] [+] #5910 | 166701811_1387035891635339_666546464583678284_n.jpg
[2026-04-17T06:09:22.407Z] [STUCK] URL không đổi sau ArrowRight round=10288, tự reload...
[2026-04-17T06:09:26.964Z] [+] #5911 | 166703952_1387035874968674_7226704355059463725_n.jpg
[2026-04-17T06:09:33.874Z] [STUCK] URL không đổi sau ArrowRight round=10290, tự reload...
[2026-04-17T06:09:38.532Z] [+] #5912 | 167292524_1387035854968676_939871603170588257_n.jpg
[2026-04-17T06:09:45.432Z] [STUCK] URL không đổi sau ArrowRight round=10292, tự reload...
[2026-04-17T06:09:50.372Z] [+] #5913 | 165369525_1386486658356929_877543756509263959_n.jpg
[2026-04-17T06:09:57.270Z] [STUCK] URL không đổi sau ArrowRight round=10294, tự reload...
[2026-04-17T06:10:11.473Z] [+] #5914 | 164505557_1385718248433770_5565165414508486223_n.jpg
[2026-04-17T06:10:18.382Z] [STUCK] URL không đổi sau ArrowRight round=10296, tự reload...
[2026-04-17T06:10:23.106Z] [+] #5915 | 163487571_1383715051967423_5386734584714953366_n.jpg
[2026-04-17T06:10:30.016Z] [STUCK] URL không đổi sau ArrowRight round=10298, tự reload...
[2026-04-17T06:10:34.694Z] [+] #5916 | 163505298_1383715028634092_8549268050259604372_n.jpg
[2026-04-17T06:10:41.607Z] [STUCK] URL không đổi sau ArrowRight round=10300, tự reload...
[2026-04-17T06:10:46.326Z] [+] #5917 | 165223222_1383715005300761_1580003727151531927_n.jpg
[2026-04-17T06:10:53.230Z] [STUCK] URL không đổi sau ArrowRight round=10302, tự reload...
[2026-04-17T06:10:57.867Z] [+] #5918 | 163630338_1383714961967432_490539279459659379_n.jpg
[2026-04-17T06:11:04.755Z] [STUCK] URL không đổi sau ArrowRight round=10304, tự reload...
[2026-04-17T06:11:09.428Z] [+] #5919 | 164007301_1383714968634098_4339939843844996112_n.jpg
[2026-04-17T06:11:16.338Z] [STUCK] URL không đổi sau ArrowRight round=10306, tự reload...
[2026-04-17T06:11:20.924Z] [+] #5920 | 163531189_1383714938634101_2496658144483795700_n.jpg
[2026-04-17T06:11:27.820Z] [STUCK] URL không đổi sau ArrowRight round=10308, tự reload...
[2026-04-17T06:11:32.427Z] [+] #5921 | 165092170_1383714915300770_7992677929026684560_n.jpg
[2026-04-17T06:11:39.331Z] [STUCK] URL không đổi sau ArrowRight round=10310, tự reload...
[2026-04-17T06:11:43.988Z] [+] #5922 | 165073544_1383714895300772_7454874698761110432_n.jpg
[2026-04-17T06:11:50.903Z] [STUCK] URL không đổi sau ArrowRight round=10312, tự reload...
[2026-04-17T06:11:55.517Z] [+] #5923 | 163534648_1383714868634108_2571889209650008521_n.jpg
[2026-04-17T06:12:02.421Z] [STUCK] URL không đổi sau ArrowRight round=10314, tự reload...
[2026-04-17T06:12:06.950Z] [+] #5924 | 163823849_1383714848634110_8530081770916476821_n.jpg
[2026-04-17T06:12:13.853Z] [STUCK] URL không đổi sau ArrowRight round=10316, tự reload...
[2026-04-17T06:12:18.439Z] [+] #5925 | 163835591_1383114252027503_7891763009590539659_n.jpg
[2026-04-17T06:12:25.343Z] [STUCK] URL không đổi sau ArrowRight round=10318, tự reload...
[2026-04-17T06:12:29.927Z] [+] #5926 | 165294461_1383114228694172_8604318954939575864_n.jpg
[2026-04-17T06:12:36.811Z] [STUCK] URL không đổi sau ArrowRight round=10320, tự reload...
[2026-04-17T06:12:41.415Z] [+] #5927 | 163627718_1383114205360841_3771888405493565690_n.jpg
[2026-04-17T06:12:48.318Z] [STUCK] URL không đổi sau ArrowRight round=10322, tự reload...
[2026-04-17T06:12:53.044Z] [+] #5928 | 162543791_1383114175360844_3728043655676101535_n.jpg
[2026-04-17T06:12:59.940Z] [STUCK] URL không đổi sau ArrowRight round=10324, tự reload...
[2026-04-17T06:13:04.826Z] [+] #5929 | 163636871_1382498915422370_1376641519473895345_n.jpg
[2026-04-17T06:13:11.734Z] [STUCK] URL không đổi sau ArrowRight round=10326, tự reload...
[2026-04-17T06:13:16.701Z] [+] #5930 | 162535407_1382367885435473_8615631453925489747_n.jpg
[2026-04-17T06:13:23.601Z] [STUCK] URL không đổi sau ArrowRight round=10328, tự reload...
[2026-04-17T06:13:30.404Z] [+] #5931 | 163630751_1380983512240577_8703891848740567426_n.jpg
[2026-04-17T06:13:37.313Z] [STUCK] URL không đổi sau ArrowRight round=10330, tự reload...
[2026-04-17T06:13:42.214Z] [+] #5932 | 162104253_1379698785702383_7803676393233294928_n.jpg
[2026-04-17T06:13:49.113Z] [STUCK] URL không đổi sau ArrowRight round=10332, tự reload...
[2026-04-17T06:13:53.767Z] [+] #5933 | 162045957_1378245355847726_1196395664618505016_n.jpg
[2026-04-17T06:14:00.682Z] [STUCK] URL không đổi sau ArrowRight round=10334, tự reload...
[2026-04-17T06:14:12.639Z] [+] #5934 | 160574704_1378245335847728_3983366223429726783_n.jpg
[2026-04-17T06:14:19.533Z] [STUCK] URL không đổi sau ArrowRight round=10336, tự reload...
[2026-04-17T06:14:24.362Z] [+] #5935 | 159902863_1378245312514397_4668650800438784855_n.jpg
[2026-04-17T06:14:31.264Z] [STUCK] URL không đổi sau ArrowRight round=10338, tự reload...
[2026-04-17T06:14:35.905Z] [+] #5936 | 160558019_1378245292514399_8317766674958768538_n.jpg
[2026-04-17T06:14:42.801Z] [STUCK] URL không đổi sau ArrowRight round=10340, tự reload...
[2026-04-17T06:14:47.373Z] [+] #5937 | 160715416_1377641185908143_3772513857812921446_n.jpg
[2026-04-17T06:14:54.283Z] [STUCK] URL không đổi sau ArrowRight round=10342, tự reload...
[2026-04-17T06:14:58.842Z] [+] #5938 | 160850568_1377641165908145_4062481839172539901_n.jpg
[2026-04-17T06:15:05.737Z] [STUCK] URL không đổi sau ArrowRight round=10344, tự reload...
[2026-04-17T06:15:10.384Z] [+] #5939 | 161879049_1377641145908147_6720403901653097514_n.jpg
[2026-04-17T06:15:17.278Z] [STUCK] URL không đổi sau ArrowRight round=10346, tự reload...
[2026-04-17T06:15:21.851Z] [+] #5940 | 159862507_1377641109241484_7691298679512562643_n.jpg
[2026-04-17T06:15:28.741Z] [STUCK] URL không đổi sau ArrowRight round=10348, tự reload...
[2026-04-17T06:15:33.385Z] [+] #5941 | 160921234_1377641099241485_4384464163143132807_n.jpg
[2026-04-17T06:15:40.291Z] [STUCK] URL không đổi sau ArrowRight round=10350, tự reload...
[2026-04-17T06:15:44.765Z] [+] #5942 | 161283602_1377641092574819_8444230366060334636_n.jpg
[2026-04-17T06:15:51.666Z] [STUCK] URL không đổi sau ArrowRight round=10352, tự reload...
[2026-04-17T06:15:56.262Z] [+] #5943 | 160651615_1377641065908155_4047766971803376321_n.jpg
[2026-04-17T06:16:03.156Z] [STUCK] URL không đổi sau ArrowRight round=10354, tự reload...
[2026-04-17T06:16:07.742Z] [+] #5944 | 161377596_1377641035908158_937955381331169898_n.jpg
[2026-04-17T06:16:14.645Z] [STUCK] URL không đổi sau ArrowRight round=10356, tự reload...
[2026-04-17T06:16:19.229Z] [+] #5945 | 159954043_1377640999241495_1302475645403789141_n.jpg
[2026-04-17T06:16:26.130Z] [STUCK] URL không đổi sau ArrowRight round=10358, tự reload...
[2026-04-17T06:16:30.692Z] [+] #5946 | 160562914_1377640972574831_1913517169831770160_n.jpg
[2026-04-17T06:16:37.588Z] [STUCK] URL không đổi sau ArrowRight round=10360, tự reload...
[2026-04-17T06:16:42.116Z] [+] #5947 | 162230476_1377640952574833_735997842015362401_n.jpg
[2026-04-17T06:16:49.024Z] [STUCK] URL không đổi sau ArrowRight round=10362, tự reload...
[2026-04-17T06:16:53.867Z] [+] #5948 | 159535970_1376122052726723_2124851394425754151_n.jpg
[2026-04-17T06:17:00.761Z] [STUCK] URL không đổi sau ArrowRight round=10364, tự reload...
[2026-04-17T06:17:05.564Z] [+] #5949 | 159622310_1375432379462357_1361761550500118888_n.jpg
[2026-04-17T06:17:12.463Z] [STUCK] URL không đổi sau ArrowRight round=10366, tự reload...
[2026-04-17T06:17:17.577Z] [+] #5950 | 158696207_1373800722958856_3603987518038235538_n.jpg
[2026-04-17T06:17:24.483Z] [STUCK] URL không đổi sau ArrowRight round=10368, tự reload...
[2026-04-17T06:17:29.102Z] [+] #5951 | 159995046_1373102733028655_7717039420398802305_n.jpg
[2026-04-17T06:17:36.005Z] [STUCK] URL không đổi sau ArrowRight round=10370, tự reload...
[2026-04-17T06:17:40.574Z] [+] #5952 | 159108623_1373102706361991_706706979532293187_n.jpg
[2026-04-17T06:17:47.485Z] [STUCK] URL không đổi sau ArrowRight round=10372, tự reload...
[2026-04-17T06:17:52.015Z] [+] #5953 | 159559561_1373102686361993_2633561295744103525_n.jpg
[2026-04-17T06:17:58.916Z] [STUCK] URL không đổi sau ArrowRight round=10374, tự reload...
[2026-04-17T06:18:03.386Z] [+] #5954 | 158962685_1373102663028662_5959247291414336625_n.jpg
[2026-04-17T06:18:10.276Z] [STUCK] URL không đổi sau ArrowRight round=10376, tự reload...
[2026-04-17T06:18:14.819Z] [+] #5955 | 157776690_1372335983105330_1629597009541318349_n.jpg
[2026-04-17T06:18:21.724Z] [STUCK] URL không đổi sau ArrowRight round=10378, tự reload...
[2026-04-17T06:18:26.349Z] [+] #5956 | 157596873_1372335959771999_1846174994419631465_n.jpg
[2026-04-17T06:18:33.261Z] [STUCK] URL không đổi sau ArrowRight round=10380, tự reload...
[2026-04-17T06:18:41.172Z] [+] #5957 | 158612233_1372335933105335_1015426705736552032_n.jpg
[2026-04-17T06:18:48.116Z] [STUCK] URL không đổi sau ArrowRight round=10382, tự reload...
[2026-04-17T06:18:57.783Z] [+] #5958 | 158708768_1372335916438670_6176246006678351146_n.jpg
[2026-04-17T06:19:04.691Z] [STUCK] URL không đổi sau ArrowRight round=10384, tự reload...
[2026-04-17T06:19:14.606Z] [+] #5959 | 157687603_1372335899772005_6990101705726346369_n.jpg
[2026-04-17T06:19:21.506Z] [STUCK] URL không đổi sau ArrowRight round=10386, tự reload...
[2026-04-17T06:19:31.460Z] [+] #5960 | 158132257_1372335883105340_7211248327636373474_n.jpg
[2026-04-17T06:19:38.365Z] [STUCK] URL không đổi sau ArrowRight round=10388, tự reload...
[2026-04-17T06:19:42.927Z] [+] #5961 | 158272787_1372335846438677_6816652002647672698_n.jpg
[2026-04-17T06:19:49.824Z] [STUCK] URL không đổi sau ArrowRight round=10390, tự reload...
[2026-04-17T06:19:54.329Z] [+] #5962 | 157766164_1372335839772011_4945127847138834095_n.jpg
[2026-04-17T06:20:01.234Z] [STUCK] URL không đổi sau ArrowRight round=10392, tự reload...
[2026-04-17T06:20:05.874Z] [+] #5963 | 157568645_1372335813105347_5339093618666265919_n.jpg
[2026-04-17T06:20:12.769Z] [STUCK] URL không đổi sau ArrowRight round=10394, tự reload...
[2026-04-17T06:20:17.666Z] [+] #5964 | 157185626_1370527199952875_4397319799645983659_n.jpg
[2026-04-17T06:20:24.567Z] [STUCK] URL không đổi sau ArrowRight round=10396, tự reload...
[2026-04-17T06:20:33.827Z] [+] #5965 | 157204156_1370525479953047_7540369769890618018_n.jpg
[2026-04-17T06:20:40.729Z] [STUCK] URL không đổi sau ArrowRight round=10398, tự reload...
[2026-04-17T06:20:49.635Z] [+] #5966 | 156355480_1369756910029904_6049904455063243516_n.jpg
[2026-04-17T06:20:56.531Z] [STUCK] URL không đổi sau ArrowRight round=10400, tự reload...
[2026-04-17T06:21:01.213Z] [+] #5967 | 155427558_1369118440093751_4585539341488821050_n.jpg
[2026-04-17T06:21:08.119Z] [STUCK] URL không đổi sau ArrowRight round=10402, tự reload...
[2026-04-17T06:21:12.630Z] [+] #5968 | 155509459_1369118390093756_3936315659906046218_n.jpg
[2026-04-17T06:21:19.539Z] [STUCK] URL không đổi sau ArrowRight round=10404, tự reload...
[2026-04-17T06:21:24.067Z] [+] #5969 | 156780794_1369118370093758_1589292958849720960_n.jpg
[2026-04-17T06:21:30.965Z] [STUCK] URL không đổi sau ArrowRight round=10406, tự reload...
[2026-04-17T06:21:41.772Z] [+] #5970 | 156818835_1367780763560852_7713216961135181639_n.jpg
[2026-04-17T06:21:48.674Z] [STUCK] URL không đổi sau ArrowRight round=10408, tự reload...
[2026-04-17T06:21:53.270Z] [+] #5971 | 156210410_1367780733560855_5489455783547590842_n.jpg
[2026-04-17T06:22:00.164Z] [STUCK] URL không đổi sau ArrowRight round=10410, tự reload...
[2026-04-17T06:22:04.801Z] [+] #5972 | 155379342_1367780726894189_4923429221348249420_n.jpg
[2026-04-17T06:22:11.673Z] [STUCK] URL không đổi sau ArrowRight round=10412, tự reload...
[2026-04-17T06:22:20.248Z] [+] #5973 | 153714020_1367780673560861_3023833745590455033_n.jpg
[2026-04-17T06:22:27.137Z] [STUCK] URL không đổi sau ArrowRight round=10414, tự reload...
[2026-04-17T06:22:31.894Z] [+] #5974 | 154237269_1365678190437776_1556906799322189804_n.jpg
[2026-04-17T06:22:38.771Z] [STUCK] URL không đổi sau ArrowRight round=10416, tự reload...
[2026-04-17T06:22:43.517Z] [+] #5975 | 152834003_1365678100437785_2612783143404073685_n.jpg
[2026-04-17T06:22:50.413Z] [STUCK] URL không đổi sau ArrowRight round=10418, tự reload...
[2026-04-17T06:22:54.995Z] [+] #5976 | 149751728_1365678050437790_4977812163314378604_n.jpg
[2026-04-17T06:23:01.895Z] [STUCK] URL không đổi sau ArrowRight round=10420, tự reload...
[2026-04-17T06:23:11.285Z] [+] #5977 | 150583168_1365383377133924_1534668677888940076_n.jpg
[2026-04-17T06:23:18.192Z] [STUCK] URL không đổi sau ArrowRight round=10422, tự reload...
[2026-04-17T06:23:24.627Z] [+] #5978 | 153134208_1364729067199355_9108338296927811493_n.jpg
[2026-04-17T06:23:31.525Z] [STUCK] URL không đổi sau ArrowRight round=10424, tự reload...
[2026-04-17T06:23:36.346Z] [+] #5979 | 148904053_1364297013909227_9094593944437866010_n.jpg
[2026-04-17T06:23:43.240Z] [STUCK] URL không đổi sau ArrowRight round=10426, tự reload...
[2026-04-17T06:23:51.185Z] [+] #5980 | 151309201_1364296980575897_9089524563361076097_n.jpg
[2026-04-17T06:23:58.092Z] [STUCK] URL không đổi sau ArrowRight round=10428, tự reload...
[2026-04-17T06:24:03.267Z] [+] #5981 | 153286106_1363720630633532_6369192918104011903_n.jpg
[2026-04-17T06:24:10.166Z] [STUCK] URL không đổi sau ArrowRight round=10430, tự reload...
[2026-04-17T06:24:14.801Z] [+] #5982 | 153107794_1363720567300205_7917274127775372701_n.jpg
[2026-04-17T06:24:21.704Z] [STUCK] URL không đổi sau ArrowRight round=10432, tự reload...
[2026-04-17T06:24:26.347Z] [+] #5983 | 154577775_1363720500633545_1147738686751951938_n.jpg
[2026-04-17T06:24:33.242Z] [STUCK] URL không đổi sau ArrowRight round=10434, tự reload...
[2026-04-17T06:24:38.038Z] [+] #5984 | 152849429_1363720450633550_2589085115311966061_n.jpg
[2026-04-17T06:24:44.935Z] [STUCK] URL không đổi sau ArrowRight round=10436, tự reload...
[2026-04-17T06:24:49.493Z] [+] #5985 | 152959879_1363720417300220_4246636872289902875_n.jpg
[2026-04-17T06:24:56.400Z] [STUCK] URL không đổi sau ArrowRight round=10438, tự reload...
[2026-04-17T06:25:01.199Z] [+] #5986 | 153682831_1362941954044733_6115662916299991723_n.jpg
[2026-04-17T06:25:08.097Z] [STUCK] URL không đổi sau ArrowRight round=10440, tự reload...
[2026-04-17T06:25:12.764Z] [+] #5987 | 152052091_1362214664117462_5761047751254693304_n.jpg
[2026-04-17T06:25:19.680Z] [STUCK] URL không đổi sau ArrowRight round=10442, tự reload...
[2026-04-17T06:25:24.781Z] [+] #5988 | 153018930_1362214540784141_5102697937650087064_n.jpg
[2026-04-17T06:25:31.688Z] [STUCK] URL không đổi sau ArrowRight round=10444, tự reload...
[2026-04-17T06:25:36.519Z] [+] #5989 | 152886218_1362214497450812_5643620003974023049_n.jpg
[2026-04-17T06:25:43.421Z] [STUCK] URL không đổi sau ArrowRight round=10446, tự reload...
[2026-04-17T06:25:48.679Z] [+] #5990 | 152391299_1361578914181037_4511495047442999808_n.jpg
[2026-04-17T06:25:55.583Z] [STUCK] URL không đổi sau ArrowRight round=10448, tự reload...
[2026-04-17T06:26:00.398Z] [+] #5991 | 151784501_1360885600917035_8095918348066599663_n.jpg
[2026-04-17T06:26:07.304Z] [STUCK] URL không đổi sau ArrowRight round=10450, tự reload...
[2026-04-17T06:26:12.108Z] [+] #5992 | 152747637_1360885574250371_7789977306517135156_n.jpg
[2026-04-17T06:26:19.007Z] [STUCK] URL không đổi sau ArrowRight round=10452, tự reload...
[2026-04-17T06:26:23.651Z] [+] #5993 | 152730709_1360885527583709_3728259594015538380_n.jpg
[2026-04-17T06:26:30.552Z] [STUCK] URL không đổi sau ArrowRight round=10454, tự reload...
[2026-04-17T06:26:35.091Z] [+] #5994 | 151327913_1360885480917047_5537350633327710157_n.jpg
[2026-04-17T06:26:41.987Z] [STUCK] URL không đổi sau ArrowRight round=10456, tự reload...
[2026-04-17T06:26:49.463Z] [+] #5995 | 150942745_1360885430917052_3389273366028848782_n.jpg
[2026-04-17T06:26:56.360Z] [STUCK] URL không đổi sau ArrowRight round=10458, tự reload...
[2026-04-17T06:27:00.919Z] [+] #5996 | 151118703_1360885404250388_3173098581606715206_n.jpg
[2026-04-17T06:27:07.816Z] [STUCK] URL không đổi sau ArrowRight round=10460, tự reload...
[2026-04-17T06:27:15.062Z] [+] #5997 | 151033871_1360255607646701_6744420643491757766_n.jpg
[2026-04-17T06:27:21.959Z] [STUCK] URL không đổi sau ArrowRight round=10462, tự reload...
[2026-04-17T06:27:26.592Z] [+] #5998 | 150934892_1360255447646717_6956766009002265460_n.jpg
[2026-04-17T06:27:33.492Z] [STUCK] URL không đổi sau ArrowRight round=10464, tự reload...
[2026-04-17T06:27:43.602Z] [+] #5999 | 150998911_1360255207646741_9104374822655162577_n.jpg
[2026-04-17T06:27:50.496Z] [STUCK] URL không đổi sau ArrowRight round=10466, tự reload...
[2026-04-17T06:27:55.132Z] [+] #6000 | 150939616_1360255074313421_975025423516948938_n.jpg
[2026-04-17T06:28:02.034Z] [STUCK] URL không đổi sau ArrowRight round=10468, tự reload...
[2026-04-17T06:28:12.003Z] [+] #6001 | 151381345_1360254237646838_3085173721567536838_n.jpg
[2026-04-17T06:28:18.897Z] [STUCK] URL không đổi sau ArrowRight round=10470, tự reload...
[2026-04-17T06:28:23.399Z] [+] #6002 | 152023028_1360254104313518_968501931295703467_n.jpg
[2026-04-17T06:28:30.291Z] [STUCK] URL không đổi sau ArrowRight round=10472, tự reload...
[2026-04-17T06:28:34.771Z] [+] #6003 | 151005715_1360253914313537_5396775318357701342_n.jpg
[2026-04-17T06:28:41.671Z] [STUCK] URL không đổi sau ArrowRight round=10474, tự reload...
[2026-04-17T06:28:52.297Z] [+] #6004 | 151512158_1360253790980216_3753704235681483900_n.jpg
[2026-04-17T06:28:59.192Z] [STUCK] URL không đổi sau ArrowRight round=10476, tự reload...
[2026-04-17T06:29:06.261Z] [+] #6005 | 150742833_1360253670980228_3036608707970720742_n.jpg
[2026-04-17T06:29:13.145Z] [STUCK] URL không đổi sau ArrowRight round=10478, tự reload...
[2026-04-17T06:29:17.759Z] [+] #6006 | 151697464_1360253557646906_1367862731403702359_n.jpg
[2026-04-17T06:29:24.658Z] [STUCK] URL không đổi sau ArrowRight round=10480, tự reload...
[2026-04-17T06:29:29.328Z] [+] #6007 | 150841292_1360253347646927_3329296818295862680_n.jpg
[2026-04-17T06:29:36.241Z] [STUCK] URL không đổi sau ArrowRight round=10482, tự reload...
[2026-04-17T06:29:40.914Z] [+] #6008 | 152414559_1360253214313607_2246895079932550863_n.jpg
[2026-04-17T06:29:47.823Z] [STUCK] URL không đổi sau ArrowRight round=10484, tự reload...
[2026-04-17T06:29:54.218Z] [+] #6009 | 151308544_1359627267709535_5442282800500884879_n.jpg
[2026-04-17T06:30:01.113Z] [STUCK] URL không đổi sau ArrowRight round=10486, tự reload...
[2026-04-17T06:30:11.361Z] [+] #6010 | 152012445_1359626444376284_8023900802350391266_n.jpg
[2026-04-17T06:30:18.255Z] [STUCK] URL không đổi sau ArrowRight round=10488, tự reload...
[2026-04-17T06:30:22.900Z] [+] #6011 | 151927937_1359626251042970_2800763327866190308_n.jpg
[2026-04-17T06:30:29.797Z] [STUCK] URL không đổi sau ArrowRight round=10490, tự reload...
[2026-04-17T06:30:34.329Z] [+] #6012 | 152018963_1359626234376305_4881130094308205153_n.jpg
[2026-04-17T06:30:41.220Z] [STUCK] URL không đổi sau ArrowRight round=10492, tự reload...
[2026-04-17T06:30:46.096Z] [+] #6013 | 150532469_1359626217709640_6035209782052484232_n.jpg
[2026-04-17T06:30:52.977Z] [STUCK] URL không đổi sau ArrowRight round=10494, tự reload...
[2026-04-17T06:30:57.573Z] [+] #6014 | 150395193_1359626187709643_439930280620751761_n.jpg
[2026-04-17T06:31:04.453Z] [STUCK] URL không đổi sau ArrowRight round=10496, tự reload...
[2026-04-17T06:31:09.078Z] [+] #6015 | 151058602_1359625631043032_4502283304540126047_n.jpg
[2026-04-17T06:31:15.955Z] [STUCK] URL không đổi sau ArrowRight round=10498, tự reload...
[2026-04-17T06:31:20.613Z] [+] #6016 | 150904500_1359625554376373_5934843339716473441_n.jpg
[2026-04-17T06:31:27.493Z] [STUCK] URL không đổi sau ArrowRight round=10500, tự reload...
[2026-04-17T06:31:37.497Z] [+] #6017 | 151240152_1358337421171853_4398910201430082351_n.jpg
[2026-04-17T06:31:44.422Z] [STUCK] URL không đổi sau ArrowRight round=10502, tự reload...
[2026-04-17T06:31:53.951Z] [+] #6018 | 150244792_1358337387838523_3607102472759508877_n.jpg
[2026-04-17T06:32:00.844Z] [STUCK] URL không đổi sau ArrowRight round=10504, tự reload...
[2026-04-17T06:32:05.499Z] [+] #6019 | 150568170_1358337354505193_4847059104821691129_n.jpg
[2026-04-17T06:32:12.367Z] [STUCK] URL không đổi sau ArrowRight round=10506, tự reload...
[2026-04-17T06:32:17.178Z] [+] #6020 | 149818586_1358337267838535_4944002487011861727_n.jpg
[2026-04-17T06:32:24.130Z] [STUCK] URL không đổi sau ArrowRight round=10508, tự reload...
[2026-04-17T06:32:28.737Z] [+] #6021 | 149397644_1358337204505208_1713160008320040560_n.jpg
[2026-04-17T06:32:35.640Z] [STUCK] URL không đổi sau ArrowRight round=10510, tự reload...
[2026-04-17T06:32:40.282Z] [+] #6022 | 151240154_1358337141171881_2166659860818650852_n.jpg
[2026-04-17T06:32:47.160Z] [STUCK] URL không đổi sau ArrowRight round=10512, tự reload...
[2026-04-17T06:32:51.828Z] [+] #6023 | 151261331_1358337117838550_4034901908873056136_n.jpg
[2026-04-17T06:32:58.733Z] [STUCK] URL không đổi sau ArrowRight round=10514, tự reload...
[2026-04-17T06:33:03.618Z] [+] #6024 | 151594669_1358337074505221_5535160500329375509_n.jpg
[2026-04-17T06:33:10.495Z] [STUCK] URL không đổi sau ArrowRight round=10516, tự reload...
[2026-04-17T06:33:15.210Z] [+] #6025 | 149800927_1357534794585449_1753620246767172455_n.jpg
[2026-04-17T06:33:22.101Z] [STUCK] URL không đổi sau ArrowRight round=10518, tự reload...
[2026-04-17T06:33:26.751Z] [+] #6026 | 149387861_1357534634585465_6956017540091987367_n.jpg
[2026-04-17T06:33:33.636Z] [STUCK] URL không đổi sau ArrowRight round=10520, tự reload...
[2026-04-17T06:33:38.325Z] [+] #6027 | 149296005_1357534507918811_8977260526214160816_n.jpg
[2026-04-17T06:33:45.206Z] [STUCK] URL không đổi sau ArrowRight round=10522, tự reload...
[2026-04-17T06:33:49.794Z] [+] #6028 | 150180231_1357534384585490_3781700665746881126_n.jpg
[2026-04-17T06:33:56.675Z] [STUCK] URL không đổi sau ArrowRight round=10524, tự reload...
[2026-04-17T06:34:01.292Z] [+] #6029 | 150499867_1357534297918832_6519298071844157515_n.jpg
[2026-04-17T06:34:08.169Z] [STUCK] URL không đổi sau ArrowRight round=10526, tự reload...
[2026-04-17T06:34:13.025Z] [+] #6030 | 149578532_1357534164585512_666353501520238486_n.jpg
[2026-04-17T06:34:19.915Z] [STUCK] URL không đổi sau ArrowRight round=10528, tự reload...
[2026-04-17T06:34:24.773Z] [+] #6031 | 149041192_1357534091252186_9081054265554902392_n.jpg
[2026-04-17T06:34:31.652Z] [STUCK] URL không đổi sau ArrowRight round=10530, tự reload...
[2026-04-17T06:34:36.398Z] [+] #6032 | 150532475_1356864441319151_2997242515298640317_n.jpg
[2026-04-17T06:34:43.278Z] [STUCK] URL không đổi sau ArrowRight round=10532, tự reload...
[2026-04-17T06:34:48.057Z] [+] #6033 | 148556161_1355705298101732_3456591001298253263_n.jpg
[2026-04-17T06:34:54.950Z] [STUCK] URL không đổi sau ArrowRight round=10534, tự reload...
[2026-04-17T06:34:59.698Z] [+] #6034 | 148069499_1355495134789415_7731844426705600273_n.jpg
[2026-04-17T06:35:06.582Z] [STUCK] URL không đổi sau ArrowRight round=10536, tự reload...
[2026-04-17T06:35:11.513Z] [+] #6035 | 148673187_1354300228242239_3101765739128806896_n.jpg
[2026-04-17T06:35:18.390Z] [STUCK] URL không đổi sau ArrowRight round=10538, tự reload...
[2026-04-17T06:35:23.310Z] [+] #6036 | 147673558_1354057091599886_2623284866805005344_n.jpg
[2026-04-17T06:35:30.190Z] [STUCK] URL không đổi sau ArrowRight round=10540, tự reload...
[2026-04-17T06:35:36.427Z] [+] #6037 | 632034809_2160240421472745_1842401802767844213_n.jpg
[2026-04-17T06:35:55.038Z] [STUCK] URL không đổi sau ArrowRight round=10544, tự reload...
[2026-04-17T06:35:59.542Z] [+] #6038 | 147021576_1352879928384269_2812768301234334098_n.jpg
[2026-04-17T06:36:06.417Z] [STUCK] URL không đổi sau ArrowRight round=10546, tự reload...
[2026-04-17T06:36:11.053Z] [+] #6039 | 147279485_1352879905050938_7679351269068933340_n.jpg
[2026-04-17T06:36:17.931Z] [STUCK] URL không đổi sau ArrowRight round=10548, tự reload...
[2026-04-17T06:36:22.586Z] [+] #6040 | 148913428_1352879891717606_4118107282576018798_n.jpg
[2026-04-17T06:36:29.464Z] [STUCK] URL không đổi sau ArrowRight round=10550, tự reload...
[2026-04-17T06:36:34.118Z] [+] #6041 | 146634494_1351613655177563_4280890441499061276_n.jpg
[2026-04-17T06:36:40.992Z] [STUCK] URL không đổi sau ArrowRight round=10552, tự reload...
[2026-04-17T06:36:45.639Z] [+] #6042 | 145278532_1351613608510901_4141613207778337751_n.jpg
[2026-04-17T06:36:52.518Z] [STUCK] URL không đổi sau ArrowRight round=10554, tự reload...
[2026-04-17T06:36:57.155Z] [+] #6043 | 147792353_1351613571844238_8548433987360323207_n.jpg
[2026-04-17T06:37:04.030Z] [STUCK] URL không đổi sau ArrowRight round=10556, tự reload...
[2026-04-17T06:37:11.550Z] [+] #6044 | 145948715_1350992331906362_6468525630630065744_n.jpg
[2026-04-17T06:37:18.455Z] [STUCK] URL không đổi sau ArrowRight round=10558, tự reload...
[2026-04-17T06:37:28.182Z] [+] #6045 | 144960805_1350373328634929_3448301819722924323_n.jpg
[2026-04-17T06:37:35.039Z] [STUCK] URL không đổi sau ArrowRight round=10560, tự reload...
[2026-04-17T06:37:39.719Z] [+] #6046 | 144630455_1348397792165816_5287176670265971359_n.jpg
[2026-04-17T06:37:52.745Z] [STUCK] URL không đổi sau ArrowRight round=10564, tự reload...
[2026-04-17T06:37:57.963Z] [+] #6047 | 143332676_1347666998905562_6339266097727802613_n.jpg
[2026-04-17T06:38:04.831Z] [STUCK] URL không đổi sau ArrowRight round=10566, tự reload...
[2026-04-17T06:38:11.497Z] [+] #6048 | 143335677_1347666972238898_3975917346355685855_n.jpg
[2026-04-17T06:38:18.367Z] [STUCK] URL không đổi sau ArrowRight round=10568, tự reload...
[2026-04-17T06:38:22.916Z] [+] #6049 | 144556058_1347666965572232_1515751037579188126_n.jpg
[2026-04-17T06:38:29.795Z] [STUCK] URL không đổi sau ArrowRight round=10570, tự reload...
[2026-04-17T06:38:39.950Z] [+] #6050 | 143982836_1347666908905571_6443586045303202547_n.jpg
[2026-04-17T06:38:46.836Z] [STUCK] URL không đổi sau ArrowRight round=10572, tự reload...
[2026-04-17T06:38:51.446Z] [+] #6051 | 143419229_1347666878905574_846792674508796628_n.jpg
[2026-04-17T06:38:58.324Z] [STUCK] URL không đổi sau ArrowRight round=10574, tự reload...
[2026-04-17T06:39:03.394Z] [+] #6052 | 144262846_1347666862238909_6411138243233445374_n.jpg
[2026-04-17T06:39:10.268Z] [STUCK] URL không đổi sau ArrowRight round=10576, tự reload...
[2026-04-17T06:39:14.837Z] [+] #6053 | 144232332_1347666832238912_3027013800406937701_n.jpg
[2026-04-17T06:39:21.714Z] [STUCK] URL không đổi sau ArrowRight round=10578, tự reload...
[2026-04-17T06:39:26.568Z] [+] #6054 | 143736943_1347110638961198_6313461612417792111_n.jpg
[2026-04-17T06:39:33.441Z] [STUCK] URL không đổi sau ArrowRight round=10580, tự reload...
[2026-04-17T06:39:44.880Z] [+] #6055 | 143182796_1346128685726060_4664157218032895312_n.jpg
[2026-04-17T06:39:51.730Z] [STUCK] URL không đổi sau ArrowRight round=10582, tự reload...
[2026-04-17T06:39:56.275Z] [+] #6056 | 142883514_1345710612434534_3747080860670663568_n.jpg
[2026-04-17T06:40:03.151Z] [STUCK] URL không đổi sau ArrowRight round=10584, tự reload...
[2026-04-17T06:40:14.705Z] [STUCK] URL không đổi sau ArrowRight round=10586, tự reload...
[2026-04-17T06:40:16.398Z] [ERROR] reload after stuck round=10586: page.reload: Target page, context or browser has been closed
Call log:
[2m  - waiting for navigation until "domcontentloaded"[22m
[2m    - navigated to "https://www.facebook.com/photo/?fbid=1346128682392727&set=pb.100044313229653.-2207520000"[22m

[2026-04-17T06:40:16.398Z] [ERROR] viewerCrawl fatal: page.waitForTimeout: Target page, context or browser has been closed
