[2026-04-19T11:40:43.869Z] 
════════════════════════════════════════════════════════════
[2026-04-19T11:41:28.780Z] 
════════════════════════════════════════════════════════════
[2026-04-19T11:41:28.781Z]   E-Hentai Gallery Crawler
[2026-04-19T11:41:28.781Z]   Target: https://e-hentai.org/s/f0cd35c4fc/3315157-1
[2026-04-19T11:41:28.782Z]   Photo folder: yor
[2026-04-19T11:41:28.782Z]   Output: yor.json
[2026-04-19T11:41:28.782Z]   Log:    log.log
[2026-04-19T11:41:28.782Z] ════════════════════════════════════════════════════════════
[2026-04-19T11:41:28.782Z] [NAV] Chuyển đến https://e-hentai.org/s/f0cd35c4fc/3315157-1 ...
[2026-04-19T11:41:33.185Z] [VIEWER] Bắt đầu crawl từ ảnh đầu tiên...
[2026-04-19T11:41:35.149Z] [DOWNLOADED] Yor_1.webp | https://e-hentai.org/s/f0cd35c4fc/3315157-1
[2026-04-19T11:41:35.150Z] [+] #1 | Yor_1.webp
[2026-04-19T11:41:35.150Z] [VIEWER] Đã đến ảnh cuối cùng — dừng. Total: 1
[2026-04-19T11:41:35.253Z] ✅ Done! 1 ảnh đã tải và lưu vào folder "yor"
[2026-04-19T11:42:19.761Z] 
════════════════════════════════════════════════════════════
[2026-04-19T11:42:19.762Z]   E-Hentai Gallery Crawler
[2026-04-19T11:42:19.762Z]   Target: https://e-hentai.org/s/f0cd35c4fc/3315157-1
[2026-04-19T11:42:19.763Z]   Photo folder: yor
[2026-04-19T11:42:19.763Z]   Output: yor.json
[2026-04-19T11:42:19.763Z]   Log:    log.log
[2026-04-19T11:42:19.763Z] ════════════════════════════════════════════════════════════
[2026-04-19T11:42:19.763Z] [NAV] Chuyển đến https://e-hentai.org/s/f0cd35c4fc/3315157-1 ...
[2026-04-19T11:42:24.134Z] [VIEWER] Bắt đầu crawl từ ảnh đầu tiên...
[2026-04-19T11:42:25.638Z] [SKIP-SEEN] round=1 url=https://e-hentai.org/s/f0cd35c4fc/3315157-1
[2026-04-19T11:42:28.359Z] [DOWNLOADED] Yor_2.webp | https://e-hentai.org/s/de2e5ca101/3315157-2
[2026-04-19T11:42:28.361Z] [+] #2 | Yor_2.webp
[2026-04-19T11:42:30.571Z] [DOWNLOADED] Yor_3.webp | https://e-hentai.org/s/afe5f8df36/3315157-3
[2026-04-19T11:42:30.573Z] [+] #3 | Yor_3.webp
[2026-04-19T11:42:32.711Z] [DOWNLOADED] Yor_4.webp | https://e-hentai.org/s/9618226ba8/3315157-4
[2026-04-19T11:42:32.712Z] [+] #4 | Yor_4.webp
[2026-04-19T11:42:35.433Z] [DOWNLOADED] Yor_5.webp | https://e-hentai.org/s/dbd7f071d2/3315157-5
[2026-04-19T11:42:35.434Z] [+] #5 | Yor_5.webp
[2026-04-19T11:42:38.068Z] [DOWNLOADED] Yor_6.webp | https://e-hentai.org/s/b4da5041a5/3315157-6
[2026-04-19T11:42:38.070Z] [+] #6 | Yor_6.webp
[2026-04-19T11:42:40.503Z] [DOWNLOADED] Yor_7.webp | https://e-hentai.org/s/1d966e1e41/3315157-7
[2026-04-19T11:42:40.503Z] [+] #7 | Yor_7.webp
[2026-04-19T11:42:42.732Z] [DOWNLOADED] Yor_8.webp | https://e-hentai.org/s/f836632b34/3315157-8
[2026-04-19T11:42:42.733Z] [+] #8 | Yor_8.webp
[2026-04-19T11:42:45.170Z] [DOWNLOADED] Yor_9.webp | https://e-hentai.org/s/fcc5433ea0/3315157-9
[2026-04-19T11:42:45.171Z] [+] #9 | Yor_9.webp
[2026-04-19T11:42:47.470Z] [DOWNLOADED] Yor_10.webp | https://e-hentai.org/s/9bb47180c9/3315157-10
[2026-04-19T11:42:47.472Z] [+] #10 | Yor_10.webp
[2026-04-19T11:42:49.619Z] [DOWNLOADED] Yor_11.webp | https://e-hentai.org/s/f853142b4c/3315157-11
[2026-04-19T11:42:49.620Z] [+] #11 | Yor_11.webp
[2026-04-19T11:42:51.783Z] [DOWNLOADED] Yor_12.webp | https://e-hentai.org/s/f9642fe5cf/3315157-12
[2026-04-19T11:42:51.784Z] [+] #12 | Yor_12.webp
[2026-04-19T11:42:53.748Z] [DOWNLOADED] Yor_13.webp | https://e-hentai.org/s/5ef6bd74fc/3315157-13
[2026-04-19T11:42:53.749Z] [+] #13 | Yor_13.webp
[2026-04-19T11:42:56.205Z] [DOWNLOADED] Yor_14.webp | https://e-hentai.org/s/d3ca4bd138/3315157-14
[2026-04-19T11:42:56.206Z] [+] #14 | Yor_14.webp
[2026-04-19T11:42:58.627Z] [DOWNLOADED] Yor_15.webp | https://e-hentai.org/s/f33d6c6977/3315157-15
[2026-04-19T11:42:58.628Z] [+] #15 | Yor_15.webp
[2026-04-19T11:43:01.002Z] [DOWNLOADED] Yor_16.webp | https://e-hentai.org/s/7f9e9d3d70/3315157-16
[2026-04-19T11:43:01.003Z] [+] #16 | Yor_16.webp
[2026-04-19T11:43:03.149Z] [DOWNLOADED] Yor_17.webp | https://e-hentai.org/s/57c3b3d553/3315157-17
[2026-04-19T11:43:03.150Z] [+] #17 | Yor_17.webp
[2026-04-19T11:43:05.547Z] [DOWNLOADED] Yor_18.webp | https://e-hentai.org/s/fc3f6ebf27/3315157-18
[2026-04-19T11:43:05.548Z] [+] #18 | Yor_18.webp
[2026-04-19T11:43:07.782Z] [DOWNLOADED] Yor_19.webp | https://e-hentai.org/s/34a8e218e2/3315157-19
[2026-04-19T11:43:07.783Z] [+] #19 | Yor_19.webp
[2026-04-19T11:43:09.947Z] [DOWNLOADED] Yor_20.webp | https://e-hentai.org/s/7ed452713c/3315157-20
[2026-04-19T11:43:09.948Z] [+] #20 | Yor_20.webp
[2026-04-19T11:43:10.240Z] [VIEWER] Round 20 | Collected: 20
[2026-04-19T11:43:12.121Z] [DOWNLOADED] Yor_21.webp | https://e-hentai.org/s/9b42fc6fb4/3315157-21
[2026-04-19T11:43:12.122Z] [+] #21 | Yor_21.webp
[2026-04-19T11:43:14.456Z] [DOWNLOADED] Yor_22.webp | https://e-hentai.org/s/9d0c74e2f6/3315157-22
[2026-04-19T11:43:14.457Z] [+] #22 | Yor_22.webp
[2026-04-19T11:43:16.717Z] [DOWNLOADED] Yor_23.webp | https://e-hentai.org/s/3f69bc97ac/3315157-23
[2026-04-19T11:43:16.718Z] [+] #23 | Yor_23.webp
[2026-04-19T11:43:19.077Z] [DOWNLOADED] Yor_24.webp | https://e-hentai.org/s/5a39c94ac7/3315157-24
[2026-04-19T11:43:19.078Z] [+] #24 | Yor_24.webp
[2026-04-19T11:43:21.245Z] [DOWNLOADED] Yor_25.webp | https://e-hentai.org/s/a1117a65d1/3315157-25
[2026-04-19T11:43:21.246Z] [+] #25 | Yor_25.webp
[2026-04-19T11:43:23.521Z] [DOWNLOADED] Yor_26.webp | https://e-hentai.org/s/9013810ec1/3315157-26
[2026-04-19T11:43:23.522Z] [+] #26 | Yor_26.webp
[2026-04-19T11:43:25.504Z] [DOWNLOADED] Yor_27.webp | https://e-hentai.org/s/6431c80b3e/3315157-27
[2026-04-19T11:43:25.505Z] [+] #27 | Yor_27.webp
[2026-04-19T11:43:31.560Z] [DOWNLOADED] Yor_28.webp | https://e-hentai.org/s/4dd046c264/3315157-28
[2026-04-19T11:43:31.561Z] [+] #28 | Yor_28.webp
[2026-04-19T11:43:33.755Z] [DOWNLOADED] Yor_29.webp | https://e-hentai.org/s/2aa8a6eea4/3315157-29
[2026-04-19T11:43:33.756Z] [+] #29 | Yor_29.webp
[2026-04-19T11:43:35.802Z] [DOWNLOADED] Yor_30.webp | https://e-hentai.org/s/b5384f773c/3315157-30
[2026-04-19T11:43:35.804Z] [+] #30 | Yor_30.webp
[2026-04-19T11:43:38.119Z] [DOWNLOADED] Yor_31.webp | https://e-hentai.org/s/55ec4ba6d3/3315157-31
[2026-04-19T11:43:38.120Z] [+] #31 | Yor_31.webp
[2026-04-19T11:43:40.318Z] [DOWNLOADED] Yor_32.webp | https://e-hentai.org/s/36642473c5/3315157-32
[2026-04-19T11:43:40.319Z] [+] #32 | Yor_32.webp
[2026-04-19T11:43:42.589Z] [DOWNLOADED] Yor_33.webp | https://e-hentai.org/s/f3e6c6ed2c/3315157-33
[2026-04-19T11:43:42.590Z] [+] #33 | Yor_33.webp
[2026-04-19T11:43:45.154Z] [DOWNLOADED] Yor_34.webp | https://e-hentai.org/s/5e6537c9ec/3315157-34
[2026-04-19T11:43:45.156Z] [+] #34 | Yor_34.webp
[2026-04-19T11:43:47.716Z] [DOWNLOADED] Yor_35.webp | https://e-hentai.org/s/d5e1abb057/3315157-35
[2026-04-19T11:43:47.717Z] [+] #35 | Yor_35.webp
[2026-04-19T11:43:50.211Z] [DOWNLOADED] Yor_36.webp | https://e-hentai.org/s/2eeed3ac2e/3315157-36
[2026-04-19T11:43:50.212Z] [+] #36 | Yor_36.webp
[2026-04-19T11:43:52.291Z] [DOWNLOADED] Yor_37.webp | https://e-hentai.org/s/892f26db7c/3315157-37
[2026-04-19T11:43:52.292Z] [+] #37 | Yor_37.webp
[2026-04-19T11:43:54.412Z] [DOWNLOADED] Yor_38.webp | https://e-hentai.org/s/bd9f1e66df/3315157-38
[2026-04-19T11:43:54.413Z] [+] #38 | Yor_38.webp
[2026-04-19T11:43:56.812Z] [DOWNLOADED] Yor_39.webp | https://e-hentai.org/s/87893f75c4/3315157-39
[2026-04-19T11:43:56.814Z] [+] #39 | Yor_39.webp
[2026-04-19T11:43:59.076Z] [DOWNLOADED] Yor_40.webp | https://e-hentai.org/s/991f714400/3315157-40
[2026-04-19T11:43:59.078Z] [+] #40 | Yor_40.webp
[2026-04-19T11:43:59.365Z] [VIEWER] Round 40 | Collected: 40
[2026-04-19T11:44:01.294Z] [DOWNLOADED] Yor_41.webp | https://e-hentai.org/s/2fcf4ec5cf/3315157-41
[2026-04-19T11:44:01.295Z] [+] #41 | Yor_41.webp
[2026-04-19T11:44:03.517Z] [DOWNLOADED] Yor_42.webp | https://e-hentai.org/s/0ad1c0eacd/3315157-42
[2026-04-19T11:44:03.518Z] [+] #42 | Yor_42.webp
[2026-04-19T11:44:05.763Z] [DOWNLOADED] Yor_43.webp | https://e-hentai.org/s/e618ea471c/3315157-43
[2026-04-19T11:44:05.764Z] [+] #43 | Yor_43.webp
[2026-04-19T11:44:07.898Z] [DOWNLOADED] Yor_44.webp | https://e-hentai.org/s/a9459c34e2/3315157-44
[2026-04-19T11:44:07.899Z] [+] #44 | Yor_44.webp
[2026-04-19T11:44:10.118Z] [DOWNLOADED] Yor_45.webp | https://e-hentai.org/s/86c76c65c0/3315157-45
[2026-04-19T11:44:10.119Z] [+] #45 | Yor_45.webp
[2026-04-19T11:44:12.633Z] [DOWNLOADED] Yor_46.webp | https://e-hentai.org/s/92cdd5a30b/3315157-46
[2026-04-19T11:44:12.634Z] [+] #46 | Yor_46.webp
[2026-04-19T11:44:15.056Z] [DOWNLOADED] Yor_47.webp | https://e-hentai.org/s/84c707cb28/3315157-47
[2026-04-19T11:44:15.057Z] [+] #47 | Yor_47.webp
[2026-04-19T11:44:17.511Z] [DOWNLOADED] Yor_48.webp | https://e-hentai.org/s/02ea8bf292/3315157-48
[2026-04-19T11:44:17.512Z] [+] #48 | Yor_48.webp
[2026-04-19T11:44:19.949Z] [DOWNLOADED] Yor_49.webp | https://e-hentai.org/s/971052e778/3315157-49
[2026-04-19T11:44:19.950Z] [+] #49 | Yor_49.webp
[2026-04-19T11:44:22.156Z] [DOWNLOADED] Yor_50.webp | https://e-hentai.org/s/3dd0ce5946/3315157-50
[2026-04-19T11:44:22.157Z] [+] #50 | Yor_50.webp
[2026-04-19T11:44:24.552Z] [DOWNLOADED] Yor_51.webp | https://e-hentai.org/s/006390e19a/3315157-51
[2026-04-19T11:44:24.553Z] [+] #51 | Yor_51.webp
[2026-04-19T11:44:26.777Z] [DOWNLOADED] Yor_52.webp | https://e-hentai.org/s/8e567191c7/3315157-52
[2026-04-19T11:44:26.778Z] [+] #52 | Yor_52.webp
[2026-04-19T11:44:29.079Z] [DOWNLOADED] Yor_53.webp | https://e-hentai.org/s/9d99c973cd/3315157-53
[2026-04-19T11:44:29.080Z] [+] #53 | Yor_53.webp
[2026-04-19T11:44:31.362Z] [DOWNLOADED] Yor_54.webp | https://e-hentai.org/s/06a9316041/3315157-54
[2026-04-19T11:44:31.364Z] [+] #54 | Yor_54.webp
[2026-04-19T11:44:33.460Z] [DOWNLOADED] Yor_55.webp | https://e-hentai.org/s/02dea951b7/3315157-55
[2026-04-19T11:44:33.461Z] [+] #55 | Yor_55.webp
[2026-04-19T11:44:35.533Z] [DOWNLOADED] Yor_56.webp | https://e-hentai.org/s/e18803b8d6/3315157-56
[2026-04-19T11:44:35.534Z] [+] #56 | Yor_56.webp
[2026-04-19T11:44:37.811Z] [DOWNLOADED] Yor_57.webp | https://e-hentai.org/s/6299fb27aa/3315157-57
[2026-04-19T11:44:37.811Z] [+] #57 | Yor_57.webp
[2026-04-19T11:44:39.904Z] [DOWNLOADED] Yor_58.webp | https://e-hentai.org/s/00b3c40ea0/3315157-58
[2026-04-19T11:44:39.905Z] [+] #58 | Yor_58.webp
[2026-04-19T11:44:42.258Z] [DOWNLOADED] Yor_59.webp | https://e-hentai.org/s/45b51ee055/3315157-59
[2026-04-19T11:44:42.259Z] [+] #59 | Yor_59.webp
[2026-04-19T11:44:44.452Z] [DOWNLOADED] Yor_60.webp | https://e-hentai.org/s/2db66bf5b7/3315157-60
[2026-04-19T11:44:44.454Z] [+] #60 | Yor_60.webp
[2026-04-19T11:44:44.742Z] [VIEWER] Round 60 | Collected: 60
[2026-04-19T11:44:46.791Z] [DOWNLOADED] Yor_61.webp | https://e-hentai.org/s/e814b41677/3315157-61
[2026-04-19T11:44:46.792Z] [+] #61 | Yor_61.webp
[2026-04-19T11:44:49.206Z] [DOWNLOADED] Yor_62.webp | https://e-hentai.org/s/3e75015c0a/3315157-62
[2026-04-19T11:44:49.207Z] [+] #62 | Yor_62.webp
[2026-04-19T11:44:51.438Z] [DOWNLOADED] Yor_63.webp | https://e-hentai.org/s/8cfee90a13/3315157-63
[2026-04-19T11:44:51.439Z] [+] #63 | Yor_63.webp
[2026-04-19T11:44:53.448Z] [DOWNLOADED] Yor_64.webp | https://e-hentai.org/s/18616dad3b/3315157-64
[2026-04-19T11:44:53.450Z] [+] #64 | Yor_64.webp
[2026-04-19T11:44:56.042Z] [DOWNLOADED] Yor_65.webp | https://e-hentai.org/s/f1b63491cc/3315157-65
[2026-04-19T11:44:56.043Z] [+] #65 | Yor_65.webp
[2026-04-19T11:44:58.193Z] [DOWNLOADED] Yor_66.webp | https://e-hentai.org/s/b512ae0c77/3315157-66
[2026-04-19T11:44:58.194Z] [+] #66 | Yor_66.webp
[2026-04-19T11:45:00.166Z] [DOWNLOADED] Yor_67.webp | https://e-hentai.org/s/8c2292ac60/3315157-67
[2026-04-19T11:45:00.168Z] [+] #67 | Yor_67.webp
[2026-04-19T11:45:02.659Z] [DOWNLOADED] Yor_68.webp | https://e-hentai.org/s/4b46776899/3315157-68
[2026-04-19T11:45:02.660Z] [+] #68 | Yor_68.webp
[2026-04-19T11:45:05.186Z] [DOWNLOADED] Yor_69.webp | https://e-hentai.org/s/13ba7fea10/3315157-69
[2026-04-19T11:45:05.188Z] [+] #69 | Yor_69.webp
[2026-04-19T11:45:07.163Z] [DOWNLOADED] Yor_70.webp | https://e-hentai.org/s/8bbfece143/3315157-70
[2026-04-19T11:45:07.164Z] [+] #70 | Yor_70.webp
[2026-04-19T11:45:09.618Z] [DOWNLOADED] Yor_71.webp | https://e-hentai.org/s/824a96bbbb/3315157-71
[2026-04-19T11:45:09.619Z] [+] #71 | Yor_71.webp
[2026-04-19T11:45:12.283Z] [DOWNLOADED] Yor_72.webp | https://e-hentai.org/s/162408e51e/3315157-72
[2026-04-19T11:45:12.284Z] [+] #72 | Yor_72.webp
[2026-04-19T11:45:14.495Z] [DOWNLOADED] Yor_73.webp | https://e-hentai.org/s/e39f76495b/3315157-73
[2026-04-19T11:45:14.497Z] [+] #73 | Yor_73.webp
[2026-04-19T11:45:16.884Z] [DOWNLOADED] Yor_74.webp | https://e-hentai.org/s/015244c4ae/3315157-74
[2026-04-19T11:45:16.885Z] [+] #74 | Yor_74.webp
[2026-04-19T11:45:19.189Z] [DOWNLOADED] Yor_75.webp | https://e-hentai.org/s/1d1f93e476/3315157-75
[2026-04-19T11:45:19.190Z] [+] #75 | Yor_75.webp
[2026-04-19T11:45:21.289Z] [DOWNLOADED] Yor_76.webp | https://e-hentai.org/s/beaf6ed0a0/3315157-76
[2026-04-19T11:45:21.291Z] [+] #76 | Yor_76.webp
[2026-04-19T11:45:23.462Z] [DOWNLOADED] Yor_77.webp | https://e-hentai.org/s/6d3a525ba0/3315157-77
[2026-04-19T11:45:23.463Z] [+] #77 | Yor_77.webp
[2026-04-19T11:45:25.839Z] [DOWNLOADED] Yor_78.webp | https://e-hentai.org/s/89eca82edd/3315157-78
[2026-04-19T11:45:25.840Z] [+] #78 | Yor_78.webp
[2026-04-19T11:45:28.054Z] [DOWNLOADED] Yor_79.webp | https://e-hentai.org/s/a203dbe03b/3315157-79
[2026-04-19T11:45:28.056Z] [+] #79 | Yor_79.webp
[2026-04-19T11:45:30.074Z] [DOWNLOADED] Yor_80.webp | https://e-hentai.org/s/bbc8100e44/3315157-80
[2026-04-19T11:45:30.075Z] [+] #80 | Yor_80.webp
[2026-04-19T11:45:30.382Z] [VIEWER] Round 80 | Collected: 80
[2026-04-19T11:45:32.505Z] [DOWNLOADED] Yor_81.webp | https://e-hentai.org/s/5859c3d789/3315157-81
[2026-04-19T11:45:32.506Z] [+] #81 | Yor_81.webp
[2026-04-19T11:45:35.199Z] [DOWNLOADED] Yor_82.webp | https://e-hentai.org/s/789bb616cd/3315157-82
[2026-04-19T11:45:35.200Z] [+] #82 | Yor_82.webp
[2026-04-19T11:45:37.496Z] [DOWNLOADED] Yor_83.webp | https://e-hentai.org/s/ebc81eaf40/3315157-83
[2026-04-19T11:45:37.497Z] [+] #83 | Yor_83.webp
[2026-04-19T11:45:39.880Z] [DOWNLOADED] Yor_84.webp | https://e-hentai.org/s/e67d94ee3e/3315157-84
[2026-04-19T11:45:39.882Z] [+] #84 | Yor_84.webp
[2026-04-19T11:45:42.325Z] [DOWNLOADED] Yor_85.webp | https://e-hentai.org/s/0076b37508/3315157-85
[2026-04-19T11:45:42.327Z] [+] #85 | Yor_85.webp
[2026-04-19T11:45:44.978Z] [DOWNLOADED] Yor_86.webp | https://e-hentai.org/s/b79d1954c8/3315157-86
[2026-04-19T11:45:44.980Z] [+] #86 | Yor_86.webp
[2026-04-19T11:45:47.323Z] [DOWNLOADED] Yor_87.webp | https://e-hentai.org/s/49d2e486ea/3315157-87
[2026-04-19T11:45:47.325Z] [+] #87 | Yor_87.webp
[2026-04-19T11:45:49.455Z] [DOWNLOADED] Yor_88.webp | https://e-hentai.org/s/23d7cb4d81/3315157-88
[2026-04-19T11:45:49.457Z] [+] #88 | Yor_88.webp
[2026-04-19T11:45:51.849Z] [DOWNLOADED] Yor_89.webp | https://e-hentai.org/s/e25a1b1910/3315157-89
[2026-04-19T11:45:51.851Z] [+] #89 | Yor_89.webp
[2026-04-19T11:45:54.567Z] [DOWNLOADED] Yor_90.webp | https://e-hentai.org/s/a4823592e8/3315157-90
[2026-04-19T11:45:54.568Z] [+] #90 | Yor_90.webp
[2026-04-19T11:45:56.960Z] [DOWNLOADED] Yor_91.webp | https://e-hentai.org/s/c966877068/3315157-91
[2026-04-19T11:45:56.961Z] [+] #91 | Yor_91.webp
[2026-04-19T11:45:59.319Z] [DOWNLOADED] Yor_92.webp | https://e-hentai.org/s/ecd919d9ae/3315157-92
[2026-04-19T11:45:59.320Z] [+] #92 | Yor_92.webp
[2026-04-19T11:46:01.911Z] [DOWNLOADED] Yor_93.webp | https://e-hentai.org/s/9efce89263/3315157-93
[2026-04-19T11:46:01.913Z] [+] #93 | Yor_93.webp
[2026-04-19T11:46:04.284Z] [DOWNLOADED] Yor_94.webp | https://e-hentai.org/s/52c34d8cd6/3315157-94
[2026-04-19T11:46:04.285Z] [+] #94 | Yor_94.webp
[2026-04-19T11:46:06.975Z] [DOWNLOADED] Yor_95.webp | https://e-hentai.org/s/120a3a0a20/3315157-95
[2026-04-19T11:46:06.977Z] [+] #95 | Yor_95.webp
[2026-04-19T11:46:09.043Z] [DOWNLOADED] Yor_96.webp | https://e-hentai.org/s/abd01aa690/3315157-96
[2026-04-19T11:46:09.044Z] [+] #96 | Yor_96.webp
[2026-04-19T11:46:11.479Z] [DOWNLOADED] Yor_97.webp | https://e-hentai.org/s/64b0fcf32b/3315157-97
[2026-04-19T11:46:11.481Z] [+] #97 | Yor_97.webp
[2026-04-19T11:46:13.529Z] [DOWNLOADED] Yor_98.webp | https://e-hentai.org/s/6b27c9f3e1/3315157-98
[2026-04-19T11:46:13.530Z] [+] #98 | Yor_98.webp
[2026-04-19T11:46:15.953Z] [DOWNLOADED] Yor_99.webp | https://e-hentai.org/s/31d79fb0a3/3315157-99
[2026-04-19T11:46:15.955Z] [+] #99 | Yor_99.webp
[2026-04-19T11:46:18.377Z] [DOWNLOADED] Yor_100.webp | https://e-hentai.org/s/2769241fb2/3315157-100
[2026-04-19T11:46:18.378Z] [+] #100 | Yor_100.webp
[2026-04-19T11:46:18.667Z] [VIEWER] Round 100 | Collected: 100
[2026-04-19T11:46:20.612Z] [DOWNLOADED] Yor_101.webp | https://e-hentai.org/s/44a01e7e02/3315157-101
[2026-04-19T11:46:20.613Z] [+] #101 | Yor_101.webp
[2026-04-19T11:46:22.929Z] [DOWNLOADED] Yor_102.webp | https://e-hentai.org/s/591e534f42/3315157-102
[2026-04-19T11:46:22.931Z] [+] #102 | Yor_102.webp
[2026-04-19T11:46:25.360Z] [DOWNLOADED] Yor_103.webp | https://e-hentai.org/s/d0f11aa10d/3315157-103
[2026-04-19T11:46:25.362Z] [+] #103 | Yor_103.webp
[2026-04-19T11:46:27.723Z] [DOWNLOADED] Yor_104.webp | https://e-hentai.org/s/270cb2f0ad/3315157-104
[2026-04-19T11:46:27.725Z] [+] #104 | Yor_104.webp
[2026-04-19T11:46:30.115Z] [DOWNLOADED] Yor_105.webp | https://e-hentai.org/s/6d8dbc6b2d/3315157-105
[2026-04-19T11:46:30.117Z] [+] #105 | Yor_105.webp
[2026-04-19T11:46:32.574Z] [DOWNLOADED] Yor_106.webp | https://e-hentai.org/s/1e56c447a7/3315157-106
[2026-04-19T11:46:32.576Z] [+] #106 | Yor_106.webp
[2026-04-19T11:46:34.766Z] [DOWNLOADED] Yor_107.webp | https://e-hentai.org/s/5b955bab3a/3315157-107
[2026-04-19T11:46:34.768Z] [+] #107 | Yor_107.webp
[2026-04-19T11:46:36.724Z] [DOWNLOADED] Yor_108.webp | https://e-hentai.org/s/ed313cb8ec/3315157-108
[2026-04-19T11:46:36.725Z] [+] #108 | Yor_108.webp
[2026-04-19T11:46:38.940Z] [DOWNLOADED] Yor_109.webp | https://e-hentai.org/s/efcb462aff/3315157-109
[2026-04-19T11:46:38.941Z] [+] #109 | Yor_109.webp
[2026-04-19T11:46:41.106Z] [DOWNLOADED] Yor_110.webp | https://e-hentai.org/s/65a0508b36/3315157-110
[2026-04-19T11:46:41.107Z] [+] #110 | Yor_110.webp
[2026-04-19T11:46:43.503Z] [DOWNLOADED] Yor_111.webp | https://e-hentai.org/s/5f052e8154/3315157-111
[2026-04-19T11:46:43.505Z] [+] #111 | Yor_111.webp
[2026-04-19T11:46:46.001Z] [DOWNLOADED] Yor_112.webp | https://e-hentai.org/s/c94aa3eca3/3315157-112
[2026-04-19T11:46:46.002Z] [+] #112 | Yor_112.webp
[2026-04-19T11:46:48.224Z] [DOWNLOADED] Yor_113.webp | https://e-hentai.org/s/63652cd6b3/3315157-113
[2026-04-19T11:46:48.226Z] [+] #113 | Yor_113.webp
[2026-04-19T11:46:50.637Z] [DOWNLOADED] Yor_114.webp | https://e-hentai.org/s/7f5a6fee03/3315157-114
[2026-04-19T11:46:50.639Z] [+] #114 | Yor_114.webp
[2026-04-19T11:46:52.859Z] [DOWNLOADED] Yor_115.webp | https://e-hentai.org/s/73175286b5/3315157-115
[2026-04-19T11:46:52.861Z] [+] #115 | Yor_115.webp
[2026-04-19T11:46:55.293Z] [DOWNLOADED] Yor_116.webp | https://e-hentai.org/s/a5677b0300/3315157-116
[2026-04-19T11:46:55.295Z] [+] #116 | Yor_116.webp
[2026-04-19T11:46:55.295Z] [VIEWER] Đã đến ảnh cuối cùng — dừng. Total: 116
[2026-04-19T11:46:55.441Z] ✅ Done! 116 ảnh đã tải và lưu vào folder "yor"
[2026-04-19T11:50:10.697Z] [ERROR] loadExisting: EISDIR: illegal operation on a directory, read
[2026-04-19T11:50:11.228Z] 
════════════════════════════════════════════════════════════
[2026-04-19T11:50:11.228Z]   E-Hentai Gallery Crawler
[2026-04-19T11:50:11.229Z]   Target: https://e-hentai.org/s/6355c4a9cc/3869680-1
[2026-04-19T11:50:11.229Z]   Photo folder: Clove
[2026-04-19T11:50:11.229Z]   Output: Clove
[2026-04-19T11:50:11.229Z]   Log:    log.log
[2026-04-19T11:50:11.229Z] ════════════════════════════════════════════════════════════
[2026-04-19T11:50:11.229Z] [NAV] Chuyển đến https://e-hentai.org/s/6355c4a9cc/3869680-1 ...
[2026-04-19T11:50:15.627Z] [VIEWER] Bắt đầu crawl từ ảnh đầu tiên...
[2026-04-19T11:50:17.666Z] [DOWNLOADED] 1.webp | https://e-hentai.org/s/6355c4a9cc/3869680-1
[2026-04-19T11:50:17.667Z] [ERROR] saveAll index=1: EISDIR: illegal operation on a directory, open 'Clove'
[2026-04-19T11:50:17.667Z] [+] #1 | 1.webp
[2026-04-19T11:50:20.326Z] [DOWNLOADED] 2.webp | https://e-hentai.org/s/fcf580395a/3869680-2
[2026-04-19T11:50:20.327Z] [ERROR] saveAll index=2: EISDIR: illegal operation on a directory, open 'Clove'
[2026-04-19T11:50:20.328Z] [+] #2 | 2.webp
[2026-04-19T11:50:22.936Z] [DOWNLOADED] 3.webp | https://e-hentai.org/s/a50983d858/3869680-3
[2026-04-19T11:50:22.937Z] [ERROR] saveAll index=3: EISDIR: illegal operation on a directory, open 'Clove'
[2026-04-19T11:50:22.937Z] [+] #3 | 3.webp
[2026-04-19T11:50:25.690Z] [DOWNLOADED] 4.webp | https://e-hentai.org/s/03693febbd/3869680-4
[2026-04-19T11:50:25.690Z] [ERROR] saveAll index=4: EISDIR: illegal operation on a directory, open 'Clove'
[2026-04-19T11:50:25.691Z] [+] #4 | 4.webp
[2026-04-19T11:50:28.021Z] [DOWNLOADED] 5.webp | https://e-hentai.org/s/ca392aac0a/3869680-5
[2026-04-19T11:50:28.022Z] [ERROR] saveAll index=5: EISDIR: illegal operation on a directory, open 'Clove'
[2026-04-19T11:50:28.022Z] [+] #5 | 5.webp
[2026-04-19T11:50:30.259Z] [DOWNLOADED] 6.webp | https://e-hentai.org/s/d6b4633847/3869680-6
[2026-04-19T11:50:30.260Z] [ERROR] saveAll index=6: EISDIR: illegal operation on a directory, open 'Clove'
[2026-04-19T11:50:30.260Z] [+] #6 | 6.webp
[2026-04-19T11:50:32.273Z] [DOWNLOADED] 7.webp | https://e-hentai.org/s/ae2b0a167a/3869680-7
[2026-04-19T11:50:32.274Z] [ERROR] saveAll index=7: EISDIR: illegal operation on a directory, open 'Clove'
[2026-04-19T11:50:32.274Z] [+] #7 | 7.webp
[2026-04-19T11:50:35.060Z] [DOWNLOADED] 8.webp | https://e-hentai.org/s/402044e3df/3869680-8
[2026-04-19T11:50:35.062Z] [ERROR] saveAll index=8: EISDIR: illegal operation on a directory, open 'Clove'
[2026-04-19T11:50:35.062Z] [+] #8 | 8.webp
[2026-04-19T11:50:37.305Z] [DOWNLOADED] 9.webp | https://e-hentai.org/s/61463a75fd/3869680-9
[2026-04-19T11:50:37.307Z] [ERROR] saveAll index=9: EISDIR: illegal operation on a directory, open 'Clove'
[2026-04-19T11:50:37.308Z] [+] #9 | 9.webp
[2026-04-19T11:50:39.587Z] [DOWNLOADED] 10.webp | https://e-hentai.org/s/4127cccdb3/3869680-10
[2026-04-19T11:50:39.588Z] [ERROR] saveAll index=10: EISDIR: illegal operation on a directory, open 'Clove'
[2026-04-19T11:50:39.588Z] [+] #10 | 10.webp
[2026-04-19T11:50:41.977Z] [DOWNLOADED] 11.webp | https://e-hentai.org/s/72a544bb03/3869680-11
[2026-04-19T11:50:41.978Z] [ERROR] saveAll index=11: EISDIR: illegal operation on a directory, open 'Clove'
[2026-04-19T11:50:41.978Z] [+] #11 | 11.webp
[2026-04-19T11:50:44.484Z] [DOWNLOADED] 12.webp | https://e-hentai.org/s/44320cf12e/3869680-12
[2026-04-19T11:50:44.484Z] [ERROR] saveAll index=12: EISDIR: illegal operation on a directory, open 'Clove'
[2026-04-19T11:50:44.484Z] [+] #12 | 12.webp
[2026-04-19T11:50:46.650Z] [DOWNLOADED] 13.webp | https://e-hentai.org/s/c33dd42daa/3869680-13
[2026-04-19T11:50:46.651Z] [ERROR] saveAll index=13: EISDIR: illegal operation on a directory, open 'Clove'
[2026-04-19T11:50:46.652Z] [+] #13 | 13.webp
[2026-04-19T11:50:48.836Z] [DOWNLOADED] 14.webp | https://e-hentai.org/s/9026afcb00/3869680-14
[2026-04-19T11:50:48.836Z] [ERROR] saveAll index=14: EISDIR: illegal operation on a directory, open 'Clove'
[2026-04-19T11:50:48.836Z] [+] #14 | 14.webp
[2026-04-19T11:50:51.192Z] [DOWNLOADED] 15.webp | https://e-hentai.org/s/24d2bafe66/3869680-15
[2026-04-19T11:50:51.193Z] [ERROR] saveAll index=15: EISDIR: illegal operation on a directory, open 'Clove'
[2026-04-19T11:50:51.193Z] [+] #15 | 15.webp
[2026-04-19T11:50:53.721Z] [DOWNLOADED] 16.webp | https://e-hentai.org/s/7ed95de761/3869680-16
[2026-04-19T11:50:53.723Z] [ERROR] saveAll index=16: EISDIR: illegal operation on a directory, open 'Clove'
[2026-04-19T11:50:53.723Z] [+] #16 | 16.webp
[2026-04-19T11:50:56.199Z] [DOWNLOADED] 17.webp | https://e-hentai.org/s/6524c9303f/3869680-17
[2026-04-19T11:50:56.199Z] [ERROR] saveAll index=17: EISDIR: illegal operation on a directory, open 'Clove'
[2026-04-19T11:50:56.199Z] [+] #17 | 17.webp
[2026-04-19T11:50:58.544Z] [DOWNLOADED] 18.webp | https://e-hentai.org/s/6f502aff93/3869680-18
[2026-04-19T11:50:58.546Z] [ERROR] saveAll index=18: EISDIR: illegal operation on a directory, open 'Clove'
[2026-04-19T11:50:58.546Z] [+] #18 | 18.webp
[2026-04-19T11:51:01.539Z] [DOWNLOADED] 19.webp | https://e-hentai.org/s/0e98a8ffa9/3869680-19
[2026-04-19T11:51:01.541Z] [ERROR] saveAll index=19: EISDIR: illegal operation on a directory, open 'Clove'
[2026-04-19T11:51:01.541Z] [+] #19 | 19.webp
[2026-04-19T11:51:04.122Z] [DOWNLOADED] 20.webp | https://e-hentai.org/s/fadeced327/3869680-20
[2026-04-19T11:51:04.123Z] [ERROR] saveAll index=20: EISDIR: illegal operation on a directory, open 'Clove'
[2026-04-19T11:51:04.123Z] [+] #20 | 20.webp
[2026-04-19T11:51:04.412Z] [VIEWER] Round 20 | Collected: 20
[2026-04-19T11:51:06.327Z] [DOWNLOADED] 21.webp | https://e-hentai.org/s/51e0d7a337/3869680-21
[2026-04-19T11:51:06.328Z] [ERROR] saveAll index=21: EISDIR: illegal operation on a directory, open 'Clove'
[2026-04-19T11:51:06.328Z] [+] #21 | 21.webp
[2026-04-19T11:51:08.754Z] [DOWNLOADED] 22.webp | https://e-hentai.org/s/754c025208/3869680-22
[2026-04-19T11:51:08.756Z] [ERROR] saveAll index=22: EISDIR: illegal operation on a directory, open 'Clove'
[2026-04-19T11:51:08.756Z] [+] #22 | 22.webp
[2026-04-19T11:51:11.012Z] [DOWNLOADED] 23.webp | https://e-hentai.org/s/18c58ddf1f/3869680-23
[2026-04-19T11:51:11.013Z] [ERROR] saveAll index=23: EISDIR: illegal operation on a directory, open 'Clove'
[2026-04-19T11:51:11.013Z] [+] #23 | 23.webp
[2026-04-19T11:51:13.034Z] [DOWNLOADED] 24.webp | https://e-hentai.org/s/2668bd7799/3869680-24
[2026-04-19T11:51:13.034Z] [ERROR] saveAll index=24: EISDIR: illegal operation on a directory, open 'Clove'
[2026-04-19T11:51:13.034Z] [+] #24 | 24.webp
[2026-04-19T11:51:15.120Z] [DOWNLOADED] 25.webp | https://e-hentai.org/s/1c8ef03c97/3869680-25
[2026-04-19T11:51:15.120Z] [ERROR] saveAll index=25: EISDIR: illegal operation on a directory, open 'Clove'
[2026-04-19T11:51:15.120Z] [+] #25 | 25.webp
[2026-04-19T11:51:17.444Z] [DOWNLOADED] 26.webp | https://e-hentai.org/s/a4664f1386/3869680-26
[2026-04-19T11:51:17.444Z] [ERROR] saveAll index=26: EISDIR: illegal operation on a directory, open 'Clove'
[2026-04-19T11:51:17.444Z] [+] #26 | 26.webp
[2026-04-19T11:51:19.711Z] [DOWNLOADED] 27.webp | https://e-hentai.org/s/62e7d2d5c9/3869680-27
[2026-04-19T11:51:19.713Z] [ERROR] saveAll index=27: EISDIR: illegal operation on a directory, open 'Clove'
[2026-04-19T11:51:19.713Z] [+] #27 | 27.webp
[2026-04-19T11:51:22.082Z] [DOWNLOADED] 28.webp | https://e-hentai.org/s/c065946f6e/3869680-28
[2026-04-19T11:51:22.082Z] [ERROR] saveAll index=28: EISDIR: illegal operation on a directory, open 'Clove'
[2026-04-19T11:51:22.082Z] [+] #28 | 28.webp
[2026-04-19T11:51:24.370Z] [DOWNLOADED] 29.webp | https://e-hentai.org/s/8a2e87e679/3869680-29
[2026-04-19T11:51:24.371Z] [ERROR] saveAll index=29: EISDIR: illegal operation on a directory, open 'Clove'
[2026-04-19T11:51:24.371Z] [+] #29 | 29.webp
[2026-04-19T11:51:26.909Z] [DOWNLOADED] 30.webp | https://e-hentai.org/s/4803565fdd/3869680-30
[2026-04-19T11:51:26.910Z] [ERROR] saveAll index=30: EISDIR: illegal operation on a directory, open 'Clove'
[2026-04-19T11:51:26.910Z] [+] #30 | 30.webp
[2026-04-19T11:51:29.232Z] [DOWNLOADED] 31.webp | https://e-hentai.org/s/46c4c9111a/3869680-31
[2026-04-19T11:51:29.233Z] [ERROR] saveAll index=31: EISDIR: illegal operation on a directory, open 'Clove'
[2026-04-19T11:51:29.234Z] [+] #31 | 31.webp
[2026-04-19T11:51:31.629Z] [DOWNLOADED] 32.webp | https://e-hentai.org/s/f7139ed5f0/3869680-32
[2026-04-19T11:51:31.630Z] [ERROR] saveAll index=32: EISDIR: illegal operation on a directory, open 'Clove'
[2026-04-19T11:51:31.630Z] [+] #32 | 32.webp
[2026-04-19T11:51:34.230Z] [DOWNLOADED] 33.webp | https://e-hentai.org/s/8a9c147a48/3869680-33
[2026-04-19T11:51:34.231Z] [ERROR] saveAll index=33: EISDIR: illegal operation on a directory, open 'Clove'
[2026-04-19T11:51:34.231Z] [+] #33 | 33.webp
[2026-04-19T11:51:37.719Z] [DOWNLOADED] 34.webp | https://e-hentai.org/s/d921b3295c/3869680-34
[2026-04-19T11:51:37.720Z] [ERROR] saveAll index=34: EISDIR: illegal operation on a directory, open 'Clove'
[2026-04-19T11:51:37.720Z] [+] #34 | 34.webp
[2026-04-19T11:51:40.035Z] [DOWNLOADED] 35.webp | https://e-hentai.org/s/14f8c2a8d7/3869680-35
[2026-04-19T11:51:40.036Z] [ERROR] saveAll index=35: EISDIR: illegal operation on a directory, open 'Clove'
[2026-04-19T11:51:40.036Z] [+] #35 | 35.webp
[2026-04-19T11:51:40.036Z] [VIEWER] Đã đến ảnh cuối cùng — dừng. Total: 35
[2026-04-19T11:51:40.151Z] ✅ Done! 35 ảnh đã tải và lưu vào folder "Clove"
[2026-04-19T11:51:40.151Z] ⚠️  36 lỗi trong Clove-error.json
[2026-04-19T11:53:55.781Z] [ERROR] loadExisting: EISDIR: illegal operation on a directory, read
[2026-04-19T11:53:56.289Z] 
════════════════════════════════════════════════════════════
[2026-04-19T11:53:56.289Z]   E-Hentai Gallery Crawler
[2026-04-19T11:53:56.289Z]   Target: https://e-hentai.org/s/f9f8703279/3855116-1
[2026-04-19T11:53:56.289Z]   Photo folder: Sameko
[2026-04-19T11:53:56.289Z]   Output: Sameko
[2026-04-19T11:53:56.289Z]   Log:    log.log
[2026-04-19T11:53:56.289Z] ════════════════════════════════════════════════════════════
[2026-04-19T11:53:56.290Z] [NAV] Chuyển đến https://e-hentai.org/s/f9f8703279/3855116-1 ...
[2026-04-19T11:54:00.688Z] [VIEWER] Bắt đầu crawl từ ảnh đầu tiên...
[2026-04-19T11:54:02.635Z] [DOWNLOADED] 1.webp | https://e-hentai.org/s/f9f8703279/3855116-1
[2026-04-19T11:54:02.637Z] [ERROR] saveAll index=1: EISDIR: illegal operation on a directory, open 'Sameko'
[2026-04-19T11:54:02.637Z] [+] #1 | 1.webp
[2026-04-19T11:54:04.924Z] [DOWNLOADED] 2.webp | https://e-hentai.org/s/cb2c1aa207/3855116-2
[2026-04-19T11:54:04.925Z] [ERROR] saveAll index=2: EISDIR: illegal operation on a directory, open 'Sameko'
[2026-04-19T11:54:04.925Z] [+] #2 | 2.webp
[2026-04-19T11:54:07.211Z] [DOWNLOADED] 3.webp | https://e-hentai.org/s/e137d9ccfd/3855116-3
[2026-04-19T11:54:07.212Z] [ERROR] saveAll index=3: EISDIR: illegal operation on a directory, open 'Sameko'
[2026-04-19T11:54:07.212Z] [+] #3 | 3.webp
[2026-04-19T11:54:09.467Z] [DOWNLOADED] 4.webp | https://e-hentai.org/s/2c7bec3424/3855116-4
[2026-04-19T11:54:09.468Z] [ERROR] saveAll index=4: EISDIR: illegal operation on a directory, open 'Sameko'
[2026-04-19T11:54:09.468Z] [+] #4 | 4.webp
[2026-04-19T11:54:11.679Z] [DOWNLOADED] 5.webp | https://e-hentai.org/s/0849d92626/3855116-5
[2026-04-19T11:54:11.679Z] [ERROR] saveAll index=5: EISDIR: illegal operation on a directory, open 'Sameko'
[2026-04-19T11:54:11.679Z] [+] #5 | 5.webp
[2026-04-19T11:54:13.883Z] [DOWNLOADED] 6.webp | https://e-hentai.org/s/5b8087e6e1/3855116-6
[2026-04-19T11:54:13.884Z] [ERROR] saveAll index=6: EISDIR: illegal operation on a directory, open 'Sameko'
[2026-04-19T11:54:13.884Z] [+] #6 | 6.webp
[2026-04-19T11:54:16.080Z] [DOWNLOADED] 7.webp | https://e-hentai.org/s/ffa6e4ad21/3855116-7
[2026-04-19T11:54:16.081Z] [ERROR] saveAll index=7: EISDIR: illegal operation on a directory, open 'Sameko'
[2026-04-19T11:54:16.081Z] [+] #7 | 7.webp
[2026-04-19T11:54:18.292Z] [DOWNLOADED] 8.webp | https://e-hentai.org/s/70e3bc0471/3855116-8
[2026-04-19T11:54:18.292Z] [ERROR] saveAll index=8: EISDIR: illegal operation on a directory, open 'Sameko'
[2026-04-19T11:54:18.292Z] [+] #8 | 8.webp
[2026-04-19T11:54:20.561Z] [DOWNLOADED] 9.webp | https://e-hentai.org/s/b7e9426232/3855116-9
[2026-04-19T11:54:20.561Z] [ERROR] saveAll index=9: EISDIR: illegal operation on a directory, open 'Sameko'
[2026-04-19T11:54:20.561Z] [+] #9 | 9.webp
[2026-04-19T11:54:22.737Z] [DOWNLOADED] 10.webp | https://e-hentai.org/s/2ecfbdabd5/3855116-10
[2026-04-19T11:54:22.739Z] [ERROR] saveAll index=10: EISDIR: illegal operation on a directory, open 'Sameko'
[2026-04-19T11:54:22.739Z] [+] #10 | 10.webp
[2026-04-19T11:54:24.709Z] [DOWNLOADED] 11.webp | https://e-hentai.org/s/b1cd7f0327/3855116-11
[2026-04-19T11:54:24.710Z] [ERROR] saveAll index=11: EISDIR: illegal operation on a directory, open 'Sameko'
[2026-04-19T11:54:24.710Z] [+] #11 | 11.webp
[2026-04-19T11:54:26.864Z] [DOWNLOADED] 12.webp | https://e-hentai.org/s/cdd91814ac/3855116-12
[2026-04-19T11:54:26.865Z] [ERROR] saveAll index=12: EISDIR: illegal operation on a directory, open 'Sameko'
[2026-04-19T11:54:26.865Z] [+] #12 | 12.webp
[2026-04-19T11:54:28.946Z] [DOWNLOADED] 13.webp | https://e-hentai.org/s/f4698ff307/3855116-13
[2026-04-19T11:54:28.947Z] [ERROR] saveAll index=13: EISDIR: illegal operation on a directory, open 'Sameko'
[2026-04-19T11:54:28.947Z] [+] #13 | 13.webp
[2026-04-19T11:54:31.182Z] [DOWNLOADED] 14.webp | https://e-hentai.org/s/45795ab6fa/3855116-14
[2026-04-19T11:54:31.183Z] [ERROR] saveAll index=14: EISDIR: illegal operation on a directory, open 'Sameko'
[2026-04-19T11:54:31.184Z] [+] #14 | 14.webp
[2026-04-19T11:54:33.121Z] [DOWNLOADED] 15.webp | https://e-hentai.org/s/fb8bdc66da/3855116-15
[2026-04-19T11:54:33.122Z] [ERROR] saveAll index=15: EISDIR: illegal operation on a directory, open 'Sameko'
[2026-04-19T11:54:33.122Z] [+] #15 | 15.webp
[2026-04-19T11:54:35.495Z] [DOWNLOADED] 16.webp | https://e-hentai.org/s/990949b4cf/3855116-16
[2026-04-19T11:54:35.495Z] [ERROR] saveAll index=16: EISDIR: illegal operation on a directory, open 'Sameko'
[2026-04-19T11:54:35.495Z] [+] #16 | 16.webp
[2026-04-19T11:54:37.777Z] [DOWNLOADED] 17.webp | https://e-hentai.org/s/8aa852aa67/3855116-17
[2026-04-19T11:54:37.778Z] [ERROR] saveAll index=17: EISDIR: illegal operation on a directory, open 'Sameko'
[2026-04-19T11:54:37.778Z] [+] #17 | 17.webp
[2026-04-19T11:54:39.954Z] [DOWNLOADED] 18.webp | https://e-hentai.org/s/52334d377c/3855116-18
[2026-04-19T11:54:39.955Z] [ERROR] saveAll index=18: EISDIR: illegal operation on a directory, open 'Sameko'
[2026-04-19T11:54:39.955Z] [+] #18 | 18.webp
[2026-04-19T11:54:41.901Z] [DOWNLOADED] 19.webp | https://e-hentai.org/s/d926b9967d/3855116-19
[2026-04-19T11:54:41.902Z] [ERROR] saveAll index=19: EISDIR: illegal operation on a directory, open 'Sameko'
[2026-04-19T11:54:41.902Z] [+] #19 | 19.webp
[2026-04-19T11:54:44.118Z] [DOWNLOADED] 20.webp | https://e-hentai.org/s/bd4145e565/3855116-20
[2026-04-19T11:54:44.118Z] [ERROR] saveAll index=20: EISDIR: illegal operation on a directory, open 'Sameko'
[2026-04-19T11:54:44.119Z] [+] #20 | 20.webp
[2026-04-19T11:54:44.391Z] [VIEWER] Round 20 | Collected: 20
[2026-04-19T11:54:46.257Z] [DOWNLOADED] 21.webp | https://e-hentai.org/s/44a7c99b1c/3855116-21
[2026-04-19T11:54:46.258Z] [ERROR] saveAll index=21: EISDIR: illegal operation on a directory, open 'Sameko'
[2026-04-19T11:54:46.258Z] [+] #21 | 21.webp
[2026-04-19T11:54:48.561Z] [DOWNLOADED] 22.webp | https://e-hentai.org/s/c40858a90b/3855116-22
[2026-04-19T11:54:48.562Z] [ERROR] saveAll index=22: EISDIR: illegal operation on a directory, open 'Sameko'
[2026-04-19T11:54:48.562Z] [+] #22 | 22.webp
[2026-04-19T11:54:50.807Z] [DOWNLOADED] 23.webp | https://e-hentai.org/s/06f770f1a1/3855116-23
[2026-04-19T11:54:50.807Z] [ERROR] saveAll index=23: EISDIR: illegal operation on a directory, open 'Sameko'
[2026-04-19T11:54:50.808Z] [+] #23 | 23.webp
[2026-04-19T11:54:53.801Z] [DOWNLOADED] 24.webp | https://e-hentai.org/s/5fcf3f1b1c/3855116-24
[2026-04-19T11:54:53.802Z] [ERROR] saveAll index=24: EISDIR: illegal operation on a directory, open 'Sameko'
[2026-04-19T11:54:53.802Z] [+] #24 | 24.webp
[2026-04-19T11:54:56.431Z] [DOWNLOADED] 25.webp | https://e-hentai.org/s/c06387fa3e/3855116-25
[2026-04-19T11:54:56.432Z] [ERROR] saveAll index=25: EISDIR: illegal operation on a directory, open 'Sameko'
[2026-04-19T11:54:56.433Z] [+] #25 | 25.webp
[2026-04-19T11:54:58.497Z] [DOWNLOADED] 26.webp | https://e-hentai.org/s/b34f46c7bc/3855116-26
[2026-04-19T11:54:58.498Z] [ERROR] saveAll index=26: EISDIR: illegal operation on a directory, open 'Sameko'
[2026-04-19T11:54:58.498Z] [+] #26 | 26.webp
[2026-04-19T11:55:01.300Z] [DOWNLOADED] 27.webp | https://e-hentai.org/s/139ec2f325/3855116-27
[2026-04-19T11:55:01.302Z] [ERROR] saveAll index=27: EISDIR: illegal operation on a directory, open 'Sameko'
[2026-04-19T11:55:01.302Z] [+] #27 | 27.webp
[2026-04-19T11:55:07.871Z] [DOWNLOADED] 28.webp | https://e-hentai.org/s/0cbec1bf60/3855116-28
[2026-04-19T11:55:07.871Z] [ERROR] saveAll index=28: EISDIR: illegal operation on a directory, open 'Sameko'
[2026-04-19T11:55:07.871Z] [+] #28 | 28.webp
[2026-04-19T11:55:09.905Z] [DOWNLOADED] 29.webp | https://e-hentai.org/s/b57a720261/3855116-29
[2026-04-19T11:55:09.906Z] [ERROR] saveAll index=29: EISDIR: illegal operation on a directory, open 'Sameko'
[2026-04-19T11:55:09.906Z] [+] #29 | 29.webp
[2026-04-19T11:55:12.383Z] [DOWNLOADED] 30.webp | https://e-hentai.org/s/209bb7a934/3855116-30
[2026-04-19T11:55:12.384Z] [ERROR] saveAll index=30: EISDIR: illegal operation on a directory, open 'Sameko'
[2026-04-19T11:55:12.384Z] [+] #30 | 30.webp
[2026-04-19T11:55:14.424Z] [DOWNLOADED] 31.webp | https://e-hentai.org/s/482250f8a5/3855116-31
[2026-04-19T11:55:14.425Z] [ERROR] saveAll index=31: EISDIR: illegal operation on a directory, open 'Sameko'
[2026-04-19T11:55:14.426Z] [+] #31 | 31.webp
[2026-04-19T11:55:16.576Z] [DOWNLOADED] 32.webp | https://e-hentai.org/s/4f50b035bb/3855116-32
[2026-04-19T11:55:16.578Z] [ERROR] saveAll index=32: EISDIR: illegal operation on a directory, open 'Sameko'
[2026-04-19T11:55:16.578Z] [+] #32 | 32.webp
[2026-04-19T11:55:18.836Z] [DOWNLOADED] 33.webp | https://e-hentai.org/s/686906c141/3855116-33
[2026-04-19T11:55:18.837Z] [ERROR] saveAll index=33: EISDIR: illegal operation on a directory, open 'Sameko'
[2026-04-19T11:55:18.838Z] [+] #33 | 33.webp
[2026-04-19T11:55:21.512Z] [DOWNLOADED] 34.webp | https://e-hentai.org/s/abd898ab6d/3855116-34
[2026-04-19T11:55:21.513Z] [ERROR] saveAll index=34: EISDIR: illegal operation on a directory, open 'Sameko'
[2026-04-19T11:55:21.513Z] [+] #34 | 34.webp
[2026-04-19T11:55:23.754Z] [DOWNLOADED] 35.webp | https://e-hentai.org/s/1bfd0591e7/3855116-35
[2026-04-19T11:55:23.754Z] [ERROR] saveAll index=35: EISDIR: illegal operation on a directory, open 'Sameko'
[2026-04-19T11:55:23.754Z] [+] #35 | 35.webp
[2026-04-19T11:55:26.012Z] [DOWNLOADED] 36.webp | https://e-hentai.org/s/eee06891f9/3855116-36
[2026-04-19T11:55:26.013Z] [ERROR] saveAll index=36: EISDIR: illegal operation on a directory, open 'Sameko'
[2026-04-19T11:55:26.013Z] [+] #36 | 36.webp
[2026-04-19T11:55:27.983Z] [DOWNLOADED] 37.webp | https://e-hentai.org/s/dc88e20d1e/3855116-37
[2026-04-19T11:55:27.984Z] [ERROR] saveAll index=37: EISDIR: illegal operation on a directory, open 'Sameko'
[2026-04-19T11:55:27.984Z] [+] #37 | 37.webp
[2026-04-19T11:55:30.860Z] [DOWNLOADED] 38.webp | https://e-hentai.org/s/159b9343f2/3855116-38
[2026-04-19T11:55:30.861Z] [ERROR] saveAll index=38: EISDIR: illegal operation on a directory, open 'Sameko'
[2026-04-19T11:55:30.861Z] [+] #38 | 38.webp
[2026-04-19T11:55:32.854Z] [DOWNLOADED] 39.webp | https://e-hentai.org/s/fc64736d5a/3855116-39
[2026-04-19T11:55:32.856Z] [ERROR] saveAll index=39: EISDIR: illegal operation on a directory, open 'Sameko'
[2026-04-19T11:55:32.856Z] [+] #39 | 39.webp
[2026-04-19T11:55:35.136Z] [DOWNLOADED] 40.webp | https://e-hentai.org/s/d893e2a358/3855116-40
[2026-04-19T11:55:35.138Z] [ERROR] saveAll index=40: EISDIR: illegal operation on a directory, open 'Sameko'
[2026-04-19T11:55:35.138Z] [+] #40 | 40.webp
[2026-04-19T11:55:35.423Z] [VIEWER] Round 40 | Collected: 40
[2026-04-19T11:55:37.538Z] [DOWNLOADED] _41.webp | https://e-hentai.org/s/e1fc87c1ea/3855116-41
[2026-04-19T11:55:37.539Z] [ERROR] saveAll index=41: EISDIR: illegal operation on a directory, open 'Sameko'
[2026-04-19T11:55:37.539Z] [+] #41 | _41.webp
[2026-04-19T11:55:39.798Z] [DOWNLOADED] _42.webp | https://e-hentai.org/s/dd8ab10803/3855116-42
[2026-04-19T11:55:39.798Z] [ERROR] saveAll index=42: EISDIR: illegal operation on a directory, open 'Sameko'
[2026-04-19T11:55:39.798Z] [+] #42 | _42.webp
[2026-04-19T11:55:42.401Z] [DOWNLOADED] _43.webp | https://e-hentai.org/s/4e85b03fb7/3855116-43
[2026-04-19T11:55:42.401Z] [ERROR] saveAll index=43: EISDIR: illegal operation on a directory, open 'Sameko'
[2026-04-19T11:55:42.401Z] [+] #43 | _43.webp
[2026-04-19T11:55:44.870Z] [DOWNLOADED] _44.webp | https://e-hentai.org/s/1a91d3a722/3855116-44
[2026-04-19T11:55:44.871Z] [ERROR] saveAll index=44: EISDIR: illegal operation on a directory, open 'Sameko'
[2026-04-19T11:55:44.872Z] [+] #44 | _44.webp
[2026-04-19T11:55:47.411Z] [DOWNLOADED] _45.webp | https://e-hentai.org/s/d8248e5a5a/3855116-45
[2026-04-19T11:55:47.412Z] [ERROR] saveAll index=45: EISDIR: illegal operation on a directory, open 'Sameko'
[2026-04-19T11:55:47.413Z] [+] #45 | _45.webp
[2026-04-19T11:55:50.176Z] [DOWNLOADED] _46.webp | https://e-hentai.org/s/ed47a90c96/3855116-46
[2026-04-19T11:55:50.177Z] [ERROR] saveAll index=46: EISDIR: illegal operation on a directory, open 'Sameko'
[2026-04-19T11:55:50.178Z] [+] #46 | _46.webp
[2026-04-19T11:55:52.260Z] [DOWNLOADED] _47.webp | https://e-hentai.org/s/006c078270/3855116-47
[2026-04-19T11:55:52.261Z] [ERROR] saveAll index=47: EISDIR: illegal operation on a directory, open 'Sameko'
[2026-04-19T11:55:52.262Z] [+] #47 | _47.webp
[2026-04-19T11:55:55.034Z] [DOWNLOADED] _48.webp | https://e-hentai.org/s/80b4eb491f/3855116-48
[2026-04-19T11:55:55.035Z] [ERROR] saveAll index=48: EISDIR: illegal operation on a directory, open 'Sameko'
[2026-04-19T11:55:55.035Z] [+] #48 | _48.webp
[2026-04-19T11:55:57.740Z] [DOWNLOADED] _49.webp | https://e-hentai.org/s/1cccc1fb03/3855116-49
[2026-04-19T11:55:57.741Z] [ERROR] saveAll index=49: EISDIR: illegal operation on a directory, open 'Sameko'
[2026-04-19T11:55:57.741Z] [+] #49 | _49.webp
[2026-04-19T11:56:00.119Z] [DOWNLOADED] _50.webp | https://e-hentai.org/s/f6f3bc9aa5/3855116-50
[2026-04-19T11:56:00.121Z] [ERROR] saveAll index=50: EISDIR: illegal operation on a directory, open 'Sameko'
[2026-04-19T11:56:00.121Z] [+] #50 | _50.webp
[2026-04-19T11:56:02.326Z] [DOWNLOADED] _51.webp | https://e-hentai.org/s/e9dca74d88/3855116-51
[2026-04-19T11:56:02.327Z] [ERROR] saveAll index=51: EISDIR: illegal operation on a directory, open 'Sameko'
[2026-04-19T11:56:02.327Z] [+] #51 | _51.webp
[2026-04-19T11:56:04.970Z] [DOWNLOADED] _52.webp | https://e-hentai.org/s/c321d1af0b/3855116-52
[2026-04-19T11:56:04.970Z] [ERROR] saveAll index=52: EISDIR: illegal operation on a directory, open 'Sameko'
[2026-04-19T11:56:04.970Z] [+] #52 | _52.webp
[2026-04-19T11:56:07.299Z] [DOWNLOADED] _53.webp | https://e-hentai.org/s/04d1c27937/3855116-53
[2026-04-19T11:56:07.299Z] [ERROR] saveAll index=53: EISDIR: illegal operation on a directory, open 'Sameko'
[2026-04-19T11:56:07.300Z] [+] #53 | _53.webp
[2026-04-19T11:56:09.810Z] [DOWNLOADED] _54.webp | https://e-hentai.org/s/16b260c842/3855116-54
[2026-04-19T11:56:09.812Z] [ERROR] saveAll index=54: EISDIR: illegal operation on a directory, open 'Sameko'
[2026-04-19T11:56:09.812Z] [+] #54 | _54.webp
[2026-04-19T11:56:12.088Z] [DOWNLOADED] _55.webp | https://e-hentai.org/s/cd7c6fdd41/3855116-55
[2026-04-19T11:56:12.089Z] [ERROR] saveAll index=55: EISDIR: illegal operation on a directory, open 'Sameko'
[2026-04-19T11:56:12.090Z] [+] #55 | _55.webp
[2026-04-19T11:56:14.324Z] [DOWNLOADED] _56.webp | https://e-hentai.org/s/20b1490826/3855116-56
[2026-04-19T11:56:14.325Z] [ERROR] saveAll index=56: EISDIR: illegal operation on a directory, open 'Sameko'
[2026-04-19T11:56:14.325Z] [+] #56 | _56.webp
[2026-04-19T11:56:16.916Z] [DOWNLOADED] _57.webp | https://e-hentai.org/s/d625a364ec/3855116-57
[2026-04-19T11:56:16.918Z] [ERROR] saveAll index=57: EISDIR: illegal operation on a directory, open 'Sameko'
[2026-04-19T11:56:16.918Z] [+] #57 | _57.webp
[2026-04-19T11:56:18.942Z] [DOWNLOADED] _58.webp | https://e-hentai.org/s/7ec2485359/3855116-58
[2026-04-19T11:56:18.943Z] [ERROR] saveAll index=58: EISDIR: illegal operation on a directory, open 'Sameko'
[2026-04-19T11:56:18.944Z] [+] #58 | _58.webp
[2026-04-19T11:56:21.051Z] [DOWNLOADED] _59.webp | https://e-hentai.org/s/1bb9b8ae2c/3855116-59
[2026-04-19T11:56:21.053Z] [ERROR] saveAll index=59: EISDIR: illegal operation on a directory, open 'Sameko'
[2026-04-19T11:56:21.053Z] [+] #59 | _59.webp
[2026-04-19T11:56:23.690Z] [DOWNLOADED] _60.webp | https://e-hentai.org/s/5837bea78d/3855116-60
[2026-04-19T11:56:23.692Z] [ERROR] saveAll index=60: EISDIR: illegal operation on a directory, open 'Sameko'
[2026-04-19T11:56:23.692Z] [+] #60 | _60.webp
[2026-04-19T11:56:23.998Z] [VIEWER] Round 60 | Collected: 60
[2026-04-19T11:56:26.306Z] [DOWNLOADED] _61.webp | https://e-hentai.org/s/182ce10f23/3855116-61
[2026-04-19T11:56:26.306Z] [ERROR] saveAll index=61: EISDIR: illegal operation on a directory, open 'Sameko'
[2026-04-19T11:56:26.306Z] [+] #61 | _61.webp
[2026-04-19T11:56:28.661Z] [DOWNLOADED] _62.webp | https://e-hentai.org/s/41247767e0/3855116-62
[2026-04-19T11:56:28.663Z] [ERROR] saveAll index=62: EISDIR: illegal operation on a directory, open 'Sameko'
[2026-04-19T11:56:28.663Z] [+] #62 | _62.webp
[2026-04-19T11:56:28.663Z] [VIEWER] Đã đến ảnh cuối cùng — dừng. Total: 62
[2026-04-19T11:56:28.760Z] ✅ Done! 62 ảnh đã tải và lưu vào folder "Sameko"
[2026-04-19T11:56:28.760Z] ⚠️  63 lỗi trong Sameko-error.json
[2026-04-19T12:03:07.220Z] 
════════════════════════════════════════════════════════════
[2026-04-19T12:03:07.221Z]   E-Hentai Gallery Crawler
[2026-04-19T12:03:07.221Z]   Target: https://e-hentai.org/s/7eab92d33c/3853612-1
[2026-04-19T12:03:07.221Z]   Photo folder: Sameko
[2026-04-19T12:03:07.222Z]   Output: Sameko.json
[2026-04-19T12:03:07.222Z]   Log:    log.log
[2026-04-19T12:03:07.222Z] ════════════════════════════════════════════════════════════
[2026-04-19T12:03:07.222Z] [NAV] Chuyển đến https://e-hentai.org/s/7eab92d33c/3853612-1 ...
[2026-04-19T12:03:11.626Z] [VIEWER] Bắt đầu crawl từ ảnh đầu tiên...
[2026-04-19T12:03:13.356Z] [DOWNLOADED] 1.webp | https://e-hentai.org/s/7eab92d33c/3853612-1
[2026-04-19T12:03:13.357Z] [+] #1 | 1.webp
[2026-04-19T12:03:15.655Z] [DOWNLOADED] 2.webp | https://e-hentai.org/s/3e7f8a70e4/3853612-2
[2026-04-19T12:03:15.655Z] [+] #2 | 2.webp
[2026-04-19T12:03:18.226Z] [DOWNLOADED] 3.webp | https://e-hentai.org/s/bb7bee8c03/3853612-3
[2026-04-19T12:03:18.227Z] [+] #3 | 3.webp
[2026-04-19T12:03:20.816Z] [DOWNLOADED] 4.webp | https://e-hentai.org/s/b6ef157882/3853612-4
[2026-04-19T12:03:20.817Z] [+] #4 | 4.webp
[2026-04-19T12:03:23.448Z] [DOWNLOADED] 5.webp | https://e-hentai.org/s/29b42da4d5/3853612-5
[2026-04-19T12:03:23.449Z] [+] #5 | 5.webp
[2026-04-19T12:03:26.005Z] [DOWNLOADED] 6.webp | https://e-hentai.org/s/ed0e27a89b/3853612-6
[2026-04-19T12:03:26.006Z] [+] #6 | 6.webp
[2026-04-19T12:03:28.203Z] [DOWNLOADED] 7.webp | https://e-hentai.org/s/af894bc735/3853612-7
[2026-04-19T12:03:28.203Z] [+] #7 | 7.webp
[2026-04-19T12:03:30.453Z] [DOWNLOADED] 8.webp | https://e-hentai.org/s/49fc476861/3853612-8
[2026-04-19T12:03:30.454Z] [+] #8 | 8.webp
[2026-04-19T12:03:33.902Z] [DOWNLOADED] 9.webp | https://e-hentai.org/s/46e5bdc14a/3853612-9
[2026-04-19T12:03:33.903Z] [+] #9 | 9.webp
[2026-04-19T12:03:35.914Z] [DOWNLOADED] 10.webp | https://e-hentai.org/s/65f82f695b/3853612-10
[2026-04-19T12:03:35.915Z] [+] #10 | 10.webp
[2026-04-19T12:03:39.520Z] [DOWNLOADED] 11.webp | https://e-hentai.org/s/2e48258640/3853612-11
[2026-04-19T12:03:39.521Z] [+] #11 | 11.webp
[2026-04-19T12:03:41.763Z] [DOWNLOADED] 12.webp | https://e-hentai.org/s/4a22106f87/3853612-12
[2026-04-19T12:03:41.763Z] [+] #12 | 12.webp
[2026-04-19T12:03:43.906Z] [DOWNLOADED] 13.webp | https://e-hentai.org/s/a473c12511/3853612-13
[2026-04-19T12:03:43.907Z] [+] #13 | 13.webp
[2026-04-19T12:03:46.782Z] [DOWNLOADED] 14.webp | https://e-hentai.org/s/c490a93324/3853612-14
[2026-04-19T12:03:46.782Z] [+] #14 | 14.webp
[2026-04-19T12:03:49.348Z] [DOWNLOADED] 15.webp | https://e-hentai.org/s/ee3cca784a/3853612-15
[2026-04-19T12:03:49.348Z] [+] #15 | 15.webp
[2026-04-19T12:03:51.815Z] [DOWNLOADED] 16.webp | https://e-hentai.org/s/4fd68d0982/3853612-16
[2026-04-19T12:03:51.816Z] [+] #16 | 16.webp
[2026-04-19T12:03:54.170Z] [DOWNLOADED] 17.webp | https://e-hentai.org/s/4a7f480483/3853612-17
[2026-04-19T12:03:54.171Z] [+] #17 | 17.webp
[2026-04-19T12:03:56.640Z] [DOWNLOADED] 18.webp | https://e-hentai.org/s/7e2886a372/3853612-18
[2026-04-19T12:03:56.641Z] [+] #18 | 18.webp
[2026-04-19T12:03:59.042Z] [DOWNLOADED] 19.webp | https://e-hentai.org/s/625e9a04e4/3853612-19
[2026-04-19T12:03:59.043Z] [+] #19 | 19.webp
[2026-04-19T12:04:01.269Z] [DOWNLOADED] 20.webp | https://e-hentai.org/s/82efa95d55/3853612-20
[2026-04-19T12:04:01.270Z] [+] #20 | 20.webp
[2026-04-19T12:04:01.561Z] [VIEWER] Round 20 | Collected: 20
[2026-04-19T12:04:03.910Z] [DOWNLOADED] 21.webp | https://e-hentai.org/s/ef419aa8fe/3853612-21
[2026-04-19T12:04:03.911Z] [+] #21 | 21.webp
[2026-04-19T12:04:06.275Z] [DOWNLOADED] 22.webp | https://e-hentai.org/s/7d47dec86a/3853612-22
[2026-04-19T12:04:06.276Z] [+] #22 | 22.webp
[2026-04-19T12:04:08.265Z] [DOWNLOADED] 23.webp | https://e-hentai.org/s/d97db812b9/3853612-23
[2026-04-19T12:04:08.266Z] [+] #23 | 23.webp
[2026-04-19T12:04:10.419Z] [DOWNLOADED] 24.webp | https://e-hentai.org/s/f9784d8a3d/3853612-24
[2026-04-19T12:04:10.420Z] [+] #24 | 24.webp
[2026-04-19T12:04:12.850Z] [DOWNLOADED] 25.webp | https://e-hentai.org/s/0b2053f43a/3853612-25
[2026-04-19T12:04:12.850Z] [+] #25 | 25.webp
[2026-04-19T12:04:14.855Z] [DOWNLOADED] 26.webp | https://e-hentai.org/s/fa110d6b21/3853612-26
[2026-04-19T12:04:14.856Z] [+] #26 | 26.webp
[2026-04-19T12:04:17.214Z] [DOWNLOADED] 27.webp | https://e-hentai.org/s/2f93a0bb0b/3853612-27
[2026-04-19T12:04:17.215Z] [+] #27 | 27.webp
[2026-04-19T12:04:19.584Z] [DOWNLOADED] 28.webp | https://e-hentai.org/s/dbc67cb798/3853612-28
[2026-04-19T12:04:19.585Z] [+] #28 | 28.webp
[2026-04-19T12:04:21.904Z] [DOWNLOADED] 29.webp | https://e-hentai.org/s/9a358eddf9/3853612-29
[2026-04-19T12:04:21.905Z] [+] #29 | 29.webp
[2026-04-19T12:04:24.230Z] [DOWNLOADED] 30.webp | https://e-hentai.org/s/646be491d8/3853612-30
[2026-04-19T12:04:24.230Z] [+] #30 | 30.webp
[2026-04-19T12:04:26.737Z] [DOWNLOADED] 31.webp | https://e-hentai.org/s/a5a675afef/3853612-31
[2026-04-19T12:04:26.738Z] [+] #31 | 31.webp
[2026-04-19T12:04:28.763Z] [DOWNLOADED] 32.webp | https://e-hentai.org/s/d17184cf96/3853612-32
[2026-04-19T12:04:28.763Z] [+] #32 | 32.webp
[2026-04-19T12:04:31.281Z] [DOWNLOADED] 33.webp | https://e-hentai.org/s/d7060d10fd/3853612-33
[2026-04-19T12:04:31.282Z] [+] #33 | 33.webp
[2026-04-19T12:04:33.668Z] [DOWNLOADED] 34.webp | https://e-hentai.org/s/19507d7282/3853612-34
[2026-04-19T12:04:33.669Z] [+] #34 | 34.webp
[2026-04-19T12:04:35.764Z] [DOWNLOADED] 35.webp | https://e-hentai.org/s/672196674e/3853612-35
[2026-04-19T12:04:35.765Z] [+] #35 | 35.webp
[2026-04-19T12:04:38.183Z] [DOWNLOADED] 36.webp | https://e-hentai.org/s/9d6e03228f/3853612-36
[2026-04-19T12:04:38.184Z] [+] #36 | 36.webp
[2026-04-19T12:04:40.245Z] [DOWNLOADED] 37.webp | https://e-hentai.org/s/1b0a1e593f/3853612-37
[2026-04-19T12:04:40.245Z] [+] #37 | 37.webp
[2026-04-19T12:04:42.610Z] [DOWNLOADED] 38.webp | https://e-hentai.org/s/642da2d42f/3853612-38
[2026-04-19T12:04:42.611Z] [+] #38 | 38.webp
[2026-04-19T12:04:44.854Z] [DOWNLOADED] 39.webp | https://e-hentai.org/s/d4a79ffa6a/3853612-39
[2026-04-19T12:04:44.854Z] [+] #39 | 39.webp
[2026-04-19T12:04:46.976Z] [DOWNLOADED] 40.webp | https://e-hentai.org/s/ba272c1c5e/3853612-40
[2026-04-19T12:04:46.977Z] [+] #40 | 40.webp
[2026-04-19T12:04:46.977Z] [VIEWER] Đã đến ảnh cuối cùng — dừng. Total: 40
[2026-04-19T12:04:47.078Z] ✅ Done! 40 ảnh đã tải và lưu vào folder "Sameko"
[2026-04-19T12:06:41.854Z] 
════════════════════════════════════════════════════════════
[2026-04-19T12:06:41.855Z]   E-Hentai Gallery Crawler
[2026-04-19T12:06:41.855Z]   Target: https://e-hentai.org/s/f9f8703279/3855116-1
[2026-04-19T12:06:41.856Z]   Photo folder: Sameko
[2026-04-19T12:06:41.856Z]   Output: Sameko.json
[2026-04-19T12:06:41.856Z]   Log:    log.log
[2026-04-19T12:06:41.856Z] ════════════════════════════════════════════════════════════
[2026-04-19T12:06:41.856Z] [NAV] Chuyển đến https://e-hentai.org/s/f9f8703279/3855116-1 ...
[2026-04-19T12:06:46.245Z] [VIEWER] Bắt đầu crawl từ ảnh đầu tiên...
[2026-04-19T12:06:48.218Z] [DOWNLOADED] 1.webp | https://e-hentai.org/s/f9f8703279/3855116-1
[2026-04-19T12:06:48.219Z] [+] #1 | 1.webp
[2026-04-19T12:06:50.499Z] [DOWNLOADED] 2.webp | https://e-hentai.org/s/cb2c1aa207/3855116-2
[2026-04-19T12:06:50.500Z] [+] #2 | 2.webp
[2026-04-19T12:06:52.757Z] [DOWNLOADED] 3.webp | https://e-hentai.org/s/e137d9ccfd/3855116-3
[2026-04-19T12:06:52.757Z] [+] #3 | 3.webp
[2026-04-19T12:06:54.982Z] [DOWNLOADED] 4.webp | https://e-hentai.org/s/2c7bec3424/3855116-4
[2026-04-19T12:06:54.983Z] [+] #4 | 4.webp
[2026-04-19T12:06:57.174Z] [DOWNLOADED] 5.webp | https://e-hentai.org/s/0849d92626/3855116-5
[2026-04-19T12:06:57.175Z] [+] #5 | 5.webp
[2026-04-19T12:06:59.412Z] [DOWNLOADED] 6.webp | https://e-hentai.org/s/5b8087e6e1/3855116-6
[2026-04-19T12:06:59.413Z] [+] #6 | 6.webp
[2026-04-19T12:07:01.617Z] [DOWNLOADED] 7.webp | https://e-hentai.org/s/ffa6e4ad21/3855116-7
[2026-04-19T12:07:01.618Z] [+] #7 | 7.webp
[2026-04-19T12:07:03.856Z] [DOWNLOADED] 8.webp | https://e-hentai.org/s/70e3bc0471/3855116-8
[2026-04-19T12:07:03.857Z] [+] #8 | 8.webp
[2026-04-19T12:07:06.133Z] [DOWNLOADED] 9.webp | https://e-hentai.org/s/b7e9426232/3855116-9
[2026-04-19T12:07:06.135Z] [+] #9 | 9.webp
[2026-04-19T12:07:08.363Z] [DOWNLOADED] 10.webp | https://e-hentai.org/s/2ecfbdabd5/3855116-10
[2026-04-19T12:07:08.364Z] [+] #10 | 10.webp
[2026-04-19T12:07:10.444Z] [DOWNLOADED] 11.webp | https://e-hentai.org/s/b1cd7f0327/3855116-11
[2026-04-19T12:07:10.445Z] [+] #11 | 11.webp
[2026-04-19T12:07:12.618Z] [DOWNLOADED] 12.webp | https://e-hentai.org/s/cdd91814ac/3855116-12
[2026-04-19T12:07:12.619Z] [+] #12 | 12.webp
[2026-04-19T12:07:14.694Z] [DOWNLOADED] 13.webp | https://e-hentai.org/s/f4698ff307/3855116-13
[2026-04-19T12:07:14.695Z] [+] #13 | 13.webp
[2026-04-19T12:07:16.955Z] [DOWNLOADED] 14.webp | https://e-hentai.org/s/45795ab6fa/3855116-14
[2026-04-19T12:07:16.956Z] [+] #14 | 14.webp
[2026-04-19T12:07:18.893Z] [DOWNLOADED] 15.webp | https://e-hentai.org/s/fb8bdc66da/3855116-15
[2026-04-19T12:07:18.894Z] [+] #15 | 15.webp
[2026-04-19T12:07:21.300Z] [DOWNLOADED] 16.webp | https://e-hentai.org/s/990949b4cf/3855116-16
[2026-04-19T12:07:21.301Z] [+] #16 | 16.webp
[2026-04-19T12:07:23.607Z] [DOWNLOADED] 17.webp | https://e-hentai.org/s/8aa852aa67/3855116-17
[2026-04-19T12:07:23.608Z] [+] #17 | 17.webp
[2026-04-19T12:07:25.812Z] [DOWNLOADED] 18.webp | https://e-hentai.org/s/52334d377c/3855116-18
[2026-04-19T12:07:25.813Z] [+] #18 | 18.webp
[2026-04-19T12:07:27.766Z] [DOWNLOADED] 19.webp | https://e-hentai.org/s/d926b9967d/3855116-19
[2026-04-19T12:07:27.767Z] [+] #19 | 19.webp
[2026-04-19T12:07:29.992Z] [DOWNLOADED] 20.webp | https://e-hentai.org/s/bd4145e565/3855116-20
[2026-04-19T12:07:29.993Z] [+] #20 | 20.webp
[2026-04-19T12:07:30.287Z] [VIEWER] Round 20 | Collected: 20
[2026-04-19T12:07:32.131Z] [DOWNLOADED] 21.webp | https://e-hentai.org/s/44a7c99b1c/3855116-21
[2026-04-19T12:07:32.131Z] [+] #21 | 21.webp
[2026-04-19T12:07:34.441Z] [DOWNLOADED] 22.webp | https://e-hentai.org/s/c40858a90b/3855116-22
[2026-04-19T12:07:34.443Z] [+] #22 | 22.webp
[2026-04-19T12:07:36.718Z] [DOWNLOADED] 23.webp | https://e-hentai.org/s/06f770f1a1/3855116-23
[2026-04-19T12:07:36.718Z] [+] #23 | 23.webp
[2026-04-19T12:07:39.374Z] [DOWNLOADED] 24.webp | https://e-hentai.org/s/5fcf3f1b1c/3855116-24
[2026-04-19T12:07:39.374Z] [+] #24 | 24.webp
[2026-04-19T12:07:42.015Z] [DOWNLOADED] 25.webp | https://e-hentai.org/s/c06387fa3e/3855116-25
[2026-04-19T12:07:42.016Z] [+] #25 | 25.webp
[2026-04-19T12:07:44.020Z] [DOWNLOADED] 26.webp | https://e-hentai.org/s/b34f46c7bc/3855116-26
[2026-04-19T12:07:44.020Z] [+] #26 | 26.webp
[2026-04-19T12:07:46.930Z] [DOWNLOADED] 27.webp | https://e-hentai.org/s/139ec2f325/3855116-27
[2026-04-19T12:07:46.932Z] [+] #27 | 27.webp
[2026-04-19T12:07:53.563Z] [DOWNLOADED] 28.webp | https://e-hentai.org/s/0cbec1bf60/3855116-28
[2026-04-19T12:07:53.564Z] [+] #28 | 28.webp
[2026-04-19T12:07:55.625Z] [DOWNLOADED] 29.webp | https://e-hentai.org/s/b57a720261/3855116-29
[2026-04-19T12:07:55.625Z] [+] #29 | 29.webp
[2026-04-19T12:07:58.091Z] [DOWNLOADED] 30.webp | https://e-hentai.org/s/209bb7a934/3855116-30
[2026-04-19T12:07:58.092Z] [+] #30 | 30.webp
[2026-04-19T12:08:00.144Z] [DOWNLOADED] 31.webp | https://e-hentai.org/s/482250f8a5/3855116-31
[2026-04-19T12:08:00.145Z] [+] #31 | 31.webp
[2026-04-19T12:08:02.303Z] [DOWNLOADED] 32.webp | https://e-hentai.org/s/4f50b035bb/3855116-32
[2026-04-19T12:08:02.304Z] [+] #32 | 32.webp
[2026-04-19T12:08:04.548Z] [DOWNLOADED] 33.webp | https://e-hentai.org/s/686906c141/3855116-33
[2026-04-19T12:08:04.548Z] [+] #33 | 33.webp
[2026-04-19T12:08:07.286Z] [DOWNLOADED] 34.webp | https://e-hentai.org/s/abd898ab6d/3855116-34
[2026-04-19T12:08:07.287Z] [+] #34 | 34.webp
[2026-04-19T12:08:09.532Z] [DOWNLOADED] 35.webp | https://e-hentai.org/s/1bfd0591e7/3855116-35
[2026-04-19T12:08:09.533Z] [+] #35 | 35.webp
[2026-04-19T12:08:11.767Z] [DOWNLOADED] 36.webp | https://e-hentai.org/s/eee06891f9/3855116-36
[2026-04-19T12:08:11.767Z] [+] #36 | 36.webp
[2026-04-19T12:08:13.737Z] [DOWNLOADED] 37.webp | https://e-hentai.org/s/dc88e20d1e/3855116-37
[2026-04-19T12:08:13.738Z] [+] #37 | 37.webp
[2026-04-19T12:08:16.574Z] [DOWNLOADED] 38.webp | https://e-hentai.org/s/159b9343f2/3855116-38
[2026-04-19T12:08:16.576Z] [+] #38 | 38.webp
[2026-04-19T12:08:18.537Z] [DOWNLOADED] 39.webp | https://e-hentai.org/s/fc64736d5a/3855116-39
[2026-04-19T12:08:18.538Z] [+] #39 | 39.webp
[2026-04-19T12:08:20.841Z] [DOWNLOADED] 40.webp | https://e-hentai.org/s/d893e2a358/3855116-40
[2026-04-19T12:08:20.841Z] [+] #40 | 40.webp
[2026-04-19T12:08:21.132Z] [VIEWER] Round 40 | Collected: 40
[2026-04-19T12:08:25.783Z] [DOWNLOADED] _41.webp | https://e-hentai.org/s/e1fc87c1ea/3855116-41
[2026-04-19T12:08:25.784Z] [+] #41 | _41.webp
[2026-04-19T12:08:28.023Z] [DOWNLOADED] _42.webp | https://e-hentai.org/s/dd8ab10803/3855116-42
[2026-04-19T12:08:28.024Z] [+] #42 | _42.webp
[2026-04-19T12:08:32.292Z] [DOWNLOADED] _43.webp | https://e-hentai.org/s/4e85b03fb7/3855116-43
[2026-04-19T12:08:32.293Z] [+] #43 | _43.webp
[2026-04-19T12:08:34.791Z] [DOWNLOADED] _44.webp | https://e-hentai.org/s/1a91d3a722/3855116-44
[2026-04-19T12:08:34.792Z] [+] #44 | _44.webp
[2026-04-19T12:08:37.310Z] [DOWNLOADED] _45.webp | https://e-hentai.org/s/d8248e5a5a/3855116-45
[2026-04-19T12:08:37.311Z] [+] #45 | _45.webp
[2026-04-19T12:08:40.012Z] [DOWNLOADED] _46.webp | https://e-hentai.org/s/ed47a90c96/3855116-46
[2026-04-19T12:08:40.013Z] [+] #46 | _46.webp
[2026-04-19T12:08:42.084Z] [DOWNLOADED] _47.webp | https://e-hentai.org/s/006c078270/3855116-47
[2026-04-19T12:08:42.085Z] [+] #47 | _47.webp
[2026-04-19T12:08:44.889Z] [DOWNLOADED] _48.webp | https://e-hentai.org/s/80b4eb491f/3855116-48
[2026-04-19T12:08:44.889Z] [+] #48 | _48.webp
[2026-04-19T12:08:47.564Z] [DOWNLOADED] _49.webp | https://e-hentai.org/s/1cccc1fb03/3855116-49
[2026-04-19T12:08:47.565Z] [+] #49 | _49.webp
[2026-04-19T12:08:49.937Z] [DOWNLOADED] _50.webp | https://e-hentai.org/s/f6f3bc9aa5/3855116-50
[2026-04-19T12:08:49.937Z] [+] #50 | _50.webp
[2026-04-19T12:08:52.076Z] [DOWNLOADED] _51.webp | https://e-hentai.org/s/e9dca74d88/3855116-51
[2026-04-19T12:08:52.078Z] [+] #51 | _51.webp
[2026-04-19T12:08:54.760Z] [DOWNLOADED] _52.webp | https://e-hentai.org/s/c321d1af0b/3855116-52
[2026-04-19T12:08:54.761Z] [+] #52 | _52.webp
[2026-04-19T12:08:57.184Z] [DOWNLOADED] _53.webp | https://e-hentai.org/s/04d1c27937/3855116-53
[2026-04-19T12:08:57.185Z] [+] #53 | _53.webp
[2026-04-19T12:08:59.657Z] [DOWNLOADED] _54.webp | https://e-hentai.org/s/16b260c842/3855116-54
[2026-04-19T12:08:59.658Z] [+] #54 | _54.webp
[2026-04-19T12:09:01.970Z] [DOWNLOADED] _55.webp | https://e-hentai.org/s/cd7c6fdd41/3855116-55
[2026-04-19T12:09:01.971Z] [+] #55 | _55.webp
[2026-04-19T12:09:04.222Z] [DOWNLOADED] _56.webp | https://e-hentai.org/s/20b1490826/3855116-56
[2026-04-19T12:09:04.222Z] [+] #56 | _56.webp
[2026-04-19T12:09:06.748Z] [DOWNLOADED] _57.webp | https://e-hentai.org/s/d625a364ec/3855116-57
[2026-04-19T12:09:06.749Z] [+] #57 | _57.webp
[2026-04-19T12:09:08.757Z] [DOWNLOADED] _58.webp | https://e-hentai.org/s/7ec2485359/3855116-58
[2026-04-19T12:09:08.758Z] [+] #58 | _58.webp
[2026-04-19T12:09:10.823Z] [DOWNLOADED] _59.webp | https://e-hentai.org/s/1bb9b8ae2c/3855116-59
[2026-04-19T12:09:10.824Z] [+] #59 | _59.webp
[2026-04-19T12:09:13.464Z] [DOWNLOADED] _60.webp | https://e-hentai.org/s/5837bea78d/3855116-60
[2026-04-19T12:09:13.464Z] [+] #60 | _60.webp
[2026-04-19T12:09:13.761Z] [VIEWER] Round 60 | Collected: 60
[2026-04-19T12:09:16.174Z] [DOWNLOADED] _61.webp | https://e-hentai.org/s/182ce10f23/3855116-61
[2026-04-19T12:09:16.174Z] [+] #61 | _61.webp
[2026-04-19T12:09:18.558Z] [DOWNLOADED] _62.webp | https://e-hentai.org/s/41247767e0/3855116-62
[2026-04-19T12:09:18.559Z] [+] #62 | _62.webp
[2026-04-19T12:09:18.559Z] [VIEWER] Đã đến ảnh cuối cùng — dừng. Total: 62
[2026-04-19T12:09:18.666Z] ✅ Done! 62 ảnh đã tải và lưu vào folder "Sameko"
[2026-04-19T12:09:41.530Z] 
════════════════════════════════════════════════════════════
[2026-04-19T12:09:41.531Z]   E-Hentai Gallery Crawler
[2026-04-19T12:09:41.532Z]   Target: https://e-hentai.org/s/6355c4a9cc/3869680-1
[2026-04-19T12:09:41.532Z]   Photo folder: Clove
[2026-04-19T12:09:41.532Z]   Output: Clove.json
[2026-04-19T12:09:41.532Z]   Log:    log.log
[2026-04-19T12:09:41.532Z] ════════════════════════════════════════════════════════════
[2026-04-19T12:09:41.532Z] [NAV] Chuyển đến https://e-hentai.org/s/6355c4a9cc/3869680-1 ...
[2026-04-19T12:09:45.942Z] [VIEWER] Bắt đầu crawl từ ảnh đầu tiên...
[2026-04-19T12:09:47.948Z] [DOWNLOADED] 1.webp | https://e-hentai.org/s/6355c4a9cc/3869680-1
[2026-04-19T12:09:47.949Z] [+] #1 | 1.webp
[2026-04-19T12:09:50.514Z] [DOWNLOADED] 2.webp | https://e-hentai.org/s/fcf580395a/3869680-2
[2026-04-19T12:09:50.515Z] [+] #2 | 2.webp
[2026-04-19T12:09:53.159Z] [DOWNLOADED] 3.webp | https://e-hentai.org/s/a50983d858/3869680-3
[2026-04-19T12:09:53.160Z] [+] #3 | 3.webp
[2026-04-19T12:09:57.414Z] [DOWNLOADED] 4.webp | https://e-hentai.org/s/03693febbd/3869680-4
[2026-04-19T12:09:57.415Z] [+] #4 | 4.webp
[2026-04-19T12:09:59.407Z] [DOWNLOADED] 5.webp | https://e-hentai.org/s/ca392aac0a/3869680-5
[2026-04-19T12:09:59.407Z] [+] #5 | 5.webp
[2026-04-19T12:10:01.680Z] [DOWNLOADED] 6.webp | https://e-hentai.org/s/d6b4633847/3869680-6
[2026-04-19T12:10:01.681Z] [+] #6 | 6.webp
[2026-04-19T12:10:03.664Z] [DOWNLOADED] 7.webp | https://e-hentai.org/s/ae2b0a167a/3869680-7
[2026-04-19T12:10:03.665Z] [+] #7 | 7.webp
[2026-04-19T12:10:06.543Z] [DOWNLOADED] 8.webp | https://e-hentai.org/s/402044e3df/3869680-8
[2026-04-19T12:10:06.544Z] [+] #8 | 8.webp
[2026-04-19T12:10:08.734Z] [DOWNLOADED] 9.webp | https://e-hentai.org/s/61463a75fd/3869680-9
[2026-04-19T12:10:08.735Z] [+] #9 | 9.webp
[2026-04-19T12:10:11.260Z] [DOWNLOADED] 10.webp | https://e-hentai.org/s/4127cccdb3/3869680-10
[2026-04-19T12:10:11.261Z] [+] #10 | 10.webp
[2026-04-19T12:10:13.669Z] [DOWNLOADED] 11.webp | https://e-hentai.org/s/72a544bb03/3869680-11
[2026-04-19T12:10:13.670Z] [+] #11 | 11.webp
[2026-04-19T12:10:16.179Z] [DOWNLOADED] 12.webp | https://e-hentai.org/s/44320cf12e/3869680-12
[2026-04-19T12:10:16.180Z] [+] #12 | 12.webp
[2026-04-19T12:10:18.304Z] [DOWNLOADED] 13.webp | https://e-hentai.org/s/c33dd42daa/3869680-13
[2026-04-19T12:10:18.305Z] [+] #13 | 13.webp
[2026-04-19T12:10:20.495Z] [DOWNLOADED] 14.webp | https://e-hentai.org/s/9026afcb00/3869680-14
[2026-04-19T12:10:20.496Z] [+] #14 | 14.webp
[2026-04-19T12:10:22.832Z] [DOWNLOADED] 15.webp | https://e-hentai.org/s/24d2bafe66/3869680-15
[2026-04-19T12:10:22.833Z] [+] #15 | 15.webp
[2026-04-19T12:10:25.357Z] [DOWNLOADED] 16.webp | https://e-hentai.org/s/7ed95de761/3869680-16
[2026-04-19T12:10:25.358Z] [+] #16 | 16.webp
[2026-04-19T12:10:27.868Z] [DOWNLOADED] 17.webp | https://e-hentai.org/s/6524c9303f/3869680-17
[2026-04-19T12:10:27.868Z] [+] #17 | 17.webp
[2026-04-19T12:10:30.233Z] [DOWNLOADED] 18.webp | https://e-hentai.org/s/6f502aff93/3869680-18
[2026-04-19T12:10:30.233Z] [+] #18 | 18.webp
[2026-04-19T12:10:33.181Z] [DOWNLOADED] 19.webp | https://e-hentai.org/s/0e98a8ffa9/3869680-19
[2026-04-19T12:10:33.181Z] [+] #19 | 19.webp
[2026-04-19T12:10:35.429Z] [DOWNLOADED] 20.webp | https://e-hentai.org/s/fadeced327/3869680-20
[2026-04-19T12:10:35.429Z] [+] #20 | 20.webp
[2026-04-19T12:10:35.723Z] [VIEWER] Round 20 | Collected: 20
[2026-04-19T12:10:37.647Z] [DOWNLOADED] 21.webp | https://e-hentai.org/s/51e0d7a337/3869680-21
[2026-04-19T12:10:37.648Z] [+] #21 | 21.webp
[2026-04-19T12:10:40.083Z] [DOWNLOADED] 22.webp | https://e-hentai.org/s/754c025208/3869680-22
[2026-04-19T12:10:40.084Z] [+] #22 | 22.webp
[2026-04-19T12:10:42.309Z] [DOWNLOADED] 23.webp | https://e-hentai.org/s/18c58ddf1f/3869680-23
[2026-04-19T12:10:42.309Z] [+] #23 | 23.webp
[2026-04-19T12:10:44.332Z] [DOWNLOADED] 24.webp | https://e-hentai.org/s/2668bd7799/3869680-24
[2026-04-19T12:10:44.334Z] [+] #24 | 24.webp
[2026-04-19T12:10:46.445Z] [DOWNLOADED] 25.webp | https://e-hentai.org/s/1c8ef03c97/3869680-25
[2026-04-19T12:10:46.446Z] [+] #25 | 25.webp
[2026-04-19T12:10:48.772Z] [DOWNLOADED] 26.webp | https://e-hentai.org/s/a4664f1386/3869680-26
[2026-04-19T12:10:48.773Z] [+] #26 | 26.webp
[2026-04-19T12:10:51.051Z] [DOWNLOADED] 27.webp | https://e-hentai.org/s/62e7d2d5c9/3869680-27
[2026-04-19T12:10:51.052Z] [+] #27 | 27.webp
[2026-04-19T12:10:53.385Z] [DOWNLOADED] 28.webp | https://e-hentai.org/s/c065946f6e/3869680-28
[2026-04-19T12:10:53.386Z] [+] #28 | 28.webp
[2026-04-19T12:10:55.854Z] [DOWNLOADED] 29.webp | https://e-hentai.org/s/8a2e87e679/3869680-29
[2026-04-19T12:10:55.854Z] [+] #29 | 29.webp
[2026-04-19T12:10:58.336Z] [DOWNLOADED] 30.webp | https://e-hentai.org/s/4803565fdd/3869680-30
[2026-04-19T12:10:58.336Z] [+] #30 | 30.webp
[2026-04-19T12:11:00.632Z] [DOWNLOADED] 31.webp | https://e-hentai.org/s/46c4c9111a/3869680-31
[2026-04-19T12:11:00.633Z] [+] #31 | 31.webp
[2026-04-19T12:11:03.034Z] [DOWNLOADED] 32.webp | https://e-hentai.org/s/f7139ed5f0/3869680-32
[2026-04-19T12:11:03.035Z] [+] #32 | 32.webp
[2026-04-19T12:11:05.684Z] [DOWNLOADED] 33.webp | https://e-hentai.org/s/8a9c147a48/3869680-33
[2026-04-19T12:11:05.685Z] [+] #33 | 33.webp
[2026-04-19T12:11:09.121Z] [DOWNLOADED] 34.webp | https://e-hentai.org/s/d921b3295c/3869680-34
[2026-04-19T12:11:09.122Z] [+] #34 | 34.webp
[2026-04-19T12:11:11.427Z] [DOWNLOADED] 35.webp | https://e-hentai.org/s/14f8c2a8d7/3869680-35
[2026-04-19T12:11:11.428Z] [+] #35 | 35.webp
[2026-04-19T12:11:11.428Z] [VIEWER] Đã đến ảnh cuối cùng — dừng. Total: 35
[2026-04-19T12:11:11.533Z] ✅ Done! 35 ảnh đã tải và lưu vào folder "Clove"
[2026-04-19T12:19:19.722Z] 
════════════════════════════════════════════════════════════
[2026-04-19T12:19:19.723Z]   E-Hentai Gallery Crawler
[2026-04-19T12:19:19.723Z]   Target: https://e-hentai.org/s/7cafd88105/3845169-1
[2026-04-19T12:19:19.723Z]   Photo folder: Reze
[2026-04-19T12:19:19.723Z]   Output: Reze.json
[2026-04-19T12:19:19.723Z]   Log:    log.log
[2026-04-19T12:19:19.723Z] ════════════════════════════════════════════════════════════
[2026-04-19T12:19:19.724Z] [NAV] Chuyển đến https://e-hentai.org/s/7cafd88105/3845169-1 ...
[2026-04-19T12:19:24.096Z] [VIEWER] Bắt đầu crawl từ ảnh đầu tiên...
[2026-04-19T12:19:26.143Z] [DOWNLOADED] 1.webp | https://e-hentai.org/s/7cafd88105/3845169-1
[2026-04-19T12:19:26.146Z] [+] #1 | 1.webp
[2026-04-19T12:19:29.111Z] [DOWNLOADED] 2.webp | https://e-hentai.org/s/21afc44650/3845169-2
[2026-04-19T12:19:29.111Z] [+] #2 | 2.webp
[2026-04-19T12:19:31.502Z] [DOWNLOADED] 3.webp | https://e-hentai.org/s/547edf41c2/3845169-3
[2026-04-19T12:19:31.503Z] [+] #3 | 3.webp
[2026-04-19T12:19:33.881Z] [DOWNLOADED] 4.webp | https://e-hentai.org/s/39a49ecd4f/3845169-4
[2026-04-19T12:19:33.882Z] [+] #4 | 4.webp
[2026-04-19T12:19:36.542Z] [DOWNLOADED] 5.webp | https://e-hentai.org/s/60690991d2/3845169-5
[2026-04-19T12:19:36.543Z] [+] #5 | 5.webp
[2026-04-19T12:19:38.781Z] [DOWNLOADED] 6.webp | https://e-hentai.org/s/826a89cf56/3845169-6
[2026-04-19T12:19:38.781Z] [+] #6 | 6.webp
[2026-04-19T12:19:40.761Z] [DOWNLOADED] 7.webp | https://e-hentai.org/s/0f9937c802/3845169-7
[2026-04-19T12:19:40.761Z] [+] #7 | 7.webp
[2026-04-19T12:19:43.254Z] [DOWNLOADED] 8.webp | https://e-hentai.org/s/7f62e3878f/3845169-8
[2026-04-19T12:19:43.255Z] [+] #8 | 8.webp
[2026-04-19T12:19:45.476Z] [DOWNLOADED] 9.webp | https://e-hentai.org/s/0bb9d07eb1/3845169-9
[2026-04-19T12:19:45.477Z] [+] #9 | 9.webp
[2026-04-19T12:19:47.881Z] [DOWNLOADED] 10.webp | https://e-hentai.org/s/ed3c9bd13b/3845169-10
[2026-04-19T12:19:47.882Z] [+] #10 | 10.webp
[2026-04-19T12:19:50.225Z] [DOWNLOADED] 11.webp | https://e-hentai.org/s/6c8d55fb30/3845169-11
[2026-04-19T12:19:50.226Z] [+] #11 | 11.webp
[2026-04-19T12:19:52.391Z] [DOWNLOADED] 12.webp | https://e-hentai.org/s/52d07281fe/3845169-12
[2026-04-19T12:19:52.392Z] [+] #12 | 12.webp
[2026-04-19T12:19:56.475Z] [DOWNLOADED] 13.webp | https://e-hentai.org/s/d1dd4579ce/3845169-13
[2026-04-19T12:19:56.475Z] [+] #13 | 13.webp
[2026-04-19T12:19:58.969Z] [DOWNLOADED] 14.webp | https://e-hentai.org/s/bd7cd4c719/3845169-14
[2026-04-19T12:19:58.969Z] [+] #14 | 14.webp
[2026-04-19T12:20:01.470Z] [DOWNLOADED] 15.webp | https://e-hentai.org/s/c1fd95efa4/3845169-15
[2026-04-19T12:20:01.471Z] [+] #15 | 15.webp
[2026-04-19T12:20:04.025Z] [DOWNLOADED] 16.webp | https://e-hentai.org/s/2a0a1e48b5/3845169-16
[2026-04-19T12:20:04.025Z] [+] #16 | 16.webp
[2026-04-19T12:20:06.047Z] [DOWNLOADED] 17.webp | https://e-hentai.org/s/b5153ac346/3845169-17
[2026-04-19T12:20:06.047Z] [+] #17 | 17.webp
[2026-04-19T12:20:08.609Z] [DOWNLOADED] 18.webp | https://e-hentai.org/s/3bad05bc1b/3845169-18
[2026-04-19T12:20:08.610Z] [+] #18 | 18.webp
[2026-04-19T12:20:10.899Z] [DOWNLOADED] 19.webp | https://e-hentai.org/s/a46e87bdf8/3845169-19
[2026-04-19T12:20:10.900Z] [+] #19 | 19.webp
[2026-04-19T12:20:13.205Z] [DOWNLOADED] 20.webp | https://e-hentai.org/s/13e4b75707/3845169-20
[2026-04-19T12:20:13.206Z] [+] #20 | 20.webp
[2026-04-19T12:20:13.497Z] [VIEWER] Round 20 | Collected: 20
[2026-04-19T12:20:15.154Z] [DOWNLOADED] 21.webp | https://e-hentai.org/s/795ac9b7bc/3845169-21
[2026-04-19T12:20:15.155Z] [+] #21 | 21.webp
[2026-04-19T12:20:17.643Z] [DOWNLOADED] 22.webp | https://e-hentai.org/s/6e023ee7e0/3845169-22
[2026-04-19T12:20:17.644Z] [+] #22 | 22.webp
[2026-04-19T12:20:23.710Z] [DOWNLOADED] 23.webp | https://e-hentai.org/s/12dadf6ad4/3845169-23
[2026-04-19T12:20:23.711Z] [+] #23 | 23.webp
[2026-04-19T12:20:26.033Z] [DOWNLOADED] 24.webp | https://e-hentai.org/s/c25b172fba/3845169-24
[2026-04-19T12:20:26.034Z] [+] #24 | 24.webp
[2026-04-19T12:20:28.307Z] [DOWNLOADED] 25.webp | https://e-hentai.org/s/f440ce981a/3845169-25
[2026-04-19T12:20:28.308Z] [+] #25 | 25.webp
[2026-04-19T12:20:30.258Z] [DOWNLOADED] 26.webp | https://e-hentai.org/s/e4c4a22595/3845169-26
[2026-04-19T12:20:30.258Z] [+] #26 | 26.webp
[2026-04-19T12:20:32.441Z] [DOWNLOADED] 27.webp | https://e-hentai.org/s/3778441f74/3845169-27
[2026-04-19T12:20:32.442Z] [+] #27 | 27.webp
[2026-04-19T12:20:34.719Z] [DOWNLOADED] 28.webp | https://e-hentai.org/s/86f1d208d1/3845169-28
[2026-04-19T12:20:34.719Z] [+] #28 | 28.webp
[2026-04-19T12:20:36.734Z] [DOWNLOADED] 29.webp | https://e-hentai.org/s/066d4dcc3e/3845169-29
[2026-04-19T12:20:36.736Z] [+] #29 | 29.webp
[2026-04-19T12:20:38.703Z] [DOWNLOADED] 30.webp | https://e-hentai.org/s/c73d767798/3845169-30
[2026-04-19T12:20:38.704Z] [+] #30 | 30.webp
[2026-04-19T12:20:40.914Z] [DOWNLOADED] 31.webp | https://e-hentai.org/s/dc8211ccbe/3845169-31
[2026-04-19T12:20:40.915Z] [+] #31 | 31.webp
[2026-04-19T12:20:42.932Z] [DOWNLOADED] 32.webp | https://e-hentai.org/s/dfa4bfcee4/3845169-32
[2026-04-19T12:20:42.933Z] [+] #32 | 32.webp
[2026-04-19T12:20:45.288Z] [DOWNLOADED] 33.webp | https://e-hentai.org/s/94213c9f0d/3845169-33
[2026-04-19T12:20:45.289Z] [+] #33 | 33.webp
[2026-04-19T12:20:47.595Z] [DOWNLOADED] 34.webp | https://e-hentai.org/s/abfce17dcb/3845169-34
[2026-04-19T12:20:47.596Z] [+] #34 | 34.webp
[2026-04-19T12:20:49.896Z] [DOWNLOADED] 35.webp | https://e-hentai.org/s/b39abe9973/3845169-35
[2026-04-19T12:20:49.897Z] [+] #35 | 35.webp
[2026-04-19T12:20:52.261Z] [DOWNLOADED] 36.webp | https://e-hentai.org/s/242a9974ee/3845169-36
[2026-04-19T12:20:52.262Z] [+] #36 | 36.webp
[2026-04-19T12:20:54.550Z] [DOWNLOADED] 37.webp | https://e-hentai.org/s/372175c7c6/3845169-37
[2026-04-19T12:20:54.551Z] [+] #37 | 37.webp
[2026-04-19T12:20:57.589Z] [DOWNLOADED] 38.webp | https://e-hentai.org/s/93b8f42192/3845169-38
[2026-04-19T12:20:57.589Z] [+] #38 | 38.webp
[2026-04-19T12:20:59.922Z] [DOWNLOADED] 39.webp | https://e-hentai.org/s/9ffad439e6/3845169-39
[2026-04-19T12:20:59.923Z] [+] #39 | 39.webp
[2026-04-19T12:21:02.297Z] [DOWNLOADED] 40.webp | https://e-hentai.org/s/eca919475e/3845169-40
[2026-04-19T12:21:02.298Z] [+] #40 | 40.webp
[2026-04-19T12:21:02.595Z] [VIEWER] Round 40 | Collected: 40
[2026-04-19T12:21:04.469Z] [DOWNLOADED] 41.webp | https://e-hentai.org/s/9a31fa89a6/3845169-41
[2026-04-19T12:21:04.470Z] [+] #41 | 41.webp
[2026-04-19T12:21:06.921Z] [DOWNLOADED] 42.webp | https://e-hentai.org/s/0cd61f71f3/3845169-42
[2026-04-19T12:21:06.922Z] [+] #42 | 42.webp
[2026-04-19T12:21:09.127Z] [DOWNLOADED] 43.webp | https://e-hentai.org/s/ba5a53ecb8/3845169-43
[2026-04-19T12:21:09.128Z] [+] #43 | 43.webp
[2026-04-19T12:21:11.681Z] [DOWNLOADED] 44.webp | https://e-hentai.org/s/371b1f5701/3845169-44
[2026-04-19T12:21:11.682Z] [+] #44 | 44.webp
[2026-04-19T12:21:14.137Z] [DOWNLOADED] 45.webp | https://e-hentai.org/s/515e6e2fd6/3845169-45
[2026-04-19T12:21:14.137Z] [+] #45 | 45.webp
[2026-04-19T12:21:16.086Z] [DOWNLOADED] 46.webp | https://e-hentai.org/s/cdaa03512d/3845169-46
[2026-04-19T12:21:16.086Z] [+] #46 | 46.webp
[2026-04-19T12:21:18.347Z] [DOWNLOADED] 47.webp | https://e-hentai.org/s/74e6bdea62/3845169-47
[2026-04-19T12:21:18.348Z] [+] #47 | 47.webp
[2026-04-19T12:21:20.289Z] [DOWNLOADED] 48.webp | https://e-hentai.org/s/6679159de0/3845169-48
[2026-04-19T12:21:20.290Z] [+] #48 | 48.webp
[2026-04-19T12:21:22.459Z] [DOWNLOADED] 49.webp | https://e-hentai.org/s/c347dbbb21/3845169-49
[2026-04-19T12:21:22.460Z] [+] #49 | 49.webp
[2026-04-19T12:21:22.460Z] [VIEWER] Đã đến ảnh cuối cùng — dừng. Total: 49
[2026-04-19T12:21:22.560Z] ✅ Done! 49 ảnh đã tải và lưu vào folder "Reze"
[2026-04-19T12:24:03.066Z] 
════════════════════════════════════════════════════════════
[2026-04-19T12:24:03.067Z]   E-Hentai Gallery Crawler
[2026-04-19T12:24:03.067Z]   Target: https://e-hentai.org/s/2439329fd7/3841968-1
[2026-04-19T12:24:03.067Z]   Photo folder: Evernight
[2026-04-19T12:24:03.067Z]   Output: Evernight.json
[2026-04-19T12:24:03.068Z]   Log:    log.log
[2026-04-19T12:24:03.068Z] ════════════════════════════════════════════════════════════
[2026-04-19T12:24:03.068Z] [NAV] Chuyển đến https://e-hentai.org/s/2439329fd7/3841968-1 ...
[2026-04-19T12:24:07.461Z] [VIEWER] Bắt đầu crawl từ ảnh đầu tiên...
[2026-04-19T12:24:09.482Z] [DOWNLOADED] edit_1.webp | https://e-hentai.org/s/2439329fd7/3841968-1
[2026-04-19T12:24:09.483Z] [+] #1 | edit_1.webp
[2026-04-19T12:24:11.924Z] [DOWNLOADED] edit_2.webp | https://e-hentai.org/s/bf32040bad/3841968-2
[2026-04-19T12:24:11.925Z] [+] #2 | edit_2.webp
[2026-04-19T12:24:14.358Z] [DOWNLOADED] edit_3.webp | https://e-hentai.org/s/19f9d6fcbc/3841968-3
[2026-04-19T12:24:14.359Z] [+] #3 | edit_3.webp
[2026-04-19T12:24:16.736Z] [DOWNLOADED] edit_4.webp | https://e-hentai.org/s/9f976f6f5a/3841968-4
[2026-04-19T12:24:16.736Z] [+] #4 | edit_4.webp
[2026-04-19T12:24:19.144Z] [DOWNLOADED] edit_5.webp | https://e-hentai.org/s/8b3fafcf03/3841968-5
[2026-04-19T12:24:19.145Z] [+] #5 | edit_5.webp
[2026-04-19T12:24:21.287Z] [DOWNLOADED] edit_6.webp | https://e-hentai.org/s/d2a2dbb74c/3841968-6
[2026-04-19T12:24:21.288Z] [+] #6 | edit_6.webp
[2026-04-19T12:24:23.787Z] [DOWNLOADED] edit_7.webp | https://e-hentai.org/s/f9ddd55a72/3841968-7
[2026-04-19T12:24:23.788Z] [+] #7 | edit_7.webp
[2026-04-19T12:24:26.088Z] [DOWNLOADED] edit_8.webp | https://e-hentai.org/s/9ba580a8d0/3841968-8
[2026-04-19T12:24:26.089Z] [+] #8 | edit_8.webp
[2026-04-19T12:24:28.422Z] [DOWNLOADED] edit_9.webp | https://e-hentai.org/s/4245d7b4d4/3841968-9
[2026-04-19T12:24:28.423Z] [+] #9 | edit_9.webp
[2026-04-19T12:24:30.450Z] [DOWNLOADED] edit_10.webp | https://e-hentai.org/s/56d3baca1b/3841968-10
[2026-04-19T12:24:30.451Z] [+] #10 | edit_10.webp
[2026-04-19T12:24:32.708Z] [DOWNLOADED] edit_11.webp | https://e-hentai.org/s/3970cd2094/3841968-11
[2026-04-19T12:24:32.709Z] [+] #11 | edit_11.webp
[2026-04-19T12:24:34.997Z] [DOWNLOADED] edit_12.webp | https://e-hentai.org/s/b5f25b33f6/3841968-12
[2026-04-19T12:24:34.998Z] [+] #12 | edit_12.webp
[2026-04-19T12:24:37.082Z] [DOWNLOADED] edit_13.webp | https://e-hentai.org/s/0a3d8507b4/3841968-13
[2026-04-19T12:24:37.083Z] [+] #13 | edit_13.webp
[2026-04-19T12:24:39.404Z] [DOWNLOADED] edit_14.webp | https://e-hentai.org/s/6fd76bacf9/3841968-14
[2026-04-19T12:24:39.405Z] [+] #14 | edit_14.webp
[2026-04-19T12:24:41.704Z] [DOWNLOADED] edit_15.webp | https://e-hentai.org/s/40518ce411/3841968-15
[2026-04-19T12:24:41.705Z] [+] #15 | edit_15.webp
[2026-04-19T12:24:43.876Z] [DOWNLOADED] edit_16.webp | https://e-hentai.org/s/a6b001c392/3841968-16
[2026-04-19T12:24:43.876Z] [+] #16 | edit_16.webp
[2026-04-19T12:24:45.905Z] [DOWNLOADED] edit_17.webp | https://e-hentai.org/s/9b5dd61528/3841968-17
[2026-04-19T12:24:45.905Z] [+] #17 | edit_17.webp
[2026-04-19T12:24:48.176Z] [DOWNLOADED] edit_18.webp | https://e-hentai.org/s/a20e5c3300/3841968-18
[2026-04-19T12:24:48.176Z] [+] #18 | edit_18.webp
[2026-04-19T12:24:50.549Z] [DOWNLOADED] edit_19.webp | https://e-hentai.org/s/ab70857bd8/3841968-19
[2026-04-19T12:24:50.549Z] [+] #19 | edit_19.webp
[2026-04-19T12:24:53.024Z] [DOWNLOADED] edit_20.webp | https://e-hentai.org/s/a08dad4b3f/3841968-20
[2026-04-19T12:24:53.025Z] [+] #20 | edit_20.webp
[2026-04-19T12:24:53.321Z] [VIEWER] Round 20 | Collected: 20
[2026-04-19T12:24:55.597Z] [DOWNLOADED] edit_21.webp | https://e-hentai.org/s/1163b344e5/3841968-21
[2026-04-19T12:24:55.598Z] [+] #21 | edit_21.webp
[2026-04-19T12:24:57.865Z] [DOWNLOADED] edit_22.webp | https://e-hentai.org/s/477d87a1bd/3841968-22
[2026-04-19T12:24:57.866Z] [+] #22 | edit_22.webp
[2026-04-19T12:25:00.408Z] [DOWNLOADED] edit_23.webp | https://e-hentai.org/s/cbe17f86b5/3841968-23
[2026-04-19T12:25:00.409Z] [+] #23 | edit_23.webp
[2026-04-19T12:25:02.607Z] [DOWNLOADED] edit_24.webp | https://e-hentai.org/s/30933b30dc/3841968-24
[2026-04-19T12:25:02.607Z] [+] #24 | edit_24.webp
[2026-04-19T12:25:04.967Z] [DOWNLOADED] edit_25.webp | https://e-hentai.org/s/2141792fc9/3841968-25
[2026-04-19T12:25:04.968Z] [+] #25 | edit_25.webp
[2026-04-19T12:25:07.182Z] [DOWNLOADED] edit_26.webp | https://e-hentai.org/s/fa27f6ee1d/3841968-26
[2026-04-19T12:25:07.182Z] [+] #26 | edit_26.webp
[2026-04-19T12:25:09.837Z] [DOWNLOADED] edit_27.webp | https://e-hentai.org/s/0f2be5ad34/3841968-27
[2026-04-19T12:25:09.838Z] [+] #27 | edit_27.webp
[2026-04-19T12:25:12.180Z] [DOWNLOADED] edit_28.webp | https://e-hentai.org/s/37226dc34d/3841968-28
[2026-04-19T12:25:12.181Z] [+] #28 | edit_28.webp
[2026-04-19T12:25:14.849Z] [DOWNLOADED] edit_29.webp | https://e-hentai.org/s/dc6c120fe8/3841968-29
[2026-04-19T12:25:14.849Z] [+] #29 | edit_29.webp
[2026-04-19T12:25:17.139Z] [DOWNLOADED] edit_30.webp | https://e-hentai.org/s/8d956d4467/3841968-30
[2026-04-19T12:25:17.140Z] [+] #30 | edit_30.webp
[2026-04-19T12:25:19.360Z] [DOWNLOADED] edit_31.webp | https://e-hentai.org/s/9745286d99/3841968-31
[2026-04-19T12:25:19.361Z] [+] #31 | edit_31.webp
[2026-04-19T12:25:21.565Z] [DOWNLOADED] edit_32.webp | https://e-hentai.org/s/9c57cbe056/3841968-32
[2026-04-19T12:25:21.567Z] [+] #32 | edit_32.webp
[2026-04-19T12:25:23.587Z] [DOWNLOADED] edit_33.webp | https://e-hentai.org/s/1303a2ecca/3841968-33
[2026-04-19T12:25:23.588Z] [+] #33 | edit_33.webp
[2026-04-19T12:25:26.241Z] [DOWNLOADED] edit_34.webp | https://e-hentai.org/s/0989ee6a02/3841968-34
[2026-04-19T12:25:26.242Z] [+] #34 | edit_34.webp
[2026-04-19T12:25:28.557Z] [DOWNLOADED] edit_35.webp | https://e-hentai.org/s/05489c1796/3841968-35
[2026-04-19T12:25:28.558Z] [+] #35 | edit_35.webp
[2026-04-19T12:25:30.753Z] [DOWNLOADED] edit_36.webp | https://e-hentai.org/s/42610681a2/3841968-36
[2026-04-19T12:25:30.754Z] [+] #36 | edit_36.webp
[2026-04-19T12:25:33.511Z] [DOWNLOADED] edit_37.webp | https://e-hentai.org/s/02f869ffa5/3841968-37
[2026-04-19T12:25:33.511Z] [+] #37 | edit_37.webp
[2026-04-19T12:25:35.755Z] [DOWNLOADED] edit_38.webp | https://e-hentai.org/s/a7f70b458d/3841968-38
[2026-04-19T12:25:35.756Z] [+] #38 | edit_38.webp
[2026-04-19T12:25:38.044Z] [DOWNLOADED] edit_39.webp | https://e-hentai.org/s/f20ad090e2/3841968-39
[2026-04-19T12:25:38.045Z] [+] #39 | edit_39.webp
[2026-04-19T12:25:40.025Z] [DOWNLOADED] edit_40.webp | https://e-hentai.org/s/c58226f29c/3841968-40
[2026-04-19T12:25:40.026Z] [+] #40 | edit_40.webp
[2026-04-19T12:25:40.329Z] [VIEWER] Round 40 | Collected: 40
[2026-04-19T12:25:42.486Z] [DOWNLOADED] edit_41.webp | https://e-hentai.org/s/3ba8cdca83/3841968-41
[2026-04-19T12:25:42.486Z] [+] #41 | edit_41.webp
[2026-04-19T12:25:44.704Z] [DOWNLOADED] edit_42.webp | https://e-hentai.org/s/e0b7b795c4/3841968-42
[2026-04-19T12:25:44.705Z] [+] #42 | edit_42.webp
[2026-04-19T12:25:46.845Z] [DOWNLOADED] edit_43.webp | https://e-hentai.org/s/c4509dfc78/3841968-43
[2026-04-19T12:25:46.846Z] [+] #43 | edit_43.webp
[2026-04-19T12:32:18.658Z] [RESUME] Loaded 43 existing records.
[2026-04-19T12:32:19.078Z] 
════════════════════════════════════════════════════════════
[2026-04-19T12:32:19.079Z]   E-Hentai Gallery Crawler
[2026-04-19T12:32:19.079Z]   Target: https://e-hentai.org/s/2439329fd7/3841968-1
[2026-04-19T12:32:19.079Z]   Photo folder: Evernight
[2026-04-19T12:32:19.079Z]   Output: Evernight.json
[2026-04-19T12:32:19.079Z]   Log:    log.log
[2026-04-19T12:32:19.079Z] ════════════════════════════════════════════════════════════
[2026-04-19T12:32:19.079Z] [NAV] Chuyển đến https://e-hentai.org/s/2439329fd7/3841968-1 ...
[2026-04-19T12:32:23.469Z] [VIEWER] Bắt đầu crawl từ ảnh đầu tiên...
[2026-04-19T12:32:24.970Z] [SKIP-SEEN] round=1 url=https://e-hentai.org/s/2439329fd7/3841968-1
[2026-04-19T12:32:27.075Z] [SKIP-SEEN] round=2 url=https://e-hentai.org/s/bf32040bad/3841968-2
[2026-04-19T12:32:28.874Z] [SKIP-SEEN] round=3 url=https://e-hentai.org/s/19f9d6fcbc/3841968-3
[2026-04-19T12:32:30.667Z] [SKIP-SEEN] round=4 url=https://e-hentai.org/s/9f976f6f5a/3841968-4
[2026-04-19T12:32:32.468Z] [SKIP-SEEN] round=5 url=https://e-hentai.org/s/8b3fafcf03/3841968-5
[2026-04-19T12:32:34.238Z] [SKIP-SEEN] round=6 url=https://e-hentai.org/s/d2a2dbb74c/3841968-6
[2026-04-19T12:32:36.038Z] [SKIP-SEEN] round=7 url=https://e-hentai.org/s/f9ddd55a72/3841968-7
[2026-04-19T12:32:37.832Z] [SKIP-SEEN] round=8 url=https://e-hentai.org/s/9ba580a8d0/3841968-8
[2026-04-19T12:32:39.630Z] [SKIP-SEEN] round=9 url=https://e-hentai.org/s/4245d7b4d4/3841968-9
[2026-04-19T12:32:41.416Z] [SKIP-SEEN] round=10 url=https://e-hentai.org/s/56d3baca1b/3841968-10
[2026-04-19T12:32:43.194Z] [SKIP-SEEN] round=11 url=https://e-hentai.org/s/3970cd2094/3841968-11
[2026-04-19T12:32:44.978Z] [SKIP-SEEN] round=12 url=https://e-hentai.org/s/b5f25b33f6/3841968-12
[2026-04-19T12:32:46.760Z] [SKIP-SEEN] round=13 url=https://e-hentai.org/s/0a3d8507b4/3841968-13
[2026-04-19T12:32:48.571Z] [SKIP-SEEN] round=14 url=https://e-hentai.org/s/6fd76bacf9/3841968-14
[2026-04-19T12:32:50.363Z] [SKIP-SEEN] round=15 url=https://e-hentai.org/s/40518ce411/3841968-15
[2026-04-19T12:32:52.138Z] [SKIP-SEEN] round=16 url=https://e-hentai.org/s/a6b001c392/3841968-16
[2026-04-19T12:32:53.923Z] [SKIP-SEEN] round=17 url=https://e-hentai.org/s/9b5dd61528/3841968-17
[2026-04-19T12:32:55.719Z] [SKIP-SEEN] round=18 url=https://e-hentai.org/s/a20e5c3300/3841968-18
[2026-04-19T12:32:57.514Z] [SKIP-SEEN] round=19 url=https://e-hentai.org/s/ab70857bd8/3841968-19
[2026-04-19T12:32:59.318Z] [SKIP-SEEN] round=20 url=https://e-hentai.org/s/a08dad4b3f/3841968-20
[2026-04-19T12:32:59.619Z] [VIEWER] Round 20 | Collected: 43
[2026-04-19T12:33:01.121Z] [SKIP-SEEN] round=21 url=https://e-hentai.org/s/1163b344e5/3841968-21
[2026-04-19T12:33:02.915Z] [SKIP-SEEN] round=22 url=https://e-hentai.org/s/477d87a1bd/3841968-22
[2026-04-19T12:33:04.730Z] [SKIP-SEEN] round=23 url=https://e-hentai.org/s/cbe17f86b5/3841968-23
[2026-04-19T12:33:06.504Z] [SKIP-SEEN] round=24 url=https://e-hentai.org/s/30933b30dc/3841968-24
[2026-04-19T12:33:08.285Z] [SKIP-SEEN] round=25 url=https://e-hentai.org/s/2141792fc9/3841968-25
[2026-04-19T12:33:10.084Z] [SKIP-SEEN] round=26 url=https://e-hentai.org/s/fa27f6ee1d/3841968-26
[2026-04-19T12:33:11.878Z] [SKIP-SEEN] round=27 url=https://e-hentai.org/s/0f2be5ad34/3841968-27
[2026-04-19T12:33:13.658Z] [SKIP-SEEN] round=28 url=https://e-hentai.org/s/37226dc34d/3841968-28
[2026-04-19T12:33:15.474Z] [SKIP-SEEN] round=29 url=https://e-hentai.org/s/dc6c120fe8/3841968-29
[2026-04-19T12:33:17.282Z] [SKIP-SEEN] round=30 url=https://e-hentai.org/s/8d956d4467/3841968-30
[2026-04-19T12:33:19.088Z] [SKIP-SEEN] round=31 url=https://e-hentai.org/s/9745286d99/3841968-31
[2026-04-19T12:33:20.879Z] [SKIP-SEEN] round=32 url=https://e-hentai.org/s/9c57cbe056/3841968-32
[2026-04-19T12:33:22.684Z] [SKIP-SEEN] round=33 url=https://e-hentai.org/s/1303a2ecca/3841968-33
[2026-04-19T12:33:24.487Z] [SKIP-SEEN] round=34 url=https://e-hentai.org/s/0989ee6a02/3841968-34
[2026-04-19T12:33:26.284Z] [SKIP-SEEN] round=35 url=https://e-hentai.org/s/05489c1796/3841968-35
[2026-04-19T12:33:28.092Z] [SKIP-SEEN] round=36 url=https://e-hentai.org/s/42610681a2/3841968-36
[2026-04-19T12:33:28.575Z] [ERROR] viewerCrawl fatal: page.waitForTimeout: Target page, context or browser has been closed
[2026-04-19T12:41:09.752Z] 
════════════════════════════════════════════════════════════
[2026-04-19T12:41:09.753Z]   E-Hentai Gallery Crawler
[2026-04-19T12:41:09.754Z]   Target: https://e-hentai.org/s/2439329fd7/3841968-1
[2026-04-19T12:41:09.754Z]   Photo folder: Evernight
[2026-04-19T12:41:09.754Z]   Output: Evernight.json
[2026-04-19T12:41:09.754Z]   Log:    log.log
[2026-04-19T12:41:09.754Z] ════════════════════════════════════════════════════════════
[2026-04-19T12:41:09.754Z] [NAV] Chuyển đến https://e-hentai.org/s/2439329fd7/3841968-1 ...
[2026-04-19T12:41:14.173Z] [VIEWER] Bắt đầu crawl từ ảnh đầu tiên...
[2026-04-19T12:41:16.322Z] [DOWNLOADED] edit_1.webp | https://e-hentai.org/s/2439329fd7/3841968-1
[2026-04-19T12:41:16.323Z] [+] #1 | edit_1.webp
[2026-04-19T12:41:19.167Z] [DOWNLOADED] edit_2.webp | https://e-hentai.org/s/bf32040bad/3841968-2
[2026-04-19T12:41:19.168Z] [+] #2 | edit_2.webp
[2026-04-19T12:41:21.550Z] [DOWNLOADED] edit_3.webp | https://e-hentai.org/s/19f9d6fcbc/3841968-3
[2026-04-19T12:41:21.551Z] [+] #3 | edit_3.webp
[2026-04-19T12:41:23.877Z] [DOWNLOADED] edit_4.webp | https://e-hentai.org/s/9f976f6f5a/3841968-4
[2026-04-19T12:41:23.878Z] [+] #4 | edit_4.webp
[2026-04-19T12:41:26.295Z] [DOWNLOADED] edit_5.webp | https://e-hentai.org/s/8b3fafcf03/3841968-5
[2026-04-19T12:41:26.296Z] [+] #5 | edit_5.webp
[2026-04-19T12:41:28.424Z] [DOWNLOADED] edit_6.webp | https://e-hentai.org/s/d2a2dbb74c/3841968-6
[2026-04-19T12:41:28.425Z] [+] #6 | edit_6.webp
[2026-04-19T12:41:30.887Z] [DOWNLOADED] edit_7.webp | https://e-hentai.org/s/f9ddd55a72/3841968-7
[2026-04-19T12:41:30.888Z] [+] #7 | edit_7.webp
[2026-04-19T12:41:33.185Z] [DOWNLOADED] edit_8.webp | https://e-hentai.org/s/9ba580a8d0/3841968-8
[2026-04-19T12:41:33.186Z] [+] #8 | edit_8.webp
[2026-04-19T12:41:35.509Z] [DOWNLOADED] edit_9.webp | https://e-hentai.org/s/4245d7b4d4/3841968-9
[2026-04-19T12:41:35.510Z] [+] #9 | edit_9.webp
[2026-04-19T12:41:37.493Z] [DOWNLOADED] edit_10.webp | https://e-hentai.org/s/56d3baca1b/3841968-10
[2026-04-19T12:41:37.493Z] [+] #10 | edit_10.webp
[2026-04-19T12:41:39.856Z] [DOWNLOADED] edit_11.webp | https://e-hentai.org/s/3970cd2094/3841968-11
[2026-04-19T12:41:39.857Z] [+] #11 | edit_11.webp
[2026-04-19T12:41:42.182Z] [DOWNLOADED] edit_12.webp | https://e-hentai.org/s/b5f25b33f6/3841968-12
[2026-04-19T12:41:42.183Z] [+] #12 | edit_12.webp
[2026-04-19T12:41:44.193Z] [DOWNLOADED] edit_13.webp | https://e-hentai.org/s/0a3d8507b4/3841968-13
[2026-04-19T12:41:44.194Z] [+] #13 | edit_13.webp
[2026-04-19T12:41:46.569Z] [DOWNLOADED] edit_14.webp | https://e-hentai.org/s/6fd76bacf9/3841968-14
[2026-04-19T12:41:46.570Z] [+] #14 | edit_14.webp
[2026-04-19T12:41:48.876Z] [DOWNLOADED] edit_15.webp | https://e-hentai.org/s/40518ce411/3841968-15
[2026-04-19T12:41:48.876Z] [+] #15 | edit_15.webp
[2026-04-19T12:41:51.019Z] [DOWNLOADED] edit_16.webp | https://e-hentai.org/s/a6b001c392/3841968-16
[2026-04-19T12:41:51.020Z] [+] #16 | edit_16.webp
[2026-04-19T12:41:53.106Z] [DOWNLOADED] edit_17.webp | https://e-hentai.org/s/9b5dd61528/3841968-17
[2026-04-19T12:41:53.107Z] [+] #17 | edit_17.webp
[2026-04-19T12:41:55.383Z] [DOWNLOADED] edit_18.webp | https://e-hentai.org/s/a20e5c3300/3841968-18
[2026-04-19T12:41:55.384Z] [+] #18 | edit_18.webp
[2026-04-19T12:41:57.748Z] [DOWNLOADED] edit_19.webp | https://e-hentai.org/s/ab70857bd8/3841968-19
[2026-04-19T12:41:57.749Z] [+] #19 | edit_19.webp
[2026-04-19T12:42:00.229Z] [DOWNLOADED] edit_20.webp | https://e-hentai.org/s/a08dad4b3f/3841968-20
[2026-04-19T12:42:00.230Z] [+] #20 | edit_20.webp
[2026-04-19T12:42:00.515Z] [VIEWER] Round 20 | Collected: 20
[2026-04-19T12:42:02.805Z] [DOWNLOADED] edit_21.webp | https://e-hentai.org/s/1163b344e5/3841968-21
[2026-04-19T12:42:02.806Z] [+] #21 | edit_21.webp
[2026-04-19T12:42:05.038Z] [DOWNLOADED] edit_22.webp | https://e-hentai.org/s/477d87a1bd/3841968-22
[2026-04-19T12:42:05.039Z] [+] #22 | edit_22.webp
[2026-04-19T12:42:07.569Z] [DOWNLOADED] edit_23.webp | https://e-hentai.org/s/cbe17f86b5/3841968-23
[2026-04-19T12:42:07.570Z] [+] #23 | edit_23.webp
[2026-04-19T12:42:10.123Z] [DOWNLOADED] edit_24.webp | https://e-hentai.org/s/30933b30dc/3841968-24
[2026-04-19T12:42:10.124Z] [+] #24 | edit_24.webp
[2026-04-19T12:42:12.689Z] [DOWNLOADED] edit_25.webp | https://e-hentai.org/s/2141792fc9/3841968-25
[2026-04-19T12:42:12.690Z] [+] #25 | edit_25.webp
[2026-04-19T12:42:14.923Z] [DOWNLOADED] edit_26.webp | https://e-hentai.org/s/fa27f6ee1d/3841968-26
[2026-04-19T12:42:14.924Z] [+] #26 | edit_26.webp
[2026-04-19T12:42:17.590Z] [DOWNLOADED] edit_27.webp | https://e-hentai.org/s/0f2be5ad34/3841968-27
[2026-04-19T12:42:17.592Z] [+] #27 | edit_27.webp
[2026-04-19T12:42:19.971Z] [DOWNLOADED] edit_28.webp | https://e-hentai.org/s/37226dc34d/3841968-28
[2026-04-19T12:42:19.971Z] [+] #28 | edit_28.webp
[2026-04-19T12:42:22.605Z] [DOWNLOADED] edit_29.webp | https://e-hentai.org/s/dc6c120fe8/3841968-29
[2026-04-19T12:42:22.605Z] [+] #29 | edit_29.webp
[2026-04-19T12:42:24.868Z] [DOWNLOADED] edit_30.webp | https://e-hentai.org/s/8d956d4467/3841968-30
[2026-04-19T12:42:24.868Z] [+] #30 | edit_30.webp
[2026-04-19T12:42:27.051Z] [DOWNLOADED] edit_31.webp | https://e-hentai.org/s/9745286d99/3841968-31
[2026-04-19T12:42:27.052Z] [+] #31 | edit_31.webp
[2026-04-19T12:42:29.295Z] [DOWNLOADED] edit_32.webp | https://e-hentai.org/s/9c57cbe056/3841968-32
[2026-04-19T12:42:29.295Z] [+] #32 | edit_32.webp
[2026-04-19T12:42:31.226Z] [DOWNLOADED] edit_33.webp | https://e-hentai.org/s/1303a2ecca/3841968-33
[2026-04-19T12:42:31.227Z] [+] #33 | edit_33.webp
[2026-04-19T12:42:33.571Z] [DOWNLOADED] edit_34.webp | https://e-hentai.org/s/0989ee6a02/3841968-34
[2026-04-19T12:42:33.571Z] [+] #34 | edit_34.webp
[2026-04-19T12:42:35.824Z] [DOWNLOADED] edit_35.webp | https://e-hentai.org/s/05489c1796/3841968-35
[2026-04-19T12:42:35.824Z] [+] #35 | edit_35.webp
[2026-04-19T12:42:38.367Z] [DOWNLOADED] edit_36.webp | https://e-hentai.org/s/42610681a2/3841968-36
[2026-04-19T12:42:38.368Z] [+] #36 | edit_36.webp
[2026-04-19T12:42:41.176Z] [DOWNLOADED] edit_37.webp | https://e-hentai.org/s/02f869ffa5/3841968-37
[2026-04-19T12:42:41.176Z] [+] #37 | edit_37.webp
[2026-04-19T12:42:43.397Z] [DOWNLOADED] edit_38.webp | https://e-hentai.org/s/a7f70b458d/3841968-38
[2026-04-19T12:42:43.398Z] [+] #38 | edit_38.webp
[2026-04-19T12:42:45.675Z] [DOWNLOADED] edit_39.webp | https://e-hentai.org/s/f20ad090e2/3841968-39
[2026-04-19T12:42:45.675Z] [+] #39 | edit_39.webp
[2026-04-19T12:42:47.647Z] [DOWNLOADED] edit_40.webp | https://e-hentai.org/s/c58226f29c/3841968-40
[2026-04-19T12:42:47.648Z] [+] #40 | edit_40.webp
[2026-04-19T12:42:47.925Z] [VIEWER] Round 40 | Collected: 40
[2026-04-19T12:42:50.244Z] [DOWNLOADED] edit_41.webp | https://e-hentai.org/s/3ba8cdca83/3841968-41
[2026-04-19T12:42:50.244Z] [+] #41 | edit_41.webp
[2026-04-19T12:42:52.383Z] [DOWNLOADED] edit_42.webp | https://e-hentai.org/s/e0b7b795c4/3841968-42
[2026-04-19T12:42:52.384Z] [+] #42 | edit_42.webp
[2026-04-19T12:42:54.558Z] [DOWNLOADED] edit_43.webp | https://e-hentai.org/s/c4509dfc78/3841968-43
[2026-04-19T12:42:54.558Z] [+] #43 | edit_43.webp
[2026-04-19T12:42:56.570Z] [DOWNLOADED] edit_44.webp | https://e-hentai.org/s/002b7e5dd6/3841968-44
[2026-04-19T12:42:56.571Z] [+] #44 | edit_44.webp
[2026-04-19T12:42:58.934Z] [DOWNLOADED] edit_45.webp | https://e-hentai.org/s/dcb421a787/3841968-45
[2026-04-19T12:42:58.935Z] [+] #45 | edit_45.webp
[2026-04-19T12:43:01.082Z] [DOWNLOADED] edit_46.webp | https://e-hentai.org/s/e6240c1d37/3841968-46
[2026-04-19T12:43:01.082Z] [+] #46 | edit_46.webp
[2026-04-19T12:43:03.527Z] [DOWNLOADED] edit_47.webp | https://e-hentai.org/s/8f95b33180/3841968-47
[2026-04-19T12:43:03.528Z] [+] #47 | edit_47.webp
[2026-04-19T12:43:05.796Z] [DOWNLOADED] edit_48.webp | https://e-hentai.org/s/d02de46867/3841968-48
[2026-04-19T12:43:05.796Z] [+] #48 | edit_48.webp
[2026-04-19T12:43:08.603Z] [DOWNLOADED] edit_49.webp | https://e-hentai.org/s/a46fe6c4ba/3841968-49
[2026-04-19T12:43:08.604Z] [+] #49 | edit_49.webp
[2026-04-19T12:43:10.899Z] [DOWNLOADED] edit_50.webp | https://e-hentai.org/s/fc8ea34c40/3841968-50
[2026-04-19T12:43:10.900Z] [+] #50 | edit_50.webp
[2026-04-19T12:43:12.959Z] [DOWNLOADED] selfie_1.webp | https://e-hentai.org/s/b98f419b23/3841968-51
[2026-04-19T12:43:12.960Z] [+] #51 | selfie_1.webp
[2026-04-19T12:43:15.658Z] [DOWNLOADED] selfie_2.webp | https://e-hentai.org/s/1f324ecfec/3841968-52
[2026-04-19T12:43:15.659Z] [+] #52 | selfie_2.webp
[2026-04-19T12:43:18.376Z] [DOWNLOADED] selfie_3.webp | https://e-hentai.org/s/b9f79f9f54/3841968-53
[2026-04-19T12:43:18.377Z] [+] #53 | selfie_3.webp
[2026-04-19T12:43:21.486Z] [DOWNLOADED] selfie_4.webp | https://e-hentai.org/s/65fe656973/3841968-54
[2026-04-19T12:43:21.487Z] [+] #54 | selfie_4.webp
[2026-04-19T12:43:24.155Z] [DOWNLOADED] selfie_5.webp | https://e-hentai.org/s/3871bfaca1/3841968-55
[2026-04-19T12:43:24.156Z] [+] #55 | selfie_5.webp
[2026-04-19T12:43:28.165Z] [DOWNLOADED] selfie_6.webp | https://e-hentai.org/s/35a6e331bf/3841968-56
[2026-04-19T12:43:28.167Z] [+] #56 | selfie_6.webp
[2026-04-19T12:43:32.621Z] [DOWNLOADED] selfie_7.webp | https://e-hentai.org/s/c0dbea1e10/3841968-57
[2026-04-19T12:43:32.621Z] [+] #57 | selfie_7.webp
[2026-04-19T12:43:34.730Z] [DOWNLOADED] selfie_8.webp | https://e-hentai.org/s/cc0e04cb6b/3841968-58
[2026-04-19T12:43:34.730Z] [+] #58 | selfie_8.webp
[2026-04-19T12:43:37.121Z] [DOWNLOADED] selfie_9.webp | https://e-hentai.org/s/72457922fc/3841968-59
[2026-04-19T12:43:37.121Z] [+] #59 | selfie_9.webp
[2026-04-19T12:43:39.533Z] [DOWNLOADED] selfie_10.webp | https://e-hentai.org/s/bcfd5f42ca/3841968-60
[2026-04-19T12:43:39.534Z] [+] #60 | selfie_10.webp
[2026-04-19T12:43:39.804Z] [VIEWER] Round 60 | Collected: 60
[2026-04-19T12:43:42.089Z] [DOWNLOADED] selfie_11.webp | https://e-hentai.org/s/b2c045e3b3/3841968-61
[2026-04-19T12:43:42.090Z] [+] #61 | selfie_11.webp
[2026-04-19T12:43:46.117Z] [DOWNLOADED] selfie_12.webp | https://e-hentai.org/s/39d443e516/3841968-62
[2026-04-19T12:43:46.118Z] [+] #62 | selfie_12.webp
[2026-04-19T12:43:48.889Z] [DOWNLOADED] selfie_13.webp | https://e-hentai.org/s/6371fe22ec/3841968-63
[2026-04-19T12:43:48.890Z] [+] #63 | selfie_13.webp
[2026-04-19T12:43:51.921Z] [DOWNLOADED] selfie_14.webp | https://e-hentai.org/s/32b557c30d/3841968-64
[2026-04-19T12:43:51.922Z] [+] #64 | selfie_14.webp
[2026-04-19T12:43:54.499Z] [DOWNLOADED] selfie_15.webp | https://e-hentai.org/s/ea2299f89d/3841968-65
[2026-04-19T12:43:54.500Z] [+] #65 | selfie_15.webp
[2026-04-19T12:43:56.712Z] [DOWNLOADED] selfie_16.webp | https://e-hentai.org/s/ab8c8eea19/3841968-66
[2026-04-19T12:43:56.712Z] [+] #66 | selfie_16.webp
[2026-04-19T12:43:59.286Z] [DOWNLOADED] selfie_17.webp | https://e-hentai.org/s/f7734abc35/3841968-67
[2026-04-19T12:43:59.287Z] [+] #67 | selfie_17.webp
[2026-04-19T12:44:01.891Z] [DOWNLOADED] selfie_18.webp | https://e-hentai.org/s/789b883ebb/3841968-68
[2026-04-19T12:44:01.891Z] [+] #68 | selfie_18.webp
[2026-04-19T12:44:04.296Z] [DOWNLOADED] selfie_19.webp | https://e-hentai.org/s/a08b844241/3841968-69
[2026-04-19T12:44:04.297Z] [+] #69 | selfie_19.webp
[2026-04-19T12:44:07.234Z] [DOWNLOADED] selfie_20.webp | https://e-hentai.org/s/3b5f261075/3841968-70
[2026-04-19T12:44:07.235Z] [+] #70 | selfie_20.webp
[2026-04-19T12:44:19.085Z] [ERROR] downloadImage https://twphtcu.ccdgntzcamro.hath.network:7777/h/2932c130ec33dd7de9874cb85cccd6274419e051-499442-1280-2276-wbp/keystamp=1776603000-ef5447b9b1;fileindex=228910477;xres=1280/selfie_21.webp: socket hang up
[2026-04-19T12:44:21.394Z] [DOWNLOADED] selfie_22.webp | https://e-hentai.org/s/196638126b/3841968-72
[2026-04-19T12:44:21.394Z] [+] #71 | selfie_22.webp
[2026-04-19T12:44:24.290Z] [DOWNLOADED] selfie_23.webp | https://e-hentai.org/s/8e72981dc8/3841968-73
[2026-04-19T12:44:24.291Z] [+] #72 | selfie_23.webp
[2026-04-19T12:44:26.933Z] [DOWNLOADED] selfie_24.webp | https://e-hentai.org/s/06e0441ee2/3841968-74
[2026-04-19T12:44:26.933Z] [+] #73 | selfie_24.webp
[2026-04-19T12:44:28.932Z] [DOWNLOADED] selfie_25.webp | https://e-hentai.org/s/c3d0300b07/3841968-75
[2026-04-19T12:44:28.932Z] [+] #74 | selfie_25.webp
[2026-04-19T12:44:31.253Z] [DOWNLOADED] selfie_26.webp | https://e-hentai.org/s/9c56ee2178/3841968-76
[2026-04-19T12:44:31.254Z] [+] #75 | selfie_26.webp
[2026-04-19T12:44:31.254Z] [VIEWER] Đã đến ảnh cuối cùng — dừng. Total: 75
[2026-04-19T12:44:31.359Z] ✅ Done! 75 ảnh đã tải và lưu vào folder "Evernight"
[2026-04-19T12:44:31.359Z] ⚠️  1 lỗi trong Evernight-error.json
[2026-04-19T12:55:12.257Z] 
════════════════════════════════════════════════════════════
[2026-04-19T12:55:12.258Z]   E-Hentai Gallery Crawler
[2026-04-19T12:55:12.259Z]   Target: https://e-hentai.org/s/03fe3ce28f/3840048-1
[2026-04-19T12:55:12.259Z]   Photo folder: Noir
[2026-04-19T12:55:12.260Z]   Output: Noir.json
[2026-04-19T12:55:12.260Z]   Log:    log.log
[2026-04-19T12:55:12.260Z] ════════════════════════════════════════════════════════════
[2026-04-19T12:55:12.260Z] [NAV] Chuyển đến https://e-hentai.org/s/03fe3ce28f/3840048-1 ...
[2026-04-19T12:55:16.769Z] [VIEWER] Bắt đầu crawl từ ảnh đầu tiên...
[2026-04-19T12:55:19.317Z] [DOWNLOADED] edit_1.webp | https://e-hentai.org/s/03fe3ce28f/3840048-1
[2026-04-19T12:55:19.321Z] [+] #1 | edit_1.webp
[2026-04-19T12:55:22.317Z] [DOWNLOADED] edit_2.webp | https://e-hentai.org/s/d8cf79f93c/3840048-2
[2026-04-19T12:55:22.318Z] [+] #2 | edit_2.webp
[2026-04-19T12:55:24.430Z] [DOWNLOADED] edit_3.webp | https://e-hentai.org/s/5113a867f8/3840048-3
[2026-04-19T12:55:24.431Z] [+] #3 | edit_3.webp
[2026-04-19T12:55:27.201Z] [DOWNLOADED] edit_4.webp | https://e-hentai.org/s/6272d0b067/3840048-4
[2026-04-19T12:55:27.202Z] [+] #4 | edit_4.webp
[2026-04-19T12:55:30.136Z] [DOWNLOADED] edit_5.webp | https://e-hentai.org/s/2a3f5c7e78/3840048-5
[2026-04-19T12:55:30.137Z] [+] #5 | edit_5.webp
[2026-04-19T12:55:32.667Z] [DOWNLOADED] edit_6.webp | https://e-hentai.org/s/00f07ff1a5/3840048-6
[2026-04-19T12:55:32.667Z] [+] #6 | edit_6.webp
[2026-04-19T12:55:36.035Z] [DOWNLOADED] edit_7.webp | https://e-hentai.org/s/3fb845ba07/3840048-7
[2026-04-19T12:55:36.035Z] [+] #7 | edit_7.webp
[2026-04-19T12:55:38.493Z] [DOWNLOADED] edit_8.webp | https://e-hentai.org/s/c0178e63bb/3840048-8
[2026-04-19T12:55:38.494Z] [+] #8 | edit_8.webp
[2026-04-19T12:55:40.687Z] [DOWNLOADED] edit_9.webp | https://e-hentai.org/s/6189f131a2/3840048-9
[2026-04-19T12:55:40.688Z] [+] #9 | edit_9.webp
[2026-04-19T12:55:43.387Z] [DOWNLOADED] edit_10.webp | https://e-hentai.org/s/acaaa405ae/3840048-10
[2026-04-19T12:55:43.388Z] [+] #10 | edit_10.webp
[2026-04-19T12:55:46.421Z] [DOWNLOADED] edit_11.webp | https://e-hentai.org/s/4f8daae861/3840048-11
[2026-04-19T12:55:46.422Z] [+] #11 | edit_11.webp
[2026-04-19T12:55:48.879Z] [DOWNLOADED] edit_12.webp | https://e-hentai.org/s/968382a4fe/3840048-12
[2026-04-19T12:55:48.880Z] [+] #12 | edit_12.webp
[2026-04-19T12:55:51.167Z] [DOWNLOADED] edit_13.webp | https://e-hentai.org/s/157d8bc896/3840048-13
[2026-04-19T12:55:51.167Z] [+] #13 | edit_13.webp
[2026-04-19T12:55:53.653Z] [DOWNLOADED] edit_14.webp | https://e-hentai.org/s/35aa8a0f44/3840048-14
[2026-04-19T12:55:53.655Z] [+] #14 | edit_14.webp
[2026-04-19T12:55:56.042Z] [DOWNLOADED] edit_15.webp | https://e-hentai.org/s/25036aab51/3840048-15
[2026-04-19T12:55:56.043Z] [+] #15 | edit_15.webp
[2026-04-19T12:56:01.624Z] [DOWNLOADED] edit_16.webp | https://e-hentai.org/s/f40e69572d/3840048-16
[2026-04-19T12:56:01.625Z] [+] #16 | edit_16.webp
[2026-04-19T12:56:04.526Z] [DOWNLOADED] edit_17.webp | https://e-hentai.org/s/f146946f12/3840048-17
[2026-04-19T12:56:04.527Z] [+] #17 | edit_17.webp
[2026-04-19T12:56:07.542Z] [DOWNLOADED] edit_18.webp | https://e-hentai.org/s/be3d59c3fa/3840048-18
[2026-04-19T12:56:07.543Z] [+] #18 | edit_18.webp
[2026-04-19T12:56:10.447Z] [DOWNLOADED] edit_19.webp | https://e-hentai.org/s/8b43399eec/3840048-19
[2026-04-19T12:56:10.448Z] [+] #19 | edit_19.webp
[2026-04-19T12:56:13.848Z] [DOWNLOADED] edit_20.webp | https://e-hentai.org/s/723289af19/3840048-20
[2026-04-19T12:56:13.849Z] [+] #20 | edit_20.webp
[2026-04-19T12:56:14.125Z] [VIEWER] Round 20 | Collected: 20
[2026-04-19T12:56:16.191Z] [DOWNLOADED] edit_21.webp | https://e-hentai.org/s/795bba3d1d/3840048-21
[2026-04-19T12:56:16.191Z] [+] #21 | edit_21.webp
[2026-04-19T12:56:18.753Z] [DOWNLOADED] edit_22.webp | https://e-hentai.org/s/981281f9bf/3840048-22
[2026-04-19T12:56:18.754Z] [+] #22 | edit_22.webp
[2026-04-19T12:56:22.390Z] [DOWNLOADED] edit_23.webp | https://e-hentai.org/s/9eddf31b86/3840048-23
[2026-04-19T12:56:22.392Z] [+] #23 | edit_23.webp
[2026-04-19T12:56:25.034Z] [DOWNLOADED] edit_24.webp | https://e-hentai.org/s/e9ea3c68f5/3840048-24
[2026-04-19T12:56:25.035Z] [+] #24 | edit_24.webp
[2026-04-19T12:56:27.867Z] [DOWNLOADED] edit_25.webp | https://e-hentai.org/s/f034ffda83/3840048-25
[2026-04-19T12:56:27.868Z] [+] #25 | edit_25.webp
[2026-04-19T12:56:30.716Z] [DOWNLOADED] edit_26.webp | https://e-hentai.org/s/76a67ead5b/3840048-26
[2026-04-19T12:56:30.717Z] [+] #26 | edit_26.webp
[2026-04-19T12:56:33.279Z] [DOWNLOADED] edit_27.webp | https://e-hentai.org/s/bd1d396d6f/3840048-27
[2026-04-19T12:56:33.279Z] [+] #27 | edit_27.webp
[2026-04-19T12:56:35.994Z] [DOWNLOADED] edit_28.webp | https://e-hentai.org/s/fb76679abf/3840048-28
[2026-04-19T12:56:35.995Z] [+] #28 | edit_28.webp
[2026-04-19T12:56:38.826Z] [DOWNLOADED] edit_29.webp | https://e-hentai.org/s/52effbd33f/3840048-29
[2026-04-19T12:56:38.827Z] [+] #29 | edit_29.webp
[2026-04-19T12:56:41.341Z] [DOWNLOADED] edit_30.webp | https://e-hentai.org/s/2629d79d3c/3840048-30
[2026-04-19T12:56:41.342Z] [+] #30 | edit_30.webp
[2026-04-19T12:56:43.952Z] [DOWNLOADED] edit_31.webp | https://e-hentai.org/s/c44e71927d/3840048-31
[2026-04-19T12:56:43.953Z] [+] #31 | edit_31.webp
[2026-04-19T12:56:46.457Z] [DOWNLOADED] edit_32.webp | https://e-hentai.org/s/19e81a45cc/3840048-32
[2026-04-19T12:56:46.458Z] [+] #32 | edit_32.webp
[2026-04-19T12:56:48.910Z] [DOWNLOADED] edit_33.webp | https://e-hentai.org/s/554f58709a/3840048-33
[2026-04-19T12:56:48.911Z] [+] #33 | edit_33.webp
[2026-04-19T12:56:52.025Z] [DOWNLOADED] edit_34.webp | https://e-hentai.org/s/84f3e63b67/3840048-34
[2026-04-19T12:56:52.026Z] [+] #34 | edit_34.webp
[2026-04-19T12:56:54.659Z] [DOWNLOADED] edit_35.webp | https://e-hentai.org/s/2d3396df9a/3840048-35
[2026-04-19T12:56:54.659Z] [+] #35 | edit_35.webp
[2026-04-19T12:56:57.396Z] [DOWNLOADED] edit_36.webp | https://e-hentai.org/s/4419abb2de/3840048-36
[2026-04-19T12:56:57.397Z] [+] #36 | edit_36.webp
[2026-04-19T12:57:00.600Z] [DOWNLOADED] edit_37.webp | https://e-hentai.org/s/c7ba86495d/3840048-37
[2026-04-19T12:57:00.601Z] [+] #37 | edit_37.webp
[2026-04-19T12:57:03.170Z] [DOWNLOADED] edit_38.webp | https://e-hentai.org/s/c44034d083/3840048-38
[2026-04-19T12:57:03.171Z] [+] #38 | edit_38.webp
[2026-04-19T12:57:05.786Z] [DOWNLOADED] edit_39.webp | https://e-hentai.org/s/393e8c4398/3840048-39
[2026-04-19T12:57:05.786Z] [+] #39 | edit_39.webp
[2026-04-19T12:57:08.315Z] [DOWNLOADED] edit_40.webp | https://e-hentai.org/s/026ba311cc/3840048-40
[2026-04-19T12:57:08.316Z] [+] #40 | edit_40.webp
[2026-04-19T12:57:08.596Z] [VIEWER] Round 40 | Collected: 40
[2026-04-19T12:57:10.649Z] [DOWNLOADED] edit_41.webp | https://e-hentai.org/s/8c1bca0f54/3840048-41
[2026-04-19T12:57:10.650Z] [+] #41 | edit_41.webp
[2026-04-19T12:57:13.767Z] [DOWNLOADED] edit_42.webp | https://e-hentai.org/s/187768e89c/3840048-42
[2026-04-19T12:57:13.767Z] [+] #42 | edit_42.webp
[2026-04-19T12:57:15.959Z] [DOWNLOADED] edit_43.webp | https://e-hentai.org/s/ddfbb7a369/3840048-43
[2026-04-19T12:57:15.960Z] [+] #43 | edit_43.webp
[2026-04-19T12:57:18.535Z] [DOWNLOADED] edit_44.webp | https://e-hentai.org/s/0af5932d95/3840048-44
[2026-04-19T12:57:18.536Z] [+] #44 | edit_44.webp
[2026-04-19T12:57:21.266Z] [DOWNLOADED] edit_45.webp | https://e-hentai.org/s/68cd1346a1/3840048-45
[2026-04-19T12:57:21.267Z] [+] #45 | edit_45.webp
[2026-04-19T12:57:23.923Z] [DOWNLOADED] edit_46.webp | https://e-hentai.org/s/e4c4d62d45/3840048-46
[2026-04-19T12:57:23.924Z] [+] #46 | edit_46.webp
[2026-04-19T12:57:26.687Z] [DOWNLOADED] edit_47.webp | https://e-hentai.org/s/a0c3bc7864/3840048-47
[2026-04-19T12:57:26.687Z] [+] #47 | edit_47.webp
[2026-04-19T12:57:29.724Z] [DOWNLOADED] edit_48.webp | https://e-hentai.org/s/4a03658170/3840048-48
[2026-04-19T12:57:29.724Z] [+] #48 | edit_48.webp
[2026-04-19T12:57:31.868Z] [DOWNLOADED] edit_49.webp | https://e-hentai.org/s/af9e847d57/3840048-49
[2026-04-19T12:57:31.869Z] [+] #49 | edit_49.webp
[2026-04-19T12:57:34.020Z] [DOWNLOADED] edit_50.webp | https://e-hentai.org/s/236df30dda/3840048-50
[2026-04-19T12:57:34.021Z] [+] #50 | edit_50.webp
[2026-04-19T12:57:36.134Z] [DOWNLOADED] edit_51.webp | https://e-hentai.org/s/c18c51a1c1/3840048-51
[2026-04-19T12:57:36.136Z] [+] #51 | edit_51.webp
[2026-04-19T12:57:38.676Z] [DOWNLOADED] edit_52.webp | https://e-hentai.org/s/25d0ea1a19/3840048-52
[2026-04-19T12:57:38.677Z] [+] #52 | edit_52.webp
[2026-04-19T12:57:41.113Z] [DOWNLOADED] edit_53.webp | https://e-hentai.org/s/89dbac7b9c/3840048-53
[2026-04-19T12:57:41.113Z] [+] #53 | edit_53.webp
[2026-04-19T12:57:43.841Z] [DOWNLOADED] edit_54.webp | https://e-hentai.org/s/a91c099311/3840048-54
[2026-04-19T12:57:43.841Z] [+] #54 | edit_54.webp
[2026-04-19T12:57:46.355Z] [DOWNLOADED] edit_55.webp | https://e-hentai.org/s/c7d52e050e/3840048-55
[2026-04-19T12:57:46.356Z] [+] #55 | edit_55.webp
[2026-04-19T12:57:48.713Z] [DOWNLOADED] edit_56.webp | https://e-hentai.org/s/7f08943a6c/3840048-56
[2026-04-19T12:57:48.715Z] [+] #56 | edit_56.webp
[2026-04-19T12:57:51.075Z] [DOWNLOADED] edit_57.webp | https://e-hentai.org/s/9973b6c72e/3840048-57
[2026-04-19T12:57:51.076Z] [+] #57 | edit_57.webp
[2026-04-19T12:57:53.284Z] [DOWNLOADED] edit_58.webp | https://e-hentai.org/s/2417c4cda8/3840048-58
[2026-04-19T12:57:53.284Z] [+] #58 | edit_58.webp
[2026-04-19T12:57:56.173Z] [DOWNLOADED] edit_59.webp | https://e-hentai.org/s/67b9329572/3840048-59
[2026-04-19T12:57:56.173Z] [+] #59 | edit_59.webp
[2026-04-19T12:57:58.537Z] [DOWNLOADED] edit_60.webp | https://e-hentai.org/s/60418c3be4/3840048-60
[2026-04-19T12:57:58.538Z] [+] #60 | edit_60.webp
[2026-04-19T12:57:58.822Z] [VIEWER] Round 60 | Collected: 60
[2026-04-19T12:58:01.606Z] [DOWNLOADED] selfie_1.webp | https://e-hentai.org/s/1fe2584f13/3840048-61
[2026-04-19T12:58:01.606Z] [+] #61 | selfie_1.webp
[2026-04-19T12:58:04.994Z] [DOWNLOADED] selfie_1_1770949258298.webp | https://e-hentai.org/s/c84ad7cc9e/3840048-62
[2026-04-19T12:58:04.995Z] [+] #62 | selfie_1_1770949258298.webp
[2026-04-19T12:58:07.954Z] [DOWNLOADED] selfie_2.webp | https://e-hentai.org/s/1b8fef36f1/3840048-63
[2026-04-19T12:58:07.955Z] [+] #63 | selfie_2.webp
[2026-04-19T12:58:11.140Z] [DOWNLOADED] selfie_2_1770949259623.webp | https://e-hentai.org/s/56fb5bbcf8/3840048-64
[2026-04-19T12:58:11.141Z] [+] #64 | selfie_2_1770949259623.webp
[2026-04-19T12:58:14.148Z] [DOWNLOADED] selfie_3.webp | https://e-hentai.org/s/e47f8db8b1/3840048-65
[2026-04-19T12:58:14.148Z] [+] #65 | selfie_3.webp
[2026-04-19T12:58:17.032Z] [DOWNLOADED] selfie_4.webp | https://e-hentai.org/s/a83c598abe/3840048-66
[2026-04-19T12:58:17.033Z] [+] #66 | selfie_4.webp
[2026-04-19T12:58:19.445Z] [DOWNLOADED] selfie_5.webp | https://e-hentai.org/s/bc000d51bd/3840048-67
[2026-04-19T12:58:19.446Z] [+] #67 | selfie_5.webp
[2026-04-19T12:58:22.357Z] [DOWNLOADED] selfie_6.webp | https://e-hentai.org/s/64e1f40583/3840048-68
[2026-04-19T12:58:22.358Z] [+] #68 | selfie_6.webp
[2026-04-19T12:58:25.406Z] [DOWNLOADED] selfie_7.webp | https://e-hentai.org/s/e0c7655d80/3840048-69
[2026-04-19T12:58:25.407Z] [+] #69 | selfie_7.webp
[2026-04-19T12:58:28.953Z] [DOWNLOADED] selfie_8.webp | https://e-hentai.org/s/4dec055c05/3840048-70
[2026-04-19T12:58:28.953Z] [+] #70 | selfie_8.webp
[2026-04-19T12:58:32.447Z] [DOWNLOADED] selfie_9.webp | https://e-hentai.org/s/267b3a06c1/3840048-71
[2026-04-19T12:58:32.448Z] [+] #71 | selfie_9.webp
[2026-04-19T12:58:36.860Z] [DOWNLOADED] selfie_10.webp | https://e-hentai.org/s/d5d06593b2/3840048-72
[2026-04-19T12:58:36.862Z] [+] #72 | selfie_10.webp
[2026-04-19T12:58:39.596Z] [DOWNLOADED] selfie_11.webp | https://e-hentai.org/s/f9b5b33c44/3840048-73
[2026-04-19T12:58:39.597Z] [+] #73 | selfie_11.webp
[2026-04-19T12:58:42.811Z] [DOWNLOADED] selfie_12.webp | https://e-hentai.org/s/1f1663eae4/3840048-74
[2026-04-19T12:58:42.812Z] [+] #74 | selfie_12.webp
[2026-04-19T12:58:45.296Z] [DOWNLOADED] selfie_13.webp | https://e-hentai.org/s/45895591c6/3840048-75
[2026-04-19T12:58:45.298Z] [+] #75 | selfie_13.webp
[2026-04-19T12:58:48.057Z] [DOWNLOADED] selfie_14.webp | https://e-hentai.org/s/612986ced8/3840048-76
[2026-04-19T12:58:48.058Z] [+] #76 | selfie_14.webp
[2026-04-19T12:58:50.380Z] [DOWNLOADED] selfie_15.webp | https://e-hentai.org/s/e1141264ba/3840048-77
[2026-04-19T12:58:50.381Z] [+] #77 | selfie_15.webp
[2026-04-19T12:58:55.465Z] [DOWNLOADED] selfie_16.webp | https://e-hentai.org/s/0b0209c880/3840048-78
[2026-04-19T12:58:55.467Z] [+] #78 | selfie_16.webp
[2026-04-19T12:59:03.160Z] [DOWNLOADED] selfie_17.webp | https://e-hentai.org/s/3570122295/3840048-79
[2026-04-19T12:59:03.160Z] [+] #79 | selfie_17.webp
[2026-04-19T12:59:06.390Z] [DOWNLOADED] selfie_18.webp | https://e-hentai.org/s/b3868fd175/3840048-80
[2026-04-19T12:59:06.390Z] [+] #80 | selfie_18.webp
[2026-04-19T12:59:06.672Z] [VIEWER] Round 80 | Collected: 80
[2026-04-19T12:59:08.440Z] [DOWNLOADED] selfie_19.webp | https://e-hentai.org/s/e7771a997c/3840048-81
[2026-04-19T12:59:08.440Z] [+] #81 | selfie_19.webp
[2026-04-19T12:59:11.503Z] [DOWNLOADED] selfie_20.webp | https://e-hentai.org/s/91f0b39f28/3840048-82
[2026-04-19T12:59:11.503Z] [+] #82 | selfie_20.webp
[2026-04-19T12:59:14.823Z] [DOWNLOADED] selfie_21.webp | https://e-hentai.org/s/7212048eba/3840048-83
[2026-04-19T12:59:14.823Z] [+] #83 | selfie_21.webp
[2026-04-19T12:59:17.554Z] [DOWNLOADED] selfie_22.webp | https://e-hentai.org/s/5da52d7937/3840048-84
[2026-04-19T12:59:17.554Z] [+] #84 | selfie_22.webp
[2026-04-19T12:59:19.959Z] [DOWNLOADED] selfie_23.webp | https://e-hentai.org/s/629bbab637/3840048-85
[2026-04-19T12:59:19.960Z] [+] #85 | selfie_23.webp
[2026-04-19T12:59:22.160Z] [DOWNLOADED] selfie_24.webp | https://e-hentai.org/s/b66e5e644c/3840048-86
[2026-04-19T12:59:22.160Z] [+] #86 | selfie_24.webp
[2026-04-19T12:59:26.303Z] [DOWNLOADED] selfie_25.webp | https://e-hentai.org/s/29bf9c0f7b/3840048-87
[2026-04-19T12:59:26.314Z] [+] #87 | selfie_25.webp
[2026-04-19T12:59:26.319Z] [VIEWER] Đã đến ảnh cuối cùng — dừng. Total: 87
[2026-04-19T12:59:33.593Z] ✅ Done! 87 ảnh đã tải và lưu vào folder "Noir"
[2026-04-19T13:03:14.700Z] 
════════════════════════════════════════════════════════════
[2026-04-19T13:03:14.701Z]   E-Hentai Gallery Crawler
[2026-04-19T13:03:14.702Z]   Target: https://e-hentai.org/s/3e39d15d4d/3837951-1
[2026-04-19T13:03:14.702Z]   Photo folder: Blanc
[2026-04-19T13:03:14.702Z]   Output: Blanc.json
[2026-04-19T13:03:14.702Z]   Log:    log.log
[2026-04-19T13:03:14.702Z] ════════════════════════════════════════════════════════════
[2026-04-19T13:03:14.702Z] [NAV] Chuyển đến https://e-hentai.org/s/3e39d15d4d/3837951-1 ...
[2026-04-19T13:03:19.125Z] [VIEWER] Bắt đầu crawl từ ảnh đầu tiên...
[2026-04-19T13:03:21.352Z] [DOWNLOADED] edit_1.webp | https://e-hentai.org/s/3e39d15d4d/3837951-1
[2026-04-19T13:03:21.353Z] [+] #1 | edit_1.webp
[2026-04-19T13:03:24.477Z] [DOWNLOADED] edit_2.webp | https://e-hentai.org/s/e9b3e4ba44/3837951-2
[2026-04-19T13:03:24.478Z] [+] #2 | edit_2.webp
[2026-04-19T13:03:27.354Z] [DOWNLOADED] edit_3.webp | https://e-hentai.org/s/6f7ac523e8/3837951-3
[2026-04-19T13:03:27.355Z] [+] #3 | edit_3.webp
[2026-04-19T13:03:29.647Z] [DOWNLOADED] edit_4.webp | https://e-hentai.org/s/5404d5cdbb/3837951-4
[2026-04-19T13:03:29.648Z] [+] #4 | edit_4.webp
[2026-04-19T13:03:33.222Z] [DOWNLOADED] edit_5.webp | https://e-hentai.org/s/e76b7407e0/3837951-5
[2026-04-19T13:03:33.222Z] [+] #5 | edit_5.webp
[2026-04-19T13:03:35.886Z] [DOWNLOADED] edit_6.webp | https://e-hentai.org/s/14abdf27e8/3837951-6
[2026-04-19T13:03:35.887Z] [+] #6 | edit_6.webp
[2026-04-19T13:03:38.327Z] [DOWNLOADED] edit_7.webp | https://e-hentai.org/s/c1f5b73afc/3837951-7
[2026-04-19T13:03:38.328Z] [+] #7 | edit_7.webp
[2026-04-19T13:03:40.676Z] [DOWNLOADED] edit_8.webp | https://e-hentai.org/s/e450de1eb9/3837951-8
[2026-04-19T13:03:40.677Z] [+] #8 | edit_8.webp
[2026-04-19T13:03:42.674Z] [DOWNLOADED] edit_9.webp | https://e-hentai.org/s/660a447a68/3837951-9
[2026-04-19T13:03:42.675Z] [+] #9 | edit_9.webp
[2026-04-19T13:03:44.864Z] [DOWNLOADED] edit_10.webp | https://e-hentai.org/s/75a807dbe9/3837951-10
[2026-04-19T13:03:44.866Z] [+] #10 | edit_10.webp
[2026-04-19T13:03:47.452Z] [DOWNLOADED] edit_11.webp | https://e-hentai.org/s/e7b72bcb3f/3837951-11
[2026-04-19T13:03:47.453Z] [+] #11 | edit_11.webp
[2026-04-19T13:03:50.058Z] [DOWNLOADED] edit_12.webp | https://e-hentai.org/s/2cee8ce4b2/3837951-12
[2026-04-19T13:03:50.059Z] [+] #12 | edit_12.webp
[2026-04-19T13:03:52.530Z] [DOWNLOADED] edit_13.webp | https://e-hentai.org/s/06e945068f/3837951-13
[2026-04-19T13:03:52.530Z] [+] #13 | edit_13.webp
[2026-04-19T13:03:54.838Z] [DOWNLOADED] edit_14.webp | https://e-hentai.org/s/562090ad6a/3837951-14
[2026-04-19T13:03:54.839Z] [+] #14 | edit_14.webp
[2026-04-19T13:03:57.246Z] [DOWNLOADED] edit_15.webp | https://e-hentai.org/s/aee8cea4f3/3837951-15
[2026-04-19T13:03:57.246Z] [+] #15 | edit_15.webp
[2026-04-19T13:03:59.469Z] [DOWNLOADED] edit_16.webp | https://e-hentai.org/s/ab6870f08c/3837951-16
[2026-04-19T13:03:59.470Z] [+] #16 | edit_16.webp
[2026-04-19T13:04:01.750Z] [DOWNLOADED] edit_17.webp | https://e-hentai.org/s/6ad4285da3/3837951-17
[2026-04-19T13:04:01.751Z] [+] #17 | edit_17.webp
[2026-04-19T13:04:04.042Z] [DOWNLOADED] edit_18.webp | https://e-hentai.org/s/8f52d3530c/3837951-18
[2026-04-19T13:04:04.042Z] [+] #18 | edit_18.webp
[2026-04-19T13:04:06.444Z] [DOWNLOADED] edit_19.webp | https://e-hentai.org/s/9ae2760ad0/3837951-19
[2026-04-19T13:04:06.446Z] [+] #19 | edit_19.webp
[2026-04-19T13:04:09.136Z] [DOWNLOADED] edit_20.webp | https://e-hentai.org/s/73298b6801/3837951-20
[2026-04-19T13:04:09.137Z] [+] #20 | edit_20.webp
[2026-04-19T13:04:09.434Z] [VIEWER] Round 20 | Collected: 20
[2026-04-19T13:04:11.132Z] [DOWNLOADED] edit_21.webp | https://e-hentai.org/s/bfe7ae0d6a/3837951-21
[2026-04-19T13:04:11.132Z] [+] #21 | edit_21.webp
[2026-04-19T13:04:13.869Z] [DOWNLOADED] edit_22.webp | https://e-hentai.org/s/bf543a3b4e/3837951-22
[2026-04-19T13:04:13.870Z] [+] #22 | edit_22.webp
[2026-04-19T13:04:16.335Z] [DOWNLOADED] edit_23.webp | https://e-hentai.org/s/89c72bbd11/3837951-23
[2026-04-19T13:04:16.336Z] [+] #23 | edit_23.webp
[2026-04-19T13:04:19.036Z] [DOWNLOADED] edit_24.webp | https://e-hentai.org/s/ffd659d35a/3837951-24
[2026-04-19T13:04:19.036Z] [+] #24 | edit_24.webp
[2026-04-19T13:04:21.781Z] [DOWNLOADED] edit_25.webp | https://e-hentai.org/s/22d49c3491/3837951-25
[2026-04-19T13:04:21.781Z] [+] #25 | edit_25.webp
[2026-04-19T13:04:24.461Z] [DOWNLOADED] edit_26.webp | https://e-hentai.org/s/19b38021b8/3837951-26
[2026-04-19T13:04:24.462Z] [+] #26 | edit_26.webp
[2026-04-19T13:04:27.088Z] [DOWNLOADED] edit_27.webp | https://e-hentai.org/s/17350f9470/3837951-27
[2026-04-19T13:04:27.089Z] [+] #27 | edit_27.webp
[2026-04-19T13:04:29.639Z] [DOWNLOADED] edit_28.webp | https://e-hentai.org/s/00b0e13539/3837951-28
[2026-04-19T13:04:29.640Z] [+] #28 | edit_28.webp
[2026-04-19T13:04:31.877Z] [DOWNLOADED] edit_29.webp | https://e-hentai.org/s/8ed22887ec/3837951-29
[2026-04-19T13:04:31.878Z] [+] #29 | edit_29.webp
[2026-04-19T13:04:34.822Z] [DOWNLOADED] edit_30.webp | https://e-hentai.org/s/fdf59fefb7/3837951-30
[2026-04-19T13:04:34.823Z] [+] #30 | edit_30.webp
[2026-04-19T13:04:37.100Z] [DOWNLOADED] edit_31.webp | https://e-hentai.org/s/ee0cd74b49/3837951-31
[2026-04-19T13:04:37.100Z] [+] #31 | edit_31.webp
[2026-04-19T13:04:39.891Z] [DOWNLOADED] edit_32.webp | https://e-hentai.org/s/c9a4c42743/3837951-32
[2026-04-19T13:04:39.892Z] [+] #32 | edit_32.webp
[2026-04-19T13:04:42.442Z] [DOWNLOADED] edit_33.webp | https://e-hentai.org/s/744b57420b/3837951-33
[2026-04-19T13:04:42.442Z] [+] #33 | edit_33.webp
[2026-04-19T13:04:45.021Z] [DOWNLOADED] edit_34.webp | https://e-hentai.org/s/4f8c1779fa/3837951-34
[2026-04-19T13:04:45.022Z] [+] #34 | edit_34.webp
[2026-04-19T13:04:47.585Z] [DOWNLOADED] edit_35.webp | https://e-hentai.org/s/45403c8311/3837951-35
[2026-04-19T13:04:47.586Z] [+] #35 | edit_35.webp
[2026-04-19T13:04:49.918Z] [DOWNLOADED] edit_36.webp | https://e-hentai.org/s/503373b13b/3837951-36
[2026-04-19T13:04:49.919Z] [+] #36 | edit_36.webp
[2026-04-19T13:04:52.160Z] [DOWNLOADED] edit_37.webp | https://e-hentai.org/s/5b13c325c9/3837951-37
[2026-04-19T13:04:52.160Z] [+] #37 | edit_37.webp
[2026-04-19T13:04:55.597Z] [DOWNLOADED] edit_38.webp | https://e-hentai.org/s/95eefc66f7/3837951-38
[2026-04-19T13:04:55.598Z] [+] #38 | edit_38.webp
[2026-04-19T13:04:58.032Z] [DOWNLOADED] edit_39.webp | https://e-hentai.org/s/ba599ab2eb/3837951-39
[2026-04-19T13:04:58.033Z] [+] #39 | edit_39.webp
[2026-04-19T13:05:00.272Z] [DOWNLOADED] edit_40.webp | https://e-hentai.org/s/d19421e50c/3837951-40
[2026-04-19T13:05:00.272Z] [+] #40 | edit_40.webp
[2026-04-19T13:05:00.560Z] [VIEWER] Round 40 | Collected: 40
[2026-04-19T13:05:02.673Z] [DOWNLOADED] edit_41.webp | https://e-hentai.org/s/ab23aa37c9/3837951-41
[2026-04-19T13:05:02.674Z] [+] #41 | edit_41.webp
[2026-04-19T13:05:05.624Z] [DOWNLOADED] edit_42.webp | https://e-hentai.org/s/365f37d4f9/3837951-42
[2026-04-19T13:05:05.625Z] [+] #42 | edit_42.webp
[2026-04-19T13:05:08.901Z] [DOWNLOADED] edit_43.webp | https://e-hentai.org/s/c99a84851b/3837951-43
[2026-04-19T13:05:08.902Z] [+] #43 | edit_43.webp
[2026-04-19T13:05:11.572Z] [DOWNLOADED] edit_44.webp | https://e-hentai.org/s/fafea4d937/3837951-44
[2026-04-19T13:05:11.574Z] [+] #44 | edit_44.webp
[2026-04-19T13:05:14.180Z] [DOWNLOADED] edit_45.webp | https://e-hentai.org/s/65e1d140b0/3837951-45
[2026-04-19T13:05:14.181Z] [+] #45 | edit_45.webp
[2026-04-19T13:05:16.628Z] [DOWNLOADED] edit_46.webp | https://e-hentai.org/s/ae62a5064a/3837951-46
[2026-04-19T13:05:16.629Z] [+] #46 | edit_46.webp
[2026-04-19T13:05:18.641Z] [DOWNLOADED] edit_47.webp | https://e-hentai.org/s/693cdcfe91/3837951-47
[2026-04-19T13:05:18.641Z] [+] #47 | edit_47.webp
[2026-04-19T13:05:20.926Z] [DOWNLOADED] edit_48.webp | https://e-hentai.org/s/308905cb5f/3837951-48
[2026-04-19T13:05:20.926Z] [+] #48 | edit_48.webp
[2026-04-19T13:05:24.626Z] [DOWNLOADED] edit_49.webp | https://e-hentai.org/s/c7bcfa2ef3/3837951-49
[2026-04-19T13:05:24.626Z] [+] #49 | edit_49.webp
[2026-04-19T13:05:27.142Z] [DOWNLOADED] edit_50.webp | https://e-hentai.org/s/c7bcd429a5/3837951-50
[2026-04-19T13:05:27.143Z] [+] #50 | edit_50.webp
[2026-04-19T13:05:29.760Z] [DOWNLOADED] edit_51.webp | https://e-hentai.org/s/ac3fcc26e9/3837951-51
[2026-04-19T13:05:29.761Z] [+] #51 | edit_51.webp
[2026-04-19T13:05:38.389Z] [DOWNLOADED] edit_52.webp | https://e-hentai.org/s/bf9dc2966b/3837951-52
[2026-04-19T13:05:38.389Z] [+] #52 | edit_52.webp
[2026-04-19T13:05:41.786Z] [DOWNLOADED] edit_53.webp | https://e-hentai.org/s/e6795698fb/3837951-53
[2026-04-19T13:05:41.786Z] [+] #53 | edit_53.webp
[2026-04-19T13:05:44.284Z] [DOWNLOADED] edit_54.webp | https://e-hentai.org/s/1666fd79ab/3837951-54
[2026-04-19T13:05:44.284Z] [+] #54 | edit_54.webp
[2026-04-19T13:05:47.121Z] [DOWNLOADED] edit_55.webp | https://e-hentai.org/s/9e92ab7991/3837951-55
[2026-04-19T13:05:47.122Z] [+] #55 | edit_55.webp
[2026-04-19T13:05:49.789Z] [DOWNLOADED] edit_56.webp | https://e-hentai.org/s/514ab318af/3837951-56
[2026-04-19T13:05:49.790Z] [+] #56 | edit_56.webp
[2026-04-19T13:05:52.480Z] [DOWNLOADED] edit_57.webp | https://e-hentai.org/s/49edbfedab/3837951-57
[2026-04-19T13:05:52.480Z] [+] #57 | edit_57.webp
[2026-04-19T13:05:55.529Z] [DOWNLOADED] edit_58.webp | https://e-hentai.org/s/2c4c671e62/3837951-58
[2026-04-19T13:05:55.530Z] [+] #58 | edit_58.webp
[2026-04-19T13:05:58.051Z] [DOWNLOADED] edit_59.webp | https://e-hentai.org/s/722065c8d6/3837951-59
[2026-04-19T13:05:58.051Z] [+] #59 | edit_59.webp
[2026-04-19T13:06:00.525Z] [DOWNLOADED] edit_60.webp | https://e-hentai.org/s/c967582088/3837951-60
[2026-04-19T13:06:00.525Z] [+] #60 | edit_60.webp
[2026-04-19T13:06:00.804Z] [VIEWER] Round 60 | Collected: 60
[2026-04-19T13:06:03.005Z] [DOWNLOADED] selfie_1.webp | https://e-hentai.org/s/ec3abe3a64/3837951-61
[2026-04-19T13:06:03.031Z] [+] #61 | selfie_1.webp
[2026-04-19T13:06:05.890Z] [DOWNLOADED] selfie_1_1770948830129.webp | https://e-hentai.org/s/81ec18627c/3837951-62
[2026-04-19T13:06:05.891Z] [+] #62 | selfie_1_1770948830129.webp
[2026-04-19T13:06:08.840Z] [DOWNLOADED] selfie_2.webp | https://e-hentai.org/s/36d4ae14c6/3837951-63
[2026-04-19T13:06:08.841Z] [+] #63 | selfie_2.webp
[2026-04-19T13:06:12.140Z] [DOWNLOADED] selfie_2_1770948833096.webp | https://e-hentai.org/s/ae3edb5cd1/3837951-64
[2026-04-19T13:06:12.141Z] [+] #64 | selfie_2_1770948833096.webp
[2026-04-19T13:06:14.910Z] [DOWNLOADED] selfie_3.webp | https://e-hentai.org/s/26b0e2d55d/3837951-65
[2026-04-19T13:06:14.911Z] [+] #65 | selfie_3.webp
[2026-04-19T13:06:17.558Z] [DOWNLOADED] selfie_4.webp | https://e-hentai.org/s/8ae9a258ac/3837951-66
[2026-04-19T13:06:17.559Z] [+] #66 | selfie_4.webp
[2026-04-19T13:06:20.730Z] [DOWNLOADED] selfie_5.webp | https://e-hentai.org/s/816e41b7bc/3837951-67
[2026-04-19T13:06:20.730Z] [+] #67 | selfie_5.webp
[2026-04-19T13:06:23.791Z] [DOWNLOADED] selfie_6.webp | https://e-hentai.org/s/0c7e893b0c/3837951-68
[2026-04-19T13:06:23.792Z] [+] #68 | selfie_6.webp
[2026-04-19T13:06:27.176Z] [DOWNLOADED] selfie_7.webp | https://e-hentai.org/s/2a3dcddd3d/3837951-69
[2026-04-19T13:06:27.176Z] [+] #69 | selfie_7.webp
[2026-04-19T13:06:29.364Z] [DOWNLOADED] selfie_8.webp | https://e-hentai.org/s/7d297a33d7/3837951-70
[2026-04-19T13:06:29.365Z] [+] #70 | selfie_8.webp
[2026-04-19T13:06:34.132Z] [DOWNLOADED] selfie_9.webp | https://e-hentai.org/s/cbb0b56a00/3837951-71
[2026-04-19T13:06:34.133Z] [+] #71 | selfie_9.webp
[2026-04-19T13:06:37.048Z] [DOWNLOADED] selfie_10.webp | https://e-hentai.org/s/ada7c356e3/3837951-72
[2026-04-19T13:06:37.049Z] [+] #72 | selfie_10.webp
[2026-04-19T13:06:39.675Z] [DOWNLOADED] selfie_11.webp | https://e-hentai.org/s/8edcabe101/3837951-73
[2026-04-19T13:06:39.676Z] [+] #73 | selfie_11.webp
[2026-04-19T13:06:42.084Z] [DOWNLOADED] selfie_12.webp | https://e-hentai.org/s/68441eff63/3837951-74
[2026-04-19T13:06:42.085Z] [+] #74 | selfie_12.webp
[2026-04-19T13:06:45.292Z] [DOWNLOADED] selfie_13.webp | https://e-hentai.org/s/e7f69444e6/3837951-75
[2026-04-19T13:06:45.293Z] [+] #75 | selfie_13.webp
[2026-04-19T13:06:48.360Z] [DOWNLOADED] selfie_14.webp | https://e-hentai.org/s/26f05c40d9/3837951-76
[2026-04-19T13:06:48.362Z] [+] #76 | selfie_14.webp
[2026-04-19T13:06:51.937Z] [DOWNLOADED] selfie_15.webp | https://e-hentai.org/s/2c92daa7eb/3837951-77
[2026-04-19T13:06:51.938Z] [+] #77 | selfie_15.webp
[2026-04-19T13:06:54.196Z] [DOWNLOADED] selfie_16.webp | https://e-hentai.org/s/ee9f962e28/3837951-78
[2026-04-19T13:06:54.197Z] [+] #78 | selfie_16.webp
[2026-04-19T13:06:58.409Z] [DOWNLOADED] selfie_17.webp | https://e-hentai.org/s/b2e489a6bd/3837951-79
[2026-04-19T13:06:58.411Z] [+] #79 | selfie_17.webp
[2026-04-19T13:07:01.514Z] [DOWNLOADED] selfie_18.webp | https://e-hentai.org/s/3abca38a7d/3837951-80
[2026-04-19T13:07:01.515Z] [+] #80 | selfie_18.webp
[2026-04-19T13:07:01.810Z] [VIEWER] Round 80 | Collected: 80
[2026-04-19T13:07:04.334Z] [DOWNLOADED] selfie_19.webp | https://e-hentai.org/s/f212ec5894/3837951-81
[2026-04-19T13:07:04.336Z] [+] #81 | selfie_19.webp
[2026-04-19T13:07:07.253Z] [DOWNLOADED] selfie_20.webp | https://e-hentai.org/s/9098a83eb1/3837951-82
[2026-04-19T13:07:07.254Z] [+] #82 | selfie_20.webp
[2026-04-19T13:07:12.115Z] [DOWNLOADED] selfie_21.webp | https://e-hentai.org/s/3ce88ab3bc/3837951-83
[2026-04-19T13:07:12.116Z] [+] #83 | selfie_21.webp
[2026-04-19T13:07:12.117Z] [VIEWER] Đã đến ảnh cuối cùng — dừng. Total: 83
[2026-04-19T13:07:12.228Z] ✅ Done! 83 ảnh đã tải và lưu vào folder "Blanc"
[2026-04-19T13:18:59.792Z] 
════════════════════════════════════════════════════════════
[2026-04-19T13:18:59.794Z]   E-Hentai Gallery Crawler
[2026-04-19T13:18:59.794Z]   Target: https://e-hentai.org/s/76b165cb75/3836139-1
[2026-04-19T13:18:59.795Z]   Photo folder: Momo
[2026-04-19T13:18:59.795Z]   Output: Momo.json
[2026-04-19T13:18:59.795Z]   Log:    log.log
[2026-04-19T13:18:59.795Z] ════════════════════════════════════════════════════════════
[2026-04-19T13:18:59.795Z] [NAV] Chuyển đến https://e-hentai.org/s/76b165cb75/3836139-1 ...
[2026-04-19T13:19:04.217Z] [VIEWER] Bắt đầu crawl từ ảnh đầu tiên...
[2026-04-19T13:19:05.968Z] [DOWNLOADED] edit_1.webp | https://e-hentai.org/s/76b165cb75/3836139-1
[2026-04-19T13:19:05.969Z] [+] #1 | edit_1.webp
[2026-04-19T13:19:08.564Z] [DOWNLOADED] edit_2.webp | https://e-hentai.org/s/7822ce1672/3836139-2
[2026-04-19T13:19:08.565Z] [+] #2 | edit_2.webp
[2026-04-19T13:19:10.777Z] [DOWNLOADED] edit_3.webp | https://e-hentai.org/s/fb29160e70/3836139-3
[2026-04-19T13:19:10.778Z] [+] #3 | edit_3.webp
[2026-04-19T13:19:13.047Z] [DOWNLOADED] edit_4.webp | https://e-hentai.org/s/3e589b224a/3836139-4
[2026-04-19T13:19:13.048Z] [+] #4 | edit_4.webp
[2026-04-19T13:19:15.450Z] [DOWNLOADED] edit_5.webp | https://e-hentai.org/s/76197e484b/3836139-5
[2026-04-19T13:19:15.450Z] [+] #5 | edit_5.webp
[2026-04-19T13:19:17.594Z] [DOWNLOADED] edit_6.webp | https://e-hentai.org/s/20d2334d7d/3836139-6
[2026-04-19T13:19:17.595Z] [+] #6 | edit_6.webp
[2026-04-19T13:19:20.214Z] [DOWNLOADED] edit_7.webp | https://e-hentai.org/s/a35b94ef37/3836139-7
[2026-04-19T13:19:20.215Z] [+] #7 | edit_7.webp
[2026-04-19T13:19:22.437Z] [DOWNLOADED] edit_8.webp | https://e-hentai.org/s/8d8f3a44c8/3836139-8
[2026-04-19T13:19:22.438Z] [+] #8 | edit_8.webp
[2026-04-19T13:19:26.924Z] [DOWNLOADED] edit_9.webp | https://e-hentai.org/s/bbe2754663/3836139-9
[2026-04-19T13:19:26.926Z] [+] #9 | edit_9.webp
[2026-04-19T13:19:29.083Z] [DOWNLOADED] edit_10.webp | https://e-hentai.org/s/5bc87868f8/3836139-10
[2026-04-19T13:19:29.084Z] [+] #10 | edit_10.webp
[2026-04-19T13:19:31.289Z] [DOWNLOADED] edit_11.webp | https://e-hentai.org/s/f192377c20/3836139-11
[2026-04-19T13:19:31.290Z] [+] #11 | edit_11.webp
[2026-04-19T13:19:33.537Z] [DOWNLOADED] edit_12.webp | https://e-hentai.org/s/430788d1d7/3836139-12
[2026-04-19T13:19:33.537Z] [+] #12 | edit_12.webp
[2026-04-19T13:19:35.951Z] [DOWNLOADED] edit_13.webp | https://e-hentai.org/s/2ff5e2408e/3836139-13
[2026-04-19T13:19:35.951Z] [+] #13 | edit_13.webp
[2026-04-19T13:19:38.023Z] [DOWNLOADED] edit_14.webp | https://e-hentai.org/s/b5dc27ac7f/3836139-14
[2026-04-19T13:19:38.024Z] [+] #14 | edit_14.webp
[2026-04-19T13:19:40.481Z] [DOWNLOADED] edit_15.webp | https://e-hentai.org/s/fc81ed94b2/3836139-15
[2026-04-19T13:19:40.481Z] [+] #15 | edit_15.webp
[2026-04-19T13:19:42.611Z] [DOWNLOADED] edit_16.webp | https://e-hentai.org/s/1f226de5c8/3836139-16
[2026-04-19T13:19:42.612Z] [+] #16 | edit_16.webp
[2026-04-19T13:19:45.041Z] [DOWNLOADED] edit_17.webp | https://e-hentai.org/s/06139cb0ad/3836139-17
[2026-04-19T13:19:45.042Z] [+] #17 | edit_17.webp
[2026-04-19T13:19:47.058Z] [DOWNLOADED] edit_18.webp | https://e-hentai.org/s/03fa6c9eb1/3836139-18
[2026-04-19T13:19:47.059Z] [+] #18 | edit_18.webp
[2026-04-19T13:19:49.562Z] [DOWNLOADED] edit_19.webp | https://e-hentai.org/s/ea003f66ba/3836139-19
[2026-04-19T13:19:49.563Z] [+] #19 | edit_19.webp
[2026-04-19T13:19:51.875Z] [DOWNLOADED] edit_20.webp | https://e-hentai.org/s/2b770bfc20/3836139-20
[2026-04-19T13:19:51.876Z] [+] #20 | edit_20.webp
[2026-04-19T13:19:52.159Z] [VIEWER] Round 20 | Collected: 20
[2026-04-19T13:19:54.054Z] [DOWNLOADED] edit_21.webp | https://e-hentai.org/s/5d5e5e817d/3836139-21
[2026-04-19T13:19:54.055Z] [+] #21 | edit_21.webp
[2026-04-19T13:19:56.265Z] [DOWNLOADED] edit_22.webp | https://e-hentai.org/s/923c8cb9cb/3836139-22
[2026-04-19T13:19:56.266Z] [+] #22 | edit_22.webp
[2026-04-19T13:19:58.619Z] [DOWNLOADED] edit_23.webp | https://e-hentai.org/s/dcdfa6b3f1/3836139-23
[2026-04-19T13:19:58.619Z] [+] #23 | edit_23.webp
[2026-04-19T13:20:01.128Z] [DOWNLOADED] edit_24.webp | https://e-hentai.org/s/75402cc3b0/3836139-24
[2026-04-19T13:20:01.129Z] [+] #24 | edit_24.webp
[2026-04-19T13:20:03.211Z] [DOWNLOADED] edit_25.webp | https://e-hentai.org/s/38f43f7f11/3836139-25
[2026-04-19T13:20:03.213Z] [+] #25 | edit_25.webp
[2026-04-19T13:20:05.606Z] [DOWNLOADED] edit_26.webp | https://e-hentai.org/s/e6727b1bbd/3836139-26
[2026-04-19T13:20:05.606Z] [+] #26 | edit_26.webp
[2026-04-19T13:20:07.763Z] [DOWNLOADED] edit_27.webp | https://e-hentai.org/s/4e3de2bb40/3836139-27
[2026-04-19T13:20:07.763Z] [+] #27 | edit_27.webp
[2026-04-19T13:20:09.747Z] [DOWNLOADED] edit_28.webp | https://e-hentai.org/s/ce0af91188/3836139-28
[2026-04-19T13:20:09.748Z] [+] #28 | edit_28.webp
[2026-04-19T13:20:11.795Z] [DOWNLOADED] edit_29.webp | https://e-hentai.org/s/75877b7977/3836139-29
[2026-04-19T13:20:11.796Z] [+] #29 | edit_29.webp
[2026-04-19T13:20:14.039Z] [DOWNLOADED] edit_30.webp | https://e-hentai.org/s/ce1a180271/3836139-30
[2026-04-19T13:20:14.040Z] [+] #30 | edit_30.webp
[2026-04-19T13:20:16.536Z] [DOWNLOADED] edit_31.webp | https://e-hentai.org/s/a40630b5cf/3836139-31
[2026-04-19T13:20:16.536Z] [+] #31 | edit_31.webp
[2026-04-19T13:20:18.692Z] [DOWNLOADED] edit_32.webp | https://e-hentai.org/s/5beb3252aa/3836139-32
[2026-04-19T13:20:18.692Z] [+] #32 | edit_32.webp
[2026-04-19T13:20:22.679Z] [DOWNLOADED] edit_33.webp | https://e-hentai.org/s/d544237dbf/3836139-33
[2026-04-19T13:20:22.680Z] [+] #33 | edit_33.webp
[2026-04-19T13:20:25.074Z] [DOWNLOADED] edit_34.webp | https://e-hentai.org/s/98413b7876/3836139-34
[2026-04-19T13:20:25.075Z] [+] #34 | edit_34.webp
[2026-04-19T13:20:28.210Z] [DOWNLOADED] edit_35.webp | https://e-hentai.org/s/6b536f7842/3836139-35
[2026-04-19T13:20:28.211Z] [+] #35 | edit_35.webp
[2026-04-19T13:20:30.820Z] [DOWNLOADED] edit_36.webp | https://e-hentai.org/s/85dcadb0ff/3836139-36
[2026-04-19T13:20:30.821Z] [+] #36 | edit_36.webp
[2026-04-19T13:20:34.355Z] [DOWNLOADED] edit_37.webp | https://e-hentai.org/s/864615af9f/3836139-37
[2026-04-19T13:20:34.356Z] [+] #37 | edit_37.webp
[2026-04-19T13:20:36.880Z] [DOWNLOADED] edit_38.webp | https://e-hentai.org/s/09df9296fc/3836139-38
[2026-04-19T13:20:36.882Z] [+] #38 | edit_38.webp
[2026-04-19T13:20:39.097Z] [DOWNLOADED] edit_39.webp | https://e-hentai.org/s/f6f07c990b/3836139-39
[2026-04-19T13:20:39.097Z] [+] #39 | edit_39.webp
[2026-04-19T13:20:41.133Z] [DOWNLOADED] edit_40.webp | https://e-hentai.org/s/2a7b6eafed/3836139-40
[2026-04-19T13:20:41.134Z] [+] #40 | edit_40.webp
[2026-04-19T13:20:41.445Z] [VIEWER] Round 40 | Collected: 40
[2026-04-19T13:20:43.852Z] [DOWNLOADED] selfie_1.webp | https://e-hentai.org/s/40ddf50b1b/3836139-41
[2026-04-19T13:20:43.852Z] [+] #41 | selfie_1.webp
[2026-04-19T13:20:45.906Z] [DOWNLOADED] selfie_2.webp | https://e-hentai.org/s/340b4ea007/3836139-42
[2026-04-19T13:20:45.907Z] [+] #42 | selfie_2.webp
[2026-04-19T13:20:49.201Z] [DOWNLOADED] selfie_3.webp | https://e-hentai.org/s/aa2c147a9c/3836139-43
[2026-04-19T13:20:49.209Z] [+] #43 | selfie_3.webp
[2026-04-19T13:20:52.105Z] [DOWNLOADED] selfie_4.webp | https://e-hentai.org/s/2a64f50e5c/3836139-44
[2026-04-19T13:20:52.106Z] [+] #44 | selfie_4.webp
[2026-04-19T13:20:54.488Z] [DOWNLOADED] selfie_5.webp | https://e-hentai.org/s/b1a202c01e/3836139-45
[2026-04-19T13:20:54.489Z] [+] #45 | selfie_5.webp
[2026-04-19T13:20:56.908Z] [DOWNLOADED] selfie_6.webp | https://e-hentai.org/s/a0451d392b/3836139-46
[2026-04-19T13:20:56.908Z] [+] #46 | selfie_6.webp
[2026-04-19T13:20:59.936Z] [DOWNLOADED] selfie_7.webp | https://e-hentai.org/s/c5ccff3852/3836139-47
[2026-04-19T13:20:59.936Z] [+] #47 | selfie_7.webp
[2026-04-19T13:21:09.272Z] [DOWNLOADED] selfie_8.webp | https://e-hentai.org/s/69b1377ffa/3836139-48
[2026-04-19T13:21:09.272Z] [+] #48 | selfie_8.webp
[2026-04-19T13:21:20.906Z] [DOWNLOADED] selfie_9.webp | https://e-hentai.org/s/27eaee1c01/3836139-49
[2026-04-19T13:21:20.907Z] [+] #49 | selfie_9.webp
[2026-04-19T13:21:23.597Z] [DOWNLOADED] selfie_10.webp | https://e-hentai.org/s/f82742fbd0/3836139-50
[2026-04-19T13:21:23.598Z] [+] #50 | selfie_10.webp
[2026-04-19T13:21:25.600Z] [DOWNLOADED] selfie_11.webp | https://e-hentai.org/s/e38e380d95/3836139-51
[2026-04-19T13:21:25.601Z] [+] #51 | selfie_11.webp
[2026-04-19T13:21:28.327Z] [DOWNLOADED] selfie_12.webp | https://e-hentai.org/s/cd018d4da1/3836139-52
[2026-04-19T13:21:28.328Z] [+] #52 | selfie_12.webp
[2026-04-19T13:21:31.219Z] [DOWNLOADED] selfie_13.webp | https://e-hentai.org/s/c3bf848b56/3836139-53
[2026-04-19T13:21:31.220Z] [+] #53 | selfie_13.webp
[2026-04-19T13:21:33.529Z] [DOWNLOADED] selfie_14.webp | https://e-hentai.org/s/8ab423fe08/3836139-54
[2026-04-19T13:21:33.531Z] [+] #54 | selfie_14.webp
[2026-04-19T13:21:36.376Z] [DOWNLOADED] selfie_15.webp | https://e-hentai.org/s/c334589ba2/3836139-55
[2026-04-19T13:21:36.377Z] [+] #55 | selfie_15.webp
[2026-04-19T13:21:39.625Z] [DOWNLOADED] selfie_16.webp | https://e-hentai.org/s/3ecc035040/3836139-56
[2026-04-19T13:21:39.626Z] [+] #56 | selfie_16.webp
[2026-04-19T13:21:42.971Z] [DOWNLOADED] selfie_17.webp | https://e-hentai.org/s/28895aebf2/3836139-57
[2026-04-19T13:21:42.971Z] [+] #57 | selfie_17.webp
[2026-04-19T13:21:45.530Z] [DOWNLOADED] selfie_18.webp | https://e-hentai.org/s/5e34abef7d/3836139-58
[2026-04-19T13:21:45.531Z] [+] #58 | selfie_18.webp
[2026-04-19T13:21:48.061Z] [DOWNLOADED] selfie_19.webp | https://e-hentai.org/s/04e38ef726/3836139-59
[2026-04-19T13:21:48.063Z] [+] #59 | selfie_19.webp
[2026-04-19T13:21:50.682Z] [DOWNLOADED] selfie_20.webp | https://e-hentai.org/s/95fa94d62b/3836139-60
[2026-04-19T13:21:50.683Z] [+] #60 | selfie_20.webp
[2026-04-19T13:21:50.993Z] [VIEWER] Round 60 | Collected: 60
[2026-04-19T13:21:54.547Z] [DOWNLOADED] selfie_21.webp | https://e-hentai.org/s/42afbd12d8/3836139-61
[2026-04-19T13:21:54.548Z] [+] #61 | selfie_21.webp
[2026-04-19T13:21:57.203Z] [DOWNLOADED] selfie_22.webp | https://e-hentai.org/s/cd58935912/3836139-62
[2026-04-19T13:21:57.204Z] [+] #62 | selfie_22.webp
[2026-04-19T13:22:00.168Z] [DOWNLOADED] selfie_23.webp | https://e-hentai.org/s/d7849eeeca/3836139-63
[2026-04-19T13:22:00.168Z] [+] #63 | selfie_23.webp
[2026-04-19T13:22:02.645Z] [DOWNLOADED] selfie_24.webp | https://e-hentai.org/s/5e4a55423b/3836139-64
[2026-04-19T13:22:02.646Z] [+] #64 | selfie_24.webp
[2026-04-19T13:22:05.444Z] [DOWNLOADED] selfie_25.webp | https://e-hentai.org/s/23eda1a23f/3836139-65
[2026-04-19T13:22:05.446Z] [+] #65 | selfie_25.webp
[2026-04-19T13:22:07.791Z] [DOWNLOADED] selfie_26.webp | https://e-hentai.org/s/9bacd5ce5a/3836139-66
[2026-04-19T13:22:07.792Z] [+] #66 | selfie_26.webp
[2026-04-19T13:22:10.307Z] [DOWNLOADED] selfie_27.webp | https://e-hentai.org/s/1fa13e57d4/3836139-67
[2026-04-19T13:22:10.308Z] [+] #67 | selfie_27.webp
[2026-04-19T13:22:12.771Z] [DOWNLOADED] selfie_28.webp | https://e-hentai.org/s/7197838661/3836139-68
[2026-04-19T13:22:12.772Z] [+] #68 | selfie_28.webp
[2026-04-19T13:22:15.127Z] [DOWNLOADED] selfie_29.webp | https://e-hentai.org/s/f07b24b9a9/3836139-69
[2026-04-19T13:22:15.128Z] [+] #69 | selfie_29.webp
[2026-04-19T13:22:19.094Z] [DOWNLOADED] selfie_30.webp | https://e-hentai.org/s/cd4c170da6/3836139-70
[2026-04-19T13:22:19.096Z] [+] #70 | selfie_30.webp
[2026-04-19T13:22:21.220Z] [DOWNLOADED] selfie_31.webp | https://e-hentai.org/s/d8dbf52e7a/3836139-71
[2026-04-19T13:22:21.222Z] [+] #71 | selfie_31.webp
[2026-04-19T13:22:23.996Z] [DOWNLOADED] selfie_32.webp | https://e-hentai.org/s/ef4365c630/3836139-72
[2026-04-19T13:22:23.998Z] [+] #72 | selfie_32.webp
[2026-04-19T13:22:23.998Z] [VIEWER] Đã đến ảnh cuối cùng — dừng. Total: 72
[2026-04-19T13:22:24.101Z] ✅ Done! 72 ảnh đã tải và lưu vào folder "Momo"
[2026-04-19T13:24:33.889Z] 
════════════════════════════════════════════════════════════
[2026-04-19T13:24:33.890Z]   E-Hentai Gallery Crawler
[2026-04-19T13:24:33.890Z]   Target: https://e-hentai.org/s/c4071e32ec/3831061-1
[2026-04-19T13:24:33.891Z]   Photo folder: Toki
[2026-04-19T13:24:33.891Z]   Output: Toki.json
[2026-04-19T13:24:33.891Z]   Log:    log.log
[2026-04-19T13:24:33.891Z] ════════════════════════════════════════════════════════════
[2026-04-19T13:24:33.891Z] [NAV] Chuyển đến https://e-hentai.org/s/c4071e32ec/3831061-1 ...
[2026-04-19T13:24:38.331Z] [VIEWER] Bắt đầu crawl từ ảnh đầu tiên...
[2026-04-19T13:24:41.091Z] [DOWNLOADED] edit_1.webp | https://e-hentai.org/s/c4071e32ec/3831061-1
[2026-04-19T13:24:41.092Z] [+] #1 | edit_1.webp
[2026-04-19T13:24:43.680Z] [DOWNLOADED] edit_2.webp | https://e-hentai.org/s/b9ba52e648/3831061-2
[2026-04-19T13:24:43.681Z] [+] #2 | edit_2.webp
[2026-04-19T13:24:46.043Z] [DOWNLOADED] edit_3.webp | https://e-hentai.org/s/e551fbc362/3831061-3
[2026-04-19T13:24:46.043Z] [+] #3 | edit_3.webp
[2026-04-19T13:24:48.486Z] [DOWNLOADED] edit_4.webp | https://e-hentai.org/s/e242197fa9/3831061-4
[2026-04-19T13:24:48.488Z] [+] #4 | edit_4.webp
[2026-04-19T13:24:52.959Z] [DOWNLOADED] edit_5.webp | https://e-hentai.org/s/a097867399/3831061-5
[2026-04-19T13:24:52.959Z] [+] #5 | edit_5.webp
[2026-04-19T13:24:55.068Z] [DOWNLOADED] edit_6.webp | https://e-hentai.org/s/2e64e4e47a/3831061-6
[2026-04-19T13:24:55.069Z] [+] #6 | edit_6.webp
[2026-04-19T13:24:58.571Z] [DOWNLOADED] edit_7.webp | https://e-hentai.org/s/fe5a91ba22/3831061-7
[2026-04-19T13:24:58.572Z] [+] #7 | edit_7.webp
[2026-04-19T13:25:01.982Z] [DOWNLOADED] edit_8.webp | https://e-hentai.org/s/c7bfe53014/3831061-8
[2026-04-19T13:25:01.982Z] [+] #8 | edit_8.webp
[2026-04-19T13:25:04.319Z] [DOWNLOADED] edit_9.webp | https://e-hentai.org/s/fa9b35a494/3831061-9
[2026-04-19T13:25:04.320Z] [+] #9 | edit_9.webp
[2026-04-19T13:25:06.801Z] [DOWNLOADED] edit_10.webp | https://e-hentai.org/s/cc702b35bf/3831061-10
[2026-04-19T13:25:06.802Z] [+] #10 | edit_10.webp
[2026-04-19T13:25:09.042Z] [DOWNLOADED] edit_11.webp | https://e-hentai.org/s/f44bb95fac/3831061-11
[2026-04-19T13:25:09.043Z] [+] #11 | edit_11.webp
[2026-04-19T13:25:11.024Z] [DOWNLOADED] edit_12.webp | https://e-hentai.org/s/c3a3b73300/3831061-12
[2026-04-19T13:25:11.024Z] [+] #12 | edit_12.webp
[2026-04-19T13:25:13.455Z] [DOWNLOADED] edit_13.webp | https://e-hentai.org/s/2b69f4757d/3831061-13
[2026-04-19T13:25:13.457Z] [+] #13 | edit_13.webp
[2026-04-19T13:25:15.947Z] [DOWNLOADED] edit_14.webp | https://e-hentai.org/s/74d9f72f76/3831061-14
[2026-04-19T13:25:15.948Z] [+] #14 | edit_14.webp
[2026-04-19T13:25:17.946Z] [DOWNLOADED] edit_15.webp | https://e-hentai.org/s/154e52140e/3831061-15
[2026-04-19T13:25:17.947Z] [+] #15 | edit_15.webp
[2026-04-19T13:25:20.528Z] [DOWNLOADED] edit_16.webp | https://e-hentai.org/s/eec5a9b839/3831061-16
[2026-04-19T13:25:20.529Z] [+] #16 | edit_16.webp
[2026-04-19T13:25:22.816Z] [DOWNLOADED] edit_17.webp | https://e-hentai.org/s/f4d23b6409/3831061-17
[2026-04-19T13:25:22.817Z] [+] #17 | edit_17.webp
[2026-04-19T13:25:25.142Z] [DOWNLOADED] edit_18.webp | https://e-hentai.org/s/8482ae0890/3831061-18
[2026-04-19T13:25:25.142Z] [+] #18 | edit_18.webp
[2026-04-19T13:25:28.094Z] [DOWNLOADED] edit_19.webp | https://e-hentai.org/s/8b43755a4c/3831061-19
[2026-04-19T13:25:28.094Z] [+] #19 | edit_19.webp
[2026-04-19T13:25:30.660Z] [DOWNLOADED] edit_20.webp | https://e-hentai.org/s/349346c283/3831061-20
[2026-04-19T13:25:30.661Z] [+] #20 | edit_20.webp
[2026-04-19T13:25:30.973Z] [VIEWER] Round 20 | Collected: 20
[2026-04-19T13:25:32.937Z] [DOWNLOADED] edit_21.webp | https://e-hentai.org/s/40a81e32c1/3831061-21
[2026-04-19T13:25:32.938Z] [+] #21 | edit_21.webp
[2026-04-19T13:25:35.396Z] [DOWNLOADED] edit_22.webp | https://e-hentai.org/s/f2d327a865/3831061-22
[2026-04-19T13:25:35.396Z] [+] #22 | edit_22.webp
[2026-04-19T13:25:37.646Z] [DOWNLOADED] edit_23.webp | https://e-hentai.org/s/e827e150a9/3831061-23
[2026-04-19T13:25:37.647Z] [+] #23 | edit_23.webp
[2026-04-19T13:25:39.815Z] [DOWNLOADED] edit_24.webp | https://e-hentai.org/s/3325eead34/3831061-24
[2026-04-19T13:25:39.816Z] [+] #24 | edit_24.webp
[2026-04-19T13:25:42.249Z] [DOWNLOADED] edit_25.webp | https://e-hentai.org/s/eb1617c51d/3831061-25
[2026-04-19T13:25:42.250Z] [+] #25 | edit_25.webp
[2026-04-19T13:25:44.543Z] [DOWNLOADED] edit_26.webp | https://e-hentai.org/s/89bbf2bb7c/3831061-26
[2026-04-19T13:25:44.543Z] [+] #26 | edit_26.webp
[2026-04-19T13:25:46.627Z] [DOWNLOADED] edit_27.webp | https://e-hentai.org/s/4b6eac800e/3831061-27
[2026-04-19T13:25:46.628Z] [+] #27 | edit_27.webp
[2026-04-19T13:25:48.883Z] [DOWNLOADED] edit_28.webp | https://e-hentai.org/s/dbc6911a50/3831061-28
[2026-04-19T13:25:48.885Z] [+] #28 | edit_28.webp
[2026-04-19T13:25:51.197Z] [DOWNLOADED] edit_29.webp | https://e-hentai.org/s/6390190f36/3831061-29
[2026-04-19T13:25:51.198Z] [+] #29 | edit_29.webp
[2026-04-19T13:25:53.428Z] [DOWNLOADED] edit_30.webp | https://e-hentai.org/s/c679e509e9/3831061-30
[2026-04-19T13:25:53.429Z] [+] #30 | edit_30.webp
[2026-04-19T13:25:55.806Z] [DOWNLOADED] edit_31.webp | https://e-hentai.org/s/f6f81d9789/3831061-31
[2026-04-19T13:25:55.807Z] [+] #31 | edit_31.webp
[2026-04-19T13:25:57.768Z] [DOWNLOADED] edit_32.webp | https://e-hentai.org/s/a6291dcba1/3831061-32
[2026-04-19T13:25:57.769Z] [+] #32 | edit_32.webp
[2026-04-19T13:26:00.081Z] [DOWNLOADED] edit_33.webp | https://e-hentai.org/s/abec8560ef/3831061-33
[2026-04-19T13:26:00.082Z] [+] #33 | edit_33.webp
[2026-04-19T13:26:02.159Z] [DOWNLOADED] edit_34.webp | https://e-hentai.org/s/c78920ad2d/3831061-34
[2026-04-19T13:26:02.161Z] [+] #34 | edit_34.webp
[2026-04-19T13:26:04.799Z] [DOWNLOADED] edit_35.webp | https://e-hentai.org/s/c0a15352b0/3831061-35
[2026-04-19T13:26:04.800Z] [+] #35 | edit_35.webp
[2026-04-19T13:26:07.168Z] [DOWNLOADED] edit_36.webp | https://e-hentai.org/s/bd88d1b3fb/3831061-36
[2026-04-19T13:26:07.169Z] [+] #36 | edit_36.webp
[2026-04-19T13:26:20.889Z] [DOWNLOADED] edit_37.webp | https://e-hentai.org/s/979d85a991/3831061-37
[2026-04-19T13:26:20.890Z] [+] #37 | edit_37.webp
[2026-04-19T13:26:23.377Z] [DOWNLOADED] edit_38.webp | https://e-hentai.org/s/19dfa4377a/3831061-38
[2026-04-19T13:26:23.379Z] [+] #38 | edit_38.webp
[2026-04-19T13:26:25.390Z] [DOWNLOADED] edit_39.webp | https://e-hentai.org/s/5d6164a5aa/3831061-39
[2026-04-19T13:26:25.391Z] [+] #39 | edit_39.webp
[2026-04-19T13:26:27.838Z] [DOWNLOADED] edit_40.webp | https://e-hentai.org/s/8c3f5c5a1c/3831061-40
[2026-04-19T13:26:27.839Z] [+] #40 | edit_40.webp
[2026-04-19T13:26:28.159Z] [VIEWER] Round 40 | Collected: 40
[2026-04-19T13:26:31.038Z] [DOWNLOADED] selfie_1.webp | https://e-hentai.org/s/b9a398a303/3831061-41
[2026-04-19T13:26:31.038Z] [+] #41 | selfie_1.webp
[2026-04-19T13:26:33.552Z] [DOWNLOADED] selfie_2.webp | https://e-hentai.org/s/b879e4dc1e/3831061-42
[2026-04-19T13:26:33.554Z] [+] #42 | selfie_2.webp
[2026-04-19T13:26:35.688Z] [DOWNLOADED] selfie_3.webp | https://e-hentai.org/s/aef89de517/3831061-43
[2026-04-19T13:26:35.689Z] [+] #43 | selfie_3.webp
[2026-04-19T13:26:39.119Z] [DOWNLOADED] selfie_4.webp | https://e-hentai.org/s/79d44fd3e0/3831061-44
[2026-04-19T13:26:39.119Z] [+] #44 | selfie_4.webp
[2026-04-19T13:26:41.306Z] [DOWNLOADED] selfie_5.webp | https://e-hentai.org/s/c82ccb6865/3831061-45
[2026-04-19T13:26:41.307Z] [+] #45 | selfie_5.webp
[2026-04-19T13:26:43.659Z] [DOWNLOADED] selfie_6.webp | https://e-hentai.org/s/accdf1fa85/3831061-46
[2026-04-19T13:26:43.660Z] [+] #46 | selfie_6.webp
[2026-04-19T13:26:47.064Z] [DOWNLOADED] selfie_7.webp | https://e-hentai.org/s/3e92dfc9a8/3831061-47
[2026-04-19T13:26:47.066Z] [+] #47 | selfie_7.webp
[2026-04-19T13:26:49.304Z] [DOWNLOADED] selfie_8.webp | https://e-hentai.org/s/0800f2f2e5/3831061-48
[2026-04-19T13:26:49.306Z] [+] #48 | selfie_8.webp
[2026-04-19T13:26:51.677Z] [DOWNLOADED] selfie_9.webp | https://e-hentai.org/s/46990e33e9/3831061-49
[2026-04-19T13:26:51.678Z] [+] #49 | selfie_9.webp
[2026-04-19T13:26:54.295Z] [DOWNLOADED] selfie_10.webp | https://e-hentai.org/s/9e90044913/3831061-50
[2026-04-19T13:26:54.296Z] [+] #50 | selfie_10.webp
[2026-04-19T13:26:56.321Z] [DOWNLOADED] selfie_11.webp | https://e-hentai.org/s/d8753ea430/3831061-51
[2026-04-19T13:26:56.322Z] [+] #51 | selfie_11.webp
[2026-04-19T13:26:58.956Z] [DOWNLOADED] selfie_12.webp | https://e-hentai.org/s/82eb55fb10/3831061-52
[2026-04-19T13:26:58.958Z] [+] #52 | selfie_12.webp
[2026-04-19T13:27:01.590Z] [DOWNLOADED] selfie_13.webp | https://e-hentai.org/s/e1cd307639/3831061-53
[2026-04-19T13:27:01.591Z] [+] #53 | selfie_13.webp
[2026-04-19T13:27:01.592Z] [VIEWER] Đã đến ảnh cuối cùng — dừng. Total: 53
[2026-04-19T13:27:01.700Z] ✅ Done! 53 ảnh đã tải và lưu vào folder "Toki"
[2026-04-19T13:33:55.745Z] 
════════════════════════════════════════════════════════════
[2026-04-19T13:33:55.747Z]   E-Hentai Gallery Crawler
[2026-04-19T13:33:55.747Z]   Target: https://e-hentai.org/s/55121e612b/3818115-1
[2026-04-19T13:33:55.747Z]   Photo folder: Jane-Doe
[2026-04-19T13:33:55.748Z]   Output: Jane-Doe.json
[2026-04-19T13:33:55.748Z]   Log:    log.log
[2026-04-19T13:33:55.748Z] ════════════════════════════════════════════════════════════
[2026-04-19T13:33:55.748Z] [NAV] Chuyển đến https://e-hentai.org/s/55121e612b/3818115-1 ...
[2026-04-19T13:34:00.134Z] [VIEWER] Bắt đầu crawl từ ảnh đầu tiên...
[2026-04-19T13:34:01.943Z] [DOWNLOADED] 1.webp | https://e-hentai.org/s/55121e612b/3818115-1
[2026-04-19T13:34:01.947Z] [+] #1 | 1.webp
[2026-04-19T13:34:04.655Z] [DOWNLOADED] 2.webp | https://e-hentai.org/s/a22de1e876/3818115-2
[2026-04-19T13:34:04.656Z] [+] #2 | 2.webp
[2026-04-19T13:34:07.100Z] [DOWNLOADED] 3.webp | https://e-hentai.org/s/ebf006ff57/3818115-3
[2026-04-19T13:34:07.101Z] [+] #3 | 3.webp
[2026-04-19T13:34:09.530Z] [DOWNLOADED] 4.webp | https://e-hentai.org/s/af82d4be56/3818115-4
[2026-04-19T13:34:09.531Z] [+] #4 | 4.webp
[2026-04-19T13:34:11.963Z] [DOWNLOADED] 5.webp | https://e-hentai.org/s/a00b119799/3818115-5
[2026-04-19T13:34:11.964Z] [+] #5 | 5.webp
[2026-04-19T13:34:14.436Z] [DOWNLOADED] 6.webp | https://e-hentai.org/s/cbd7e1cc94/3818115-6
[2026-04-19T13:34:14.437Z] [+] #6 | 6.webp
[2026-04-19T13:34:16.392Z] [DOWNLOADED] 7.webp | https://e-hentai.org/s/edd20bf100/3818115-7
[2026-04-19T13:34:16.393Z] [+] #7 | 7.webp
[2026-04-19T13:34:18.789Z] [DOWNLOADED] 8.webp | https://e-hentai.org/s/84fe9dcaf0/3818115-8
[2026-04-19T13:34:18.790Z] [+] #8 | 8.webp
[2026-04-19T13:34:21.489Z] [DOWNLOADED] 9.webp | https://e-hentai.org/s/7e92b88b2c/3818115-9
[2026-04-19T13:34:21.491Z] [+] #9 | 9.webp
[2026-04-19T13:34:23.734Z] [DOWNLOADED] 10.webp | https://e-hentai.org/s/c2ddaf16c5/3818115-10
[2026-04-19T13:34:23.735Z] [+] #10 | 10.webp
[2026-04-19T13:34:25.951Z] [DOWNLOADED] 11.webp | https://e-hentai.org/s/8aacd20780/3818115-11
[2026-04-19T13:34:25.952Z] [+] #11 | 11.webp
[2026-04-19T13:34:28.206Z] [DOWNLOADED] 12.webp | https://e-hentai.org/s/acb9637d44/3818115-12
[2026-04-19T13:34:28.207Z] [+] #12 | 12.webp
[2026-04-19T13:34:30.615Z] [DOWNLOADED] 13.webp | https://e-hentai.org/s/84078f2cb8/3818115-13
[2026-04-19T13:34:30.616Z] [+] #13 | 13.webp
[2026-04-19T13:34:32.878Z] [DOWNLOADED] 14.webp | https://e-hentai.org/s/5430859965/3818115-14
[2026-04-19T13:34:32.879Z] [+] #14 | 14.webp
[2026-04-19T13:34:35.688Z] [DOWNLOADED] 15.webp | https://e-hentai.org/s/61d66012b0/3818115-15
[2026-04-19T13:34:35.689Z] [+] #15 | 15.webp
[2026-04-19T13:34:37.992Z] [DOWNLOADED] 16.webp | https://e-hentai.org/s/978c0bd964/3818115-16
[2026-04-19T13:34:37.992Z] [+] #16 | 16.webp
[2026-04-19T13:34:40.311Z] [DOWNLOADED] 17.webp | https://e-hentai.org/s/d8d84bbb7b/3818115-17
[2026-04-19T13:34:40.312Z] [+] #17 | 17.webp
[2026-04-19T13:34:42.329Z] [DOWNLOADED] 18.webp | https://e-hentai.org/s/1945c5806a/3818115-18
[2026-04-19T13:34:42.329Z] [+] #18 | 18.webp
[2026-04-19T13:34:44.537Z] [DOWNLOADED] 19.webp | https://e-hentai.org/s/cd8d7a43c5/3818115-19
[2026-04-19T13:34:44.538Z] [+] #19 | 19.webp
[2026-04-19T13:34:47.072Z] [DOWNLOADED] 20.webp | https://e-hentai.org/s/ae93be4d58/3818115-20
[2026-04-19T13:34:47.073Z] [+] #20 | 20.webp
[2026-04-19T13:34:47.370Z] [VIEWER] Round 20 | Collected: 20
[2026-04-19T13:34:49.363Z] [DOWNLOADED] 21.webp | https://e-hentai.org/s/75da69281e/3818115-21
[2026-04-19T13:34:49.364Z] [+] #21 | 21.webp
[2026-04-19T13:34:51.851Z] [DOWNLOADED] 22.webp | https://e-hentai.org/s/151da585d4/3818115-22
[2026-04-19T13:34:51.851Z] [+] #22 | 22.webp
[2026-04-19T13:34:54.053Z] [DOWNLOADED] 23.webp | https://e-hentai.org/s/dfacd9c769/3818115-23
[2026-04-19T13:34:54.054Z] [+] #23 | 23.webp
[2026-04-19T13:34:56.114Z] [DOWNLOADED] 24.webp | https://e-hentai.org/s/896ec2de0d/3818115-24
[2026-04-19T13:34:56.115Z] [+] #24 | 24.webp
[2026-04-19T13:34:58.328Z] [DOWNLOADED] 25.webp | https://e-hentai.org/s/2a2cc8d64e/3818115-25
[2026-04-19T13:34:58.330Z] [+] #25 | 25.webp
[2026-04-19T13:34:58.330Z] [VIEWER] Đã đến ảnh cuối cùng — dừng. Total: 25
[2026-04-19T13:34:58.435Z] ✅ Done! 25 ảnh đã tải và lưu vào folder "Jane-Doe"
[2026-04-19T13:35:09.147Z] 
════════════════════════════════════════════════════════════
[2026-04-19T13:35:09.148Z]   E-Hentai Gallery Crawler
[2026-04-19T13:35:09.149Z]   Target: https://e-hentai.org/s/d2c49a9b07/3827373-1
[2026-04-19T13:35:09.149Z]   Photo folder: Asuka
[2026-04-19T13:35:09.149Z]   Output: Asuka.json
[2026-04-19T13:35:09.149Z]   Log:    log.log
[2026-04-19T13:35:09.149Z] ════════════════════════════════════════════════════════════
[2026-04-19T13:35:09.149Z] [NAV] Chuyển đến https://e-hentai.org/s/d2c49a9b07/3827373-1 ...
[2026-04-19T13:35:13.520Z] [VIEWER] Bắt đầu crawl từ ảnh đầu tiên...
[2026-04-19T13:35:16.482Z] [DOWNLOADED] _1.webp | https://e-hentai.org/s/d2c49a9b07/3827373-1
[2026-04-19T13:35:16.485Z] [+] #1 | _1.webp
[2026-04-19T13:35:19.105Z] [DOWNLOADED] _2.webp | https://e-hentai.org/s/0e2590b453/3827373-2
[2026-04-19T13:35:19.106Z] [+] #2 | _2.webp
[2026-04-19T13:35:21.545Z] [DOWNLOADED] _3.webp | https://e-hentai.org/s/9529c6aa45/3827373-3
[2026-04-19T13:35:21.545Z] [+] #3 | _3.webp
[2026-04-19T13:35:24.123Z] [DOWNLOADED] _4.webp | https://e-hentai.org/s/eb550e8391/3827373-4
[2026-04-19T13:35:24.123Z] [+] #4 | _4.webp
[2026-04-19T13:35:26.470Z] [DOWNLOADED] _5.webp | https://e-hentai.org/s/94dc8979cb/3827373-5
[2026-04-19T13:35:26.470Z] [+] #5 | _5.webp
[2026-04-19T13:35:28.870Z] [DOWNLOADED] _6.webp | https://e-hentai.org/s/8250da1996/3827373-6
[2026-04-19T13:35:28.870Z] [+] #6 | _6.webp
[2026-04-19T13:35:30.846Z] [DOWNLOADED] _7.webp | https://e-hentai.org/s/02b145b46b/3827373-7
[2026-04-19T13:35:30.847Z] [+] #7 | _7.webp
[2026-04-19T13:35:33.501Z] [DOWNLOADED] _8.webp | https://e-hentai.org/s/fbc404b351/3827373-8
[2026-04-19T13:35:33.501Z] [+] #8 | _8.webp
[2026-04-19T13:35:36.192Z] [DOWNLOADED] _9.webp | https://e-hentai.org/s/a1b6d6eae6/3827373-9
[2026-04-19T13:35:36.193Z] [+] #9 | _9.webp
[2026-04-19T13:35:38.290Z] [DOWNLOADED] _10.webp | https://e-hentai.org/s/ecf76712cf/3827373-10
[2026-04-19T13:35:38.291Z] [+] #10 | _10.webp
[2026-04-19T13:35:41.338Z] [DOWNLOADED] _11.webp | https://e-hentai.org/s/ca3ea14c96/3827373-11
[2026-04-19T13:35:41.338Z] [+] #11 | _11.webp
[2026-04-19T13:35:43.537Z] [DOWNLOADED] _12.webp | https://e-hentai.org/s/c100e15da7/3827373-12
[2026-04-19T13:35:43.538Z] [+] #12 | _12.webp
[2026-04-19T13:35:45.624Z] [DOWNLOADED] _13.webp | https://e-hentai.org/s/78efa547f5/3827373-13
[2026-04-19T13:35:45.625Z] [+] #13 | _13.webp
[2026-04-19T13:35:47.940Z] [DOWNLOADED] _14.webp | https://e-hentai.org/s/97ca8c86b2/3827373-14
[2026-04-19T13:35:47.941Z] [+] #14 | _14.webp
[2026-04-19T13:35:50.126Z] [DOWNLOADED] _15.webp | https://e-hentai.org/s/9a6fc8539d/3827373-15
[2026-04-19T13:35:50.127Z] [+] #15 | _15.webp
[2026-04-19T13:35:53.791Z] [DOWNLOADED] _16.webp | https://e-hentai.org/s/7beb78d8cf/3827373-16
[2026-04-19T13:35:53.792Z] [+] #16 | _16.webp
[2026-04-19T13:35:55.813Z] [DOWNLOADED] _17.webp | https://e-hentai.org/s/2f3ab23832/3827373-17
[2026-04-19T13:35:55.813Z] [+] #17 | _17.webp
[2026-04-19T13:35:58.163Z] [DOWNLOADED] _18.webp | https://e-hentai.org/s/c389017c30/3827373-18
[2026-04-19T13:35:58.164Z] [+] #18 | _18.webp
[2026-04-19T13:36:00.888Z] [DOWNLOADED] _19.webp | https://e-hentai.org/s/6b11ac0a53/3827373-19
[2026-04-19T13:36:00.889Z] [+] #19 | _19.webp
[2026-04-19T13:36:02.901Z] [DOWNLOADED] _20.webp | https://e-hentai.org/s/609c72e319/3827373-20
[2026-04-19T13:36:02.902Z] [+] #20 | _20.webp
[2026-04-19T13:36:03.192Z] [VIEWER] Round 20 | Collected: 20
[2026-04-19T13:36:05.098Z] [DOWNLOADED] _21.webp | https://e-hentai.org/s/f179a45c9d/3827373-21
[2026-04-19T13:36:05.099Z] [+] #21 | _21.webp
[2026-04-19T13:36:07.435Z] [DOWNLOADED] _22.webp | https://e-hentai.org/s/e2cff5485c/3827373-22
[2026-04-19T13:36:07.436Z] [+] #22 | _22.webp
[2026-04-19T13:36:09.684Z] [DOWNLOADED] _23.webp | https://e-hentai.org/s/1093e3c3d8/3827373-23
[2026-04-19T13:36:09.685Z] [+] #23 | _23.webp
[2026-04-19T13:36:11.879Z] [DOWNLOADED] _24.webp | https://e-hentai.org/s/f79329e5bd/3827373-24
[2026-04-19T13:36:11.880Z] [+] #24 | _24.webp
[2026-04-19T13:36:14.143Z] [DOWNLOADED] _25.webp | https://e-hentai.org/s/eb12f1330c/3827373-25
[2026-04-19T13:36:14.144Z] [+] #25 | _25.webp
[2026-04-19T13:36:16.460Z] [DOWNLOADED] _26.webp | https://e-hentai.org/s/a5500c8d5d/3827373-26
[2026-04-19T13:36:16.460Z] [+] #26 | _26.webp
[2026-04-19T13:36:18.751Z] [DOWNLOADED] _27.webp | https://e-hentai.org/s/34694af3f8/3827373-27
[2026-04-19T13:36:18.752Z] [+] #27 | _27.webp
[2026-04-19T13:36:21.149Z] [DOWNLOADED] _28.webp | https://e-hentai.org/s/4776e6be6a/3827373-28
[2026-04-19T13:36:21.150Z] [+] #28 | _28.webp
[2026-04-19T13:36:23.371Z] [DOWNLOADED] _29.webp | https://e-hentai.org/s/6e1ca88627/3827373-29
[2026-04-19T13:36:23.372Z] [+] #29 | _29.webp
[2026-04-19T13:36:25.351Z] [DOWNLOADED] _30.webp | https://e-hentai.org/s/328613a68d/3827373-30
[2026-04-19T13:36:25.352Z] [+] #30 | _30.webp
[2026-04-19T13:36:27.493Z] [DOWNLOADED] _31.webp | https://e-hentai.org/s/26684ea6cc/3827373-31
[2026-04-19T13:36:27.494Z] [+] #31 | _31.webp
[2026-04-19T13:36:29.720Z] [DOWNLOADED] _32.webp | https://e-hentai.org/s/452c6f44b8/3827373-32
[2026-04-19T13:36:29.721Z] [+] #32 | _32.webp
[2026-04-19T13:36:32.466Z] [DOWNLOADED] _33.webp | https://e-hentai.org/s/a54e8ef9b9/3827373-33
[2026-04-19T13:36:32.468Z] [+] #33 | _33.webp
[2026-04-19T13:36:34.436Z] [DOWNLOADED] _34.webp | https://e-hentai.org/s/046fe320ba/3827373-34
[2026-04-19T13:36:34.437Z] [+] #34 | _34.webp
[2026-04-19T13:36:36.643Z] [DOWNLOADED] _35.webp | https://e-hentai.org/s/d153c56dd8/3827373-35
[2026-04-19T13:36:36.643Z] [+] #35 | _35.webp
[2026-04-19T13:36:39.067Z] [DOWNLOADED] _36.webp | https://e-hentai.org/s/536b13d94b/3827373-36
[2026-04-19T13:36:39.068Z] [+] #36 | _36.webp
[2026-04-19T13:36:41.501Z] [DOWNLOADED] _37.webp | https://e-hentai.org/s/5443444e93/3827373-37
[2026-04-19T13:36:41.501Z] [+] #37 | _37.webp
[2026-04-19T13:36:43.801Z] [DOWNLOADED] _38.webp | https://e-hentai.org/s/b9d4375002/3827373-38
[2026-04-19T13:36:43.802Z] [+] #38 | _38.webp
[2026-04-19T13:36:46.053Z] [DOWNLOADED] _39.webp | https://e-hentai.org/s/52b2ecda2d/3827373-39
[2026-04-19T13:36:46.053Z] [+] #39 | _39.webp
[2026-04-19T13:36:48.459Z] [DOWNLOADED] _40.webp | https://e-hentai.org/s/1db8c24062/3827373-40
[2026-04-19T13:36:48.459Z] [+] #40 | _40.webp
[2026-04-19T13:36:48.729Z] [VIEWER] Round 40 | Collected: 40
[2026-04-19T13:36:51.864Z] [DOWNLOADED] _41.webp | https://e-hentai.org/s/5abe841739/3827373-41
[2026-04-19T13:36:51.864Z] [+] #41 | _41.webp
[2026-04-19T13:36:54.254Z] [DOWNLOADED] _42.webp | https://e-hentai.org/s/a0ad6c1893/3827373-42
[2026-04-19T13:36:54.255Z] [+] #42 | _42.webp
[2026-04-19T13:36:56.312Z] [DOWNLOADED] _43.webp | https://e-hentai.org/s/ef8f485ec0/3827373-43
[2026-04-19T13:36:56.314Z] [+] #43 | _43.webp
[2026-04-19T13:36:59.424Z] [DOWNLOADED] _44.webp | https://e-hentai.org/s/1eecc9d84e/3827373-44
[2026-04-19T13:36:59.425Z] [+] #44 | _44.webp
[2026-04-19T13:37:01.928Z] [DOWNLOADED] _45.webp | https://e-hentai.org/s/aea66c54eb/3827373-45
[2026-04-19T13:37:01.928Z] [+] #45 | _45.webp
[2026-04-19T13:37:04.310Z] [DOWNLOADED] _46.webp | https://e-hentai.org/s/99c51fbf91/3827373-46
[2026-04-19T13:37:04.311Z] [+] #46 | _46.webp
[2026-04-19T13:37:06.537Z] [DOWNLOADED] _47.webp | https://e-hentai.org/s/3d25d50d5d/3827373-47
[2026-04-19T13:37:06.538Z] [+] #47 | _47.webp
[2026-04-19T13:37:08.854Z] [DOWNLOADED] _48.webp | https://e-hentai.org/s/d7d47a3607/3827373-48
[2026-04-19T13:37:08.855Z] [+] #48 | _48.webp
[2026-04-19T13:37:11.201Z] [DOWNLOADED] _49.webp | https://e-hentai.org/s/fd6e4f1124/3827373-49
[2026-04-19T13:37:11.202Z] [+] #49 | _49.webp
[2026-04-19T13:37:13.625Z] [DOWNLOADED] _50.webp | https://e-hentai.org/s/724eb570e0/3827373-50
[2026-04-19T13:37:13.625Z] [+] #50 | _50.webp
[2026-04-19T13:37:15.673Z] [DOWNLOADED] _51.webp | https://e-hentai.org/s/a71d9af5c3/3827373-51
[2026-04-19T13:37:15.674Z] [+] #51 | _51.webp
[2026-04-19T13:37:17.748Z] [DOWNLOADED] _52.webp | https://e-hentai.org/s/eb4b390e17/3827373-52
[2026-04-19T13:37:17.750Z] [+] #52 | _52.webp
[2026-04-19T13:37:19.816Z] [DOWNLOADED] _53.webp | https://e-hentai.org/s/9875b5cdee/3827373-53
[2026-04-19T13:37:19.816Z] [+] #53 | _53.webp
[2026-04-19T13:37:21.853Z] [DOWNLOADED] _54.webp | https://e-hentai.org/s/8a40ea781b/3827373-54
[2026-04-19T13:37:21.854Z] [+] #54 | _54.webp
[2026-04-19T13:37:24.379Z] [DOWNLOADED] _55.webp | https://e-hentai.org/s/bfcaee409c/3827373-55
[2026-04-19T13:37:24.381Z] [+] #55 | _55.webp
[2026-04-19T13:37:26.545Z] [DOWNLOADED] _56.webp | https://e-hentai.org/s/fa6c2dae19/3827373-56
[2026-04-19T13:37:26.546Z] [+] #56 | _56.webp
[2026-04-19T13:37:29.092Z] [DOWNLOADED] _57.webp | https://e-hentai.org/s/883a0f447a/3827373-57
[2026-04-19T13:37:29.093Z] [+] #57 | _57.webp
[2026-04-19T13:37:31.847Z] [DOWNLOADED] _58.webp | https://e-hentai.org/s/5e4d777b26/3827373-58
[2026-04-19T13:37:31.848Z] [+] #58 | _58.webp
[2026-04-19T13:37:31.849Z] [VIEWER] Đã đến ảnh cuối cùng — dừng. Total: 58
[2026-04-19T13:37:31.953Z] ✅ Done! 58 ảnh đã tải và lưu vào folder "Asuka"
[2026-04-19T13:37:39.929Z] 
════════════════════════════════════════════════════════════
[2026-04-19T13:37:39.931Z]   E-Hentai Gallery Crawler
[2026-04-19T13:37:39.931Z]   Target: https://e-hentai.org/s/312fa1ea51/3816409-1
[2026-04-19T13:37:39.931Z]   Photo folder: Elegg
[2026-04-19T13:37:39.931Z]   Output: Elegg.json
[2026-04-19T13:37:39.931Z]   Log:    log.log
[2026-04-19T13:37:39.931Z] ════════════════════════════════════════════════════════════
[2026-04-19T13:37:39.931Z] [NAV] Chuyển đến https://e-hentai.org/s/312fa1ea51/3816409-1 ...
[2026-04-19T13:37:44.309Z] [VIEWER] Bắt đầu crawl từ ảnh đầu tiên...
[2026-04-19T13:37:46.185Z] [DOWNLOADED] 1.webp | https://e-hentai.org/s/312fa1ea51/3816409-1
[2026-04-19T13:37:46.187Z] [+] #1 | 1.webp
[2026-04-19T13:37:48.669Z] [DOWNLOADED] 2.webp | https://e-hentai.org/s/2650ab268e/3816409-2
[2026-04-19T13:37:48.670Z] [+] #2 | 2.webp
[2026-04-19T13:37:51.012Z] [DOWNLOADED] 3.webp | https://e-hentai.org/s/14ecaa33db/3816409-3
[2026-04-19T13:37:51.013Z] [+] #3 | 3.webp
[2026-04-19T13:37:53.363Z] [DOWNLOADED] 4.webp | https://e-hentai.org/s/7cc37ac5c3/3816409-4
[2026-04-19T13:37:53.364Z] [+] #4 | 4.webp
[2026-04-19T13:37:55.556Z] [DOWNLOADED] 5.webp | https://e-hentai.org/s/a192a4795a/3816409-5
[2026-04-19T13:37:55.557Z] [+] #5 | 5.webp
[2026-04-19T13:37:58.154Z] [DOWNLOADED] 6.webp | https://e-hentai.org/s/2e16969618/3816409-6
[2026-04-19T13:37:58.154Z] [+] #6 | 6.webp
[2026-04-19T13:38:00.495Z] [DOWNLOADED] 7.webp | https://e-hentai.org/s/6250853024/3816409-7
[2026-04-19T13:38:00.496Z] [+] #7 | 7.webp
[2026-04-19T13:38:02.517Z] [DOWNLOADED] 8.webp | https://e-hentai.org/s/b3f4d36569/3816409-8
[2026-04-19T13:38:02.518Z] [+] #8 | 8.webp
[2026-04-19T13:38:04.994Z] [DOWNLOADED] 9.webp | https://e-hentai.org/s/4cd2635b11/3816409-9
[2026-04-19T13:38:04.994Z] [+] #9 | 9.webp
[2026-04-19T13:38:07.191Z] [DOWNLOADED] 10.webp | https://e-hentai.org/s/039a17898f/3816409-10
[2026-04-19T13:38:07.192Z] [+] #10 | 10.webp
[2026-04-19T13:38:09.575Z] [DOWNLOADED] 11.webp | https://e-hentai.org/s/9a5b2a5f17/3816409-11
[2026-04-19T13:38:09.576Z] [+] #11 | 11.webp
[2026-04-19T13:38:12.450Z] [DOWNLOADED] 12.webp | https://e-hentai.org/s/1845237de1/3816409-12
[2026-04-19T13:38:12.450Z] [+] #12 | 12.webp
[2026-04-19T13:38:17.589Z] [DOWNLOADED] 13.webp | https://e-hentai.org/s/0bd2ff1fa1/3816409-13
[2026-04-19T13:38:17.590Z] [+] #13 | 13.webp
[2026-04-19T13:38:20.044Z] [DOWNLOADED] 14.webp | https://e-hentai.org/s/fc3a6e15a7/3816409-14
[2026-04-19T13:38:20.045Z] [+] #14 | 14.webp
[2026-04-19T13:38:22.720Z] [DOWNLOADED] 151.webp | https://e-hentai.org/s/7af71f8cf5/3816409-15
[2026-04-19T13:38:22.721Z] [+] #15 | 151.webp
[2026-04-19T13:38:24.933Z] [DOWNLOADED] 15.webp | https://e-hentai.org/s/b9d119dfc1/3816409-16
[2026-04-19T13:38:24.934Z] [+] #16 | 15.webp
[2026-04-19T13:38:27.143Z] [DOWNLOADED] 16.webp | https://e-hentai.org/s/f256bd52e8/3816409-17
[2026-04-19T13:38:27.143Z] [+] #17 | 16.webp
[2026-04-19T13:38:29.472Z] [DOWNLOADED] 17.webp | https://e-hentai.org/s/60d9ef697a/3816409-18
[2026-04-19T13:38:29.472Z] [+] #18 | 17.webp
[2026-04-19T13:38:31.725Z] [DOWNLOADED] 18.webp | https://e-hentai.org/s/039e727359/3816409-19
[2026-04-19T13:38:31.726Z] [+] #19 | 18.webp
[2026-04-19T13:38:33.895Z] [DOWNLOADED] 19.webp | https://e-hentai.org/s/d13b685e65/3816409-20
[2026-04-19T13:38:33.895Z] [+] #20 | 19.webp
[2026-04-19T13:38:34.181Z] [VIEWER] Round 20 | Collected: 20
[2026-04-19T13:38:36.060Z] [DOWNLOADED] 20.webp | https://e-hentai.org/s/7f5b8e1817/3816409-21
[2026-04-19T13:38:36.060Z] [+] #21 | 20.webp
[2026-04-19T13:38:38.216Z] [DOWNLOADED] 21.webp | https://e-hentai.org/s/03edef14ca/3816409-22
[2026-04-19T13:38:38.216Z] [+] #22 | 21.webp
[2026-04-19T13:38:40.346Z] [DOWNLOADED] 22.webp | https://e-hentai.org/s/83fec5514e/3816409-23
[2026-04-19T13:38:40.347Z] [+] #23 | 22.webp
[2026-04-19T13:38:42.353Z] [DOWNLOADED] 23.webp | https://e-hentai.org/s/19c8486a98/3816409-24
[2026-04-19T13:38:42.353Z] [+] #24 | 23.webp
[2026-04-19T13:38:44.859Z] [DOWNLOADED] 24.webp | https://e-hentai.org/s/390bf30a3f/3816409-25
[2026-04-19T13:38:44.860Z] [+] #25 | 24.webp
[2026-04-19T13:38:47.353Z] [DOWNLOADED] 26.webp | https://e-hentai.org/s/a1247f4ae0/3816409-26
[2026-04-19T13:38:47.354Z] [+] #26 | 26.webp
[2026-04-19T13:38:49.654Z] [DOWNLOADED] 27.webp | https://e-hentai.org/s/6d34d4c759/3816409-27
[2026-04-19T13:38:49.655Z] [+] #27 | 27.webp
[2026-04-19T13:38:51.911Z] [DOWNLOADED] 28.webp | https://e-hentai.org/s/86d2ba8581/3816409-28
[2026-04-19T13:38:51.912Z] [+] #28 | 28.webp
[2026-04-19T13:38:54.293Z] [DOWNLOADED] 29.webp | https://e-hentai.org/s/84be5abb5b/3816409-29
[2026-04-19T13:38:54.294Z] [+] #29 | 29.webp
[2026-04-19T13:38:56.312Z] [DOWNLOADED] 30.webp | https://e-hentai.org/s/6b2f638624/3816409-30
[2026-04-19T13:38:56.313Z] [+] #30 | 30.webp
[2026-04-19T13:38:58.632Z] [DOWNLOADED] 31.webp | https://e-hentai.org/s/4a70ad6ab0/3816409-31
[2026-04-19T13:38:58.634Z] [+] #31 | 31.webp
[2026-04-19T13:39:00.920Z] [DOWNLOADED] 32.webp | https://e-hentai.org/s/9760911365/3816409-32
[2026-04-19T13:39:00.921Z] [+] #32 | 32.webp
[2026-04-19T13:39:03.134Z] [DOWNLOADED] 33.webp | https://e-hentai.org/s/c981a478ef/3816409-33
[2026-04-19T13:39:03.135Z] [+] #33 | 33.webp
[2026-04-19T13:39:05.261Z] [DOWNLOADED] 34.webp | https://e-hentai.org/s/164a51439b/3816409-34
[2026-04-19T13:39:05.261Z] [+] #34 | 34.webp
[2026-04-19T13:39:07.471Z] [DOWNLOADED] 35.webp | https://e-hentai.org/s/4ec7f2a4a8/3816409-35
[2026-04-19T13:39:07.472Z] [+] #35 | 35.webp
[2026-04-19T13:39:09.835Z] [DOWNLOADED] 36.webp | https://e-hentai.org/s/2037a76974/3816409-36
[2026-04-19T13:39:09.836Z] [+] #36 | 36.webp
[2026-04-19T13:39:11.992Z] [DOWNLOADED] 37.webp | https://e-hentai.org/s/f5a40a5ac3/3816409-37
[2026-04-19T13:39:11.993Z] [+] #37 | 37.webp
[2026-04-19T13:39:14.210Z] [DOWNLOADED] 38.webp | https://e-hentai.org/s/3f90cf0537/3816409-38
[2026-04-19T13:39:14.211Z] [+] #38 | 38.webp
[2026-04-19T13:39:16.434Z] [DOWNLOADED] 39.webp | https://e-hentai.org/s/1997e061f5/3816409-39
[2026-04-19T13:39:16.435Z] [+] #39 | 39.webp
[2026-04-19T13:39:18.404Z] [DOWNLOADED] 40.webp | https://e-hentai.org/s/0b76bd0518/3816409-40
[2026-04-19T13:39:18.405Z] [+] #40 | 40.webp
[2026-04-19T13:39:18.713Z] [VIEWER] Round 40 | Collected: 40
[2026-04-19T13:39:20.697Z] [DOWNLOADED] 41.webp | https://e-hentai.org/s/3368ccf6ef/3816409-41
[2026-04-19T13:39:20.698Z] [+] #41 | 41.webp
[2026-04-19T13:39:20.699Z] [VIEWER] Đã đến ảnh cuối cùng — dừng. Total: 41
[2026-04-19T13:39:20.796Z] ✅ Done! 41 ảnh đã tải và lưu vào folder "Elegg"
[2026-04-19T13:40:13.231Z] 
════════════════════════════════════════════════════════════
[2026-04-19T13:40:13.232Z]   E-Hentai Gallery Crawler
[2026-04-19T13:40:13.233Z]   Target: https://e-hentai.org/s/ccbabad8db/3733861-1
[2026-04-19T13:40:13.233Z]   Photo folder: Aglaea
[2026-04-19T13:40:13.233Z]   Output: Aglaea.json
[2026-04-19T13:40:13.233Z]   Log:    log.log
[2026-04-19T13:40:13.233Z] ════════════════════════════════════════════════════════════
[2026-04-19T13:40:13.233Z] [NAV] Chuyển đến https://e-hentai.org/s/ccbabad8db/3733861-1 ...
[2026-04-19T13:40:17.651Z] [VIEWER] Bắt đầu crawl từ ảnh đầu tiên...
[2026-04-19T13:40:20.015Z] [DOWNLOADED] _1.webp | https://e-hentai.org/s/ccbabad8db/3733861-1
[2026-04-19T13:40:20.016Z] [+] #1 | _1.webp
[2026-04-19T13:40:22.781Z] [DOWNLOADED] _2.webp | https://e-hentai.org/s/192175f168/3733861-2
[2026-04-19T13:40:22.782Z] [+] #2 | _2.webp
[2026-04-19T13:40:25.280Z] [DOWNLOADED] _3.webp | https://e-hentai.org/s/eaab99684f/3733861-3
[2026-04-19T13:40:25.281Z] [+] #3 | _3.webp
[2026-04-19T13:40:27.431Z] [DOWNLOADED] _4.webp | https://e-hentai.org/s/2dde029174/3733861-4
[2026-04-19T13:40:27.432Z] [+] #4 | _4.webp
[2026-04-19T13:40:30.101Z] [DOWNLOADED] _5.webp | https://e-hentai.org/s/963dbc585f/3733861-5
[2026-04-19T13:40:30.101Z] [+] #5 | _5.webp
[2026-04-19T13:40:32.460Z] [DOWNLOADED] _6.webp | https://e-hentai.org/s/977d01b1a3/3733861-6
[2026-04-19T13:40:32.461Z] [+] #6 | _6.webp
[2026-04-19T13:40:34.565Z] [DOWNLOADED] _7.webp | https://e-hentai.org/s/6220b09397/3733861-7
[2026-04-19T13:40:34.566Z] [+] #7 | _7.webp
[2026-04-19T13:40:37.115Z] [DOWNLOADED] _8.webp | https://e-hentai.org/s/959282323d/3733861-8
[2026-04-19T13:40:37.115Z] [+] #8 | _8.webp
[2026-04-19T13:40:40.016Z] [DOWNLOADED] _9.webp | https://e-hentai.org/s/1ccd363074/3733861-9
[2026-04-19T13:40:40.017Z] [+] #9 | _9.webp
[2026-04-19T13:40:42.340Z] [DOWNLOADED] _10.webp | https://e-hentai.org/s/f4f1451f97/3733861-10
[2026-04-19T13:40:42.342Z] [+] #10 | _10.webp
[2026-04-19T13:40:44.840Z] [DOWNLOADED] _11.webp | https://e-hentai.org/s/34d130840e/3733861-11
[2026-04-19T13:40:44.841Z] [+] #11 | _11.webp
[2026-04-19T13:40:48.485Z] [DOWNLOADED] _12.webp | https://e-hentai.org/s/dee214ab9d/3733861-12
[2026-04-19T13:40:48.487Z] [+] #12 | _12.webp
[2026-04-19T13:40:51.030Z] [DOWNLOADED] _13.webp | https://e-hentai.org/s/30d2316701/3733861-13
[2026-04-19T13:40:51.031Z] [+] #13 | _13.webp
[2026-04-19T13:40:53.454Z] [DOWNLOADED] _14.webp | https://e-hentai.org/s/596a16fd0a/3733861-14
[2026-04-19T13:40:53.455Z] [+] #14 | _14.webp
[2026-04-19T13:40:55.717Z] [DOWNLOADED] _15.webp | https://e-hentai.org/s/3d853569cc/3733861-15
[2026-04-19T13:40:55.718Z] [+] #15 | _15.webp
[2026-04-19T13:40:57.922Z] [DOWNLOADED] _16.webp | https://e-hentai.org/s/71c91c6344/3733861-16
[2026-04-19T13:40:57.923Z] [+] #16 | _16.webp
[2026-04-19T13:41:00.209Z] [DOWNLOADED] _17.webp | https://e-hentai.org/s/b060b10ae3/3733861-17
[2026-04-19T13:41:00.210Z] [+] #17 | _17.webp
[2026-04-19T13:41:02.484Z] [DOWNLOADED] _18.webp | https://e-hentai.org/s/e0b0c43082/3733861-18
[2026-04-19T13:41:02.485Z] [+] #18 | _18.webp
[2026-04-19T13:41:04.821Z] [DOWNLOADED] _19.webp | https://e-hentai.org/s/6bfd67252f/3733861-19
[2026-04-19T13:41:04.822Z] [+] #19 | _19.webp
[2026-04-19T13:41:06.882Z] [DOWNLOADED] _20.webp | https://e-hentai.org/s/2dc3885a79/3733861-20
[2026-04-19T13:41:06.883Z] [+] #20 | _20.webp
[2026-04-19T13:41:07.171Z] [VIEWER] Round 20 | Collected: 20
[2026-04-19T13:41:09.094Z] [DOWNLOADED] _21.webp | https://e-hentai.org/s/b657ba498b/3733861-21
[2026-04-19T13:41:09.095Z] [+] #21 | _21.webp
[2026-04-19T13:41:11.073Z] [DOWNLOADED] _22.webp | https://e-hentai.org/s/dff8d8eb5c/3733861-22
[2026-04-19T13:41:11.074Z] [+] #22 | _22.webp
[2026-04-19T13:41:13.303Z] [DOWNLOADED] _23.webp | https://e-hentai.org/s/3f0a41758d/3733861-23
[2026-04-19T13:41:13.304Z] [+] #23 | _23.webp
[2026-04-19T13:41:15.486Z] [DOWNLOADED] _24.webp | https://e-hentai.org/s/7670c6250b/3733861-24
[2026-04-19T13:41:15.487Z] [+] #24 | _24.webp
[2026-04-19T13:41:18.162Z] [DOWNLOADED] _25.webp | https://e-hentai.org/s/eafa0b4809/3733861-25
[2026-04-19T13:41:18.163Z] [+] #25 | _25.webp
[2026-04-19T13:41:20.643Z] [DOWNLOADED] _26.webp | https://e-hentai.org/s/be3aea0420/3733861-26
[2026-04-19T13:41:20.644Z] [+] #26 | _26.webp
[2026-04-19T13:41:23.170Z] [DOWNLOADED] _27.webp | https://e-hentai.org/s/40afb6913c/3733861-27
[2026-04-19T13:41:23.171Z] [+] #27 | _27.webp
[2026-04-19T13:41:25.661Z] [DOWNLOADED] _28.webp | https://e-hentai.org/s/8300d2e16f/3733861-28
[2026-04-19T13:41:25.662Z] [+] #28 | _28.webp
[2026-04-19T13:41:28.271Z] [DOWNLOADED] _29.webp | https://e-hentai.org/s/268b2817bf/3733861-29
[2026-04-19T13:41:28.272Z] [+] #29 | _29.webp
[2026-04-19T13:41:30.556Z] [DOWNLOADED] _30.webp | https://e-hentai.org/s/bf3e0e6d4b/3733861-30
[2026-04-19T13:41:30.557Z] [+] #30 | _30.webp
[2026-04-19T13:41:34.186Z] [DOWNLOADED] _31.webp | https://e-hentai.org/s/9c5c3e12e2/3733861-31
[2026-04-19T13:41:34.187Z] [+] #31 | _31.webp
[2026-04-19T13:41:36.184Z] [DOWNLOADED] _32.webp | https://e-hentai.org/s/a6a23745cd/3733861-32
[2026-04-19T13:41:36.185Z] [+] #32 | _32.webp
[2026-04-19T13:41:38.359Z] [DOWNLOADED] _33.webp | https://e-hentai.org/s/621ddfd639/3733861-33
[2026-04-19T13:41:38.360Z] [+] #33 | _33.webp
[2026-04-19T13:41:40.673Z] [DOWNLOADED] _34.webp | https://e-hentai.org/s/b94bca571b/3733861-34
[2026-04-19T13:41:40.674Z] [+] #34 | _34.webp
[2026-04-19T13:41:42.695Z] [DOWNLOADED] _35.webp | https://e-hentai.org/s/0fdffe2a3d/3733861-35
[2026-04-19T13:41:42.697Z] [+] #35 | _35.webp
[2026-04-19T13:41:44.963Z] [DOWNLOADED] _36.webp | https://e-hentai.org/s/a59c11c548/3733861-36
[2026-04-19T13:41:44.964Z] [+] #36 | _36.webp
[2026-04-19T13:41:47.014Z] [DOWNLOADED] _37.webp | https://e-hentai.org/s/05b744841a/3733861-37
[2026-04-19T13:41:47.015Z] [+] #37 | _37.webp
[2026-04-19T13:41:49.389Z] [DOWNLOADED] _38.webp | https://e-hentai.org/s/ea57719de5/3733861-38
[2026-04-19T13:41:49.390Z] [+] #38 | _38.webp
[2026-04-19T13:41:51.398Z] [DOWNLOADED] _39.webp | https://e-hentai.org/s/81cb5a8e8a/3733861-39
[2026-04-19T13:41:51.399Z] [+] #39 | _39.webp
[2026-04-19T13:41:54.161Z] [DOWNLOADED] _40.webp | https://e-hentai.org/s/e5afba0f10/3733861-40
[2026-04-19T13:41:54.162Z] [+] #40 | _40.webp
[2026-04-19T13:41:54.466Z] [VIEWER] Round 40 | Collected: 40
[2026-04-19T13:41:56.591Z] [DOWNLOADED] _41.webp | https://e-hentai.org/s/0b7e3ccdc5/3733861-41
[2026-04-19T13:41:56.593Z] [+] #41 | _41.webp
[2026-04-19T13:41:59.115Z] [DOWNLOADED] _42.webp | https://e-hentai.org/s/9d963077a9/3733861-42
[2026-04-19T13:41:59.115Z] [+] #42 | _42.webp
[2026-04-19T13:41:59.116Z] [VIEWER] Đã đến ảnh cuối cùng — dừng. Total: 42
[2026-04-19T13:41:59.217Z] ✅ Done! 42 ảnh đã tải và lưu vào folder "Aglaea"
[2026-04-19T13:42:06.869Z] 
════════════════════════════════════════════════════════════
[2026-04-19T13:42:06.870Z]   E-Hentai Gallery Crawler
[2026-04-19T13:42:06.870Z]   Target: https://e-hentai.org/s/3f87f4ed33/3741528-1
[2026-04-19T13:42:06.870Z]   Photo folder: Fern
[2026-04-19T13:42:06.870Z]   Output: Fern.json
[2026-04-19T13:42:06.870Z]   Log:    log.log
[2026-04-19T13:42:06.870Z] ════════════════════════════════════════════════════════════
[2026-04-19T13:42:06.870Z] [NAV] Chuyển đến https://e-hentai.org/s/3f87f4ed33/3741528-1 ...
[2026-04-19T13:42:11.252Z] [VIEWER] Bắt đầu crawl từ ảnh đầu tiên...
[2026-04-19T13:42:13.671Z] [DOWNLOADED] 1.webp | https://e-hentai.org/s/3f87f4ed33/3741528-1
[2026-04-19T13:42:13.674Z] [+] #1 | 1.webp
[2026-04-19T13:42:16.527Z] [DOWNLOADED] 2.webp | https://e-hentai.org/s/f1171a083b/3741528-2
[2026-04-19T13:42:16.527Z] [+] #2 | 2.webp
[2026-04-19T13:42:18.766Z] [DOWNLOADED] 3.webp | https://e-hentai.org/s/ce7f46e184/3741528-3
[2026-04-19T13:42:18.766Z] [+] #3 | 3.webp
[2026-04-19T13:42:21.043Z] [DOWNLOADED] 4.webp | https://e-hentai.org/s/29eaf8bb2d/3741528-4
[2026-04-19T13:42:21.044Z] [+] #4 | 4.webp
[2026-04-19T13:42:23.522Z] [DOWNLOADED] 5.webp | https://e-hentai.org/s/88fc2ff19b/3741528-5
[2026-04-19T13:42:23.522Z] [+] #5 | 5.webp
[2026-04-19T13:42:25.866Z] [DOWNLOADED] 6.webp | https://e-hentai.org/s/4e51784905/3741528-6
[2026-04-19T13:42:25.867Z] [+] #6 | 6.webp
[2026-04-19T13:42:28.095Z] [DOWNLOADED] 7.webp | https://e-hentai.org/s/dbe301eb9c/3741528-7
[2026-04-19T13:42:28.095Z] [+] #7 | 7.webp
[2026-04-19T13:42:30.322Z] [DOWNLOADED] 8.webp | https://e-hentai.org/s/3400848942/3741528-8
[2026-04-19T13:42:30.323Z] [+] #8 | 8.webp
[2026-04-19T13:42:32.729Z] [DOWNLOADED] 9.webp | https://e-hentai.org/s/5d9316545a/3741528-9
[2026-04-19T13:42:32.731Z] [+] #9 | 9.webp
[2026-04-19T13:42:34.732Z] [DOWNLOADED] 10.webp | https://e-hentai.org/s/7c45085b77/3741528-10
[2026-04-19T13:42:34.733Z] [+] #10 | 10.webp
[2026-04-19T13:52:29.384Z] [RESUME] Loaded 10 existing records.
[2026-04-19T13:52:29.796Z] 
════════════════════════════════════════════════════════════
[2026-04-19T13:52:29.796Z]   E-Hentai Gallery Crawler
[2026-04-19T13:52:29.796Z]   Target: https://e-hentai.org/s/3f87f4ed33/3741528-1
[2026-04-19T13:52:29.796Z]   Photo folder: Fern
[2026-04-19T13:52:29.796Z]   Output: Fern.json
[2026-04-19T13:52:29.796Z]   Log:    log.log
[2026-04-19T13:52:29.797Z] ════════════════════════════════════════════════════════════
[2026-04-19T13:52:29.797Z] [NAV] Chuyển đến https://e-hentai.org/s/3f87f4ed33/3741528-1 ...
[2026-04-19T13:52:34.206Z] [VIEWER] Bắt đầu crawl từ ảnh đầu tiên...
[2026-04-19T13:52:35.708Z] [SKIP-SEEN] round=1 url=https://e-hentai.org/s/3f87f4ed33/3741528-1
[2026-04-19T13:52:37.849Z] [SKIP-SEEN] round=2 url=https://e-hentai.org/s/f1171a083b/3741528-2
[2026-04-19T13:52:39.644Z] [SKIP-SEEN] round=3 url=https://e-hentai.org/s/ce7f46e184/3741528-3
[2026-04-19T13:52:41.442Z] [SKIP-SEEN] round=4 url=https://e-hentai.org/s/29eaf8bb2d/3741528-4
[2026-04-19T13:52:43.255Z] [SKIP-SEEN] round=5 url=https://e-hentai.org/s/88fc2ff19b/3741528-5
[2026-04-19T13:52:45.041Z] [SKIP-SEEN] round=6 url=https://e-hentai.org/s/4e51784905/3741528-6
[2026-04-19T13:52:46.839Z] [SKIP-SEEN] round=7 url=https://e-hentai.org/s/dbe301eb9c/3741528-7
[2026-04-19T13:52:48.641Z] [SKIP-SEEN] round=8 url=https://e-hentai.org/s/3400848942/3741528-8
[2026-04-19T13:52:50.454Z] [SKIP-SEEN] round=9 url=https://e-hentai.org/s/5d9316545a/3741528-9
[2026-04-19T13:52:52.273Z] [SKIP-SEEN] round=10 url=https://e-hentai.org/s/7c45085b77/3741528-10
[2026-04-19T13:52:54.068Z] [SKIP-DOWNLOAD] File đã tồn tại: 11.webp
[2026-04-19T13:52:54.072Z] [+] #11 | 11.webp
[2026-04-19T13:52:56.595Z] [DOWNLOADED] 12.webp | https://e-hentai.org/s/77facde34b/3741528-12
[2026-04-19T13:52:56.596Z] [+] #12 | 12.webp
[2026-04-19T13:52:58.790Z] [DOWNLOADED] 13.webp | https://e-hentai.org/s/1340d19f65/3741528-13
[2026-04-19T13:52:58.791Z] [+] #13 | 13.webp
[2026-04-19T13:53:01.040Z] [DOWNLOADED] 14.webp | https://e-hentai.org/s/9d22f5dcb9/3741528-14
[2026-04-19T13:53:01.041Z] [+] #14 | 14.webp
[2026-04-19T13:53:03.650Z] [DOWNLOADED] 15.webp | https://e-hentai.org/s/783366cd28/3741528-15
[2026-04-19T13:53:03.651Z] [+] #15 | 15.webp
[2026-04-19T13:53:06.062Z] [DOWNLOADED] 16.webp | https://e-hentai.org/s/28595a71a8/3741528-16
[2026-04-19T13:53:06.063Z] [+] #16 | 16.webp
[2026-04-19T13:53:08.404Z] [DOWNLOADED] 17.webp | https://e-hentai.org/s/693fd44e93/3741528-17
[2026-04-19T13:53:08.404Z] [+] #17 | 17.webp
[2026-04-19T13:53:10.793Z] [DOWNLOADED] 18.webp | https://e-hentai.org/s/ffce7c64b0/3741528-18
[2026-04-19T13:53:10.794Z] [+] #18 | 18.webp
[2026-04-19T13:53:13.360Z] [DOWNLOADED] 19.webp | https://e-hentai.org/s/4f5d9ded59/3741528-19
[2026-04-19T13:53:13.361Z] [+] #19 | 19.webp
[2026-04-19T13:53:15.314Z] [DOWNLOADED] 20.webp | https://e-hentai.org/s/faab72ece0/3741528-20
[2026-04-19T13:53:15.316Z] [+] #20 | 20.webp
[2026-04-19T13:53:15.624Z] [VIEWER] Round 20 | Collected: 20
[2026-04-19T13:53:17.385Z] [DOWNLOADED] 21.webp | https://e-hentai.org/s/c24996f429/3741528-21
[2026-04-19T13:53:17.386Z] [+] #21 | 21.webp
[2026-04-19T13:53:19.562Z] [DOWNLOADED] 22.webp | https://e-hentai.org/s/eac8317d6c/3741528-22
[2026-04-19T13:53:19.562Z] [+] #22 | 22.webp
[2026-04-19T13:53:21.736Z] [DOWNLOADED] 23.webp | https://e-hentai.org/s/084c2b3e4c/3741528-23
[2026-04-19T13:53:21.737Z] [+] #23 | 23.webp
[2026-04-19T13:53:23.866Z] [DOWNLOADED] 24.webp | https://e-hentai.org/s/5109dc5bc8/3741528-24
[2026-04-19T13:53:23.868Z] [+] #24 | 24.webp
[2026-04-19T13:53:28.529Z] [DOWNLOADED] 25.webp | https://e-hentai.org/s/276001c743/3741528-25
[2026-04-19T13:53:28.529Z] [+] #25 | 25.webp
[2026-04-19T13:53:30.623Z] [DOWNLOADED] 26.webp | https://e-hentai.org/s/df61f70b0a/3741528-26
[2026-04-19T13:53:30.624Z] [+] #26 | 26.webp
[2026-04-19T13:53:33.112Z] [DOWNLOADED] 27.webp | https://e-hentai.org/s/3d81520c5c/3741528-27
[2026-04-19T13:53:33.113Z] [+] #27 | 27.webp
[2026-04-19T13:53:35.104Z] [DOWNLOADED] 28.webp | https://e-hentai.org/s/30eb3240ff/3741528-28
[2026-04-19T13:53:35.105Z] [+] #28 | 28.webp
[2026-04-19T13:53:37.757Z] [DOWNLOADED] 29.webp | https://e-hentai.org/s/5ccdb76bdb/3741528-29
[2026-04-19T13:53:37.760Z] [+] #29 | 29.webp
[2026-04-19T13:53:40.273Z] [DOWNLOADED] 30.webp | https://e-hentai.org/s/d798ead837/3741528-30
[2026-04-19T13:53:40.275Z] [+] #30 | 30.webp
[2026-04-19T13:53:42.084Z] [SKIP-DUP] imgUrl đã tồn tại | web_url=https://e-hentai.org/s/793ac97a9b/3741528-31
[2026-04-19T13:53:47.207Z] [STUCK] URL không đổi sau click #next, tự reload...
[2026-04-19T13:53:51.318Z] [DOWNLOADED] 31.webp | https://e-hentai.org/s/793ac97a9b/3741528-31
[2026-04-19T13:53:51.319Z] [+] #31 | 31.webp
[2026-04-19T13:53:53.935Z] [DOWNLOADED] 32.webp | https://e-hentai.org/s/db4af16239/3741528-32
[2026-04-19T13:53:53.936Z] [+] #32 | 32.webp
[2026-04-19T13:53:56.350Z] [DOWNLOADED] 33.webp | https://e-hentai.org/s/2f5e822db5/3741528-33
[2026-04-19T13:53:56.351Z] [+] #33 | 33.webp
[2026-04-19T13:53:58.626Z] [DOWNLOADED] 34.webp | https://e-hentai.org/s/73b21aa52e/3741528-34
[2026-04-19T13:53:58.628Z] [+] #34 | 34.webp
[2026-04-19T13:54:00.845Z] [DOWNLOADED] 35.webp | https://e-hentai.org/s/9186167067/3741528-35
[2026-04-19T13:54:00.846Z] [+] #35 | 35.webp
[2026-04-19T13:54:03.233Z] [DOWNLOADED] 36.webp | https://e-hentai.org/s/863cbfa0a3/3741528-36
[2026-04-19T13:54:03.234Z] [+] #36 | 36.webp
[2026-04-19T13:54:05.778Z] [DOWNLOADED] 37.webp | https://e-hentai.org/s/294202573d/3741528-37
[2026-04-19T13:54:05.779Z] [+] #37 | 37.webp
[2026-04-19T13:54:08.069Z] [DOWNLOADED] 38.webp | https://e-hentai.org/s/3ebabd15aa/3741528-38
[2026-04-19T13:54:08.070Z] [+] #38 | 38.webp
[2026-04-19T13:54:10.265Z] [DOWNLOADED] 39.webp | https://e-hentai.org/s/a06a9298dd/3741528-39
[2026-04-19T13:54:10.267Z] [+] #39 | 39.webp
[2026-04-19T13:54:10.582Z] [VIEWER] Round 40 | Collected: 39
[2026-04-19T13:54:12.659Z] [DOWNLOADED] 40.webp | https://e-hentai.org/s/12f3b9de76/3741528-40
[2026-04-19T13:54:12.660Z] [+] #40 | 40.webp
[2026-04-19T13:54:15.037Z] [DOWNLOADED] 41.webp | https://e-hentai.org/s/a3ba433f7a/3741528-41
[2026-04-19T13:54:15.038Z] [+] #41 | 41.webp
[2026-04-19T13:54:17.201Z] [DOWNLOADED] 42.webp | https://e-hentai.org/s/6f23833f20/3741528-42
[2026-04-19T13:54:17.201Z] [+] #42 | 42.webp
[2026-04-19T13:54:17.201Z] [VIEWER] Đã đến ảnh cuối cùng — dừng. Total: 42
[2026-04-19T13:54:17.288Z] ✅ Done! 42 ảnh đã tải và lưu vào folder "Fern"
[2026-04-19T13:54:28.233Z] 
════════════════════════════════════════════════════════════
[2026-04-19T13:54:28.234Z]   E-Hentai Gallery Crawler
[2026-04-19T13:54:28.234Z]   Target: https://e-hentai.org/s/1f74ba7adc/3715192-1
[2026-04-19T13:54:28.234Z]   Photo folder: Wukong
[2026-04-19T13:54:28.234Z]   Output: Wukong.json
[2026-04-19T13:54:28.235Z]   Log:    log.log
[2026-04-19T13:54:28.235Z] ════════════════════════════════════════════════════════════
[2026-04-19T13:54:28.235Z] [NAV] Chuyển đến https://e-hentai.org/s/1f74ba7adc/3715192-1 ...
[2026-04-19T13:54:32.641Z] [VIEWER] Bắt đầu crawl từ ảnh đầu tiên...
[2026-04-19T13:54:34.510Z] [DOWNLOADED] _1.webp | https://e-hentai.org/s/1f74ba7adc/3715192-1
[2026-04-19T13:54:34.512Z] [+] #1 | _1.webp
[2026-04-19T13:54:37.402Z] [DOWNLOADED] _2.webp | https://e-hentai.org/s/f3ba4e62d8/3715192-2
[2026-04-19T13:54:37.403Z] [+] #2 | _2.webp
[2026-04-19T13:54:40.302Z] [DOWNLOADED] _3.webp | https://e-hentai.org/s/ee656b62d5/3715192-3
[2026-04-19T13:54:40.302Z] [+] #3 | _3.webp
[2026-04-19T13:54:43.059Z] [DOWNLOADED] _4.webp | https://e-hentai.org/s/c7b83bb1d6/3715192-4
[2026-04-19T13:54:43.060Z] [+] #4 | _4.webp
[2026-04-19T13:54:45.442Z] [DOWNLOADED] _5.webp | https://e-hentai.org/s/289807e10d/3715192-5
[2026-04-19T13:54:45.442Z] [+] #5 | _5.webp
[2026-04-19T13:54:47.622Z] [DOWNLOADED] _6.webp | https://e-hentai.org/s/a1865126b5/3715192-6
[2026-04-19T13:54:47.623Z] [+] #6 | _6.webp
[2026-04-19T13:54:50.050Z] [DOWNLOADED] _7.webp | https://e-hentai.org/s/b55cad9eb5/3715192-7
[2026-04-19T13:54:50.050Z] [+] #7 | _7.webp
[2026-04-19T13:54:52.419Z] [DOWNLOADED] _8.webp | https://e-hentai.org/s/b04cd02699/3715192-8
[2026-04-19T13:54:52.420Z] [+] #8 | _8.webp
[2026-04-19T13:54:54.745Z] [DOWNLOADED] _9.webp | https://e-hentai.org/s/5d3d9a9a03/3715192-9
[2026-04-19T13:54:54.746Z] [+] #9 | _9.webp
[2026-04-19T13:54:57.189Z] [DOWNLOADED] _10.webp | https://e-hentai.org/s/6de6336939/3715192-10
[2026-04-19T13:54:57.190Z] [+] #10 | _10.webp
[2026-04-19T13:54:59.785Z] [DOWNLOADED] _11.webp | https://e-hentai.org/s/bbda0f0115/3715192-11
[2026-04-19T13:54:59.785Z] [+] #11 | _11.webp
[2026-04-19T13:55:02.260Z] [DOWNLOADED] _12.webp | https://e-hentai.org/s/c137c4e43a/3715192-12
[2026-04-19T13:55:02.261Z] [+] #12 | _12.webp
[2026-04-19T13:55:04.467Z] [DOWNLOADED] _13.webp | https://e-hentai.org/s/eed0c70d1c/3715192-13
[2026-04-19T13:55:04.468Z] [+] #13 | _13.webp
[2026-04-19T13:55:06.500Z] [DOWNLOADED] _14.webp | https://e-hentai.org/s/d17c2b3600/3715192-14
[2026-04-19T13:55:06.501Z] [+] #14 | _14.webp
[2026-04-19T13:55:08.796Z] [DOWNLOADED] _15.webp | https://e-hentai.org/s/078448dc10/3715192-15
[2026-04-19T13:55:08.797Z] [+] #15 | _15.webp
[2026-04-19T13:55:11.083Z] [DOWNLOADED] _16.webp | https://e-hentai.org/s/932331e3a3/3715192-16
[2026-04-19T13:55:11.084Z] [+] #16 | _16.webp
[2026-04-19T13:55:13.298Z] [DOWNLOADED] _17.webp | https://e-hentai.org/s/3ffbf8e427/3715192-17
[2026-04-19T13:55:13.299Z] [+] #17 | _17.webp
[2026-04-19T13:55:15.992Z] [DOWNLOADED] _18.webp | https://e-hentai.org/s/0a40327153/3715192-18
[2026-04-19T13:55:15.993Z] [+] #18 | _18.webp
[2026-04-19T13:55:18.673Z] [DOWNLOADED] _19.webp | https://e-hentai.org/s/67ab1f1cde/3715192-19
[2026-04-19T13:55:18.675Z] [+] #19 | _19.webp
[2026-04-19T13:55:20.936Z] [DOWNLOADED] _20.webp | https://e-hentai.org/s/63fd5b1e96/3715192-20
[2026-04-19T13:55:20.937Z] [+] #20 | _20.webp
[2026-04-19T13:55:21.252Z] [VIEWER] Round 20 | Collected: 20
[2026-04-19T13:55:23.690Z] [DOWNLOADED] _21.webp | https://e-hentai.org/s/0b10e72e0f/3715192-21
[2026-04-19T13:55:23.691Z] [+] #21 | _21.webp
[2026-04-19T13:55:25.506Z] [SKIP-DUP] imgUrl đã tồn tại | web_url=https://e-hentai.org/s/7dcb85cf45/3715192-22
[2026-04-19T13:55:30.642Z] [STUCK] URL không đổi sau click #next, tự reload...
[2026-04-19T13:55:34.908Z] [DOWNLOADED] _22.webp | https://e-hentai.org/s/7dcb85cf45/3715192-22
[2026-04-19T13:55:34.909Z] [+] #22 | _22.webp
[2026-04-19T13:55:37.528Z] [DOWNLOADED] _23.webp | https://e-hentai.org/s/1d6da3c94f/3715192-23
[2026-04-19T13:55:37.530Z] [+] #23 | _23.webp
[2026-04-19T13:55:40.889Z] [DOWNLOADED] _24.webp | https://e-hentai.org/s/56b53b9c5b/3715192-24
[2026-04-19T13:55:40.890Z] [+] #24 | _24.webp
[2026-04-19T13:55:43.157Z] [DOWNLOADED] _25.webp | https://e-hentai.org/s/f65d4c42bd/3715192-25
[2026-04-19T13:55:43.159Z] [+] #25 | _25.webp
[2026-04-19T13:55:45.960Z] [DOWNLOADED] _26.webp | https://e-hentai.org/s/30a10a699a/3715192-26
[2026-04-19T13:55:45.961Z] [+] #26 | _26.webp
[2026-04-19T13:55:48.406Z] [DOWNLOADED] _27.webp | https://e-hentai.org/s/3be78a4695/3715192-27
[2026-04-19T13:55:48.407Z] [+] #27 | _27.webp
[2026-04-19T13:55:51.865Z] [DOWNLOADED] _28.webp | https://e-hentai.org/s/ca11f9c97d/3715192-28
[2026-04-19T13:55:51.866Z] [+] #28 | _28.webp
[2026-04-19T13:55:54.113Z] [DOWNLOADED] _29.webp | https://e-hentai.org/s/bd6c3cf13f/3715192-29
[2026-04-19T13:55:54.113Z] [+] #29 | _29.webp
[2026-04-19T13:55:56.586Z] [DOWNLOADED] _30.webp | https://e-hentai.org/s/bcec86e1e4/3715192-30
[2026-04-19T13:55:56.587Z] [+] #30 | _30.webp
[2026-04-19T13:55:59.269Z] [DOWNLOADED] _31.webp | https://e-hentai.org/s/a074380db9/3715192-31
[2026-04-19T13:55:59.269Z] [+] #31 | _31.webp
[2026-04-19T13:56:01.601Z] [DOWNLOADED] _32.webp | https://e-hentai.org/s/373d7bccbd/3715192-32
[2026-04-19T13:56:01.602Z] [+] #32 | _32.webp
[2026-04-19T13:56:04.322Z] [DOWNLOADED] _33.webp | https://e-hentai.org/s/f9b7d09a6f/3715192-33
[2026-04-19T13:56:04.323Z] [+] #33 | _33.webp
[2026-04-19T13:56:06.829Z] [DOWNLOADED] _34.webp | https://e-hentai.org/s/78de8a773b/3715192-34
[2026-04-19T13:56:06.831Z] [+] #34 | _34.webp
[2026-04-19T13:56:09.230Z] [DOWNLOADED] _35.webp | https://e-hentai.org/s/3fbdea61c2/3715192-35
[2026-04-19T13:56:09.231Z] [+] #35 | _35.webp
[2026-04-19T13:56:11.606Z] [DOWNLOADED] _36.webp | https://e-hentai.org/s/2714e4c2cb/3715192-36
[2026-04-19T13:56:11.607Z] [+] #36 | _36.webp
[2026-04-19T13:56:13.871Z] [DOWNLOADED] _37.webp | https://e-hentai.org/s/a0b75490ea/3715192-37
[2026-04-19T13:56:13.872Z] [+] #37 | _37.webp
[2026-04-19T13:56:16.254Z] [DOWNLOADED] _38.webp | https://e-hentai.org/s/d608c64df5/3715192-38
[2026-04-19T13:56:16.255Z] [+] #38 | _38.webp
[2026-04-19T13:56:18.342Z] [DOWNLOADED] _39.webp | https://e-hentai.org/s/c36b67e407/3715192-39
[2026-04-19T13:56:18.344Z] [+] #39 | _39.webp
[2026-04-19T13:56:18.640Z] [VIEWER] Round 40 | Collected: 39
[2026-04-19T13:56:20.380Z] [DOWNLOADED] _40.webp | https://e-hentai.org/s/8f5042dfb1/3715192-40
[2026-04-19T13:56:20.382Z] [+] #40 | _40.webp
[2026-04-19T13:56:23.544Z] [DOWNLOADED] _41.webp | https://e-hentai.org/s/172784ab23/3715192-41
[2026-04-19T13:56:23.545Z] [+] #41 | _41.webp
[2026-04-19T13:56:23.545Z] [VIEWER] Đã đến ảnh cuối cùng — dừng. Total: 41
[2026-04-19T13:56:23.652Z] ✅ Done! 41 ảnh đã tải và lưu vào folder "Wukong"
[2026-04-19T13:56:29.515Z] 
════════════════════════════════════════════════════════════
[2026-04-19T13:56:29.517Z]   E-Hentai Gallery Crawler
[2026-04-19T13:56:29.517Z]   Target: https://e-hentai.org/s/8b34699ddd/3706135-1
[2026-04-19T13:56:29.517Z]   Photo folder: Killjoy
[2026-04-19T13:56:29.518Z]   Output: Killjoy.json
[2026-04-19T13:56:29.518Z]   Log:    log.log
[2026-04-19T13:56:29.518Z] ════════════════════════════════════════════════════════════
[2026-04-19T13:56:29.518Z] [NAV] Chuyển đến https://e-hentai.org/s/8b34699ddd/3706135-1 ...
[2026-04-19T13:56:33.886Z] [VIEWER] Bắt đầu crawl từ ảnh đầu tiên...
[2026-04-19T13:56:35.950Z] [DOWNLOADED] 1.webp | https://e-hentai.org/s/8b34699ddd/3706135-1
[2026-04-19T13:56:35.951Z] [+] #1 | 1.webp
[2026-04-19T13:56:39.454Z] [DOWNLOADED] 2.webp | https://e-hentai.org/s/36d738c835/3706135-2
[2026-04-19T13:56:39.455Z] [+] #2 | 2.webp
[2026-04-19T13:56:41.717Z] [DOWNLOADED] 3.webp | https://e-hentai.org/s/895008caf2/3706135-3
[2026-04-19T13:56:41.717Z] [+] #3 | 3.webp
[2026-04-19T13:56:44.456Z] [DOWNLOADED] 4.webp | https://e-hentai.org/s/5dbe7ebeed/3706135-4
[2026-04-19T13:56:44.457Z] [+] #4 | 4.webp
[2026-04-19T13:56:46.842Z] [DOWNLOADED] 5.webp | https://e-hentai.org/s/60212774cc/3706135-5
[2026-04-19T13:56:46.842Z] [+] #5 | 5.webp
[2026-04-19T13:56:48.839Z] [DOWNLOADED] 6.webp | https://e-hentai.org/s/e41394bc90/3706135-6
[2026-04-19T13:56:48.839Z] [+] #6 | 6.webp
[2026-04-19T13:56:50.847Z] [DOWNLOADED] 7.webp | https://e-hentai.org/s/e4401ae57e/3706135-7
[2026-04-19T13:56:50.847Z] [+] #7 | 7.webp
[2026-04-19T13:56:53.215Z] [DOWNLOADED] 8.webp | https://e-hentai.org/s/7984852cc2/3706135-8
[2026-04-19T13:56:53.215Z] [+] #8 | 8.webp
[2026-04-19T13:56:55.494Z] [DOWNLOADED] 9.webp | https://e-hentai.org/s/2469b66a1a/3706135-9
[2026-04-19T13:56:55.494Z] [+] #9 | 9.webp
[2026-04-19T13:56:57.916Z] [DOWNLOADED] 10.webp | https://e-hentai.org/s/e88d7d5d80/3706135-10
[2026-04-19T13:56:57.917Z] [+] #10 | 10.webp
[2026-04-19T13:57:00.389Z] [DOWNLOADED] 11.webp | https://e-hentai.org/s/24098bc971/3706135-11
[2026-04-19T13:57:00.390Z] [+] #11 | 11.webp
[2026-04-19T13:57:02.730Z] [DOWNLOADED] 12.webp | https://e-hentai.org/s/fdaba00e8a/3706135-12
[2026-04-19T13:57:02.731Z] [+] #12 | 12.webp
[2026-04-19T13:57:11.571Z] [DOWNLOADED] 13.webp | https://e-hentai.org/s/cd6fc16000/3706135-13
[2026-04-19T13:57:11.572Z] [+] #13 | 13.webp
[2026-04-19T13:57:14.027Z] [DOWNLOADED] 14.webp | https://e-hentai.org/s/2bf762e0c3/3706135-14
[2026-04-19T13:57:14.028Z] [+] #14 | 14.webp
[2026-04-19T13:57:16.158Z] [DOWNLOADED] 15.webp | https://e-hentai.org/s/971769149e/3706135-15
[2026-04-19T13:57:16.158Z] [+] #15 | 15.webp
[2026-04-19T13:57:18.441Z] [DOWNLOADED] 16.webp | https://e-hentai.org/s/c9a7589238/3706135-16
[2026-04-19T13:57:18.442Z] [+] #16 | 16.webp
[2026-04-19T13:57:20.440Z] [DOWNLOADED] 17.webp | https://e-hentai.org/s/076af40c87/3706135-17
[2026-04-19T13:57:20.441Z] [+] #17 | 17.webp
[2026-04-19T13:57:22.652Z] [DOWNLOADED] 18.webp | https://e-hentai.org/s/27b7439f49/3706135-18
[2026-04-19T13:57:22.652Z] [+] #18 | 18.webp
[2026-04-19T13:57:24.645Z] [DOWNLOADED] 19.webp | https://e-hentai.org/s/9abcce278a/3706135-19
[2026-04-19T13:57:24.646Z] [+] #19 | 19.webp
[2026-04-19T13:57:26.655Z] [DOWNLOADED] 20.webp | https://e-hentai.org/s/b959bb5ef7/3706135-20
[2026-04-19T13:57:26.656Z] [+] #20 | 20.webp
[2026-04-19T13:57:26.958Z] [VIEWER] Round 20 | Collected: 20
[2026-04-19T13:57:29.279Z] [DOWNLOADED] 21.webp | https://e-hentai.org/s/2f3ab2cbf6/3706135-21
[2026-04-19T13:57:29.280Z] [+] #21 | 21.webp
[2026-04-19T13:57:31.687Z] [DOWNLOADED] 22.webp | https://e-hentai.org/s/535a7a803c/3706135-22
[2026-04-19T13:57:31.688Z] [+] #22 | 22.webp
[2026-04-19T13:57:34.050Z] [DOWNLOADED] 23.webp | https://e-hentai.org/s/b3ef557d09/3706135-23
[2026-04-19T13:57:34.051Z] [+] #23 | 23.webp
[2026-04-19T13:57:36.418Z] [DOWNLOADED] 24.webp | https://e-hentai.org/s/0f4513a04a/3706135-24
[2026-04-19T13:57:36.419Z] [+] #24 | 24.webp
[2026-04-19T13:57:38.610Z] [DOWNLOADED] 25.webp | https://e-hentai.org/s/6dc4b827e9/3706135-25
[2026-04-19T13:57:38.611Z] [+] #25 | 25.webp
[2026-04-19T13:57:40.600Z] [DOWNLOADED] 26.webp | https://e-hentai.org/s/bd00ea8ff0/3706135-26
[2026-04-19T13:57:40.601Z] [+] #26 | 26.webp
[2026-04-19T13:57:47.892Z] [DOWNLOADED] 27.webp | https://e-hentai.org/s/941f507c97/3706135-27
[2026-04-19T13:57:47.893Z] [+] #27 | 27.webp
[2026-04-19T13:57:50.348Z] [DOWNLOADED] 28.webp | https://e-hentai.org/s/8c331d1731/3706135-28
[2026-04-19T13:57:50.350Z] [+] #28 | 28.webp
[2026-04-19T13:57:52.331Z] [DOWNLOADED] 29.webp | https://e-hentai.org/s/e05a239481/3706135-29
[2026-04-19T13:57:52.332Z] [+] #29 | 29.webp
[2026-04-19T13:57:54.564Z] [DOWNLOADED] 30.webp | https://e-hentai.org/s/bcfdb1af98/3706135-30
[2026-04-19T13:57:54.565Z] [+] #30 | 30.webp
[2026-04-19T13:57:56.892Z] [DOWNLOADED] 31.webp | https://e-hentai.org/s/f474a2c1dc/3706135-31
[2026-04-19T13:57:56.893Z] [+] #31 | 31.webp
[2026-04-19T13:57:59.828Z] [DOWNLOADED] 32.webp | https://e-hentai.org/s/c6893fb702/3706135-32
[2026-04-19T13:57:59.828Z] [+] #32 | 32.webp
[2026-04-19T13:58:02.120Z] [DOWNLOADED] 33.webp | https://e-hentai.org/s/f9eb2cf622/3706135-33
[2026-04-19T13:58:02.121Z] [+] #33 | 33.webp
[2026-04-19T13:58:04.398Z] [DOWNLOADED] 34.webp | https://e-hentai.org/s/32d7dcbe28/3706135-34
[2026-04-19T13:58:04.399Z] [+] #34 | 34.webp
[2026-04-19T13:58:06.540Z] [DOWNLOADED] 35.webp | https://e-hentai.org/s/752748c2a5/3706135-35
[2026-04-19T13:58:06.541Z] [+] #35 | 35.webp
[2026-04-19T13:58:09.785Z] [DOWNLOADED] 36.webp | https://e-hentai.org/s/61ecd9eb47/3706135-36
[2026-04-19T13:58:09.786Z] [+] #36 | 36.webp
[2026-04-19T13:58:09.786Z] [VIEWER] Đã đến ảnh cuối cùng — dừng. Total: 36
[2026-04-19T13:58:09.874Z] ✅ Done! 36 ảnh đã tải và lưu vào folder "Killjoy"
[2026-04-19T13:59:02.065Z] 
════════════════════════════════════════════════════════════
[2026-04-19T13:59:02.066Z]   E-Hentai Gallery Crawler
[2026-04-19T13:59:02.066Z]   Target: https://e-hentai.org/s/4ae3145de2/3683184-1
[2026-04-19T13:59:02.066Z]   Photo folder: Robin
[2026-04-19T13:59:02.066Z]   Output: Robin.json
[2026-04-19T13:59:02.066Z]   Log:    log.log
[2026-04-19T13:59:02.067Z] ════════════════════════════════════════════════════════════
[2026-04-19T13:59:02.067Z] [NAV] Chuyển đến https://e-hentai.org/s/4ae3145de2/3683184-1 ...
[2026-04-19T13:59:06.480Z] [VIEWER] Bắt đầu crawl từ ảnh đầu tiên...
[2026-04-19T13:59:08.928Z] [DOWNLOADED] 1.webp | https://e-hentai.org/s/4ae3145de2/3683184-1
[2026-04-19T13:59:08.930Z] [+] #1 | 1.webp
[2026-04-19T13:59:11.652Z] [DOWNLOADED] 2.webp | https://e-hentai.org/s/625527cfdd/3683184-2
[2026-04-19T13:59:11.653Z] [+] #2 | 2.webp
[2026-04-19T13:59:14.699Z] [DOWNLOADED] 3.webp | https://e-hentai.org/s/02599f883a/3683184-3
[2026-04-19T13:59:14.700Z] [+] #3 | 3.webp
[2026-04-19T13:59:17.039Z] [DOWNLOADED] 4.webp | https://e-hentai.org/s/11e90c00d3/3683184-4
[2026-04-19T13:59:17.040Z] [+] #4 | 4.webp
[2026-04-19T13:59:21.439Z] [DOWNLOADED] 5.webp | https://e-hentai.org/s/9537b1c252/3683184-5
[2026-04-19T13:59:21.439Z] [+] #5 | 5.webp
[2026-04-19T13:59:23.802Z] [DOWNLOADED] 6.webp | https://e-hentai.org/s/4ca5fbf237/3683184-6
[2026-04-19T13:59:23.803Z] [+] #6 | 6.webp
[2026-04-19T13:59:26.484Z] [DOWNLOADED] 7.webp | https://e-hentai.org/s/0cb2aeec5d/3683184-7
[2026-04-19T13:59:26.484Z] [+] #7 | 7.webp
[2026-04-19T13:59:28.484Z] [DOWNLOADED] 8.webp | https://e-hentai.org/s/c592bae32c/3683184-8
[2026-04-19T13:59:28.485Z] [+] #8 | 8.webp
[2026-04-19T13:59:31.102Z] [DOWNLOADED] 9.webp | https://e-hentai.org/s/6b8db22f12/3683184-9
[2026-04-19T13:59:31.103Z] [+] #9 | 9.webp
[2026-04-19T13:59:33.395Z] [DOWNLOADED] 10.webp | https://e-hentai.org/s/786aade55a/3683184-10
[2026-04-19T13:59:33.395Z] [+] #10 | 10.webp
[2026-04-19T13:59:35.722Z] [DOWNLOADED] 11.webp | https://e-hentai.org/s/94055412d2/3683184-11
[2026-04-19T13:59:35.723Z] [+] #11 | 11.webp
[2026-04-19T13:59:38.270Z] [DOWNLOADED] 12.webp | https://e-hentai.org/s/a8872c351f/3683184-12
[2026-04-19T13:59:38.271Z] [+] #12 | 12.webp
[2026-04-19T13:59:40.368Z] [DOWNLOADED] 13.webp | https://e-hentai.org/s/8b49127b36/3683184-13
[2026-04-19T13:59:40.369Z] [+] #13 | 13.webp
[2026-04-19T13:59:42.386Z] [DOWNLOADED] 14.webp | https://e-hentai.org/s/a819507957/3683184-14
[2026-04-19T13:59:42.387Z] [+] #14 | 14.webp
[2026-04-19T13:59:44.515Z] [DOWNLOADED] 15.webp | https://e-hentai.org/s/b9b6450249/3683184-15
[2026-04-19T13:59:44.516Z] [+] #15 | 15.webp
[2026-04-19T13:59:46.813Z] [DOWNLOADED] 16.webp | https://e-hentai.org/s/c4de9615a2/3683184-16
[2026-04-19T13:59:46.813Z] [+] #16 | 16.webp
[2026-04-19T13:59:49.239Z] [DOWNLOADED] 17.webp | https://e-hentai.org/s/5ba916c64e/3683184-17
[2026-04-19T13:59:49.240Z] [+] #17 | 17.webp
[2026-04-19T13:59:51.641Z] [DOWNLOADED] 18.webp | https://e-hentai.org/s/bff5f8f8a3/3683184-18
[2026-04-19T13:59:51.642Z] [+] #18 | 18.webp
[2026-04-19T13:59:54.192Z] [DOWNLOADED] 19.webp | https://e-hentai.org/s/e1b7ebf7d6/3683184-19
[2026-04-19T13:59:54.193Z] [+] #19 | 19.webp
[2026-04-19T13:59:56.486Z] [DOWNLOADED] 20.webp | https://e-hentai.org/s/d28e8acf0a/3683184-20
[2026-04-19T13:59:56.487Z] [+] #20 | 20.webp
[2026-04-19T13:59:56.796Z] [VIEWER] Round 20 | Collected: 20
[2026-04-19T13:59:58.828Z] [DOWNLOADED] 21.webp | https://e-hentai.org/s/e87bff9483/3683184-21
[2026-04-19T13:59:58.829Z] [+] #21 | 21.webp
[2026-04-19T14:00:01.515Z] [DOWNLOADED] 22.webp | https://e-hentai.org/s/634b2604df/3683184-22
[2026-04-19T14:00:01.516Z] [+] #22 | 22.webp
[2026-04-19T14:00:03.821Z] [DOWNLOADED] 23.webp | https://e-hentai.org/s/03dc53e749/3683184-23
[2026-04-19T14:00:03.822Z] [+] #23 | 23.webp
[2026-04-19T14:00:06.357Z] [DOWNLOADED] 24.webp | https://e-hentai.org/s/ebe072d15a/3683184-24
[2026-04-19T14:00:06.358Z] [+] #24 | 24.webp
[2026-04-19T14:00:08.582Z] [DOWNLOADED] 25.webp | https://e-hentai.org/s/94e9ce1794/3683184-25
[2026-04-19T14:00:08.583Z] [+] #25 | 25.webp
[2026-04-19T14:00:10.831Z] [DOWNLOADED] 26.webp | https://e-hentai.org/s/df7388f5fd/3683184-26
[2026-04-19T14:00:10.832Z] [+] #26 | 26.webp
[2026-04-19T14:00:13.175Z] [DOWNLOADED] 27.webp | https://e-hentai.org/s/baa874cd50/3683184-27
[2026-04-19T14:00:13.176Z] [+] #27 | 27.webp
[2026-04-19T14:00:15.802Z] [DOWNLOADED] 28.webp | https://e-hentai.org/s/28a29a5d4a/3683184-28
[2026-04-19T14:00:15.803Z] [+] #28 | 28.webp
[2026-04-19T14:00:18.411Z] [DOWNLOADED] 29.webp | https://e-hentai.org/s/1c3ca0b260/3683184-29
[2026-04-19T14:00:18.412Z] [+] #29 | 29.webp
[2026-04-19T14:00:20.768Z] [DOWNLOADED] 30.webp | https://e-hentai.org/s/3ed51858a3/3683184-30
[2026-04-19T14:00:20.769Z] [+] #30 | 30.webp
[2026-04-19T14:00:20.769Z] [VIEWER] Đã đến ảnh cuối cùng — dừng. Total: 30
[2026-04-19T14:00:20.865Z] ✅ Done! 30 ảnh đã tải và lưu vào folder "Robin"
[2026-04-19T14:01:22.010Z] 
════════════════════════════════════════════════════════════
[2026-04-19T14:01:22.011Z]   E-Hentai Gallery Crawler
[2026-04-19T14:01:22.011Z]   Target: https://e-hentai.org/s/a646ed3829/3683183-1
[2026-04-19T14:01:22.012Z]   Photo folder: Kurumi
[2026-04-19T14:01:22.012Z]   Output: Kurumi.json
[2026-04-19T14:01:22.012Z]   Log:    log.log
[2026-04-19T14:01:22.012Z] ════════════════════════════════════════════════════════════
[2026-04-19T14:01:22.012Z] [NAV] Chuyển đến https://e-hentai.org/s/a646ed3829/3683183-1 ...
[2026-04-19T14:01:26.385Z] [VIEWER] Bắt đầu crawl từ ảnh đầu tiên...
[2026-04-19T14:01:28.304Z] [DOWNLOADED] 1.webp | https://e-hentai.org/s/a646ed3829/3683183-1
[2026-04-19T14:01:28.307Z] [+] #1 | 1.webp
[2026-04-19T14:01:31.552Z] [DOWNLOADED] 2.webp | https://e-hentai.org/s/e2b18ecab8/3683183-2
[2026-04-19T14:01:31.554Z] [+] #2 | 2.webp
[2026-04-19T14:01:34.188Z] [DOWNLOADED] 3.webp | https://e-hentai.org/s/58ba1a8954/3683183-3
[2026-04-19T14:01:34.188Z] [+] #3 | 3.webp
[2026-04-19T14:01:36.421Z] [DOWNLOADED] 4.webp | https://e-hentai.org/s/1989024a18/3683183-4
[2026-04-19T14:01:36.421Z] [+] #4 | 4.webp
[2026-04-19T14:01:38.810Z] [DOWNLOADED] 5.webp | https://e-hentai.org/s/ea47363c3b/3683183-5
[2026-04-19T14:01:38.811Z] [+] #5 | 5.webp
[2026-04-19T14:01:40.808Z] [DOWNLOADED] 6.webp | https://e-hentai.org/s/1f3df96b22/3683183-6
[2026-04-19T14:01:40.809Z] [+] #6 | 6.webp
[2026-04-19T14:01:43.460Z] [DOWNLOADED] 7.webp | https://e-hentai.org/s/c3682d9eb6/3683183-7
[2026-04-19T14:01:43.461Z] [+] #7 | 7.webp
[2026-04-19T14:01:45.953Z] [DOWNLOADED] 8.webp | https://e-hentai.org/s/bffb38c8cc/3683183-8
[2026-04-19T14:01:45.954Z] [+] #8 | 8.webp
[2026-04-19T14:01:48.803Z] [DOWNLOADED] 9.webp | https://e-hentai.org/s/1ab47577be/3683183-9
[2026-04-19T14:01:48.804Z] [+] #9 | 9.webp
[2026-04-19T14:01:52.054Z] [DOWNLOADED] 10.webp | https://e-hentai.org/s/ed4fe419e5/3683183-10
[2026-04-19T14:01:52.056Z] [+] #10 | 10.webp
[2026-04-19T14:01:54.011Z] [DOWNLOADED] 11.webp | https://e-hentai.org/s/57fd360f31/3683183-11
[2026-04-19T14:01:54.012Z] [+] #11 | 11.webp
[2026-04-19T14:01:56.236Z] [DOWNLOADED] 12.webp | https://e-hentai.org/s/647b2b8580/3683183-12
[2026-04-19T14:01:56.236Z] [+] #12 | 12.webp
[2026-04-19T14:01:58.271Z] [DOWNLOADED] 13.webp | https://e-hentai.org/s/6b62de7177/3683183-13
[2026-04-19T14:01:58.272Z] [+] #13 | 13.webp
[2026-04-19T14:02:00.705Z] [DOWNLOADED] 14.webp | https://e-hentai.org/s/cc973e2ab1/3683183-14
[2026-04-19T14:02:00.706Z] [+] #14 | 14.webp
[2026-04-19T14:02:03.171Z] [DOWNLOADED] 15.webp | https://e-hentai.org/s/15bc74ab2b/3683183-15
[2026-04-19T14:02:03.173Z] [+] #15 | 15.webp
[2026-04-19T14:02:05.433Z] [DOWNLOADED] 16.webp | https://e-hentai.org/s/5a0884fbc8/3683183-16
[2026-04-19T14:02:05.434Z] [+] #16 | 16.webp
[2026-04-19T14:02:07.699Z] [DOWNLOADED] 17.webp | https://e-hentai.org/s/68675b31d8/3683183-17
[2026-04-19T14:02:07.700Z] [+] #17 | 17.webp
[2026-04-19T14:02:09.888Z] [DOWNLOADED] 18.webp | https://e-hentai.org/s/6cf394afdc/3683183-18
[2026-04-19T14:02:09.889Z] [+] #18 | 18.webp
[2026-04-19T14:02:12.084Z] [DOWNLOADED] 19.webp | https://e-hentai.org/s/38bb93bf6b/3683183-19
[2026-04-19T14:02:12.085Z] [+] #19 | 19.webp
[2026-04-19T14:02:19.212Z] [DOWNLOADED] 20.webp | https://e-hentai.org/s/0d55ba2499/3683183-20
[2026-04-19T14:02:19.213Z] [+] #20 | 20.webp
[2026-04-19T14:02:19.545Z] [VIEWER] Round 20 | Collected: 20
[2026-04-19T14:02:21.723Z] [DOWNLOADED] 21.webp | https://e-hentai.org/s/01b47ce41c/3683183-21
[2026-04-19T14:02:21.724Z] [+] #21 | 21.webp
[2026-04-19T14:02:24.371Z] [DOWNLOADED] 22.webp | https://e-hentai.org/s/6b442ce769/3683183-22
[2026-04-19T14:02:24.372Z] [+] #22 | 22.webp
[2026-04-19T14:02:27.009Z] [DOWNLOADED] 23.webp | https://e-hentai.org/s/661171e857/3683183-23
[2026-04-19T14:02:27.010Z] [+] #23 | 23.webp
[2026-04-19T14:02:29.218Z] [DOWNLOADED] 24.webp | https://e-hentai.org/s/10d3435aad/3683183-24
[2026-04-19T14:02:29.220Z] [+] #24 | 24.webp
[2026-04-19T14:02:31.393Z] [DOWNLOADED] 25.webp | https://e-hentai.org/s/7e1f7a2256/3683183-25
[2026-04-19T14:02:31.394Z] [+] #25 | 25.webp
[2026-04-19T14:02:33.919Z] [DOWNLOADED] 26.webp | https://e-hentai.org/s/60d25b4af4/3683183-26
[2026-04-19T14:02:33.920Z] [+] #26 | 26.webp
[2026-04-19T14:02:36.102Z] [DOWNLOADED] 27.webp | https://e-hentai.org/s/60e79b7b6c/3683183-27
[2026-04-19T14:02:36.103Z] [+] #27 | 27.webp
[2026-04-19T14:02:38.182Z] [DOWNLOADED] 28.webp | https://e-hentai.org/s/a2de561db2/3683183-28
[2026-04-19T14:02:38.183Z] [+] #28 | 28.webp
[2026-04-19T14:02:40.257Z] [DOWNLOADED] 29.webp | https://e-hentai.org/s/8741973149/3683183-29
[2026-04-19T14:02:40.258Z] [+] #29 | 29.webp
[2026-04-19T14:02:42.412Z] [DOWNLOADED] 30.webp | https://e-hentai.org/s/a475391519/3683183-30
[2026-04-19T14:02:42.413Z] [+] #30 | 30.webp
[2026-04-19T14:02:44.488Z] [DOWNLOADED] 31.webp | https://e-hentai.org/s/07f45647ef/3683183-31
[2026-04-19T14:02:44.490Z] [+] #31 | 31.webp
[2026-04-19T14:02:46.466Z] [DOWNLOADED] 32.webp | https://e-hentai.org/s/9bcc20cf4f/3683183-32
[2026-04-19T14:02:46.467Z] [+] #32 | 32.webp
[2026-04-19T14:02:48.891Z] [DOWNLOADED] 33.webp | https://e-hentai.org/s/7139c20e89/3683183-33
[2026-04-19T14:02:48.892Z] [+] #33 | 33.webp
[2026-04-19T14:02:50.898Z] [DOWNLOADED] 34.webp | https://e-hentai.org/s/ca8dbeb5a4/3683183-34
[2026-04-19T14:02:50.899Z] [+] #34 | 34.webp
[2026-04-19T14:02:53.414Z] [DOWNLOADED] 35.webp | https://e-hentai.org/s/2e2e3ff5eb/3683183-35
[2026-04-19T14:02:53.415Z] [+] #35 | 35.webp
[2026-04-19T14:02:55.690Z] [DOWNLOADED] 36.webp | https://e-hentai.org/s/60e9cc3cea/3683183-36
[2026-04-19T14:02:55.691Z] [+] #36 | 36.webp
[2026-04-19T14:02:57.837Z] [DOWNLOADED] 37.webp | https://e-hentai.org/s/4d8f29464a/3683183-37
[2026-04-19T14:02:57.838Z] [+] #37 | 37.webp
[2026-04-19T14:02:57.838Z] [VIEWER] Đã đến ảnh cuối cùng — dừng. Total: 37
[2026-04-19T14:02:57.939Z] ✅ Done! 37 ảnh đã tải và lưu vào folder "Kurumi"
[2026-04-19T14:05:04.504Z] 
════════════════════════════════════════════════════════════
[2026-04-19T14:05:04.505Z]   E-Hentai Gallery Crawler
[2026-04-19T14:05:04.505Z]   Target: https://e-hentai.org/s/ebec92437f/3026560-1
[2026-04-19T14:05:04.505Z]   Photo folder: Mashu-Dancer
[2026-04-19T14:05:04.505Z]   Output: Mashu-Dancer.json
[2026-04-19T14:05:04.505Z]   Log:    log.log
[2026-04-19T14:05:04.505Z] ════════════════════════════════════════════════════════════
[2026-04-19T14:05:04.505Z] [NAV] Chuyển đến https://e-hentai.org/s/ebec92437f/3026560-1 ...
[2026-04-19T14:05:08.905Z] [VIEWER] Bắt đầu crawl từ ảnh đầu tiên...
[2026-04-19T14:05:11.465Z] [DOWNLOADED] Mashu_Dancer_0.webp | https://e-hentai.org/s/ebec92437f/3026560-1
[2026-04-19T14:05:11.466Z] [+] #1 | Mashu_Dancer_0.webp
[2026-04-19T14:05:14.190Z] [DOWNLOADED] Mashu_Dancer_1.webp | https://e-hentai.org/s/5e1f2de2ce/3026560-2
[2026-04-19T14:05:14.191Z] [+] #2 | Mashu_Dancer_1.webp
[2026-04-19T14:05:16.195Z] [DOWNLOADED] Mashu_Dancer_2.webp | https://e-hentai.org/s/605817d39d/3026560-3
[2026-04-19T14:05:16.196Z] [+] #3 | Mashu_Dancer_2.webp
[2026-04-19T14:05:18.192Z] [DOWNLOADED] Mashu_Dancer_3.webp | https://e-hentai.org/s/03bfe313af/3026560-4
[2026-04-19T14:05:18.192Z] [+] #4 | Mashu_Dancer_3.webp
[2026-04-19T14:05:20.411Z] [DOWNLOADED] Mashu_Dancer_4.webp | https://e-hentai.org/s/7169f4494f/3026560-5
[2026-04-19T14:05:20.411Z] [+] #5 | Mashu_Dancer_4.webp
[2026-04-19T14:05:22.716Z] [DOWNLOADED] Mashu_Dancer_5.webp | https://e-hentai.org/s/46385989ee/3026560-6
[2026-04-19T14:05:22.716Z] [+] #6 | Mashu_Dancer_5.webp
[2026-04-19T14:05:25.397Z] [DOWNLOADED] Mashu_Dancer_6.webp | https://e-hentai.org/s/6cc0798214/3026560-7
[2026-04-19T14:05:25.397Z] [+] #7 | Mashu_Dancer_6.webp
[2026-04-19T14:05:27.421Z] [DOWNLOADED] Mashu_Dancer_7.webp | https://e-hentai.org/s/4d9cbd4dd6/3026560-8
[2026-04-19T14:05:27.421Z] [+] #8 | Mashu_Dancer_7.webp
[2026-04-19T14:05:30.132Z] [DOWNLOADED] Mashu_Dancer_8.webp | https://e-hentai.org/s/fe817204cd/3026560-9
[2026-04-19T14:05:30.134Z] [+] #9 | Mashu_Dancer_8.webp
[2026-04-19T14:05:32.664Z] [DOWNLOADED] Mashu_Dancer_9.webp | https://e-hentai.org/s/6d8994f79a/3026560-10
[2026-04-19T14:05:32.665Z] [+] #10 | Mashu_Dancer_9.webp
[2026-04-19T14:05:34.979Z] [DOWNLOADED] Mashu_Dancer_10.webp | https://e-hentai.org/s/77c82acaa3/3026560-11
[2026-04-19T14:05:34.980Z] [+] #11 | Mashu_Dancer_10.webp
[2026-04-19T14:05:37.451Z] [DOWNLOADED] Mashu_Dancer_11.webp | https://e-hentai.org/s/111fa64c05/3026560-12
[2026-04-19T14:05:37.451Z] [+] #12 | Mashu_Dancer_11.webp
[2026-04-19T14:05:39.861Z] [DOWNLOADED] Mashu_Dancer_12.webp | https://e-hentai.org/s/a39688dfc7/3026560-13
[2026-04-19T14:05:39.861Z] [+] #13 | Mashu_Dancer_12.webp
[2026-04-19T14:05:42.158Z] [DOWNLOADED] Mashu_Dancer_13.webp | https://e-hentai.org/s/4bba1f6849/3026560-14
[2026-04-19T14:05:42.160Z] [+] #14 | Mashu_Dancer_13.webp
[2026-04-19T14:05:44.515Z] [DOWNLOADED] Mashu_Dancer_14.webp | https://e-hentai.org/s/d54c9f0d6f/3026560-15
[2026-04-19T14:05:44.517Z] [+] #15 | Mashu_Dancer_14.webp
[2026-04-19T14:05:46.862Z] [DOWNLOADED] Mashu_Dancer_16.webp | https://e-hentai.org/s/d87c07598c/3026560-16
[2026-04-19T14:05:46.862Z] [+] #16 | Mashu_Dancer_16.webp
[2026-04-19T14:05:49.250Z] [DOWNLOADED] Mashu_Dancer_15.webp | https://e-hentai.org/s/983eafd91f/3026560-17
[2026-04-19T14:05:49.251Z] [+] #17 | Mashu_Dancer_15.webp
[2026-04-19T14:05:51.504Z] [DOWNLOADED] Mashu_Dancer_17.webp | https://e-hentai.org/s/8c7d6fc6c1/3026560-18
[2026-04-19T14:05:51.505Z] [+] #18 | Mashu_Dancer_17.webp
[2026-04-19T14:05:53.743Z] [DOWNLOADED] Mashu_Dancer_18.webp | https://e-hentai.org/s/ea60268cd7/3026560-19
[2026-04-19T14:05:53.743Z] [+] #19 | Mashu_Dancer_18.webp
[2026-04-19T14:05:56.117Z] [DOWNLOADED] Mashu_Dancer_19.webp | https://e-hentai.org/s/a759853336/3026560-20
[2026-04-19T14:05:56.118Z] [+] #20 | Mashu_Dancer_19.webp
[2026-04-19T14:05:56.394Z] [VIEWER] Round 20 | Collected: 20
[2026-04-19T14:05:59.037Z] [DOWNLOADED] Mashu_Dancer_20.webp | https://e-hentai.org/s/724e5d220c/3026560-21
[2026-04-19T14:05:59.038Z] [+] #21 | Mashu_Dancer_20.webp
[2026-04-19T14:06:01.649Z] [DOWNLOADED] Mashu_Dancer_21.webp | https://e-hentai.org/s/e5518f51dd/3026560-22
[2026-04-19T14:06:01.650Z] [+] #22 | Mashu_Dancer_21.webp
[2026-04-19T14:06:03.980Z] [DOWNLOADED] Mashu_Dancer_22.webp | https://e-hentai.org/s/99b4c1aac9/3026560-23
[2026-04-19T14:06:03.981Z] [+] #23 | Mashu_Dancer_22.webp
[2026-04-19T14:06:06.199Z] [DOWNLOADED] Mashu_Dancer_23.webp | https://e-hentai.org/s/4599ac3a74/3026560-24
[2026-04-19T14:06:06.199Z] [+] #24 | Mashu_Dancer_23.webp
[2026-04-19T14:06:08.551Z] [DOWNLOADED] Mashu_Dancer_24.webp | https://e-hentai.org/s/442d1e2bb4/3026560-25
[2026-04-19T14:06:08.552Z] [+] #25 | Mashu_Dancer_24.webp
[2026-04-19T14:06:11.177Z] [DOWNLOADED] Mashu_Dancer_25.webp | https://e-hentai.org/s/e9acbd880f/3026560-26
[2026-04-19T14:06:11.179Z] [+] #26 | Mashu_Dancer_25.webp
[2026-04-19T14:06:13.587Z] [DOWNLOADED] Mashu_Dancer_26.webp | https://e-hentai.org/s/184b8b91bb/3026560-27
[2026-04-19T14:06:13.588Z] [+] #27 | Mashu_Dancer_26.webp
[2026-04-19T14:06:15.867Z] [DOWNLOADED] Mashu_Dancer_27.webp | https://e-hentai.org/s/c92c4b30a7/3026560-28
[2026-04-19T14:06:15.868Z] [+] #28 | Mashu_Dancer_27.webp
[2026-04-19T14:06:17.943Z] [DOWNLOADED] Mashu_Dancer_28.webp | https://e-hentai.org/s/ce43a9f71b/3026560-29
[2026-04-19T14:06:17.944Z] [+] #29 | Mashu_Dancer_28.webp
[2026-04-19T14:06:21.235Z] [DOWNLOADED] Mashu_Dancer_29.webp | https://e-hentai.org/s/507b88e920/3026560-30
[2026-04-19T14:06:21.236Z] [+] #30 | Mashu_Dancer_29.webp
[2026-04-19T14:06:23.783Z] [DOWNLOADED] Mashu_Dancer_30.webp | https://e-hentai.org/s/2586aed93d/3026560-31
[2026-04-19T14:06:23.784Z] [+] #31 | Mashu_Dancer_30.webp
[2026-04-19T14:06:26.360Z] [DOWNLOADED] Mashu_Dancer_31.webp | https://e-hentai.org/s/658938f436/3026560-32
[2026-04-19T14:06:26.361Z] [+] #32 | Mashu_Dancer_31.webp
[2026-04-19T14:06:28.381Z] [DOWNLOADED] Mashu_Dancer_32.webp | https://e-hentai.org/s/e7f04b5dbb/3026560-33
[2026-04-19T14:06:28.382Z] [+] #33 | Mashu_Dancer_32.webp
[2026-04-19T14:06:31.145Z] [DOWNLOADED] Mashu_Dancer_33.webp | https://e-hentai.org/s/bccc76fbaa/3026560-34
[2026-04-19T14:06:31.146Z] [+] #34 | Mashu_Dancer_33.webp
[2026-04-19T14:06:34.099Z] [DOWNLOADED] Mashu_Dancer_34.webp | https://e-hentai.org/s/9614162907/3026560-35
[2026-04-19T14:06:34.100Z] [+] #35 | Mashu_Dancer_34.webp
[2026-04-19T14:06:36.147Z] [DOWNLOADED] Mashu_Dancer_35.webp | https://e-hentai.org/s/8342e414a5/3026560-36
[2026-04-19T14:06:36.148Z] [+] #36 | Mashu_Dancer_35.webp
[2026-04-19T14:06:38.612Z] [DOWNLOADED] Mashu_Dancer_36.webp | https://e-hentai.org/s/5201f9275c/3026560-37
[2026-04-19T14:06:38.613Z] [+] #37 | Mashu_Dancer_36.webp
[2026-04-19T14:06:41.221Z] [DOWNLOADED] Mashu_Dancer_37.webp | https://e-hentai.org/s/4f24bbf96b/3026560-38
[2026-04-19T14:06:41.221Z] [+] #38 | Mashu_Dancer_37.webp
[2026-04-19T14:06:43.772Z] [DOWNLOADED] Mashu_Dancer_38.webp | https://e-hentai.org/s/d846e3229b/3026560-39
[2026-04-19T14:06:43.773Z] [+] #39 | Mashu_Dancer_38.webp
[2026-04-19T14:06:46.433Z] [DOWNLOADED] Mashu_Dancer_39.webp | https://e-hentai.org/s/06adf9bc98/3026560-40
[2026-04-19T14:06:46.435Z] [+] #40 | Mashu_Dancer_39.webp
[2026-04-19T14:06:46.744Z] [VIEWER] Round 40 | Collected: 40
[2026-04-19T14:06:49.123Z] [DOWNLOADED] Mashu_Dancer_40.webp | https://e-hentai.org/s/67e9637a92/3026560-41
[2026-04-19T14:06:49.124Z] [+] #41 | Mashu_Dancer_40.webp
[2026-04-19T14:06:52.135Z] [DOWNLOADED] Mashu_Dancer_41.webp | https://e-hentai.org/s/84f17a93cc/3026560-42
[2026-04-19T14:06:52.136Z] [+] #42 | Mashu_Dancer_41.webp
[2026-04-19T14:06:54.761Z] [DOWNLOADED] Mashu_Dancer_42.webp | https://e-hentai.org/s/78d0f9920f/3026560-43
[2026-04-19T14:06:54.763Z] [+] #43 | Mashu_Dancer_42.webp
[2026-04-19T14:06:57.210Z] [DOWNLOADED] Mashu_Dancer_43.webp | https://e-hentai.org/s/e870dff8c9/3026560-44
[2026-04-19T14:06:57.211Z] [+] #44 | Mashu_Dancer_43.webp
[2026-04-19T14:06:59.589Z] [DOWNLOADED] Mashu_Dancer_44.webp | https://e-hentai.org/s/c6a1ce9bc4/3026560-45
[2026-04-19T14:06:59.590Z] [+] #45 | Mashu_Dancer_44.webp
[2026-04-19T14:07:02.043Z] [DOWNLOADED] Mashu_Dancer_45.webp | https://e-hentai.org/s/16f295f524/3026560-46
[2026-04-19T14:07:02.045Z] [+] #46 | Mashu_Dancer_45.webp
[2026-04-19T14:07:04.561Z] [DOWNLOADED] Mashu_Dancer_46.webp | https://e-hentai.org/s/ed63f6e9d7/3026560-47
[2026-04-19T14:07:04.562Z] [+] #47 | Mashu_Dancer_46.webp
[2026-04-19T14:07:07.742Z] [DOWNLOADED] Mashu_Dancer_47.webp | https://e-hentai.org/s/5dba4b42e9/3026560-48
[2026-04-19T14:07:07.744Z] [+] #48 | Mashu_Dancer_47.webp
[2026-04-19T14:07:09.805Z] [DOWNLOADED] Mashu_Dancer_48.webp | https://e-hentai.org/s/a6d8a9e63f/3026560-49
[2026-04-19T14:07:09.805Z] [+] #49 | Mashu_Dancer_48.webp
[2026-04-19T14:07:12.450Z] [DOWNLOADED] Mashu_Dancer_49.webp | https://e-hentai.org/s/435ed2dd08/3026560-50
[2026-04-19T14:07:12.451Z] [+] #50 | Mashu_Dancer_49.webp
[2026-04-19T14:07:17.637Z] [DOWNLOADED] Mashu_Dancer_50.webp | https://e-hentai.org/s/fd9f80a4b6/3026560-51
[2026-04-19T14:07:17.638Z] [+] #51 | Mashu_Dancer_50.webp
[2026-04-19T14:07:20.119Z] [DOWNLOADED] Mashu_Dancer_51.webp | https://e-hentai.org/s/5ccb513a37/3026560-52
[2026-04-19T14:07:20.121Z] [+] #52 | Mashu_Dancer_51.webp
[2026-04-19T14:07:22.792Z] [DOWNLOADED] Mashu_Dancer_52.webp | https://e-hentai.org/s/d7f2102553/3026560-53
[2026-04-19T14:07:22.793Z] [+] #53 | Mashu_Dancer_52.webp
[2026-04-19T14:07:25.321Z] [DOWNLOADED] Mashu_Dancer_53.webp | https://e-hentai.org/s/51c4ef9caf/3026560-54
[2026-04-19T14:07:25.323Z] [+] #54 | Mashu_Dancer_53.webp
[2026-04-19T14:07:27.400Z] [DOWNLOADED] Mashu_Dancer_54.webp | https://e-hentai.org/s/51f253b2a1/3026560-55
[2026-04-19T14:07:27.401Z] [+] #55 | Mashu_Dancer_54.webp
[2026-04-19T14:08:50.884Z] [DOWNLOADED] Mashu_Dancer_55.webp | https://e-hentai.org/s/3bb537c265/3026560-56
[2026-04-19T14:08:50.886Z] [+] #56 | Mashu_Dancer_55.webp
[2026-04-19T14:08:55.248Z] [DOWNLOADED] Mashu_Dancer_56.webp | https://e-hentai.org/s/62934b169a/3026560-57
[2026-04-19T14:08:55.250Z] [+] #57 | Mashu_Dancer_56.webp
[2026-04-19T14:08:57.336Z] [DOWNLOADED] Mashu_Dancer_57.webp | https://e-hentai.org/s/9d33aa89ed/3026560-58
[2026-04-19T14:08:57.338Z] [+] #58 | Mashu_Dancer_57.webp
[2026-04-19T14:09:00.039Z] [DOWNLOADED] Mashu_Dancer_58.webp | https://e-hentai.org/s/24dbd01884/3026560-59
[2026-04-19T14:09:00.040Z] [+] #59 | Mashu_Dancer_58.webp
[2026-04-19T14:09:02.120Z] [DOWNLOADED] Mashu_Dancer_59.webp | https://e-hentai.org/s/7fc01c735a/3026560-60
[2026-04-19T14:09:02.121Z] [+] #60 | Mashu_Dancer_59.webp
[2026-04-19T14:09:02.410Z] [VIEWER] Round 60 | Collected: 60
[2026-04-19T14:09:04.605Z] [DOWNLOADED] Mashu_Dancer_60.webp | https://e-hentai.org/s/d71d1c47f8/3026560-61
[2026-04-19T14:09:04.606Z] [+] #61 | Mashu_Dancer_60.webp
[2026-04-19T14:09:07.623Z] [DOWNLOADED] Mashu_Dancer_61.webp | https://e-hentai.org/s/eae1237790/3026560-62
[2026-04-19T14:09:07.624Z] [+] #62 | Mashu_Dancer_61.webp
[2026-04-19T14:09:10.075Z] [DOWNLOADED] Mashu_Dancer_62.webp | https://e-hentai.org/s/ad2f2adf21/3026560-63
[2026-04-19T14:09:10.077Z] [+] #63 | Mashu_Dancer_62.webp
[2026-04-19T14:09:12.537Z] [DOWNLOADED] Mashu_Dancer_63.webp | https://e-hentai.org/s/1cf9cfc957/3026560-64
[2026-04-19T14:09:12.539Z] [+] #64 | Mashu_Dancer_63.webp
[2026-04-19T14:09:15.146Z] [DOWNLOADED] Mashu_Dancer_64.webp | https://e-hentai.org/s/3d30a3cf23/3026560-65
[2026-04-19T14:09:15.147Z] [+] #65 | Mashu_Dancer_64.webp
[2026-04-19T14:09:17.522Z] [DOWNLOADED] Mashu_Dancer_65.webp | https://e-hentai.org/s/e104fc934b/3026560-66
[2026-04-19T14:09:17.523Z] [+] #66 | Mashu_Dancer_65.webp
[2026-04-19T14:09:20.155Z] [DOWNLOADED] Mashu_Dancer_66.webp | https://e-hentai.org/s/2aba159ba9/3026560-67
[2026-04-19T14:09:20.156Z] [+] #67 | Mashu_Dancer_66.webp
[2026-04-19T14:09:23.008Z] [DOWNLOADED] Mashu_Dancer_67.webp | https://e-hentai.org/s/70d3cc17e2/3026560-68
[2026-04-19T14:09:23.009Z] [+] #68 | Mashu_Dancer_67.webp
[2026-04-19T14:09:25.075Z] [DOWNLOADED] Mashu_Dancer_68.webp | https://e-hentai.org/s/ece07aad8c/3026560-69
[2026-04-19T14:09:25.077Z] [+] #69 | Mashu_Dancer_68.webp
[2026-04-19T14:09:27.853Z] [DOWNLOADED] Mashu_Dancer_69.webp | https://e-hentai.org/s/271d5ad2e0/3026560-70
[2026-04-19T14:09:27.854Z] [+] #70 | Mashu_Dancer_69.webp
[2026-04-19T14:09:30.170Z] [DOWNLOADED] Mashu_Dancer_70.webp | https://e-hentai.org/s/bd19504640/3026560-71
[2026-04-19T14:09:30.171Z] [+] #71 | Mashu_Dancer_70.webp
[2026-04-19T14:09:32.967Z] [DOWNLOADED] Mashu_Dancer_71.webp | https://e-hentai.org/s/8e540c35f8/3026560-72
[2026-04-19T14:09:32.968Z] [+] #72 | Mashu_Dancer_71.webp
[2026-04-19T14:09:35.499Z] [DOWNLOADED] Mashu_Dancer_72.webp | https://e-hentai.org/s/78dfa7dcb8/3026560-73
[2026-04-19T14:09:35.501Z] [+] #73 | Mashu_Dancer_72.webp
[2026-04-19T14:09:37.697Z] [DOWNLOADED] Mashu_Dancer_73.webp | https://e-hentai.org/s/e0b61d3b54/3026560-74
[2026-04-19T14:09:37.698Z] [+] #74 | Mashu_Dancer_73.webp
[2026-04-19T14:09:39.769Z] [DOWNLOADED] Mashu_Dancer_74.webp | https://e-hentai.org/s/71ca6e556c/3026560-75
[2026-04-19T14:09:39.771Z] [+] #75 | Mashu_Dancer_74.webp
[2026-04-19T14:09:42.330Z] [DOWNLOADED] Mashu_Dancer_75.webp | https://e-hentai.org/s/63742d5d47/3026560-76
[2026-04-19T14:09:42.332Z] [+] #76 | Mashu_Dancer_75.webp
[2026-04-19T14:09:44.700Z] [DOWNLOADED] Mashu_Dancer_76.webp | https://e-hentai.org/s/5fde072d06/3026560-77
[2026-04-19T14:09:44.701Z] [+] #77 | Mashu_Dancer_76.webp
[2026-04-19T14:09:47.166Z] [DOWNLOADED] Mashu_Dancer_77.webp | https://e-hentai.org/s/3aa039359c/3026560-78
[2026-04-19T14:09:47.167Z] [+] #78 | Mashu_Dancer_77.webp
[2026-04-19T14:09:50.481Z] [DOWNLOADED] Mashu_Dancer_78.webp | https://e-hentai.org/s/0e1d5dce5c/3026560-79
[2026-04-19T14:09:50.483Z] [+] #79 | Mashu_Dancer_78.webp
[2026-04-19T14:09:52.534Z] [DOWNLOADED] Mashu_Dancer_79.webp | https://e-hentai.org/s/03a6c0d41c/3026560-80
[2026-04-19T14:09:52.535Z] [+] #80 | Mashu_Dancer_79.webp
[2026-04-19T14:09:52.820Z] [VIEWER] Round 80 | Collected: 80
[2026-04-19T14:09:55.063Z] [DOWNLOADED] Mashu_Dancer_80.webp | https://e-hentai.org/s/71367c254a/3026560-81
[2026-04-19T14:09:55.063Z] [+] #81 | Mashu_Dancer_80.webp
[2026-04-19T14:09:57.498Z] [DOWNLOADED] Mashu_Dancer_81.webp | https://e-hentai.org/s/107fe76b08/3026560-82
[2026-04-19T14:09:57.499Z] [+] #82 | Mashu_Dancer_81.webp
[2026-04-19T14:10:00.168Z] [DOWNLOADED] Mashu_Dancer_82.webp | https://e-hentai.org/s/6038e6035e/3026560-83
[2026-04-19T14:10:00.169Z] [+] #83 | Mashu_Dancer_82.webp
[2026-04-19T14:10:02.587Z] [DOWNLOADED] Mashu_Dancer_83.webp | https://e-hentai.org/s/022c9e3b8e/3026560-84
[2026-04-19T14:10:02.588Z] [+] #84 | Mashu_Dancer_83.webp
[2026-04-19T14:10:05.090Z] [DOWNLOADED] Mashu_Dancer_84.webp | https://e-hentai.org/s/e3cd08ceb4/3026560-85
[2026-04-19T14:10:05.091Z] [+] #85 | Mashu_Dancer_84.webp
[2026-04-19T14:10:07.109Z] [DOWNLOADED] Mashu_Dancer_85.webp | https://e-hentai.org/s/88d8fa485b/3026560-86
[2026-04-19T14:10:07.110Z] [+] #86 | Mashu_Dancer_85.webp
[2026-04-19T14:10:09.600Z] [DOWNLOADED] Mashu_Dancer_86.webp | https://e-hentai.org/s/1b21c14cfc/3026560-87
[2026-04-19T14:10:09.601Z] [+] #87 | Mashu_Dancer_86.webp
[2026-04-19T14:10:12.339Z] [DOWNLOADED] Mashu_Dancer_87.webp | https://e-hentai.org/s/dece50f9fa/3026560-88
[2026-04-19T14:10:12.340Z] [+] #88 | Mashu_Dancer_87.webp
[2026-04-19T14:10:14.343Z] [DOWNLOADED] Mashu_Dancer_88.webp | https://e-hentai.org/s/e97c5d48d6/3026560-89
[2026-04-19T14:10:14.344Z] [+] #89 | Mashu_Dancer_88.webp
[2026-04-19T14:10:16.860Z] [DOWNLOADED] Mashu_Dancer_89.webp | https://e-hentai.org/s/7d0c5ef95f/3026560-90
[2026-04-19T14:10:16.862Z] [+] #90 | Mashu_Dancer_89.webp
[2026-04-19T14:10:19.492Z] [DOWNLOADED] Mashu_Dancer_90.webp | https://e-hentai.org/s/0fb60e6039/3026560-91
[2026-04-19T14:10:19.493Z] [+] #91 | Mashu_Dancer_90.webp
[2026-04-19T14:10:22.709Z] [DOWNLOADED] Mashu_Dancer_91.webp | https://e-hentai.org/s/d8f14cf850/3026560-92
[2026-04-19T14:10:22.710Z] [+] #92 | Mashu_Dancer_91.webp
[2026-04-19T14:10:22.711Z] [VIEWER] Đã đến ảnh cuối cùng — dừng. Total: 92
[2026-04-19T14:10:22.815Z] ✅ Done! 92 ảnh đã tải và lưu vào folder "Mashu-Dancer"
[2026-04-19T14:10:30.295Z] 
════════════════════════════════════════════════════════════
[2026-04-19T14:10:30.296Z]   E-Hentai Gallery Crawler
[2026-04-19T14:10:30.296Z]   Target: https://e-hentai.org/s/500e3fa462/3124818-1
[2026-04-19T14:10:30.297Z]   Photo folder: Lappland
[2026-04-19T14:10:30.297Z]   Output: Lappland.json
[2026-04-19T14:10:30.297Z]   Log:    log.log
[2026-04-19T14:10:30.297Z] ════════════════════════════════════════════════════════════
[2026-04-19T14:10:30.297Z] [NAV] Chuyển đến https://e-hentai.org/s/500e3fa462/3124818-1 ...
[2026-04-19T14:10:34.696Z] [VIEWER] Bắt đầu crawl từ ảnh đầu tiên...
[2026-04-19T14:10:36.855Z] [DOWNLOADED] Miinmeow_Lappland_1.webp | https://e-hentai.org/s/500e3fa462/3124818-1
[2026-04-19T14:10:36.857Z] [+] #1 | Miinmeow_Lappland_1.webp
[2026-04-19T14:10:39.138Z] [DOWNLOADED] Miinmeow_Lappland_2.webp | https://e-hentai.org/s/b8c4e2dfe0/3124818-2
[2026-04-19T14:10:39.138Z] [+] #2 | Miinmeow_Lappland_2.webp
[2026-04-19T14:10:41.296Z] [DOWNLOADED] Miinmeow_Lappland_3.webp | https://e-hentai.org/s/e34c03e99b/3124818-3
[2026-04-19T14:10:41.296Z] [+] #3 | Miinmeow_Lappland_3.webp
[2026-04-19T14:10:43.515Z] [DOWNLOADED] Miinmeow_Lappland_4.webp | https://e-hentai.org/s/ab8c81f0bf/3124818-4
[2026-04-19T14:10:43.515Z] [+] #4 | Miinmeow_Lappland_4.webp
[2026-04-19T14:10:45.805Z] [DOWNLOADED] Miinmeow_Lappland_5.webp | https://e-hentai.org/s/d85cde65ac/3124818-5
[2026-04-19T14:10:45.806Z] [+] #5 | Miinmeow_Lappland_5.webp
[2026-04-19T14:10:48.257Z] [DOWNLOADED] Miinmeow_Lappland_6.webp | https://e-hentai.org/s/ed9f93eda3/3124818-6
[2026-04-19T14:10:48.257Z] [+] #6 | Miinmeow_Lappland_6.webp
[2026-04-19T14:10:51.428Z] [DOWNLOADED] Miinmeow_Lappland_7.webp | https://e-hentai.org/s/1a9c509d3d/3124818-7
[2026-04-19T14:10:51.429Z] [+] #7 | Miinmeow_Lappland_7.webp
[2026-04-19T14:10:53.409Z] [DOWNLOADED] Miinmeow_Lappland_8.webp | https://e-hentai.org/s/5ce57c0519/3124818-8
[2026-04-19T14:10:53.409Z] [+] #8 | Miinmeow_Lappland_8.webp
[2026-04-19T14:10:55.879Z] [DOWNLOADED] Miinmeow_Lappland_9.webp | https://e-hentai.org/s/dda91024ff/3124818-9
[2026-04-19T14:10:55.879Z] [+] #9 | Miinmeow_Lappland_9.webp
[2026-04-19T14:11:00.019Z] [DOWNLOADED] Miinmeow_Lappland_10.webp | https://e-hentai.org/s/6a6270ce81/3124818-10
[2026-04-19T14:11:00.020Z] [+] #10 | Miinmeow_Lappland_10.webp
[2026-04-19T14:11:02.310Z] [DOWNLOADED] Miinmeow_Lappland_11.webp | https://e-hentai.org/s/7e45166726/3124818-11
[2026-04-19T14:11:02.311Z] [+] #11 | Miinmeow_Lappland_11.webp
[2026-04-19T14:11:04.900Z] [DOWNLOADED] Miinmeow_Lappland_12.webp | https://e-hentai.org/s/d0550af20e/3124818-12
[2026-04-19T14:11:04.900Z] [+] #12 | Miinmeow_Lappland_12.webp
[2026-04-19T14:11:07.210Z] [DOWNLOADED] Miinmeow_Lappland_13.webp | https://e-hentai.org/s/105a1dcf76/3124818-13
[2026-04-19T14:11:07.211Z] [+] #13 | Miinmeow_Lappland_13.webp
[2026-04-19T14:11:09.212Z] [DOWNLOADED] Miinmeow_Lappland_14.webp | https://e-hentai.org/s/ba0b8363c0/3124818-14
[2026-04-19T14:11:09.212Z] [+] #14 | Miinmeow_Lappland_14.webp
[2026-04-19T14:11:11.414Z] [DOWNLOADED] Miinmeow_Lappland_15.webp | https://e-hentai.org/s/4ead72d4e4/3124818-15
[2026-04-19T14:11:11.414Z] [+] #15 | Miinmeow_Lappland_15.webp
[2026-04-19T14:11:13.857Z] [DOWNLOADED] Miinmeow_Lappland_16.webp | https://e-hentai.org/s/18dae5ee76/3124818-16
[2026-04-19T14:11:13.858Z] [+] #16 | Miinmeow_Lappland_16.webp
[2026-04-19T14:11:16.223Z] [DOWNLOADED] Miinmeow_Lappland_17.webp | https://e-hentai.org/s/056759b028/3124818-17
[2026-04-19T14:11:16.223Z] [+] #17 | Miinmeow_Lappland_17.webp
[2026-04-19T14:11:18.575Z] [DOWNLOADED] Miinmeow_Lappland_18.webp | https://e-hentai.org/s/a544a77725/3124818-18
[2026-04-19T14:11:18.576Z] [+] #18 | Miinmeow_Lappland_18.webp
[2026-04-19T14:11:21.048Z] [DOWNLOADED] Miinmeow_Lappland_19.webp | https://e-hentai.org/s/2247105ba6/3124818-19
[2026-04-19T14:11:21.048Z] [+] #19 | Miinmeow_Lappland_19.webp
[2026-04-19T14:11:23.215Z] [DOWNLOADED] Miinmeow_Lappland_20.webp | https://e-hentai.org/s/4f74e1d7fd/3124818-20
[2026-04-19T14:11:23.216Z] [+] #20 | Miinmeow_Lappland_20.webp
[2026-04-19T14:11:23.519Z] [VIEWER] Round 20 | Collected: 20
[2026-04-19T14:11:25.620Z] [DOWNLOADED] Miinmeow_Lappland_21.webp | https://e-hentai.org/s/13e4bbdc3f/3124818-21
[2026-04-19T14:11:25.621Z] [+] #21 | Miinmeow_Lappland_21.webp
[2026-04-19T14:11:29.066Z] [DOWNLOADED] Miinmeow_Lappland_22.webp | https://e-hentai.org/s/d656384670/3124818-22
[2026-04-19T14:11:29.067Z] [+] #22 | Miinmeow_Lappland_22.webp
[2026-04-19T14:11:31.363Z] [DOWNLOADED] Miinmeow_Lappland_23.webp | https://e-hentai.org/s/f581b290ae/3124818-23
[2026-04-19T14:11:31.363Z] [+] #23 | Miinmeow_Lappland_23.webp
[2026-04-19T14:11:33.586Z] [DOWNLOADED] Miinmeow_Lappland_24.webp | https://e-hentai.org/s/d11464f5f7/3124818-24
[2026-04-19T14:11:33.605Z] [+] #24 | Miinmeow_Lappland_24.webp
[2026-04-19T14:11:35.992Z] [DOWNLOADED] Miinmeow_Lappland_25.webp | https://e-hentai.org/s/f739d755b3/3124818-25
[2026-04-19T14:11:35.992Z] [+] #25 | Miinmeow_Lappland_25.webp
[2026-04-19T14:11:38.250Z] [DOWNLOADED] Miinmeow_Lappland_26.webp | https://e-hentai.org/s/11b15a48a0/3124818-26
[2026-04-19T14:11:38.251Z] [+] #26 | Miinmeow_Lappland_26.webp
[2026-04-19T14:11:40.898Z] [DOWNLOADED] Miinmeow_Lappland_27.webp | https://e-hentai.org/s/1db0084480/3124818-27
[2026-04-19T14:11:40.900Z] [+] #27 | Miinmeow_Lappland_27.webp
[2026-04-19T14:11:43.689Z] [DOWNLOADED] Miinmeow_Lappland_28.jpg | https://e-hentai.org/s/02a22a32b7/3124818-28
[2026-04-19T14:11:43.689Z] [+] #28 | Miinmeow_Lappland_28.jpg
[2026-04-19T14:11:43.690Z] [VIEWER] Đã đến ảnh cuối cùng — dừng. Total: 28
[2026-04-19T14:11:43.811Z] ✅ Done! 28 ảnh đã tải và lưu vào folder "Lappland"
[2026-04-19T14:11:50.471Z] 
════════════════════════════════════════════════════════════
[2026-04-19T14:11:50.472Z]   E-Hentai Gallery Crawler
[2026-04-19T14:11:50.473Z]   Target: https://e-hentai.org/s/4d01a761d4/3554684-1
[2026-04-19T14:11:50.473Z]   Photo folder: Columbina
[2026-04-19T14:11:50.473Z]   Output: Columbina.json
[2026-04-19T14:11:50.473Z]   Log:    log.log
[2026-04-19T14:11:50.473Z] ════════════════════════════════════════════════════════════
[2026-04-19T14:11:50.473Z] [NAV] Chuyển đến https://e-hentai.org/s/4d01a761d4/3554684-1 ...
[2026-04-19T14:11:54.875Z] [VIEWER] Bắt đầu crawl từ ảnh đầu tiên...
[2026-04-19T14:11:56.960Z] [DOWNLOADED] 1.webp | https://e-hentai.org/s/4d01a761d4/3554684-1
[2026-04-19T14:11:56.961Z] [+] #1 | 1.webp
[2026-04-19T14:12:00.014Z] [DOWNLOADED] 2.webp | https://e-hentai.org/s/cc427052c4/3554684-2
[2026-04-19T14:12:00.015Z] [+] #2 | 2.webp
[2026-04-19T14:12:02.466Z] [DOWNLOADED] 3.webp | https://e-hentai.org/s/f3288fc7c6/3554684-3
[2026-04-19T14:12:02.467Z] [+] #3 | 3.webp
[2026-04-19T14:12:04.778Z] [DOWNLOADED] 4.webp | https://e-hentai.org/s/2a5d7f807d/3554684-4
[2026-04-19T14:12:04.778Z] [+] #4 | 4.webp
[2026-04-19T14:12:07.121Z] [DOWNLOADED] 5.webp | https://e-hentai.org/s/b077b78ef6/3554684-5
[2026-04-19T14:12:07.121Z] [+] #5 | 5.webp
[2026-04-19T14:12:09.617Z] [DOWNLOADED] 6.webp | https://e-hentai.org/s/d666f617e1/3554684-6
[2026-04-19T14:12:09.617Z] [+] #6 | 6.webp
[2026-04-19T14:12:12.085Z] [DOWNLOADED] 7.webp | https://e-hentai.org/s/f161c48348/3554684-7
[2026-04-19T14:12:12.085Z] [+] #7 | 7.webp
[2026-04-19T14:12:14.442Z] [DOWNLOADED] 8.webp | https://e-hentai.org/s/99ec7369b2/3554684-8
[2026-04-19T14:12:14.443Z] [+] #8 | 8.webp
[2026-04-19T14:12:16.724Z] [DOWNLOADED] 9.webp | https://e-hentai.org/s/ba85c650b6/3554684-9
[2026-04-19T14:12:16.725Z] [+] #9 | 9.webp
[2026-04-19T14:12:19.470Z] [DOWNLOADED] 10.webp | https://e-hentai.org/s/9e918a05a4/3554684-10
[2026-04-19T14:12:19.471Z] [+] #10 | 10.webp
[2026-04-19T14:12:21.776Z] [DOWNLOADED] 11.webp | https://e-hentai.org/s/36ac521f96/3554684-11
[2026-04-19T14:12:21.776Z] [+] #11 | 11.webp
[2026-04-19T14:12:24.116Z] [DOWNLOADED] 12.webp | https://e-hentai.org/s/a4a4b3012f/3554684-12
[2026-04-19T14:12:24.117Z] [+] #12 | 12.webp
[2026-04-19T14:12:27.451Z] [DOWNLOADED] 13.webp | https://e-hentai.org/s/96e86509a9/3554684-13
[2026-04-19T14:12:27.452Z] [+] #13 | 13.webp
[2026-04-19T14:12:30.892Z] [DOWNLOADED] 14.webp | https://e-hentai.org/s/b3098b5d1e/3554684-14
[2026-04-19T14:12:30.893Z] [+] #14 | 14.webp
[2026-04-19T14:12:33.322Z] [DOWNLOADED] 15.webp | https://e-hentai.org/s/ccc89987a9/3554684-15
[2026-04-19T14:12:33.322Z] [+] #15 | 15.webp
[2026-04-19T14:12:35.914Z] [DOWNLOADED] 16.webp | https://e-hentai.org/s/f0b4620c47/3554684-16
[2026-04-19T14:12:35.915Z] [+] #16 | 16.webp
[2026-04-19T14:12:37.905Z] [DOWNLOADED] 17.webp | https://e-hentai.org/s/d97a888b93/3554684-17
[2026-04-19T14:12:37.906Z] [+] #17 | 17.webp
[2026-04-19T14:12:40.108Z] [DOWNLOADED] 18.webp | https://e-hentai.org/s/4be2085b99/3554684-18
[2026-04-19T14:12:40.109Z] [+] #18 | 18.webp
[2026-04-19T14:12:42.333Z] [DOWNLOADED] 19.webp | https://e-hentai.org/s/5daca68280/3554684-19
[2026-04-19T14:12:42.333Z] [+] #19 | 19.webp
[2026-04-19T14:12:44.615Z] [DOWNLOADED] 20.webp | https://e-hentai.org/s/745ade2c1e/3554684-20
[2026-04-19T14:12:44.616Z] [+] #20 | 20.webp
[2026-04-19T14:12:44.616Z] [VIEWER] Đã đến ảnh cuối cùng — dừng. Total: 20
[2026-04-19T14:12:44.725Z] ✅ Done! 20 ảnh đã tải và lưu vào folder "Columbina"
[2026-04-19T14:13:04.600Z] 
════════════════════════════════════════════════════════════
[2026-04-19T14:13:04.601Z]   E-Hentai Gallery Crawler
[2026-04-19T14:13:04.601Z]   Target: https://e-hentai.org/s/f153aba71f/2877298-1
[2026-04-19T14:13:04.601Z]   Photo folder: Mashu-maid
[2026-04-19T14:13:04.601Z]   Output: Mashu-maid.json
[2026-04-19T14:13:04.601Z]   Log:    log.log
[2026-04-19T14:13:04.601Z] ════════════════════════════════════════════════════════════
[2026-04-19T14:13:04.601Z] [NAV] Chuyển đến https://e-hentai.org/s/f153aba71f/2877298-1 ...
[2026-04-19T14:13:08.975Z] [VIEWER] Bắt đầu crawl từ ảnh đầu tiên...
[2026-04-19T14:13:33.776Z] [DOWNLOADED] 1.webp | https://e-hentai.org/s/f153aba71f/2877298-1
[2026-04-19T14:13:33.779Z] [+] #1 | 1.webp
[2026-04-19T14:13:36.166Z] [DOWNLOADED] 2.webp | https://e-hentai.org/s/ac70a18e9a/2877298-2
[2026-04-19T14:13:36.166Z] [+] #2 | 2.webp
[2026-04-19T14:13:38.968Z] [DOWNLOADED] 3.webp | https://e-hentai.org/s/bc85b8deb7/2877298-3
[2026-04-19T14:13:38.969Z] [+] #3 | 3.webp
[2026-04-19T14:13:41.371Z] [DOWNLOADED] 4.webp | https://e-hentai.org/s/c2880128b9/2877298-4
[2026-04-19T14:13:41.372Z] [+] #4 | 4.webp
[2026-04-19T14:13:43.740Z] [DOWNLOADED] 5.webp | https://e-hentai.org/s/c9fbfe2701/2877298-5
[2026-04-19T14:13:43.741Z] [+] #5 | 5.webp
[2026-04-19T14:13:46.333Z] [DOWNLOADED] 6.webp | https://e-hentai.org/s/73ba633be9/2877298-6
[2026-04-19T14:13:46.333Z] [+] #6 | 6.webp
[2026-04-19T14:13:48.459Z] [DOWNLOADED] 7.webp | https://e-hentai.org/s/3c0f92585c/2877298-7
[2026-04-19T14:13:48.460Z] [+] #7 | 7.webp
[2026-04-19T14:13:50.688Z] [DOWNLOADED] 8.webp | https://e-hentai.org/s/8605333aee/2877298-8
[2026-04-19T14:13:50.689Z] [+] #8 | 8.webp
[2026-04-19T14:13:53.057Z] [DOWNLOADED] 9.webp | https://e-hentai.org/s/56d882fe08/2877298-9
[2026-04-19T14:13:53.059Z] [+] #9 | 9.webp
[2026-04-19T14:13:55.349Z] [DOWNLOADED] 10.webp | https://e-hentai.org/s/1954e25d17/2877298-10
[2026-04-19T14:13:55.350Z] [+] #10 | 10.webp
[2026-04-19T14:13:57.603Z] [DOWNLOADED] 11.webp | https://e-hentai.org/s/826137042e/2877298-11
[2026-04-19T14:13:57.604Z] [+] #11 | 11.webp
[2026-04-19T14:13:59.976Z] [DOWNLOADED] 12.webp | https://e-hentai.org/s/3b8d31e089/2877298-12
[2026-04-19T14:13:59.977Z] [+] #12 | 12.webp
[2026-04-19T14:13:59.978Z] [VIEWER] Đã đến ảnh cuối cùng — dừng. Total: 12
[2026-04-19T14:14:00.077Z] ✅ Done! 12 ảnh đã tải và lưu vào folder "Mashu-maid"
[2026-04-19T14:16:23.398Z] 
════════════════════════════════════════════════════════════
[2026-04-19T14:16:23.399Z]   E-Hentai Gallery Crawler
[2026-04-19T14:16:23.399Z]   Target: https://e-hentai.org/s/96c3c97e95/2962753-1
[2026-04-19T14:16:23.399Z]   Photo folder: Kisaki
[2026-04-19T14:16:23.399Z]   Output: Kisaki.json
[2026-04-19T14:16:23.399Z]   Log:    log.log
[2026-04-19T14:16:23.399Z] ════════════════════════════════════════════════════════════
[2026-04-19T14:16:23.399Z] [NAV] Chuyển đến https://e-hentai.org/s/96c3c97e95/2962753-1 ...
[2026-04-19T14:16:27.796Z] [VIEWER] Bắt đầu crawl từ ảnh đầu tiên...
[2026-04-19T14:16:30.118Z] [DOWNLOADED] Kisaki_0.webp | https://e-hentai.org/s/96c3c97e95/2962753-1
[2026-04-19T14:16:30.119Z] [+] #1 | Kisaki_0.webp
[2026-04-19T14:16:32.459Z] [DOWNLOADED] Kisaki_1.webp | https://e-hentai.org/s/b34e49c326/2962753-2
[2026-04-19T14:16:32.459Z] [+] #2 | Kisaki_1.webp
[2026-04-19T14:16:35.446Z] [DOWNLOADED] Kisaki_2.webp | https://e-hentai.org/s/8b00b97be7/2962753-3
[2026-04-19T14:16:35.447Z] [+] #3 | Kisaki_2.webp
[2026-04-19T14:16:37.472Z] [DOWNLOADED] Kisaki_3.webp | https://e-hentai.org/s/f7066b06fe/2962753-4
[2026-04-19T14:16:37.473Z] [+] #4 | Kisaki_3.webp
[2026-04-19T14:16:39.906Z] [DOWNLOADED] Kisaki_4.webp | https://e-hentai.org/s/92c8779540/2962753-5
[2026-04-19T14:16:39.907Z] [+] #5 | Kisaki_4.webp
[2026-04-19T14:16:42.206Z] [DOWNLOADED] Kisaki_5.webp | https://e-hentai.org/s/0b9cc61f3d/2962753-6
[2026-04-19T14:16:42.206Z] [+] #6 | Kisaki_5.webp
[2026-04-19T14:16:44.717Z] [DOWNLOADED] Kisaki_6.webp | https://e-hentai.org/s/6018873de6/2962753-7
[2026-04-19T14:16:44.718Z] [+] #7 | Kisaki_6.webp
[2026-04-19T14:16:47.071Z] [DOWNLOADED] Kisaki_7.webp | https://e-hentai.org/s/65dfbe6018/2962753-8
[2026-04-19T14:16:47.072Z] [+] #8 | Kisaki_7.webp
[2026-04-19T14:16:50.020Z] [DOWNLOADED] Kisaki_8.webp | https://e-hentai.org/s/361da1830a/2962753-9
[2026-04-19T14:16:50.020Z] [+] #9 | Kisaki_8.webp
[2026-04-19T14:16:52.404Z] [DOWNLOADED] Kisaki_9.webp | https://e-hentai.org/s/3a97b8587f/2962753-10
[2026-04-19T14:16:52.404Z] [+] #10 | Kisaki_9.webp
[2026-04-19T14:16:54.948Z] [DOWNLOADED] Kisaki_10.webp | https://e-hentai.org/s/84d6be106e/2962753-11
[2026-04-19T14:16:54.948Z] [+] #11 | Kisaki_10.webp
[2026-04-19T14:16:57.320Z] [DOWNLOADED] Kisaki_11.webp | https://e-hentai.org/s/314b8016f5/2962753-12
[2026-04-19T14:16:57.321Z] [+] #12 | Kisaki_11.webp
[2026-04-19T14:16:59.476Z] [DOWNLOADED] Kisaki_12.webp | https://e-hentai.org/s/ae978059a0/2962753-13
[2026-04-19T14:16:59.477Z] [+] #13 | Kisaki_12.webp
[2026-04-19T14:17:01.713Z] [DOWNLOADED] Kisaki_13.webp | https://e-hentai.org/s/478c205621/2962753-14
[2026-04-19T14:17:01.714Z] [+] #14 | Kisaki_13.webp
[2026-04-19T14:17:04.189Z] [DOWNLOADED] Kisaki_14.webp | https://e-hentai.org/s/66574ff281/2962753-15
[2026-04-19T14:17:04.190Z] [+] #15 | Kisaki_14.webp
[2026-04-19T14:17:06.885Z] [DOWNLOADED] Kisaki_15.webp | https://e-hentai.org/s/4ed1e6648f/2962753-16
[2026-04-19T14:17:06.887Z] [+] #16 | Kisaki_15.webp
[2026-04-19T14:17:09.308Z] [DOWNLOADED] Kisaki_16.webp | https://e-hentai.org/s/d3ae8df94b/2962753-17
[2026-04-19T14:17:09.309Z] [+] #17 | Kisaki_16.webp
[2026-04-19T14:17:11.901Z] [DOWNLOADED] Kisaki_17.webp | https://e-hentai.org/s/30ea47826a/2962753-18
[2026-04-19T14:17:11.901Z] [+] #18 | Kisaki_17.webp
[2026-04-19T14:17:14.152Z] [DOWNLOADED] Kisaki_18.webp | https://e-hentai.org/s/17421db6e0/2962753-19
[2026-04-19T14:17:14.153Z] [+] #19 | Kisaki_18.webp
[2026-04-19T14:17:17.741Z] [DOWNLOADED] Kisaki_19.webp | https://e-hentai.org/s/0ad24e7520/2962753-20
[2026-04-19T14:17:17.741Z] [+] #20 | Kisaki_19.webp
[2026-04-19T14:17:18.027Z] [VIEWER] Round 20 | Collected: 20
[2026-04-19T14:17:20.145Z] [DOWNLOADED] Kisaki_20.webp | https://e-hentai.org/s/719cb08e52/2962753-21
[2026-04-19T14:17:20.145Z] [+] #21 | Kisaki_20.webp
[2026-04-19T14:17:22.532Z] [DOWNLOADED] Kisaki_21.webp | https://e-hentai.org/s/f0cdd9f7bf/2962753-22
[2026-04-19T14:17:22.533Z] [+] #22 | Kisaki_21.webp
[2026-04-19T14:17:25.166Z] [DOWNLOADED] Kisaki_22.webp | https://e-hentai.org/s/1467ed31c2/2962753-23
[2026-04-19T14:17:25.167Z] [+] #23 | Kisaki_22.webp
[2026-04-19T14:17:27.516Z] [DOWNLOADED] Kisaki_23.webp | https://e-hentai.org/s/42728d3a78/2962753-24
[2026-04-19T14:17:27.517Z] [+] #24 | Kisaki_23.webp
[2026-04-19T14:17:30.137Z] [DOWNLOADED] Kisaki_24.webp | https://e-hentai.org/s/1813ae3432/2962753-25
[2026-04-19T14:17:30.138Z] [+] #25 | Kisaki_24.webp
[2026-04-19T14:17:32.593Z] [DOWNLOADED] Kisaki_25.webp | https://e-hentai.org/s/9907399e4c/2962753-26
[2026-04-19T14:17:32.594Z] [+] #26 | Kisaki_25.webp
[2026-04-19T14:17:36.069Z] [DOWNLOADED] Kisaki_26.webp | https://e-hentai.org/s/83567b1f0b/2962753-27
[2026-04-19T14:17:36.070Z] [+] #27 | Kisaki_26.webp
[2026-04-19T14:17:38.558Z] [DOWNLOADED] Kisaki_27.webp | https://e-hentai.org/s/df8407d161/2962753-28
[2026-04-19T14:17:38.559Z] [+] #28 | Kisaki_27.webp
[2026-04-19T14:17:40.873Z] [DOWNLOADED] Kisaki_28.webp | https://e-hentai.org/s/202ba0dd8d/2962753-29
[2026-04-19T14:17:40.873Z] [+] #29 | Kisaki_28.webp
[2026-04-19T14:17:43.576Z] [DOWNLOADED] Kisaki_29.webp | https://e-hentai.org/s/77c8921f77/2962753-30
[2026-04-19T14:17:43.579Z] [+] #30 | Kisaki_29.webp
[2026-04-19T14:17:45.882Z] [DOWNLOADED] Kisaki_30.webp | https://e-hentai.org/s/2b9a1af224/2962753-31
[2026-04-19T14:17:45.882Z] [+] #31 | Kisaki_30.webp
[2026-04-19T14:17:48.170Z] [DOWNLOADED] Kisaki_31.webp | https://e-hentai.org/s/2bd9999392/2962753-32
[2026-04-19T14:17:48.171Z] [+] #32 | Kisaki_31.webp
[2026-04-19T14:17:50.684Z] [DOWNLOADED] Kisaki_32.webp | https://e-hentai.org/s/e31f03088f/2962753-33
[2026-04-19T14:17:50.685Z] [+] #33 | Kisaki_32.webp
[2026-04-19T14:17:52.952Z] [DOWNLOADED] Kisaki_33.webp | https://e-hentai.org/s/54200173ac/2962753-34
[2026-04-19T14:17:52.953Z] [+] #34 | Kisaki_33.webp
[2026-04-19T14:17:55.177Z] [DOWNLOADED] Kisaki_34.webp | https://e-hentai.org/s/cec033712d/2962753-35
[2026-04-19T14:17:55.178Z] [+] #35 | Kisaki_34.webp
[2026-04-19T14:17:57.654Z] [DOWNLOADED] Kisaki_35.webp | https://e-hentai.org/s/dd855e2f44/2962753-36
[2026-04-19T14:17:57.655Z] [+] #36 | Kisaki_35.webp
[2026-04-19T14:18:00.098Z] [DOWNLOADED] Kisaki_36.webp | https://e-hentai.org/s/4dd807676b/2962753-37
[2026-04-19T14:18:00.099Z] [+] #37 | Kisaki_36.webp
[2026-04-19T14:18:02.767Z] [DOWNLOADED] Kisaki_37.webp | https://e-hentai.org/s/05e7e90449/2962753-38
[2026-04-19T14:18:02.768Z] [+] #38 | Kisaki_37.webp
[2026-04-19T14:18:05.451Z] [DOWNLOADED] Kisaki_38.webp | https://e-hentai.org/s/a2799fca14/2962753-39
[2026-04-19T14:18:05.452Z] [+] #39 | Kisaki_38.webp
[2026-04-19T14:18:08.043Z] [DOWNLOADED] Kisaki_39.webp | https://e-hentai.org/s/e9d5df3636/2962753-40
[2026-04-19T14:18:08.045Z] [+] #40 | Kisaki_39.webp
[2026-04-19T14:18:08.336Z] [VIEWER] Round 40 | Collected: 40
[2026-04-19T14:18:10.085Z] [DOWNLOADED] Kisaki_40.webp | https://e-hentai.org/s/9e2f2a84ea/2962753-41
[2026-04-19T14:18:10.086Z] [+] #41 | Kisaki_40.webp
[2026-04-19T14:18:12.474Z] [DOWNLOADED] Kisaki_41.webp | https://e-hentai.org/s/fc62948930/2962753-42
[2026-04-19T14:18:12.474Z] [+] #42 | Kisaki_41.webp
[2026-04-19T14:18:15.294Z] [DOWNLOADED] Kisaki_42.webp | https://e-hentai.org/s/c45e1af952/2962753-43
[2026-04-19T14:18:15.295Z] [+] #43 | Kisaki_42.webp
[2026-04-19T14:18:17.812Z] [DOWNLOADED] Kisaki_43.webp | https://e-hentai.org/s/647aab470d/2962753-44
[2026-04-19T14:18:17.813Z] [+] #44 | Kisaki_43.webp
[2026-04-19T14:18:20.112Z] [DOWNLOADED] Kisaki_44.webp | https://e-hentai.org/s/b1c4904b32/2962753-45
[2026-04-19T14:18:20.113Z] [+] #45 | Kisaki_44.webp
[2026-04-19T14:18:23.846Z] [DOWNLOADED] Kisaki_45.webp | https://e-hentai.org/s/8610eb09d8/2962753-46
[2026-04-19T14:18:23.847Z] [+] #46 | Kisaki_45.webp
[2026-04-19T14:18:26.104Z] [DOWNLOADED] Kisaki_46.webp | https://e-hentai.org/s/d3f9a6e6af/2962753-47
[2026-04-19T14:18:26.105Z] [+] #47 | Kisaki_46.webp
[2026-04-19T14:18:28.938Z] [DOWNLOADED] Kisaki_47.webp | https://e-hentai.org/s/02fa603ff6/2962753-48
[2026-04-19T14:18:28.939Z] [+] #48 | Kisaki_47.webp
[2026-04-19T14:18:32.699Z] [DOWNLOADED] Kisaki_48.webp | https://e-hentai.org/s/7b7a1daa5a/2962753-49
[2026-04-19T14:18:32.700Z] [+] #49 | Kisaki_48.webp
[2026-04-19T14:18:35.443Z] [DOWNLOADED] Kisaki_49.webp | https://e-hentai.org/s/ed3cac4aa7/2962753-50
[2026-04-19T14:18:35.443Z] [+] #50 | Kisaki_49.webp
[2026-04-19T14:18:37.692Z] [DOWNLOADED] Kisaki_50.webp | https://e-hentai.org/s/838b53526d/2962753-51
[2026-04-19T14:18:37.693Z] [+] #51 | Kisaki_50.webp
[2026-04-19T14:18:39.761Z] [DOWNLOADED] Kisaki_51.webp | https://e-hentai.org/s/b7d14a9820/2962753-52
[2026-04-19T14:18:39.762Z] [+] #52 | Kisaki_51.webp
[2026-04-19T14:18:42.802Z] [DOWNLOADED] Kisaki_52.webp | https://e-hentai.org/s/dbe2bb2e42/2962753-53
[2026-04-19T14:18:42.803Z] [+] #53 | Kisaki_52.webp
[2026-04-19T14:18:45.570Z] [DOWNLOADED] Kisaki_53.webp | https://e-hentai.org/s/70286ec94f/2962753-54
[2026-04-19T14:18:45.571Z] [+] #54 | Kisaki_53.webp
[2026-04-19T14:18:48.338Z] [DOWNLOADED] Kisaki_54.webp | https://e-hentai.org/s/f977e80c8e/2962753-55
[2026-04-19T14:18:48.339Z] [+] #55 | Kisaki_54.webp
[2026-04-19T14:18:51.309Z] [DOWNLOADED] Kisaki_55.webp | https://e-hentai.org/s/9b79bef0cc/2962753-56
[2026-04-19T14:18:51.310Z] [+] #56 | Kisaki_55.webp
[2026-04-19T14:18:53.758Z] [DOWNLOADED] Kisaki_56.webp | https://e-hentai.org/s/4706727f7c/2962753-57
[2026-04-19T14:18:53.759Z] [+] #57 | Kisaki_56.webp
[2026-04-19T14:18:55.966Z] [DOWNLOADED] Kisaki_57.webp | https://e-hentai.org/s/4deb3a821d/2962753-58
[2026-04-19T14:18:55.967Z] [+] #58 | Kisaki_57.webp
[2026-04-19T14:18:58.588Z] [DOWNLOADED] Kisaki_58.webp | https://e-hentai.org/s/ac951c3502/2962753-59
[2026-04-19T14:18:58.589Z] [+] #59 | Kisaki_58.webp
[2026-04-19T14:19:00.878Z] [DOWNLOADED] Kisaki_59.webp | https://e-hentai.org/s/b2f228b50e/2962753-60
[2026-04-19T14:19:00.880Z] [+] #60 | Kisaki_59.webp
[2026-04-19T14:19:00.880Z] [VIEWER] Đã đến ảnh cuối cùng — dừng. Total: 60
[2026-04-19T14:19:00.989Z] ✅ Done! 60 ảnh đã tải và lưu vào folder "Kisaki"
[2026-04-19T14:20:13.379Z] 
════════════════════════════════════════════════════════════
[2026-04-19T14:20:13.380Z]   E-Hentai Gallery Crawler
[2026-04-19T14:20:13.380Z]   Target: https://e-hentai.org/s/5b52b4683d/2870569-1
[2026-04-19T14:20:13.381Z]   Photo folder: 2B-dishwash
[2026-04-19T14:20:13.381Z]   Output: 2B-dishwash.json
[2026-04-19T14:20:13.381Z]   Log:    log.log
[2026-04-19T14:20:13.381Z] ════════════════════════════════════════════════════════════
[2026-04-19T14:20:13.381Z] [NAV] Chuyển đến https://e-hentai.org/s/5b52b4683d/2870569-1 ...
[2026-04-19T14:20:17.770Z] [VIEWER] Bắt đầu crawl từ ảnh đầu tiên...
[2026-04-19T14:20:19.668Z] [DOWNLOADED] 2B_dishwash_0.webp | https://e-hentai.org/s/5b52b4683d/2870569-1
[2026-04-19T14:20:19.671Z] [+] #1 | 2B_dishwash_0.webp
[2026-04-19T14:20:22.072Z] [DOWNLOADED] 2B_dishwash_1.webp | https://e-hentai.org/s/c0d856baca/2870569-2
[2026-04-19T14:20:22.072Z] [+] #2 | 2B_dishwash_1.webp
[2026-04-19T14:20:24.518Z] [DOWNLOADED] 2B_dishwash_2.webp | https://e-hentai.org/s/da53a1d80a/2870569-3
[2026-04-19T14:20:24.519Z] [+] #3 | 2B_dishwash_2.webp
[2026-04-19T14:20:29.113Z] [DOWNLOADED] 2B_dishwash_3.webp | https://e-hentai.org/s/bcb3c74ad4/2870569-4
[2026-04-19T14:20:29.114Z] [+] #4 | 2B_dishwash_3.webp
[2026-04-19T14:20:31.605Z] [DOWNLOADED] 2B_dishwash_4.webp | https://e-hentai.org/s/f19b9d522a/2870569-5
[2026-04-19T14:20:31.605Z] [+] #5 | 2B_dishwash_4.webp
[2026-04-19T14:20:33.844Z] [DOWNLOADED] 2B_dishwash_5.webp | https://e-hentai.org/s/ac6b97b1e4/2870569-6
[2026-04-19T14:20:33.845Z] [+] #6 | 2B_dishwash_5.webp
[2026-04-19T14:20:35.912Z] [DOWNLOADED] 2B_dishwash_6.webp | https://e-hentai.org/s/d5ec66b0cf/2870569-7
[2026-04-19T14:20:35.913Z] [+] #7 | 2B_dishwash_6.webp
[2026-04-19T14:20:38.941Z] [DOWNLOADED] 2B_dishwash_7.webp | https://e-hentai.org/s/9fe0b288c6/2870569-8
[2026-04-19T14:20:38.942Z] [+] #8 | 2B_dishwash_7.webp
[2026-04-19T14:20:40.933Z] [DOWNLOADED] 2B_dishwash_8.webp | https://e-hentai.org/s/e3bd969bc7/2870569-9
[2026-04-19T14:20:40.934Z] [+] #9 | 2B_dishwash_8.webp
[2026-04-19T14:20:43.908Z] [DOWNLOADED] 2B_dishwash_9.webp | https://e-hentai.org/s/9eb0e4134d/2870569-10
[2026-04-19T14:20:43.910Z] [+] #10 | 2B_dishwash_9.webp
[2026-04-19T14:20:46.262Z] [DOWNLOADED] 2B_dishwash_10.webp | https://e-hentai.org/s/963919e86d/2870569-11
[2026-04-19T14:20:46.263Z] [+] #11 | 2B_dishwash_10.webp
[2026-04-19T14:20:48.678Z] [DOWNLOADED] 2B_dishwash_11.webp | https://e-hentai.org/s/bf4b21575f/2870569-12
[2026-04-19T14:20:48.679Z] [+] #12 | 2B_dishwash_11.webp
[2026-04-19T14:20:50.782Z] [DOWNLOADED] 2B_dishwash_12.webp | https://e-hentai.org/s/241870cbab/2870569-13
[2026-04-19T14:20:50.783Z] [+] #13 | 2B_dishwash_12.webp
[2026-04-19T14:20:53.275Z] [DOWNLOADED] 2B_dishwash_13.webp | https://e-hentai.org/s/945026dc58/2870569-14
[2026-04-19T14:20:53.275Z] [+] #14 | 2B_dishwash_13.webp
[2026-04-19T14:20:56.165Z] [DOWNLOADED] 2B_dishwash_14.webp | https://e-hentai.org/s/362c001dd4/2870569-15
[2026-04-19T14:20:56.166Z] [+] #15 | 2B_dishwash_14.webp
[2026-04-19T14:20:58.518Z] [DOWNLOADED] 2B_dishwash_15.webp | https://e-hentai.org/s/87fd093f6f/2870569-16
[2026-04-19T14:20:58.518Z] [+] #16 | 2B_dishwash_15.webp
[2026-04-19T14:21:00.487Z] [DOWNLOADED] 2B_dishwash_16.webp | https://e-hentai.org/s/e824ffc5fe/2870569-17
[2026-04-19T14:21:00.488Z] [+] #17 | 2B_dishwash_16.webp
[2026-04-19T14:21:02.494Z] [DOWNLOADED] 2B_dishwash_17.webp | https://e-hentai.org/s/ec2c928855/2870569-18
[2026-04-19T14:21:02.495Z] [+] #18 | 2B_dishwash_17.webp
[2026-04-19T14:21:04.698Z] [DOWNLOADED] 2B_dishwash_18.webp | https://e-hentai.org/s/b13b556a33/2870569-19
[2026-04-19T14:21:04.699Z] [+] #19 | 2B_dishwash_18.webp
[2026-04-19T14:21:07.017Z] [DOWNLOADED] 2B_dishwash_19.webp | https://e-hentai.org/s/778f83c82c/2870569-20
[2026-04-19T14:21:07.018Z] [+] #20 | 2B_dishwash_19.webp
[2026-04-19T14:21:07.293Z] [VIEWER] Round 20 | Collected: 20
[2026-04-19T14:21:09.548Z] [DOWNLOADED] 2B_dishwash_20.webp | https://e-hentai.org/s/3d1fe7c089/2870569-21
[2026-04-19T14:21:09.549Z] [+] #21 | 2B_dishwash_20.webp
[2026-04-19T14:21:13.090Z] [DOWNLOADED] 2B_dishwash_21.webp | https://e-hentai.org/s/a67da23ac7/2870569-22
[2026-04-19T14:21:13.090Z] [+] #22 | 2B_dishwash_21.webp
[2026-04-19T14:21:15.049Z] [DOWNLOADED] 2B_dishwash_22.webp | https://e-hentai.org/s/7cc776002d/2870569-23
[2026-04-19T14:21:15.050Z] [+] #23 | 2B_dishwash_22.webp
[2026-04-19T14:21:17.240Z] [DOWNLOADED] 2B_dishwash_23.webp | https://e-hentai.org/s/b73a5943c1/2870569-24
[2026-04-19T14:21:17.241Z] [+] #24 | 2B_dishwash_23.webp
[2026-04-19T14:21:19.817Z] [DOWNLOADED] 2B_dishwash_24.webp | https://e-hentai.org/s/0749a75caa/2870569-25
[2026-04-19T14:21:19.818Z] [+] #25 | 2B_dishwash_24.webp
[2026-04-19T14:21:22.069Z] [DOWNLOADED] 2B_dishwash_25.webp | https://e-hentai.org/s/a7b133fdd9/2870569-26
[2026-04-19T14:21:22.070Z] [+] #26 | 2B_dishwash_25.webp
[2026-04-19T14:21:24.410Z] [DOWNLOADED] 2B_dishwash_26.webp | https://e-hentai.org/s/11c3524d0f/2870569-27
[2026-04-19T14:21:24.411Z] [+] #27 | 2B_dishwash_26.webp
[2026-04-19T14:21:27.061Z] [DOWNLOADED] 2B_dishwash_27.webp | https://e-hentai.org/s/f9e47de9c0/2870569-28
[2026-04-19T14:21:27.063Z] [+] #28 | 2B_dishwash_27.webp
[2026-04-19T14:21:29.252Z] [DOWNLOADED] 2B_dishwash_28.webp | https://e-hentai.org/s/828cd1edac/2870569-29
[2026-04-19T14:21:29.253Z] [+] #29 | 2B_dishwash_28.webp
[2026-04-19T14:21:31.380Z] [DOWNLOADED] 2B_dishwash_29.webp | https://e-hentai.org/s/f7b4421660/2870569-30
[2026-04-19T14:21:31.381Z] [+] #30 | 2B_dishwash_29.webp
[2026-04-19T14:21:33.917Z] [DOWNLOADED] 2B_dishwash_30.webp | https://e-hentai.org/s/2ba2de0daa/2870569-31
[2026-04-19T14:21:33.919Z] [+] #31 | 2B_dishwash_30.webp
[2026-04-19T14:21:35.918Z] [DOWNLOADED] 2B_dishwash_31.webp | https://e-hentai.org/s/18418d47f6/2870569-32
[2026-04-19T14:21:35.919Z] [+] #32 | 2B_dishwash_31.webp
[2026-04-19T14:21:39.108Z] [DOWNLOADED] 2B_dishwash_32.webp | https://e-hentai.org/s/2decb2430e/2870569-33
[2026-04-19T14:21:39.109Z] [+] #33 | 2B_dishwash_32.webp
[2026-04-19T14:21:42.541Z] [DOWNLOADED] 2B_dishwash_33.webp | https://e-hentai.org/s/57cc2d4e8e/2870569-34
[2026-04-19T14:21:42.542Z] [+] #34 | 2B_dishwash_33.webp
[2026-04-19T14:21:44.732Z] [DOWNLOADED] 2B_dishwash_34.webp | https://e-hentai.org/s/78b65459aa/2870569-35
[2026-04-19T14:21:44.733Z] [+] #35 | 2B_dishwash_34.webp
[2026-04-19T14:21:46.685Z] [DOWNLOADED] 2B_dishwash_35.webp | https://e-hentai.org/s/b7c24ff8ef/2870569-36
[2026-04-19T14:21:46.686Z] [+] #36 | 2B_dishwash_35.webp
[2026-04-19T14:21:49.050Z] [DOWNLOADED] 2B_dishwash_36.webp | https://e-hentai.org/s/5d20acdc5f/2870569-37
[2026-04-19T14:21:49.051Z] [+] #37 | 2B_dishwash_36.webp
[2026-04-19T14:21:51.049Z] [DOWNLOADED] 2B_dishwash_37.webp | https://e-hentai.org/s/3f40464169/2870569-38
[2026-04-19T14:21:51.050Z] [+] #38 | 2B_dishwash_37.webp
[2026-04-19T14:21:53.520Z] [DOWNLOADED] 2B_dishwash_38.webp | https://e-hentai.org/s/c091ef5f36/2870569-39
[2026-04-19T14:21:53.521Z] [+] #39 | 2B_dishwash_38.webp
[2026-04-19T14:21:55.839Z] [DOWNLOADED] 2B_dishwash_39.webp | https://e-hentai.org/s/1b8fcc4693/2870569-40
[2026-04-19T14:21:55.840Z] [+] #40 | 2B_dishwash_39.webp
[2026-04-19T14:21:56.147Z] [VIEWER] Round 40 | Collected: 40
[2026-04-19T14:21:58.057Z] [DOWNLOADED] 2B_dishwash_40.webp | https://e-hentai.org/s/0d63c0eb32/2870569-41
[2026-04-19T14:21:58.058Z] [+] #41 | 2B_dishwash_40.webp
[2026-04-19T14:22:00.376Z] [DOWNLOADED] 2B_dishwash_41.webp | https://e-hentai.org/s/8dbecc8fc8/2870569-42
[2026-04-19T14:22:00.377Z] [+] #42 | 2B_dishwash_41.webp
[2026-04-19T14:22:03.063Z] [DOWNLOADED] 2B_dishwash_42.webp | https://e-hentai.org/s/f4db9722df/2870569-43
[2026-04-19T14:22:03.064Z] [+] #43 | 2B_dishwash_42.webp
[2026-04-19T14:22:05.258Z] [DOWNLOADED] 2B_dishwash_43.webp | https://e-hentai.org/s/9fd4df69c6/2870569-44
[2026-04-19T14:22:05.259Z] [+] #44 | 2B_dishwash_43.webp
[2026-04-19T14:22:07.540Z] [DOWNLOADED] 2B_dishwash_44.webp | https://e-hentai.org/s/5089fb10fe/2870569-45
[2026-04-19T14:22:07.541Z] [+] #45 | 2B_dishwash_44.webp
[2026-04-19T14:22:10.232Z] [DOWNLOADED] 2B_dishwash_45.webp | https://e-hentai.org/s/19022026c6/2870569-46
[2026-04-19T14:22:10.233Z] [+] #46 | 2B_dishwash_45.webp
[2026-04-19T14:22:12.626Z] [DOWNLOADED] 2B_dishwash_46.webp | https://e-hentai.org/s/f8fd8332a3/2870569-47
[2026-04-19T14:22:12.626Z] [+] #47 | 2B_dishwash_46.webp
[2026-04-19T14:22:14.805Z] [DOWNLOADED] 2B_dishwash_47.webp | https://e-hentai.org/s/87c179f945/2870569-48
[2026-04-19T14:22:14.806Z] [+] #48 | 2B_dishwash_47.webp
[2026-04-19T14:22:18.014Z] [DOWNLOADED] 2B_dishwash_48.webp | https://e-hentai.org/s/d668570f45/2870569-49
[2026-04-19T14:22:18.015Z] [+] #49 | 2B_dishwash_48.webp
[2026-04-19T14:22:20.568Z] [DOWNLOADED] 2B_dishwash_49.webp | https://e-hentai.org/s/56063bca03/2870569-50
[2026-04-19T14:22:20.569Z] [+] #50 | 2B_dishwash_49.webp
[2026-04-19T14:22:23.438Z] [DOWNLOADED] 2B_dishwash_50.webp | https://e-hentai.org/s/6ead1453d7/2870569-51
[2026-04-19T14:22:23.439Z] [+] #51 | 2B_dishwash_50.webp
[2026-04-19T14:22:25.785Z] [DOWNLOADED] 2B_dishwash_51.webp | https://e-hentai.org/s/30e4cb5020/2870569-52
[2026-04-19T14:22:25.786Z] [+] #52 | 2B_dishwash_51.webp
[2026-04-19T14:22:28.223Z] [DOWNLOADED] 2B_dishwash_52.webp | https://e-hentai.org/s/54ae80be7c/2870569-53
[2026-04-19T14:22:28.225Z] [+] #53 | 2B_dishwash_52.webp
[2026-04-19T14:22:30.536Z] [DOWNLOADED] 2B_dishwash_53.webp | https://e-hentai.org/s/e25ca5880b/2870569-54
[2026-04-19T14:22:30.537Z] [+] #54 | 2B_dishwash_53.webp
[2026-04-19T14:22:32.839Z] [DOWNLOADED] 2B_dishwash_54.webp | https://e-hentai.org/s/a797511ff3/2870569-55
[2026-04-19T14:22:32.840Z] [+] #55 | 2B_dishwash_54.webp
[2026-04-19T14:22:36.505Z] [DOWNLOADED] 2B_dishwash_55.webp | https://e-hentai.org/s/1b80329780/2870569-56
[2026-04-19T14:22:36.506Z] [+] #56 | 2B_dishwash_55.webp
[2026-04-19T14:22:39.238Z] [DOWNLOADED] 2B_dishwash_56.webp | https://e-hentai.org/s/9eae0dd886/2870569-57
[2026-04-19T14:22:39.239Z] [+] #57 | 2B_dishwash_56.webp
[2026-04-19T14:22:41.647Z] [DOWNLOADED] 2B_dishwash_57.webp | https://e-hentai.org/s/8f67b7a3bc/2870569-58
[2026-04-19T14:22:41.649Z] [+] #58 | 2B_dishwash_57.webp
[2026-04-19T14:22:44.363Z] [DOWNLOADED] 2B_dishwash_58.webp | https://e-hentai.org/s/5dad9f89e4/2870569-59
[2026-04-19T14:22:44.364Z] [+] #59 | 2B_dishwash_58.webp
[2026-04-19T14:22:47.633Z] [DOWNLOADED] 2B_dishwash_59.webp | https://e-hentai.org/s/09c148e89a/2870569-60
[2026-04-19T14:22:47.635Z] [+] #60 | 2B_dishwash_59.webp
[2026-04-19T14:22:47.917Z] [VIEWER] Round 60 | Collected: 60
[2026-04-19T14:22:50.180Z] [DOWNLOADED] 2B_dishwash_60.webp | https://e-hentai.org/s/928741e849/2870569-61
[2026-04-19T14:22:50.180Z] [+] #61 | 2B_dishwash_60.webp
[2026-04-19T14:22:52.310Z] [DOWNLOADED] 2B_dishwash_61.webp | https://e-hentai.org/s/b6c648c5cb/2870569-62
[2026-04-19T14:22:52.311Z] [+] #62 | 2B_dishwash_61.webp
[2026-04-19T14:22:55.100Z] [DOWNLOADED] 2B_dishwash_62.webp | https://e-hentai.org/s/a916abc91c/2870569-63
[2026-04-19T14:22:55.101Z] [+] #63 | 2B_dishwash_62.webp
[2026-04-19T14:22:57.043Z] [DOWNLOADED] 2B_dishwash_63.webp | https://e-hentai.org/s/a9feb0d4c6/2870569-64
[2026-04-19T14:22:57.045Z] [+] #64 | 2B_dishwash_63.webp
[2026-04-19T14:22:59.174Z] [DOWNLOADED] 2B_dishwash_64.webp | https://e-hentai.org/s/ce36a24e89/2870569-65
[2026-04-19T14:22:59.176Z] [+] #65 | 2B_dishwash_64.webp
[2026-04-19T14:22:59.176Z] [VIEWER] Đã đến ảnh cuối cùng — dừng. Total: 65
[2026-04-19T14:22:59.272Z] ✅ Done! 65 ảnh đã tải và lưu vào folder "2B-dishwash"
[2026-04-19T14:23:06.733Z] 
════════════════════════════════════════════════════════════
[2026-04-19T14:23:06.734Z]   E-Hentai Gallery Crawler
[2026-04-19T14:23:06.735Z]   Target: https://e-hentai.org/s/2bbc46bb69/2871700-1
[2026-04-19T14:23:06.735Z]   Photo folder: Nicole
[2026-04-19T14:23:06.735Z]   Output: Nicole.json
[2026-04-19T14:23:06.735Z]   Log:    log.log
[2026-04-19T14:23:06.735Z] ════════════════════════════════════════════════════════════
[2026-04-19T14:23:06.735Z] [NAV] Chuyển đến https://e-hentai.org/s/2bbc46bb69/2871700-1 ...
[2026-04-19T14:23:11.145Z] [VIEWER] Bắt đầu crawl từ ảnh đầu tiên...
[2026-04-19T14:23:13.599Z] [DOWNLOADED] Nicole_0.webp | https://e-hentai.org/s/2bbc46bb69/2871700-1
[2026-04-19T14:23:13.604Z] [+] #1 | Nicole_0.webp
[2026-04-19T14:23:18.996Z] [DOWNLOADED] Nicole_1.webp | https://e-hentai.org/s/da85ac6675/2871700-2
[2026-04-19T14:23:18.997Z] [+] #2 | Nicole_1.webp
[2026-04-19T14:23:21.067Z] [DOWNLOADED] Nicole_2.webp | https://e-hentai.org/s/7fb2b5ecd2/2871700-3
[2026-04-19T14:23:21.067Z] [+] #3 | Nicole_2.webp
[2026-04-19T14:23:23.407Z] [DOWNLOADED] Nicole_3.webp | https://e-hentai.org/s/f34d471859/2871700-4
[2026-04-19T14:23:23.410Z] [+] #4 | Nicole_3.webp
[2026-04-19T14:23:25.949Z] [DOWNLOADED] Nicole_4.webp | https://e-hentai.org/s/56838ec3fe/2871700-5
[2026-04-19T14:23:25.950Z] [+] #5 | Nicole_4.webp
[2026-04-19T14:23:27.988Z] [DOWNLOADED] Nicole_5.webp | https://e-hentai.org/s/353c724ed4/2871700-6
[2026-04-19T14:23:27.989Z] [+] #6 | Nicole_5.webp
[2026-04-19T14:23:31.014Z] [DOWNLOADED] Nicole_6.webp | https://e-hentai.org/s/d72d96dab4/2871700-7
[2026-04-19T14:23:31.015Z] [+] #7 | Nicole_6.webp
[2026-04-19T14:23:33.555Z] [DOWNLOADED] Nicole_7.webp | https://e-hentai.org/s/88a026de01/2871700-8
[2026-04-19T14:23:33.555Z] [+] #8 | Nicole_7.webp
[2026-04-19T14:23:35.848Z] [DOWNLOADED] Nicole_8.webp | https://e-hentai.org/s/b7c1935ee7/2871700-9
[2026-04-19T14:23:35.850Z] [+] #9 | Nicole_8.webp
[2026-04-19T14:23:38.260Z] [DOWNLOADED] Nicole_9.webp | https://e-hentai.org/s/c82d319cab/2871700-10
[2026-04-19T14:23:38.261Z] [+] #10 | Nicole_9.webp
[2026-04-19T14:23:40.840Z] [DOWNLOADED] Nicole_10.webp | https://e-hentai.org/s/95de113e57/2871700-11
[2026-04-19T14:23:40.841Z] [+] #11 | Nicole_10.webp
[2026-04-19T14:23:43.490Z] [DOWNLOADED] Nicole_11.webp | https://e-hentai.org/s/a9152cdd6b/2871700-12
[2026-04-19T14:23:43.491Z] [+] #12 | Nicole_11.webp
[2026-04-19T14:23:46.211Z] [DOWNLOADED] Nicole_12.webp | https://e-hentai.org/s/0c25a7d4f8/2871700-13
[2026-04-19T14:23:46.212Z] [+] #13 | Nicole_12.webp
[2026-04-19T14:23:48.892Z] [DOWNLOADED] Nicole_13.webp | https://e-hentai.org/s/b9cdac1bae/2871700-14
[2026-04-19T14:23:48.893Z] [+] #14 | Nicole_13.webp
[2026-04-19T14:23:53.731Z] [DOWNLOADED] Nicole_14.webp | https://e-hentai.org/s/6bdaa29fb6/2871700-15
[2026-04-19T14:23:53.732Z] [+] #15 | Nicole_14.webp
[2026-04-19T14:23:56.224Z] [DOWNLOADED] Nicole_15.webp | https://e-hentai.org/s/2b9c3f208e/2871700-16
[2026-04-19T14:23:56.224Z] [+] #16 | Nicole_15.webp
[2026-04-19T14:23:58.454Z] [DOWNLOADED] Nicole_16.webp | https://e-hentai.org/s/27ae94fb0a/2871700-17
[2026-04-19T14:23:58.456Z] [+] #17 | Nicole_16.webp
[2026-04-19T14:24:00.901Z] [DOWNLOADED] Nicole_17.webp | https://e-hentai.org/s/6811ba1653/2871700-18
[2026-04-19T14:24:00.902Z] [+] #18 | Nicole_17.webp
[2026-04-19T14:24:03.325Z] [DOWNLOADED] Nicole_18.webp | https://e-hentai.org/s/1a31b10885/2871700-19
[2026-04-19T14:24:03.326Z] [+] #19 | Nicole_18.webp
[2026-04-19T14:24:08.171Z] [DOWNLOADED] Nicole_19.webp | https://e-hentai.org/s/cc07b2bfc7/2871700-20
[2026-04-19T14:24:08.173Z] [+] #20 | Nicole_19.webp
[2026-04-19T14:24:08.475Z] [VIEWER] Round 20 | Collected: 20
[2026-04-19T14:24:10.791Z] [DOWNLOADED] Nicole_20.webp | https://e-hentai.org/s/ed66351e2f/2871700-21
[2026-04-19T14:24:10.792Z] [+] #21 | Nicole_20.webp
[2026-04-19T14:24:13.036Z] [DOWNLOADED] Nicole_21.webp | https://e-hentai.org/s/a283dc6fee/2871700-22
[2026-04-19T14:24:13.036Z] [+] #22 | Nicole_21.webp
[2026-04-19T14:24:15.527Z] [DOWNLOADED] Nicole_22.webp | https://e-hentai.org/s/8ceb5180bb/2871700-23
[2026-04-19T14:24:15.528Z] [+] #23 | Nicole_22.webp
[2026-04-19T14:24:20.499Z] [DOWNLOADED] Nicole_23.webp | https://e-hentai.org/s/812477ad1c/2871700-24
[2026-04-19T14:24:20.500Z] [+] #24 | Nicole_23.webp
[2026-04-19T14:24:22.543Z] [DOWNLOADED] Nicole_24.webp | https://e-hentai.org/s/00c41b24ba/2871700-25
[2026-04-19T14:24:22.544Z] [+] #25 | Nicole_24.webp
[2026-04-19T14:24:24.550Z] [DOWNLOADED] Nicole_25.webp | https://e-hentai.org/s/1956d3f473/2871700-26
[2026-04-19T14:24:24.551Z] [+] #26 | Nicole_25.webp
[2026-04-19T14:24:27.342Z] [DOWNLOADED] Nicole_26.webp | https://e-hentai.org/s/d6bd64a857/2871700-27
[2026-04-19T14:24:27.343Z] [+] #27 | Nicole_26.webp
[2026-04-19T14:24:29.355Z] [DOWNLOADED] Nicole_27.webp | https://e-hentai.org/s/fe7eb8adf4/2871700-28
[2026-04-19T14:24:29.356Z] [+] #28 | Nicole_27.webp
[2026-04-19T14:24:32.108Z] [DOWNLOADED] Nicole_28.webp | https://e-hentai.org/s/a1df041d17/2871700-29
[2026-04-19T14:24:32.110Z] [+] #29 | Nicole_28.webp
[2026-04-19T14:24:34.430Z] [DOWNLOADED] Nicole_29.webp | https://e-hentai.org/s/a04020f58e/2871700-30
[2026-04-19T14:24:34.431Z] [+] #30 | Nicole_29.webp
[2026-04-19T14:24:38.815Z] [DOWNLOADED] Nicole_30.webp | https://e-hentai.org/s/f6e92e9ab2/2871700-31
[2026-04-19T14:24:38.816Z] [+] #31 | Nicole_30.webp
[2026-04-19T14:24:41.212Z] [DOWNLOADED] Nicole_31.webp | https://e-hentai.org/s/d7d07e6502/2871700-32
[2026-04-19T14:24:41.213Z] [+] #32 | Nicole_31.webp
[2026-04-19T14:24:44.093Z] [DOWNLOADED] Nicole_32.webp | https://e-hentai.org/s/9da6ba7f19/2871700-33
[2026-04-19T14:24:44.094Z] [+] #33 | Nicole_32.webp
[2026-04-19T14:24:46.795Z] [DOWNLOADED] Nicole_33.webp | https://e-hentai.org/s/006c35479a/2871700-34
[2026-04-19T14:24:46.796Z] [+] #34 | Nicole_33.webp
[2026-04-19T14:24:49.301Z] [DOWNLOADED] Nicole_34.webp | https://e-hentai.org/s/b56436799c/2871700-35
[2026-04-19T14:24:49.303Z] [+] #35 | Nicole_34.webp
[2026-04-19T14:24:51.844Z] [DOWNLOADED] Nicole_35.webp | https://e-hentai.org/s/38b9ec849b/2871700-36
[2026-04-19T14:24:51.845Z] [+] #36 | Nicole_35.webp
[2026-04-19T14:24:53.990Z] [DOWNLOADED] Nicole_36.webp | https://e-hentai.org/s/482fbcbb60/2871700-37
[2026-04-19T14:24:53.991Z] [+] #37 | Nicole_36.webp
[2026-04-19T14:24:56.041Z] [DOWNLOADED] Nicole_37.webp | https://e-hentai.org/s/424a7df7ea/2871700-38
[2026-04-19T14:24:56.042Z] [+] #38 | Nicole_37.webp
[2026-04-19T14:24:58.234Z] [DOWNLOADED] Nicole_38.webp | https://e-hentai.org/s/5be8248f81/2871700-39
[2026-04-19T14:24:58.235Z] [+] #39 | Nicole_38.webp
[2026-04-19T14:25:00.673Z] [DOWNLOADED] Nicole_39.webp | https://e-hentai.org/s/5acfdf98b9/2871700-40
[2026-04-19T14:25:00.674Z] [+] #40 | Nicole_39.webp
[2026-04-19T14:25:00.999Z] [VIEWER] Round 40 | Collected: 40
[2026-04-19T14:25:03.514Z] [DOWNLOADED] Nicole_40.webp | https://e-hentai.org/s/86f0709cca/2871700-41
[2026-04-19T14:25:03.516Z] [+] #41 | Nicole_40.webp
[2026-04-19T14:25:05.886Z] [DOWNLOADED] Nicole_41.webp | https://e-hentai.org/s/13a29db7db/2871700-42
[2026-04-19T14:25:05.887Z] [+] #42 | Nicole_41.webp
[2026-04-19T14:25:08.438Z] [DOWNLOADED] Nicole_42.webp | https://e-hentai.org/s/8518504c2b/2871700-43
[2026-04-19T14:25:08.439Z] [+] #43 | Nicole_42.webp
[2026-04-19T14:25:10.862Z] [DOWNLOADED] Nicole_43.webp | https://e-hentai.org/s/ad242e28f7/2871700-44
[2026-04-19T14:25:10.862Z] [+] #44 | Nicole_43.webp
[2026-04-19T14:25:13.335Z] [DOWNLOADED] Nicole_44.webp | https://e-hentai.org/s/800a9c69f6/2871700-45
[2026-04-19T14:25:13.336Z] [+] #45 | Nicole_44.webp
[2026-04-19T14:25:15.620Z] [DOWNLOADED] Nicole_45.webp | https://e-hentai.org/s/8f158dc0fc/2871700-46
[2026-04-19T14:25:15.622Z] [+] #46 | Nicole_45.webp
[2026-04-19T14:25:18.112Z] [DOWNLOADED] Nicole_46.webp | https://e-hentai.org/s/0f21fc2983/2871700-47
[2026-04-19T14:25:18.113Z] [+] #47 | Nicole_46.webp
[2026-04-19T14:25:27.839Z] [DOWNLOADED] Nicole_47.webp | https://e-hentai.org/s/0d27060a0e/2871700-48
[2026-04-19T14:25:27.839Z] [+] #48 | Nicole_47.webp
[2026-04-19T14:25:30.406Z] [DOWNLOADED] Nicole_48.webp | https://e-hentai.org/s/fd49e11099/2871700-49
[2026-04-19T14:25:30.407Z] [+] #49 | Nicole_48.webp
[2026-04-19T14:25:35.048Z] [DOWNLOADED] Nicole_49.webp | https://e-hentai.org/s/b77c9d47f4/2871700-50
[2026-04-19T14:25:35.050Z] [+] #50 | Nicole_49.webp
[2026-04-19T14:25:37.950Z] [DOWNLOADED] Nicole_50.webp | https://e-hentai.org/s/96f1ecfec2/2871700-51
[2026-04-19T14:25:37.950Z] [+] #51 | Nicole_50.webp
[2026-04-19T14:25:40.443Z] [DOWNLOADED] Nicole_51.webp | https://e-hentai.org/s/51ab1269af/2871700-52
[2026-04-19T14:25:40.444Z] [+] #52 | Nicole_51.webp
[2026-04-19T14:25:42.749Z] [DOWNLOADED] Nicole_52.webp | https://e-hentai.org/s/a72f36cc29/2871700-53
[2026-04-19T14:25:42.750Z] [+] #53 | Nicole_52.webp
[2026-04-19T14:25:46.230Z] [DOWNLOADED] Nicole_53.webp | https://e-hentai.org/s/9fb0b9abf0/2871700-54
[2026-04-19T14:25:46.232Z] [+] #54 | Nicole_53.webp
[2026-04-19T14:25:46.232Z] [VIEWER] Đã đến ảnh cuối cùng — dừng. Total: 54
[2026-04-19T14:25:46.337Z] ✅ Done! 54 ảnh đã tải và lưu vào folder "Nicole"
[2026-04-19T14:25:49.971Z] 
════════════════════════════════════════════════════════════
[2026-04-19T14:25:49.972Z]   E-Hentai Gallery Crawler
[2026-04-19T14:25:49.972Z]   Target: https://e-hentai.org/s/f06212dc77/2868692-1
[2026-04-19T14:25:49.972Z]   Photo folder: Ai-Hoshino
[2026-04-19T14:25:49.972Z]   Output: Ai-Hoshino.json
[2026-04-19T14:25:49.973Z]   Log:    log.log
[2026-04-19T14:25:49.973Z] ════════════════════════════════════════════════════════════
[2026-04-19T14:25:49.973Z] [NAV] Chuyển đến https://e-hentai.org/s/f06212dc77/2868692-1 ...
[2026-04-19T14:25:54.389Z] [VIEWER] Bắt đầu crawl từ ảnh đầu tiên...
[2026-04-19T14:25:56.685Z] [DOWNLOADED] Ai_Hoshino_0.webp | https://e-hentai.org/s/f06212dc77/2868692-1
[2026-04-19T14:25:56.688Z] [+] #1 | Ai_Hoshino_0.webp
[2026-04-19T14:25:59.122Z] [DOWNLOADED] Ai_Hoshino_1.webp | https://e-hentai.org/s/aefd397659/2868692-2
[2026-04-19T14:25:59.122Z] [+] #2 | Ai_Hoshino_1.webp
[2026-04-19T14:26:01.626Z] [DOWNLOADED] Ai_Hoshino_2.webp | https://e-hentai.org/s/5e9983ab69/2868692-3
[2026-04-19T14:26:01.627Z] [+] #3 | Ai_Hoshino_2.webp
[2026-04-19T14:26:04.266Z] [DOWNLOADED] Ai_Hoshino_3.webp | https://e-hentai.org/s/574ad41e05/2868692-4
[2026-04-19T14:26:04.267Z] [+] #4 | Ai_Hoshino_3.webp
[2026-04-19T14:26:06.285Z] [DOWNLOADED] Ai_Hoshino_4.webp | https://e-hentai.org/s/112abe5ff0/2868692-5
[2026-04-19T14:26:06.286Z] [+] #5 | Ai_Hoshino_4.webp
[2026-04-19T14:26:09.135Z] [DOWNLOADED] Ai_Hoshino_5.webp | https://e-hentai.org/s/3b639c5860/2868692-6
[2026-04-19T14:26:09.136Z] [+] #6 | Ai_Hoshino_5.webp
[2026-04-19T14:26:11.452Z] [DOWNLOADED] Ai_Hoshino_6.webp | https://e-hentai.org/s/ef145cd0ac/2868692-7
[2026-04-19T14:26:11.452Z] [+] #7 | Ai_Hoshino_6.webp
[2026-04-19T14:26:13.399Z] [DOWNLOADED] Ai_Hoshino_7.webp | https://e-hentai.org/s/84451948ee/2868692-8
[2026-04-19T14:26:13.399Z] [+] #8 | Ai_Hoshino_7.webp
[2026-04-19T14:26:15.791Z] [DOWNLOADED] Ai_Hoshino_8.webp | https://e-hentai.org/s/c2b0207bd1/2868692-9
[2026-04-19T14:26:15.792Z] [+] #9 | Ai_Hoshino_8.webp
[2026-04-19T14:26:18.172Z] [DOWNLOADED] Ai_Hoshino_9.webp | https://e-hentai.org/s/e9dcbcc0b2/2868692-10
[2026-04-19T14:26:18.173Z] [+] #10 | Ai_Hoshino_9.webp
[2026-04-19T14:26:20.355Z] [DOWNLOADED] Ai_Hoshino_10.webp | https://e-hentai.org/s/098a2d822d/2868692-11
[2026-04-19T14:26:20.356Z] [+] #11 | Ai_Hoshino_10.webp
[2026-04-19T14:26:23.238Z] [DOWNLOADED] Ai_Hoshino_11.webp | https://e-hentai.org/s/e61922adc4/2868692-12
[2026-04-19T14:26:23.238Z] [+] #12 | Ai_Hoshino_11.webp
[2026-04-19T14:26:25.734Z] [DOWNLOADED] Ai_Hoshino_12.webp | https://e-hentai.org/s/f6779855af/2868692-13
[2026-04-19T14:26:25.735Z] [+] #13 | Ai_Hoshino_12.webp
[2026-04-19T14:26:28.256Z] [DOWNLOADED] Ai_Hoshino_13.webp | https://e-hentai.org/s/2afdf555aa/2868692-14
[2026-04-19T14:26:28.257Z] [+] #14 | Ai_Hoshino_13.webp
[2026-04-19T14:26:31.025Z] [DOWNLOADED] Ai_Hoshino_14.webp | https://e-hentai.org/s/19a1f587dc/2868692-15
[2026-04-19T14:26:31.026Z] [+] #15 | Ai_Hoshino_14.webp
[2026-04-19T14:26:34.915Z] [DOWNLOADED] Ai_Hoshino_15.webp | https://e-hentai.org/s/3ddc3b2d25/2868692-16
[2026-04-19T14:26:34.916Z] [+] #16 | Ai_Hoshino_15.webp
[2026-04-19T14:26:38.730Z] [DOWNLOADED] Ai_Hoshino_16.webp | https://e-hentai.org/s/0d3b2d9fb3/2868692-17
[2026-04-19T14:26:38.731Z] [+] #17 | Ai_Hoshino_16.webp
[2026-04-19T14:26:41.283Z] [DOWNLOADED] Ai_Hoshino_17.webp | https://e-hentai.org/s/7824599ddd/2868692-18
[2026-04-19T14:26:41.283Z] [+] #18 | Ai_Hoshino_17.webp
[2026-04-19T14:26:52.320Z] [DOWNLOADED] Ai_Hoshino_18.webp | https://e-hentai.org/s/34ba1a11e1/2868692-19
[2026-04-19T14:26:52.321Z] [+] #19 | Ai_Hoshino_18.webp
[2026-04-19T14:26:54.354Z] [DOWNLOADED] Ai_Hoshino_19.webp | https://e-hentai.org/s/d691393c9f/2868692-20
[2026-04-19T14:26:54.354Z] [+] #20 | Ai_Hoshino_19.webp
[2026-04-19T14:26:54.638Z] [VIEWER] Round 20 | Collected: 20
[2026-04-19T14:26:56.370Z] [DOWNLOADED] Ai_Hoshino_20.webp | https://e-hentai.org/s/d691393c9f/2868692-21
[2026-04-19T14:26:56.371Z] [+] #21 | Ai_Hoshino_20.webp
[2026-04-19T14:27:07.181Z] [DOWNLOADED] Ai_Hoshino_21.webp | https://e-hentai.org/s/a31a312c07/2868692-22
[2026-04-19T14:27:07.182Z] [+] #22 | Ai_Hoshino_21.webp
[2026-04-19T14:27:09.742Z] [DOWNLOADED] Ai_Hoshino_22.webp | https://e-hentai.org/s/07bae8c68d/2868692-23
[2026-04-19T14:27:09.742Z] [+] #23 | Ai_Hoshino_22.webp
[2026-04-19T14:27:11.972Z] [DOWNLOADED] Ai_Hoshino_23.webp | https://e-hentai.org/s/f95e4874e2/2868692-24
[2026-04-19T14:27:11.973Z] [+] #24 | Ai_Hoshino_23.webp
[2026-04-19T14:27:14.294Z] [DOWNLOADED] Ai_Hoshino_24.webp | https://e-hentai.org/s/a45cba83f9/2868692-25
[2026-04-19T14:27:14.295Z] [+] #25 | Ai_Hoshino_24.webp
[2026-04-19T14:27:16.338Z] [DOWNLOADED] Ai_Hoshino_25.webp | https://e-hentai.org/s/c0600c8bae/2868692-26
[2026-04-19T14:27:16.338Z] [+] #26 | Ai_Hoshino_25.webp
[2026-04-19T14:27:18.421Z] [DOWNLOADED] Ai_Hoshino_26.webp | https://e-hentai.org/s/20e37c049d/2868692-27
[2026-04-19T14:27:18.422Z] [+] #27 | Ai_Hoshino_26.webp
[2026-04-19T14:27:20.950Z] [DOWNLOADED] Ai_Hoshino_27.webp | https://e-hentai.org/s/509f1e4776/2868692-28
[2026-04-19T14:27:20.951Z] [+] #28 | Ai_Hoshino_27.webp
[2026-04-19T14:27:23.534Z] [DOWNLOADED] Ai_Hoshino_28.webp | https://e-hentai.org/s/3c605b9069/2868692-29
[2026-04-19T14:27:23.535Z] [+] #29 | Ai_Hoshino_28.webp
[2026-04-19T14:27:26.201Z] [DOWNLOADED] Ai_Hoshino_29.webp | https://e-hentai.org/s/6b85592f29/2868692-30
[2026-04-19T14:27:26.202Z] [+] #30 | Ai_Hoshino_29.webp
[2026-04-19T14:27:28.471Z] [DOWNLOADED] Ai_Hoshino_30.webp | https://e-hentai.org/s/4f1fa56e8b/2868692-31
[2026-04-19T14:27:28.471Z] [+] #31 | Ai_Hoshino_30.webp
[2026-04-19T14:27:28.472Z] [VIEWER] Đã đến ảnh cuối cùng — dừng. Total: 31
[2026-04-19T14:27:28.578Z] ✅ Done! 31 ảnh đã tải và lưu vào folder "Ai-Hoshino"
[2026-04-19T14:29:59.770Z] 
════════════════════════════════════════════════════════════
[2026-04-19T14:29:59.771Z]   E-Hentai Gallery Crawler
[2026-04-19T14:29:59.771Z]   Target: https://e-hentai.org/s/ac70a18e9a/2583740-1
[2026-04-19T14:29:59.772Z]   Photo folder: Mashu
[2026-04-19T14:29:59.772Z]   Output: Mashu.json
[2026-04-19T14:29:59.772Z]   Log:    log.log
[2026-04-19T14:29:59.772Z] ════════════════════════════════════════════════════════════
[2026-04-19T14:29:59.772Z] [NAV] Chuyển đến https://e-hentai.org/s/ac70a18e9a/2583740-1 ...
[2026-04-19T14:30:04.187Z] [VIEWER] Bắt đầu crawl từ ảnh đầu tiên...
[2026-04-19T14:30:05.970Z] [DOWNLOADED] 2.webp | https://e-hentai.org/s/ac70a18e9a/2583740-1
[2026-04-19T14:30:05.972Z] [+] #1 | 2.webp
[2026-04-19T14:30:08.744Z] [DOWNLOADED] 3.webp | https://e-hentai.org/s/bc85b8deb7/2583740-2
[2026-04-19T14:30:08.745Z] [+] #2 | 3.webp
[2026-04-19T14:30:11.201Z] [DOWNLOADED] 4.webp | https://e-hentai.org/s/c2880128b9/2583740-3
[2026-04-19T14:30:11.202Z] [+] #3 | 4.webp
[2026-04-19T14:30:13.561Z] [DOWNLOADED] 5.webp | https://e-hentai.org/s/c9fbfe2701/2583740-4
[2026-04-19T14:30:13.562Z] [+] #4 | 5.webp
[2026-04-19T14:30:16.146Z] [DOWNLOADED] 6.webp | https://e-hentai.org/s/73ba633be9/2583740-5
[2026-04-19T14:30:16.147Z] [+] #5 | 6.webp
[2026-04-19T14:30:18.343Z] [DOWNLOADED] 7.webp | https://e-hentai.org/s/3c0f92585c/2583740-6
[2026-04-19T14:30:18.344Z] [+] #6 | 7.webp
[2026-04-19T14:30:20.721Z] [DOWNLOADED] 8.webp | https://e-hentai.org/s/8605333aee/2583740-7
[2026-04-19T14:30:20.722Z] [+] #7 | 8.webp
[2026-04-19T14:30:23.020Z] [DOWNLOADED] 9.webp | https://e-hentai.org/s/56d882fe08/2583740-8
[2026-04-19T14:30:23.021Z] [+] #8 | 9.webp
[2026-04-19T14:30:26.237Z] [DOWNLOADED] 10.webp | https://e-hentai.org/s/1954e25d17/2583740-9
[2026-04-19T14:30:26.239Z] [+] #9 | 10.webp
[2026-04-19T14:30:28.507Z] [DOWNLOADED] 11.webp | https://e-hentai.org/s/826137042e/2583740-10
[2026-04-19T14:30:28.508Z] [+] #10 | 11.webp
[2026-04-19T14:30:30.966Z] [DOWNLOADED] 12.webp | https://e-hentai.org/s/3b8d31e089/2583740-11
[2026-04-19T14:30:30.967Z] [+] #11 | 12.webp
[2026-04-19T14:30:41.833Z] [DOWNLOADED] 1.webp | https://e-hentai.org/s/f153aba71f/2583740-12
[2026-04-19T14:30:41.833Z] [+] #12 | 1.webp
[2026-04-19T14:30:41.833Z] [VIEWER] Đã đến ảnh cuối cùng — dừng. Total: 12
[2026-04-19T14:30:41.925Z] ✅ Done! 12 ảnh đã tải và lưu vào folder "Mashu"
