[2026-04-17T15:39:36.112Z] 
════════════════════════════════════════════════════════════
[2026-04-17T15:39:36.113Z]   E-Hentai Gallery Crawler
[2026-04-17T15:39:36.114Z]   Target: https://e-hentai.org/s/14cef5ae9a/2917545-1
[2026-04-17T15:39:36.114Z]   Output: fb_images_v2.json
[2026-04-17T15:39:36.114Z]   Log:    fb_crawl.log
[2026-04-17T15:39:36.114Z] ════════════════════════════════════════════════════════════
[2026-04-17T15:39:36.114Z] [NAV] Chuyển đến https://e-hentai.org/s/14cef5ae9a/2917545-1 ...
[2026-04-17T15:39:40.515Z] [VIEWER] Bắt đầu crawl từ ảnh đầu tiên...
[2026-04-17T15:39:44.027Z] [+] #1 | genko_cosplay_1692697641_3174900390739743373_13826729236.heic.jpg
[2026-04-17T15:39:46.128Z] [+] #2 | genko_cosplay_1692697641_3174900390739825832_13826729236.heic.jpg
[2026-04-17T15:39:47.942Z] [SKIP-DUP] imgUrl đã tồn tại | web_url=https://e-hentai.org/s/1892aaa149/2917545-3 | img=https://lesdtav.uqchrcziubrh.hath.network:51443/h/658efe9fd7b580f56864cbd3e254f9...
[2026-04-17T15:39:53.065Z] [STUCK] URL không đổi sau click #next round=3, tự reload...
[2026-04-17T15:39:56.394Z] [+] #3 | genko_cosplay_1692697641_3174900390739773216_13826729236.heic.jpg
[2026-04-17T15:39:58.214Z] [+] #4 | genko_cosplay_1692697552_3174899640856886496_13826729236.heic.jpg
[2026-04-17T15:40:00.021Z] [+] #5 | chihiro_chang_1701752407_3250857275600865240_2249244906.webp
[2026-04-17T15:40:01.827Z] [+] #6 | chihiro_chang_1701752407_3250857275609207182_2249244906.webp
[2026-04-17T15:40:03.627Z] [+] #7 | genko_cosplay_1692100957_3169895043838943007_13826729236.heic.jpg
[2026-04-17T15:40:05.425Z] [+] #8 | genko_cosplay_1688753884_3141817757516667736_13826729236.heic.jpg
[2026-04-17T15:40:07.225Z] [+] #9 | genko_cosplay_1688753884_3141817757676010436_13826729236.heic.jpg
[2026-04-17T15:40:09.006Z] [+] #10 | genko_cosplay_1683290670_3095988994686071920_13826729236.webp.jpg
[2026-04-17T15:40:10.814Z] [+] #11 | genko_cosplay_1688753884_3141817757508062253_13826729236.heic.jpg
[2026-04-17T15:40:12.622Z] [+] #12 | genko_cosplay_1689518865_3148234885115353318_13826729236.heic.jpg
[2026-04-17T15:40:14.439Z] [+] #13 | genko_cosplay_1688753884_3141817757524941238_13826729236.heic.jpg
[2026-04-17T15:40:16.245Z] [+] #14 | genko_cosplay_1693483640_3181493830386638041_13826729236.heic.jpg
[2026-04-17T15:40:18.059Z] [+] #15 | genko_cosplay_1693483640_3181493830285846500_13826729236.heic.jpg
[2026-04-17T15:40:19.874Z] [+] #16 | genko_cosplay_1714563364_3358323366251192697_13826729236.heic.jpg
[2026-04-17T15:40:21.677Z] [+] #17 | genko_cosplay_1714563364_3358323366251052889_13826729236.heic.jpg
[2026-04-17T15:40:23.478Z] [+] #18 | genko_cosplay_1714563364_3358323366385341486_13826729236.heic.jpg
[2026-04-17T15:40:25.274Z] [+] #19 | genko_cosplay_1714563364_3358323366242640799_13826729236.heic.jpg
[2026-04-17T15:40:25.546Z] [VIEWER] Round 20 | Collected: 19
[2026-04-17T15:40:27.049Z] [+] #20 | genko_cosplay_1714563364_3358323366368504567_13826729236.heic.jpg
[2026-04-17T15:40:28.837Z] [+] #21 | genko_cosplay_1714563364_3358323366368530541_13826729236.heic.jpg
[2026-04-17T15:40:30.623Z] [+] #22 | genko_cosplay_1715063064_3362515151856712831_13826729236.heic.jpg
[2026-04-17T15:40:32.425Z] [+] #23 | genko_cosplay_1715063064_3362515151848448673_13826729236.heic.jpg
[2026-04-17T15:40:34.229Z] [+] #24 | genko_cosplay_1715063064_3362515151848437227_13826729236.heic.jpg
[2026-04-17T15:40:36.028Z] [+] #25 | genko_cosplay_1715063064_3362515151848403450_13826729236.heic.jpg
[2026-04-17T15:40:37.830Z] [+] #26 | genko_cosplay_1715063064_3362515151722624603_13826729236.heic.jpg
[2026-04-17T15:40:39.633Z] [+] #27 | genko_cosplay_1715063064_3362515151722492821_13826729236.heic.jpg
[2026-04-17T15:40:41.440Z] [+] #28 | genko_cosplay_1715063014_3362514738097086122_13826729236.heic.jpg
[2026-04-17T15:40:43.243Z] [+] #29 | genko_cosplay_1714224057_3355477058431613435_13826729236.heic.jpg
[2026-04-17T15:40:45.041Z] [+] #30 | genko_cosplay_1714224057_3355477058297416935_13826729236.heic.jpg
[2026-04-17T15:40:46.861Z] [+] #31 | genko_cosplay_1714224057_3355477058297415565_13826729236.heic.jpg
[2026-04-17T15:40:48.678Z] [+] #32 | genko_cosplay_1714140026_3354772149507756781_13826729236.heic.jpg
[2026-04-17T15:40:50.490Z] [+] #33 | genko_cosplay_1714140026_3354772149490990462_13826729236.heic.jpg
[2026-04-17T15:40:52.299Z] [+] #34 | genko_cosplay_1714140026_3354772149474333124_13826729236.heic.jpg
[2026-04-17T15:40:54.116Z] [+] #35 | genko_cosplay_1714140026_3354772149356748953_13826729236.heic.jpg
[2026-04-17T15:40:55.909Z] [+] #36 | genko_cosplay_1714046685_3353989148473808689_13826729236.heic.jpg
[2026-04-17T15:40:57.689Z] [+] #37 | genko_cosplay_1714046685_3353989148473780554_13826729236.heic.jpg
[2026-04-17T15:40:59.493Z] [+] #38 | genko_cosplay_1714046685_3353989148473618623_13826729236.heic.jpg
[2026-04-17T15:41:01.305Z] [+] #39 | genko_cosplay_1714046685_3353989148356140079_13826729236.heic.jpg
[2026-04-17T15:41:01.606Z] [VIEWER] Round 40 | Collected: 39
[2026-04-17T15:41:03.114Z] [+] #40 | genko_cosplay_1713959844_3353260671747400419_13826729236.heic.jpg
[2026-04-17T15:41:04.927Z] [+] #41 | genko_cosplay_1713959844_3353260671747349477_13826729236.heic.jpg
[2026-04-17T15:41:06.717Z] [+] #42 | genko_cosplay_1713959844_3353260671739074159_13826729236.heic.jpg
[2026-04-17T15:41:08.517Z] [+] #43 | genko_cosplay_1713873667_3352537771306182482_13826729236.heic.jpg
[2026-04-17T15:41:10.328Z] [+] #44 | genko_cosplay_1713873667_3352537771163756314_13826729236.heic.jpg
[2026-04-17T15:41:12.137Z] [+] #45 | genko_cosplay_1713873667_3352537771163719149_13826729236.heic.jpg
[2026-04-17T15:41:13.936Z] [+] #46 | genko_cosplay_1713873667_3352537771163697017_13826729236.heic.jpg
[2026-04-17T15:41:15.721Z] [+] #47 | genko_cosplay_1713873667_3352537771163592034_13826729236.heic.jpg
[2026-04-17T15:41:17.532Z] [+] #48 | genko_cosplay_1713873667_3352537771163561007_13826729236.heic.jpg
[2026-04-17T15:41:19.335Z] [+] #49 | genko_cosplay_1713873667_3352537771155147765_13826729236.heic.webp
[2026-04-17T15:41:21.136Z] [+] #50 | genko_cosplay_1713785869_3351801270423388843_13826729236.heic.jpg
[2026-04-17T15:41:22.940Z] [+] #51 | genko_cosplay_1713785869_3351801270297622249_13826729236.heic.jpg
[2026-04-17T15:41:24.737Z] [+] #52 | genko_cosplay_1713612557_3350347418591481406_13826729236.heic.jpg
[2026-04-17T15:41:26.550Z] [+] #53 | genko_cosplay_1713612557_3350347418474027226_13826729236.heic.jpg
[2026-04-17T15:41:28.345Z] [+] #54 | genko_cosplay_1713612557_3350347418473989551_13826729236.heic.jpg
[2026-04-17T15:41:30.144Z] [+] #55 | genko_cosplay_1713612557_3350347418473972618_13826729236.heic.jpg
[2026-04-17T15:41:31.957Z] [+] #56 | genko_cosplay_1713525190_3349614534104532974_13826729236.heic.jpg
[2026-04-17T15:41:33.761Z] [+] #57 | genko_cosplay_1713525190_3349614533936833901_13826729236.heic.jpg
[2026-04-17T15:41:35.566Z] [+] #58 | genko_cosplay_1713525190_3349614533928546056_13826729236.heic.jpg
[2026-04-17T15:41:37.384Z] [+] #59 | genko_cosplay_1713107203_3346108207822718488_13826729236.heic.jpg
[2026-04-17T15:41:37.691Z] [VIEWER] Round 60 | Collected: 59
[2026-04-17T15:41:39.197Z] [+] #60 | genko_cosplay_1713101248_3346058253469102665_13826729236.heic.webp
[2026-04-17T15:41:41.004Z] [+] #61 | genko_cosplay_1713003746_3345240344861859700_13826729236.heic.jpg
[2026-04-17T15:41:42.789Z] [+] #62 | genko_cosplay_1712917174_3344514123991587564_13826729236.heic.jpg
[2026-04-17T15:41:44.597Z] [+] #63 | genko_cosplay_1712838013_3343850071631963189_13826729236.heic.jpg
[2026-04-17T15:41:46.419Z] [+] #64 | genko_cosplay_1712659868_3342355690139859533_13826729236.heic.jpg
[2026-04-17T15:41:48.231Z] [+] #65 | genko_cosplay_1712405310_3340220301144942437_13826729236.heic.jpg
[2026-04-17T15:41:50.023Z] [+] #66 | genko_cosplay_1712316412_3339474567131031478_13826729236.heic.jpg
[2026-04-17T15:41:51.835Z] [+] #67 | genko_cosplay_1711622450_3333653192558254644_13826729236.heic.jpg
[2026-04-17T15:41:53.640Z] [+] #68 | genko_cosplay_1711622450_3333653192549932878_13826729236.heic.jpg
[2026-04-17T15:41:55.442Z] [+] #69 | genko_cosplay_1711622450_3333653192549870879_13826729236.heic.jpg
[2026-04-17T15:41:57.253Z] [+] #70 | genko_cosplay_1711458401_3332277052749107829_13826729236.heic.jpg
[2026-04-17T15:41:59.058Z] [+] #71 | genko_cosplay_1711458401_3332277052749072040_13826729236.heic.jpg
[2026-04-17T15:42:00.862Z] [+] #72 | genko_cosplay_1711458401_3332277052748924898_13826729236.heic.jpg
[2026-04-17T15:42:02.675Z] [+] #73 | genko_cosplay_1711458401_3332277052748889383_13826729236.heic.jpg
[2026-04-17T15:42:04.496Z] [+] #74 | genko_cosplay_1711458401_3332277052740689113_13826729236.heic.jpg
[2026-04-17T15:42:06.294Z] [+] #75 | genko_cosplay_1711458401_3332277052740685763_13826729236.heic.jpg
[2026-04-17T15:42:08.096Z] [+] #76 | genko_cosplay_1711195266_3330069715720333546_13826729236.heic.jpg
[2026-04-17T15:42:09.896Z] [+] #77 | genko_cosplay_1711195266_3330069715711940834_13826729236.heic.jpg
[2026-04-17T15:42:11.695Z] [+] #78 | genko_cosplay_1711195266_3330069715594430749_13826729236.heic.jpg
[2026-04-17T15:42:13.473Z] [+] #79 | genko_cosplay_1711195266_3330069715594382794_13826729236.heic.jpg
[2026-04-17T15:42:13.775Z] [VIEWER] Round 80 | Collected: 79
[2026-04-17T15:42:15.282Z] [+] #80 | genko_cosplay_1711195266_3330069715594272038_13826729236.heic.jpg
[2026-04-17T15:42:17.101Z] [+] #81 | genko_cosplay_1711023776_3328631154072588910_13826729236.heic.webp
[2026-04-17T15:42:18.914Z] [+] #82 | genko_cosplay_1711023776_3328631154072362246_13826729236.heic.webp
[2026-04-17T15:42:20.714Z] [+] #83 | genko_cosplay_1710766547_3326473355053845168_13826729236.heic.jpg
[2026-04-17T15:42:22.524Z] [+] #84 | genko_cosplay_1710766547_3326473355037120450_13826729236.heic.jpg
[2026-04-17T15:42:24.330Z] [+] #85 | genko_cosplay_1710766547_3326473355037003230_13826729236.heic.jpg
[2026-04-17T15:42:26.149Z] [+] #86 | genko_cosplay_1710766547_3326473355036998025_13826729236.heic.jpg
[2026-04-17T15:42:27.965Z] [+] #87 | genko_cosplay_1710766547_3326473355028786440_13826729236.heic.jpg
[2026-04-17T15:42:29.766Z] [+] #88 | genko_cosplay_1710583996_3324942005452832953_13826729236.heic.jpg
[2026-04-17T15:42:31.569Z] [+] #89 | genko_cosplay_1710583995_3324942005461061491_13826729236.heic.jpg
[2026-04-17T15:42:33.372Z] [+] #90 | genko_cosplay_1710414126_3323517039960288581_13826729236.heic.jpg
[2026-04-17T15:42:35.180Z] [+] #91 | genko_cosplay_1710339433_3322890469495267032_13826729236.heic.jpg
[2026-04-17T15:42:36.997Z] [+] #92 | genko_cosplay_1709894502_3319158116801169497_13826729236.heic.jpg
[2026-04-17T15:42:38.814Z] [+] #93 | genko_cosplay_1709823489_3318562410734482159_13826729236.heic.webp
[2026-04-17T15:42:40.615Z] [+] #94 | genko_cosplay_1709552469_3316288936670230740_13826729236.heic.webp
[2026-04-17T15:42:42.417Z] [+] #95 | genko_cosplay_1709552469_3316288936670229591_13826729236.heic.webp
[2026-04-17T15:42:44.224Z] [+] #96 | genko_cosplay_1709552469_3316288936670225867_13826729236.heic.webp
[2026-04-17T15:42:46.044Z] [+] #97 | genko_cosplay_1709210547_3313420682641744739_13826729236.heic.jpg
[2026-04-17T15:42:47.826Z] [+] #98 | genko_cosplay_1709034258_3311941864131305832_13826729236.heic.jpg
[2026-04-17T15:42:49.632Z] [+] #99 | genko_cosplay_1708949183_3311228206283667444_13826729236.heic.jpg
[2026-04-17T15:42:49.946Z] [VIEWER] Round 100 | Collected: 99
[2026-04-17T15:42:51.454Z] [+] #100 | genko_cosplay_1708597264_3308276097388926810_13826729236.heic.jpg
[2026-04-17T15:42:53.262Z] [+] #101 | genko_cosplay_1708258542_3305434690286728991_13826729236.heic.jpg
[2026-04-17T15:42:55.065Z] [+] #102 | genko_cosplay_1708173796_3304723786058339155_13826729236.heic.jpg
[2026-04-17T15:42:56.869Z] [+] #103 | genko_cosplay_1708083535_3303966621349601198_13826729236.heic.jpg
[2026-04-17T15:42:58.683Z] [+] #104 | genko_cosplay_1708083535_3303966621349564241_13826729236.heic.jpg
[2026-04-17T15:43:00.471Z] [+] #105 | genko_cosplay_1708083535_3303966621349536679_13826729236.heic.jpg
[2026-04-17T15:43:02.290Z] [+] #106 | genko_cosplay_1708083535_3303966621349513792_13826729236.heic.jpg
[2026-04-17T15:43:04.111Z] [+] #107 | genko_cosplay_1707832593_3301861565183520406_13826729236.heic.jpg
[2026-04-17T15:43:05.930Z] [+] #108 | genko_cosplay_1707832593_3301861565175062784_13826729236.heic.jpg
[2026-04-17T15:43:07.737Z] [+] #109 | genko_cosplay_1707832593_3301861565174979166_13826729236.heic.jpg
[2026-04-17T15:43:09.544Z] [+] #110 | genko_cosplay_1707832593_3301861565174921595_13826729236.heic.jpg
[2026-04-17T15:43:11.351Z] [+] #111 | genko_cosplay_1707832593_3301861565158215144_13826729236.heic.jpg
[2026-04-17T15:43:13.154Z] [+] #112 | genko_cosplay_1707740673_3301090488471824494_13826729236.heic.webp
[2026-04-17T15:43:14.956Z] [+] #113 | genko_cosplay_1707740673_3301090488429927002_13826729236.heic.webp
[2026-04-17T15:43:16.774Z] [+] #114 | genko_cosplay_1707740673_3301090488413077645_13826729236.heic.webp
[2026-04-17T15:43:18.567Z] [+] #115 | genko_cosplay_1707647892_3300312185888754407_13826729236.heic.jpg
[2026-04-17T15:43:20.379Z] [+] #116 | genko_cosplay_1707647892_3300312185771306188_13826729236.heic.jpg
[2026-04-17T15:43:22.163Z] [+] #117 | genko_cosplay_1707647892_3300312185771185977_13826729236.heic.jpg
[2026-04-17T15:43:23.971Z] [+] #118 | genko_cosplay_1707647892_3300312185771176146_13826729236.heic.jpg
[2026-04-17T15:43:25.770Z] [+] #119 | genko_cosplay_1707647892_3300312185771139015_13826729236.heic.jpg
[2026-04-17T15:43:26.061Z] [VIEWER] Round 120 | Collected: 119
[2026-04-17T15:43:27.567Z] [+] #120 | genko_cosplay_1707562940_3299599555209408547_13826729236.heic.jpg
[2026-04-17T15:43:29.375Z] [+] #121 | genko_cosplay_1707562940_3299599555091991697_13826729236.heic.jpg
[2026-04-17T15:43:31.181Z] [+] #122 | genko_cosplay_1707562940_3299599555091902817_13826729236.heic.jpg
[2026-04-17T15:43:32.980Z] [+] #123 | genko_cosplay_1707562940_3299599555083440008_13826729236.heic.jpg
[2026-04-17T15:43:34.787Z] [+] #124 | genko_cosplay_1707562656_3299597169329719224_13826729236.heic.jpg
[2026-04-17T15:43:36.605Z] [+] #125 | genko_cosplay_1707562656_3299597169321379447_13826729236.heic.jpg
[2026-04-17T15:43:38.403Z] [+] #126 | genko_cosplay_1707562656_3299597169321324105_13826729236.heic.jpg
[2026-04-17T15:43:40.216Z] [+] #127 | genko_cosplay_1707562656_3299597169195694840_13826729236.heic.jpg
[2026-04-17T15:43:42.033Z] [+] #128 | genko_cosplay_1707388700_3298137924898036095_13826729236.heic.jpg
[2026-04-17T15:43:43.820Z] [+] #129 | genko_cosplay_1707388700_3298137924889484163_13826729236.heic.jpg
[2026-04-17T15:43:45.618Z] [+] #130 | genko_cosplay_1707388700_3298137924772117332_13826729236.heic.jpg
[2026-04-17T15:43:47.416Z] [+] #131 | genko_cosplay_1707388700_3298137924763684262_13826729236.heic.jpg
[2026-04-17T15:43:49.216Z] [+] #132 | genko_cosplay_1707306455_3297448007188580957_13826729236.heic.jpg
[2026-04-17T15:43:51.029Z] [+] #133 | genko_cosplay_1707224724_3296762394336412819_13826729236.heic.jpg
[2026-04-17T15:43:52.852Z] [+] #134 | genko_cosplay_1707224724_3296762394286149630_13826729236.heic.jpg
[2026-04-17T15:43:54.665Z] [+] #135 | genko_cosplay_1707224724_3296762394160368746_13826729236.heic.jpg
[2026-04-17T15:43:56.472Z] [+] #136 | genko_cosplay_1707224724_3296762394160301756_13826729236.heic.jpg
[2026-04-17T15:43:58.275Z] [+] #137 | genko_cosplay_1707224724_3296762394160215567_13826729236.heic.jpg
[2026-04-17T15:44:00.093Z] [+] #138 | genko_cosplay_1706932084_3294307549927023760_13826729236.heic.webp
[2026-04-17T15:44:01.891Z] [+] #139 | genko_cosplay_1706932084_3294307549809683168_13826729236.heic.webp
[2026-04-17T15:44:02.199Z] [VIEWER] Round 140 | Collected: 139
[2026-04-17T15:44:03.704Z] [+] #140 | genko_cosplay_1706932084_3294307549809652602_13826729236.heic.webp
[2026-04-17T15:44:05.524Z] [+] #141 | genko_cosplay_1706932084_3294307549809632698_13826729236.heic.webp
[2026-04-17T15:44:07.320Z] [+] #142 | genko_cosplay_1706932084_3294307549801257362_13826729236.heic.webp
[2026-04-17T15:44:09.126Z] [+] #143 | genko_cosplay_1706877008_3293845542626933375_13826729236.heic.jpg
[2026-04-17T15:44:10.917Z] [+] #144 | genko_cosplay_1706877008_3293845542618708595_13826729236.heic.jpg
[2026-04-17T15:44:12.728Z] [+] #145 | genko_cosplay_1706795554_3293162251095797248_13826729236.heic.jpg
[2026-04-17T15:44:14.524Z] [+] #146 | genko_cosplay_1706795554_3293162251095686697_13826729236.heic.jpg
[2026-04-17T15:44:16.334Z] [+] #147 | genko_cosplay_1706621356_3291700973131266132_13826729236.heic.jpg
[2026-04-17T15:44:18.136Z] [+] #148 | genko_cosplay_1706531332_3290945797529258827_13826729236.heic.jpg
[2026-04-17T15:44:19.939Z] [+] #149 | genko_cosplay_1706366754_3289565218787245925_13826729236.heic.jpg
[2026-04-17T15:44:21.749Z] [+] #150 | genko_cosplay_1706366754_3289565218787241012_13826729236.heic.jpg
[2026-04-17T15:44:23.564Z] [+] #151 | genko_cosplay_1706346923_3289398866743121846_13826729236.heic.jpg
[2026-04-17T15:44:25.376Z] [+] #152 | genko_cosplay_1706275074_3288796155785780777_13826729236.heic.jpg
[2026-04-17T15:44:27.188Z] [+] #153 | genko_cosplay_1706160805_3287837595312841215_13826729236.heic.webp
[2026-04-17T15:44:29.004Z] [+] #154 | genko_cosplay_1706160805_3287837595195268711_13826729236.heic.webp
[2026-04-17T15:44:30.800Z] [+] #155 | genko_cosplay_1706093396_3287272129271697707_13826729236.heic.webp
[2026-04-17T15:44:32.612Z] [+] #156 | genko_cosplay_1706019888_3286655493468728387_13826729236.heic.jpg
[2026-04-17T15:44:34.437Z] [+] #157 | genko_cosplay_1706019888_3286655493359706908_13826729236.heic.jpg
[2026-04-17T15:44:36.248Z] [+] #158 | genko_cosplay_1706019888_3286655493351255874_13826729236.heic.jpg
[2026-04-17T15:44:38.058Z] [+] #159 | genko_cosplay_1705750969_3284399642083277561_13826729236.heic.jpg
[2026-04-17T15:44:38.357Z] [VIEWER] Round 160 | Collected: 159
[2026-04-17T15:44:39.866Z] [+] #160 | genko_cosplay_1705750969_3284399641940599222_13826729236.heic.jpg
[2026-04-17T15:44:41.684Z] [+] #161 | genko_cosplay_1705750969_3284399641932202268_13826729236.heic.jpg
[2026-04-17T15:44:43.498Z] [+] #162 | genko_cosplay_1705750969_3284399641806455767_13826729236.heic.jpg
[2026-04-17T15:44:45.313Z] [+] #163 | genko_cosplay_1705491929_3282226656001543679_13826729236.heic.jpg
[2026-04-17T15:44:47.112Z] [+] #164 | genko_cosplay_1705228732_3280018800439379653_13826729236.heic.jpg
[2026-04-17T15:44:48.924Z] [+] #165 | genko_cosplay_1705065685_3278651061837597971_13826729236.heic.jpg
[2026-04-17T15:44:50.712Z] [+] #166 | genko_cosplay_1705065685_3278651061820764934_13826729236.heic.jpg
[2026-04-17T15:44:52.528Z] [+] #167 | genko_cosplay_1705065685_3278651061686760666_13826729236.heic.jpg
[2026-04-17T15:44:54.348Z] [+] #168 | genko_cosplay_1705065685_3278651061686513530_13826729236.heic.jpg
[2026-04-17T15:44:56.140Z] [+] #169 | genko_cosplay_1705065685_3278651061686510393_13826729236.heic.jpg
[2026-04-17T15:44:57.929Z] [+] #170 | genko_cosplay_1704881834_3277108804361856250_13826729236.heic.webp
[2026-04-17T15:44:59.719Z] [+] #171 | genko_cosplay_1704546042_3274291984193880649_13826729236.heic.jpg
[2026-04-17T15:45:01.497Z] [+] #172 | genko_cosplay_1704546042_3274291984043066583_13826729236.heic.jpg
[2026-04-17T15:45:03.279Z] [+] #173 | genko_cosplay_1704546042_3274291984042960367_13826729236.heic.jpg
[2026-04-17T15:45:05.070Z] [+] #174 | genko_cosplay_1704546042_3274291984042936984_13826729236.heic.jpg
[2026-04-17T15:45:06.856Z] [+] #175 | genko_cosplay_1704546042_3274291984042919988_13826729236.heic.jpg
[2026-04-17T15:45:08.635Z] [+] #176 | genko_cosplay_1704099091_3270542687283665557_13826729236.heic.webp
[2026-04-17T15:45:10.417Z] [+] #177 | genko_cosplay_1704099091_3270542687275189256_13826729236.heic.webp
[2026-04-17T15:45:12.231Z] [+] #178 | genko_cosplay_1704099091_3270542687266905861_13826729236.heic.webp
[2026-04-17T15:45:14.038Z] [+] #179 | genko_cosplay_1704020198_3269880879304511605_13826729236.heic.webp
[2026-04-17T15:45:14.343Z] [VIEWER] Round 180 | Collected: 179
[2026-04-17T15:45:15.848Z] [+] #180 | genko_cosplay_1703929874_3269123190509023545_13826729236.heic.webp
[2026-04-17T15:45:17.645Z] [+] #181 | genko_cosplay_1703851111_3268462475825877229_13826729236.heic.jpg
[2026-04-17T15:45:19.427Z] [+] #182 | genko_cosplay_1703851111_3268462475691586376_13826729236.heic.jpg
[2026-04-17T15:45:21.210Z] [+] #183 | genko_cosplay_1703851111_3268462475691486062_13826729236.heic.jpg
[2026-04-17T15:45:22.995Z] [+] #184 | genko_cosplay_1703851111_3268462475691449858_13826729236.heic.jpg
[2026-04-17T15:45:24.795Z] [+] #185 | genko_cosplay_1703851111_3268462475691428319_13826729236.heic.jpg
[2026-04-17T15:45:26.606Z] [+] #186 | genko_cosplay_1703751829_3267629638933568250_13826729236.heic.jpg
[2026-04-17T15:45:28.415Z] [+] #187 | genko_cosplay_1703698401_3267181450030127241_13826729236.heic.webp
[2026-04-17T15:45:30.218Z] [+] #188 | genko_cosplay_1703590187_3266273689129833213_13826729236.heic.jpg
[2026-04-17T15:45:32.040Z] [+] #189 | genko_cosplay_1703590187_3266273689121339855_13826729236.heic.jpg
[2026-04-17T15:45:33.846Z] [+] #190 | genko_cosplay_1703590187_3266273689004044944_13826729236.heic.jpg
[2026-04-17T15:45:35.649Z] [+] #191 | genko_cosplay_1703590187_3266273688995673738_13826729236.heic.jpg
[2026-04-17T15:45:37.455Z] [+] #192 | genko_cosplay_1703519766_3265682955502823811_13826729236.heic.jpg
[2026-04-17T15:45:39.267Z] [+] #193 | genko_cosplay_1703519766_3265682955385289116_13826729236.heic.webp
[2026-04-17T15:45:41.069Z] [+] #194 | genko_cosplay_1703519766_3265682955376861678_13826729236.heic.webp
[2026-04-17T15:45:42.868Z] [+] #195 | genko_cosplay_1703154883_3262622092692576431_13826729236.heic.jpg
[2026-04-17T15:45:44.660Z] [+] #196 | genko_cosplay_1703085011_3262035963664914920_13826729236.heic.jpg
[2026-04-17T15:45:46.452Z] [+] #197 | genko_cosplay_1703085011_3262035963664749328_13826729236.heic.jpg
[2026-04-17T15:45:48.246Z] [+] #198 | genko_cosplay_1703085011_3262035963664719535_13826729236.heic.jpg
[2026-04-17T15:45:50.049Z] [+] #199 | genko_cosplay_1703085011_3262035963538953876_13826729236.heic.jpg
[2026-04-17T15:45:50.343Z] [VIEWER] Round 200 | Collected: 199
[2026-04-17T15:45:51.849Z] [+] #200 | genko_cosplay_1702983190_3261181828291881653_13826729236.heic.jpg
[2026-04-17T15:45:53.660Z] [+] #201 | genko_cosplay_1702983190_3261181828291645074_13826729236.heic.jpg
[2026-04-17T15:45:55.458Z] [+] #202 | genko_cosplay_1702983190_3261181828165834757_13826729236.heic.jpg
[2026-04-17T15:45:57.243Z] [+] #203 | genko_cosplay_1702909380_3260562665319870906_13826729236.heic.jpg
[2026-04-17T15:45:59.042Z] [+] #204 | genko_cosplay_1702553278_3257575464327756402_13826729236.heic.webp
[2026-04-17T15:46:00.848Z] [+] #205 | genko_cosplay_1702468360_3256863117342931921_13826729236.heic.jpg
[2026-04-17T15:46:02.634Z] [+] #206 | genko_cosplay_1702468360_3256863117233779926_13826729236.heic.jpg
[2026-04-17T15:46:04.435Z] [+] #207 | genko_cosplay_1702468360_3256863117225302484_13826729236.heic.jpg
[2026-04-17T15:46:06.241Z] [+] #208 | genko_cosplay_1702377650_3256102189764681808_13826729236.heic.jpg
[2026-04-17T15:46:08.048Z] [+] #209 | genko_cosplay_1702377650_3256102189756267378_13826729236.heic.jpg
[2026-04-17T15:46:09.845Z] [+] #210 | genko_cosplay_1702297957_3255433675613531240_13826729236.heic.jpg
[2026-04-17T15:46:11.649Z] [+] #211 | genko_cosplay_1702297957_3255433675613498220_13826729236.heic.jpg
[2026-04-17T15:46:13.446Z] [+] #212 | genko_cosplay_1702297957_3255433675563168333_13826729236.heic.jpg
[2026-04-17T15:46:15.251Z] [+] #213 | genko_cosplay_1702297957_3255433675353563809_13826729236.heic.jpg
[2026-04-17T15:46:17.054Z] [+] #214 | genko_cosplay_1701945267_3252475097894256109_13826729236.heic.jpg
[2026-04-17T15:46:18.828Z] [+] #215 | genko_cosplay_1701945267_3252475097894169904_13826729236.heic.jpg
[2026-04-17T15:46:20.624Z] [+] #216 | genko_cosplay_1701345633_3247445004566185622_13826729236.heic.jpg
[2026-04-17T15:46:22.400Z] [+] #217 | genko_cosplay_1701345633_3247445004532755392_13826729236.heic.jpg
[2026-04-17T15:46:24.196Z] [+] #218 | genko_cosplay_1701345633_3247445004331396871_13826729236.heic.jpg
[2026-04-17T15:46:26.003Z] [+] #219 | genko_cosplay_1701345633_3247445004323085903_13826729236.heic.jpg
[2026-04-17T15:46:26.300Z] [VIEWER] Round 220 | Collected: 219
[2026-04-17T15:46:27.809Z] [+] #220 | genko_cosplay_1701345633_3247445004314491922_13826729236.heic.jpg
[2026-04-17T15:46:29.622Z] [+] #221 | genko_cosplay_1701345633_3247445004314486653_13826729236.heic.jpg
[2026-04-17T15:46:31.436Z] [+] #222 | genko_cosplay_1700848846_3243277649615298072_13826729236.heic.jpg
[2026-04-17T15:46:33.223Z] [+] #223 | genko_cosplay_1700848846_3243277649606895933_13826729236.heic.jpg
[2026-04-17T15:46:35.027Z] [+] #224 | genko_cosplay_1700848846_3243277649464299917_13826729236.heic.jpg
[2026-04-17T15:46:36.869Z] [+] #225 | genko_cosplay_1700848846_3243277649455969575_13826729236.heic.jpg
[2026-04-17T15:46:38.686Z] [+] #226 | genko_cosplay_1700848846_3243277649447691329_13826729236.heic.jpg
[2026-04-17T15:46:40.496Z] [+] #227 | genko_cosplay_1700848846_3243277649447683439_13826729236.heic.jpg
[2026-04-17T15:46:42.294Z] [+] #228 | genko_cosplay_1700827465_3243098292007717463_13826729236.heic.jpg
[2026-04-17T15:46:44.099Z] [+] #229 | genko_cosplay_1700827465_3243098292007657557_13826729236.heic.jpg
[2026-04-17T15:46:45.926Z] [+] #230 | genko_cosplay_1700824855_3243076403075930601_13826729236.heic.jpg
[2026-04-17T15:46:47.728Z] [+] #231 | genko_cosplay_1700488571_3240255444967202089_13826729236.heic.jpg
[2026-04-17T15:46:49.534Z] [+] #232 | genko_cosplay_1700488571_3240255444966977678_13826729236.heic.jpg
[2026-04-17T15:46:51.344Z] [+] #233 | genko_cosplay_1700488571_3240255444958814146_13826729236.heic.jpg
[2026-04-17T15:46:53.133Z] [+] #234 | genko_cosplay_1700488571_3240255444958727995_13826729236.heic.jpg
[2026-04-17T15:46:54.954Z] [+] #235 | genko_cosplay_1700488571_3240255444958696627_13826729236.heic.jpg
[2026-04-17T15:46:56.752Z] [+] #236 | genko_cosplay_1700488571_3240255444958596249_13826729236.heic.jpg
[2026-04-17T15:46:58.558Z] [+] #237 | genko_cosplay_1700305811_3238722347045942778_13826729236.heic.jpg
[2026-04-17T15:47:00.359Z] [+] #238 | genko_cosplay_1700140319_3237334098951839584_13826729236.heic.jpg
[2026-04-17T15:47:02.165Z] [+] #239 | genko_cosplay_1699445711_3231507299458269418_13826729236.heic.jpg
[2026-04-17T15:47:02.463Z] [VIEWER] Round 240 | Collected: 239
[2026-04-17T15:47:03.971Z] [+] #240 | genko_cosplay_1699189459_3229357708046672426_13826729236.heic.jpg
[2026-04-17T15:47:05.786Z] [+] #241 | genko_cosplay_1699189459_3229357707903965275_13826729236.heic.jpg
[2026-04-17T15:47:07.583Z] [+] #242 | genko_cosplay_1699161728_3229125083153797677_13826729236.heic.webp
[2026-04-17T15:47:09.388Z] [+] #243 | genko_cosplay_1699161728_3229125083153727872_13826729236.heic.webp
[2026-04-17T15:47:11.194Z] [+] #244 | genko_cosplay_1699005254_3227812483545317492_13826729236.heic.jpg
[2026-04-17T15:47:12.994Z] [+] #245 | genko_cosplay_1698663407_3224944864936999121_13826729236.heic.webp
[2026-04-17T15:47:14.793Z] [+] #246 | genko_cosplay_1698489582_3223486709950551894_13826729236.heic.jpg
[2026-04-17T15:47:16.600Z] [+] #247 | genko_cosplay_1698489582_3223486709799330324_13826729236.heic.jpg
[2026-04-17T15:47:18.400Z] [+] #248 | genko_cosplay_1698320911_3222071793070768173_13826729236.heic.jpg
[2026-04-17T15:47:20.209Z] [+] #249 | genko_cosplay_1698248319_3221462848362877321_13826729236.heic.jpg
[2026-04-17T15:47:22.010Z] [+] #250 | genko_cosplay_1698248319_3221462848354498891_13826729236.heic.jpg
[2026-04-17T15:47:23.813Z] [+] #251 | genko_cosplay_1698150201_3220639779083887033_13826729236.heic.jpg
[2026-04-17T15:47:25.615Z] [+] #252 | genko_cosplay_1697811824_3217801265866852269_13826729236.heic.jpg
[2026-04-17T15:47:27.421Z] [+] #253 | genko_cosplay_1697711393_3216958791782892360_13826729236.heic.jpg
[2026-04-17T15:47:29.226Z] [+] #254 | genko_cosplay_1697711393_3216958791782859084_13826729236.heic.jpg
[2026-04-17T15:47:31.037Z] [+] #255 | genko_cosplay_1697711393_3216958791657050350_13826729236.heic.jpg
[2026-04-17T15:47:32.840Z] [+] #256 | genko_cosplay_1697711393_3216958791656989916_13826729236.heic.jpg
[2026-04-17T15:47:34.653Z] [+] #257 | genko_cosplay_1697630207_3216277754799187856_13826729236.heic.webp
[2026-04-17T15:47:36.457Z] [+] #258 | genko_cosplay_1697541837_3215536453820528995_13826729236.heic.jpg
[2026-04-17T15:47:38.248Z] [+] #259 | genko_cosplay_1697463850_3214882251700067627_13826729236.heic.webp
[2026-04-17T15:47:38.579Z] [VIEWER] Round 260 | Collected: 259
[2026-04-17T15:47:40.087Z] [+] #260 | genko_cosplay_1697463850_3214882251582730003_13826729236.heic.jpg
[2026-04-17T15:47:41.891Z] [+] #261 | genko_cosplay_1697374192_3214130146118917167_13826729236.heic.webp
[2026-04-17T15:47:43.683Z] [+] #262 | genko_cosplay_1697302813_3213531371767667829_13826729236.heic.jpg
[2026-04-17T15:47:45.476Z] [+] #263 | genko_cosplay_1697302813_3213531371700561088_13826729236.heic.jpg
[2026-04-17T15:47:47.283Z] [+] #264 | genko_cosplay_1697302813_3213531371507623354_13826729236.heic.jpg
[2026-04-17T15:47:49.088Z] [+] #265 | genko_cosplay_1697207585_3212732542327971202_13826729236.heic.jpg
[2026-04-17T15:47:50.899Z] [+] #266 | genko_cosplay_1697116238_3211966263245443528_13826729236.heic.jpg
[2026-04-17T15:47:52.712Z] [+] #267 | genko_cosplay_1697116238_3211966263161724729_13826729236.heic.jpg
[2026-04-17T15:47:54.506Z] [+] #268 | genko_cosplay_1697116238_3211966263044315547_13826729236.heic.jpg
[2026-04-17T15:47:56.316Z] [+] #269 | genko_cosplay_1697022781_3211182290928024699_13826729236.heic.webp
[2026-04-17T15:47:58.120Z] [+] #270 | genko_cosplay_1696933678_3210434842366573881_13826729236.heic.webp
[2026-04-17T15:47:59.912Z] [+] #271 | genko_cosplay_1696863800_3209848662159733080_13826729236.heic.jpg
[2026-04-17T15:48:01.723Z] [+] #272 | genko_cosplay_1696863800_3209848662151141834_13826729236.heic.jpg
[2026-04-17T15:48:03.528Z] [+] #273 | genko_cosplay_1696863800_3209848662142868333_13826729236.heic.jpg
[2026-04-17T15:48:05.324Z] [+] #274 | genko_cosplay_1696777507_3209124788111573757_13826729236.heic.jpg
[2026-04-17T15:48:07.139Z] [+] #275 | genko_cosplay_1696777507_3209124788111511386_13826729236.heic.jpg
[2026-04-17T15:48:08.946Z] [+] #276 | genko_cosplay_1696777507_3209124788103257339_13826729236.heic.jpg
[2026-04-17T15:48:10.751Z] [+] #277 | genko_cosplay_1696692433_3208411130918261637_13826729236.heic.jpg
[2026-04-17T15:48:12.557Z] [+] #278 | genko_cosplay_1696606309_3207688672934355897_13826729236.heic.jpg
[2026-04-17T15:48:14.358Z] [+] #279 | genko_cosplay_1696606309_3207688672766513968_13826729236.heic.jpg
[2026-04-17T15:48:14.661Z] [VIEWER] Round 280 | Collected: 279
[2026-04-17T15:48:16.169Z] [+] #280 | genko_cosplay_1696606309_3207688672758133105_13826729236.heic.jpg
[2026-04-17T15:48:17.965Z] [+] #281 | genko_cosplay_1696420704_3206131706126486741_13826729236.heic.jpg
[2026-04-17T15:48:19.769Z] [+] #282 | genko_cosplay_1696392347_3205893832441591096_13826729236.heic.jpg
[2026-04-17T15:48:21.569Z] [+] #283 | genko_cosplay_1696392347_3205893832441499598_13826729236.heic.jpg
[2026-04-17T15:48:23.371Z] [+] #284 | genko_cosplay_1696392347_3205893832441405986_13826729236.heic.jpg
[2026-04-17T15:48:25.177Z] [+] #285 | genko_cosplay_1696254290_3204735719634061677_13826729236.heic.jpg
[2026-04-17T15:48:26.981Z] [+] #286 | genko_cosplay_1695728671_3200326512365243052_13826729236.heic.jpg
[2026-04-17T15:48:28.771Z] [+] #287 | genko_cosplay_1695728671_3200326512365202516_13826729236.heic.jpg
[2026-04-17T15:48:30.565Z] [+] #288 | genko_cosplay_1695728671_3200326512222513637_13826729236.heic.jpg
[2026-04-17T15:48:32.373Z] [+] #289 | genko_cosplay_1695560253_3198913720580017573_13826729236.heic.webp
[2026-04-17T15:48:34.164Z] [+] #290 | genko_cosplay_1695381109_3197410947417844627_13826729236.heic.jpg
[2026-04-17T15:48:35.973Z] [+] #291 | genko_cosplay_1695381109_3197410947409469097_13826729236.heic.jpg
[2026-04-17T15:48:37.784Z] [+] #292 | genko_cosplay_1695381109_3197410947250031625_13826729236.heic.jpg
[2026-04-17T15:48:39.582Z] [+] #293 | genko_cosplay_1695381109_3197410947241709084_13826729236.heic.jpg
[2026-04-17T15:48:41.384Z] [+] #294 | genko_cosplay_1695381109_3197410947241615686_13826729236.heic.jpg
[2026-04-17T15:48:43.189Z] [+] #295 | genko_cosplay_1695139473_3195383962273404252_13826729236.heic.webp
[2026-04-17T15:48:45.021Z] [+] #296 | genko_cosplay_1695042293_3194568756760929038_13826729236.heic.jpg
[2026-04-17T15:48:46.830Z] [+] #297 | genko_cosplay_1694776439_3192338614546232732_13826729236.heic.jpg
[2026-04-17T15:48:48.631Z] [+] #298 | genko_cosplay_1694697739_3191678429427303686_13826729236.heic.webp
[2026-04-17T15:48:50.430Z] [+] #299 | genko_cosplay_1694605613_3190905614805626203_13826729236.heic.webp
[2026-04-17T15:48:50.723Z] [VIEWER] Round 300 | Collected: 299
[2026-04-17T15:48:52.231Z] [+] #300 | genko_cosplay_1694532897_3190295631940298133_13826729236.heic.webp
[2026-04-17T15:48:54.037Z] [+] #301 | genko_cosplay_1694532897_3190295631789494568_13826729236.heic.webp
[2026-04-17T15:48:55.845Z] [+] #302 | genko_cosplay_1694532897_3190295631789389641_13826729236.heic.webp
[2026-04-17T15:48:57.650Z] [+] #303 | genko_cosplay_1694532897_3190295631789357004_13826729236.heic.webp
[2026-04-17T15:48:59.453Z] [+] #304 | genko_cosplay_1694434098_3189466842167589975_13826729236.heic.jpg
[2026-04-17T15:49:01.246Z] [+] #305 | genko_cosplay_1694350398_3188764717842258713_13826729236.heic.jpg
[2026-04-17T15:49:03.056Z] [+] #306 | genko_cosplay_1694350398_3188764717699579958_13826729236.heic.jpg
[2026-04-17T15:49:04.863Z] [+] #307 | genko_cosplay_1694267539_3188069648084558985_13826729236.heic.jpg
[2026-04-17T15:49:06.663Z] [+] #308 | genko_cosplay_1694267539_3188069648025811801_13826729236.heic.jpg
[2026-04-17T15:49:08.468Z] [+] #309 | genko_cosplay_1694267539_3188069647950455767_13826729236.heic.jpg
[2026-04-17T15:49:10.269Z] [+] #310 | genko_cosplay_1694267539_3188069647816109323_13826729236.heic.jpg
[2026-04-17T15:49:12.056Z] [+] #311 | genko_cosplay_1694267539_3188069647816100519_13826729236.heic.jpg
[2026-04-17T15:49:13.858Z] [+] #312 | genko_cosplay_1694181320_3187346387050835845_13826729236.heic.jpg
[2026-04-17T15:49:15.652Z] [+] #313 | genko_cosplay_1694094897_3186621421242181566_13826729236.heic.webp
[2026-04-17T15:49:17.462Z] [+] #314 | genko_cosplay_1693913301_3185098086679069681_13826729236.heic.jpg
[2026-04-17T15:49:19.255Z] [+] #315 | genko_cosplay_1693913301_3185098086469565724_13826729236.heic.jpg
[2026-04-17T15:49:21.063Z] [+] #316 | genko_cosplay_1693913301_3185098086452815224_13826729236.heic.jpg
[2026-04-17T15:49:22.862Z] [+] #317 | genko_cosplay_1693738307_3183630128245331407_13826729236.heic.jpg
[2026-04-17T15:49:24.672Z] [+] #318 | genko_cosplay_1693230060_3179366645433456160_13826729236.heic.webp
[2026-04-17T15:49:26.481Z] [+] #319 | genko_cosplay_1693230060_3179366645383096386_13826729236.heic.webp
[2026-04-17T15:49:26.756Z] [VIEWER] Round 320 | Collected: 319
[2026-04-17T15:49:28.265Z] [+] #320 | genko_cosplay_1693230060_3179366645358004758_13826729236.heic.webp
[2026-04-17T15:49:30.054Z] [+] #321 | genko_cosplay_1693230060_3179366645357979317_13826729236.heic.webp
[2026-04-17T15:49:31.872Z] [+] #322 | genko_cosplay_1693221064_3179291175442582294_13826729236.heic.jpg
[2026-04-17T15:49:33.662Z] [+] #323 | genko_cosplay_1693221064_3179291175367036646_13826729236.heic.jpg
[2026-04-17T15:49:35.479Z] [+] #324 | genko_cosplay_1693221064_3179291175257944163_13826729236.heic.jpg
[2026-04-17T15:49:37.292Z] [+] #325 | genko_cosplay_1693221064_3179291175249684887_13826729236.heic.jpg
[2026-04-17T15:49:39.087Z] [+] #326 | genko_cosplay_1693221064_3179291175249639601_13826729236.heic.jpg
[2026-04-17T15:49:40.864Z] [+] #327 | genko_cosplay_1693221064_3179291175241148406_13826729236.heic.jpg
[2026-04-17T15:49:42.672Z] [+] #328 | genko_cosplay_1693148373_3178681403475434317_13826729236.heic.jpg
[2026-04-17T15:49:44.489Z] [+] #329 | genko_cosplay_1693148373_3178681403391405454_13826729236.heic.jpg
[2026-04-17T15:49:46.296Z] [+] #330 | genko_cosplay_1693148373_3178681403316108322_13826729236.heic.jpg
[2026-04-17T15:49:48.106Z] [+] #331 | genko_cosplay_1693148373_3178681403265719356_13826729236.heic.jpg
[2026-04-17T15:49:49.914Z] [+] #332 | genko_cosplay_1693148373_3178681403257136731_13826729236.heic.jpg
[2026-04-17T15:49:51.724Z] [+] #333 | genko_cosplay_1693148373_3178681403257128118_13826729236.heic.jpg
[2026-04-17T15:49:53.536Z] [+] #334 | genko_cosplay_1693056929_3177914317400537616_13826729236.heic.jpg
[2026-04-17T15:49:55.339Z] [+] #335 | genko_cosplay_1693056929_3177914317400460620_13826729236.heic.jpg
[2026-04-17T15:49:57.142Z] [+] #336 | genko_cosplay_1693056929_3177914317232926313_13826729236.heic.jpg
[2026-04-17T15:49:58.942Z] [+] #337 | genko_cosplay_1692887503_3176493069932122832_13826729236.heic.jpg
[2026-04-17T15:50:00.744Z] [+] #338 | genko_cosplay_1692878631_3176418642519148036_13826729236.heic.webp
[2026-04-17T15:50:02.552Z] [+] #339 | genko_cosplay_1692878631_3176418642494026081_13826729236.heic.webp
[2026-04-17T15:50:02.838Z] [VIEWER] Round 340 | Collected: 339
[2026-04-17T15:50:04.347Z] [+] #340 | genko_cosplay_1692878631_3176418642485778821_13826729236.heic.webp
[2026-04-17T15:50:06.153Z] [+] #341 | genko_cosplay_1692697552_3174899640856914101_13826729236.heic.jpg
[2026-04-17T15:50:07.960Z] [+] #342 | genko_cosplay_1692697552_3174899640689205872_13826729236.heic.jpg
[2026-04-17T15:50:09.759Z] [+] #343 | genko_cosplay_1692538717_3173567239375399331_13826729236.heic.webp
[2026-04-17T15:50:11.575Z] [+] #344 | genko_cosplay_1692188641_3170630583706055010_13826729236.heic.jpg
[2026-04-17T15:50:13.384Z] [+] #345 | genko_cosplay_1692012107_3169149710037108653_13826729236.heic.jpg
[2026-04-17T15:50:15.180Z] [+] #346 | genko_cosplay_1692012107_3169149710003391363_13826729236.heic.jpg
[2026-04-17T15:50:16.986Z] [+] #347 | genko_cosplay_1692012107_3169149709995070531_13826729236.heic.jpg
[2026-04-17T15:50:18.787Z] [+] #348 | genko_cosplay_1692012107_3169149709994983126_13826729236.heic.jpg
[2026-04-17T15:50:20.595Z] [+] #349 | genko_cosplay_1692012107_3169149709844145246_13826729236.heic.jpg
[2026-04-17T15:50:22.390Z] [+] #350 | genko_cosplay_1692012107_3169149709835751166_13826729236.heic.jpg
[2026-04-17T15:50:24.192Z] [+] #351 | genko_cosplay_1692012107_3169149709835574644_13826729236.heic.jpg
[2026-04-17T15:50:26.003Z] [+] #352 | genko_cosplay_1692012107_3169149709819047960_13826729236.heic.jpg
[2026-04-17T15:50:27.805Z] [+] #353 | genko_cosplay_1692012107_3169149709819016733_13826729236.heic.jpg
[2026-04-17T15:50:29.608Z] [+] #354 | genko_cosplay_1692012107_3169149709818798773_13826729236.heic.jpg
[2026-04-17T15:50:31.399Z] [+] #355 | genko_cosplay_1691929644_3168457960347841927_13826729236.heic.webp
[2026-04-17T15:50:33.195Z] [+] #356 | genko_cosplay_1691929644_3168457960347825334_13826729236.heic.webp
[2026-04-17T15:50:35.016Z] [+] #357 | genko_cosplay_1691929644_3168457960347815882_13826729236.heic.webp
[2026-04-17T15:50:36.821Z] [+] #358 | genko_cosplay_1691929644_3168457960347747244_13826729236.heic.webp
[2026-04-17T15:50:38.620Z] [+] #359 | genko_cosplay_1691929644_3168457960339420940_13826729236.heic.webp
[2026-04-17T15:50:38.920Z] [VIEWER] Round 360 | Collected: 359
[2026-04-17T15:50:40.430Z] [+] #360 | genko_cosplay_1691844352_3167742479051595289_13826729236.heic.webp
[2026-04-17T15:50:42.235Z] [+] #361 | genko_cosplay_1691844352_3167742479043188638_13826729236.heic.webp
[2026-04-17T15:50:44.026Z] [+] #362 | genko_cosplay_1691844352_3167742478816689068_13826729236.heic.webp
[2026-04-17T15:50:45.834Z] [+] #363 | genko_cosplay_1691749114_3166943569139975200_13826729236.heic.jpg
[2026-04-17T15:50:47.631Z] [+] #364 | genko_cosplay_1691749114_3166943569089597239_13826729236.heic.jpg
[2026-04-17T15:50:49.444Z] [+] #365 | genko_cosplay_1691749114_3166943568921865797_13826729236.heic.jpg
[2026-04-17T15:50:51.240Z] [+] #366 | genko_cosplay_1691749114_3166943568921752018_13826729236.heic.webp
[2026-04-17T15:50:53.042Z] [+] #367 | genko_cosplay_1691749114_3166943568913367240_13826729236.heic.jpg
[2026-04-17T15:50:54.847Z] [+] #368 | genko_cosplay_1691749114_3166943568913301616_13826729236.heic.jpg
[2026-04-17T15:50:56.659Z] [+] #369 | genko_cosplay_1691668323_3166265840899164550_13826729236.heic.jpg
[2026-04-17T15:50:58.476Z] [+] #370 | genko_cosplay_1691668323_3166265840899053818_13826729236.heic.jpg
[2026-04-17T15:51:00.268Z] [+] #371 | genko_cosplay_1691668323_3166265840890710520_13826729236.heic.jpg
[2026-04-17T15:51:02.080Z] [+] #372 | genko_cosplay_1691668323_3166265840890699603_13826729236.heic.jpg
[2026-04-17T15:51:03.875Z] [+] #373 | genko_cosplay_1691241893_3162688692654141706_13826729236.heic.jpg
[2026-04-17T15:51:05.680Z] [+] #374 | genko_cosplay_1691241893_3162688692645701115_13826729236.heic.jpg
[2026-04-17T15:51:07.495Z] [+] #375 | genko_cosplay_1691060054_3161163316136187369_13826729236.heic.jpg
[2026-04-17T15:51:09.307Z] [+] #376 | genko_cosplay_1691060054_3161163316102554691_13826729236.heic.jpg
[2026-04-17T15:51:11.105Z] [+] #377 | genko_cosplay_1691060054_3161163316094208363_13826729236.heic.jpg
[2026-04-17T15:51:12.909Z] [+] #378 | genko_cosplay_1691060054_3161163316069035306_13826729236.heic.jpg
[2026-04-17T15:51:14.706Z] [+] #379 | genko_cosplay_1691060054_3161163315968320233_13826729236.heic.jpg
[2026-04-17T15:51:15.001Z] [VIEWER] Round 380 | Collected: 379
[2026-04-17T15:51:16.506Z] [+] #380 | genko_cosplay_1691060054_3161163315968247640_13826729236.heic.jpg
[2026-04-17T15:51:18.319Z] [+] #381 | genko_cosplay_1690980960_3160499822038511036_13826729236.heic.jpg
[2026-04-17T15:51:20.119Z] [+] #382 | genko_cosplay_1690886583_3159708132503698804_13826729236.heic.jpg
[2026-04-17T15:51:21.896Z] [+] #383 | genko_cosplay_1690886583_3159708132503532075_13826729236.heic.jpg
[2026-04-17T15:51:23.697Z] [+] #384 | genko_cosplay_1690886583_3159708132495155811_13826729236.heic.jpg
[2026-04-17T15:51:25.494Z] [+] #385 | genko_cosplay_1690886583_3159708132411265678_13826729236.heic.jpg
[2026-04-17T15:51:27.303Z] [+] #386 | genko_cosplay_1690886583_3159708132377819096_13826729236.heic.jpg
[2026-04-17T15:51:29.098Z] [+] #387 | genko_cosplay_1690886583_3159708132377713638_13826729236.heic.jpg
[2026-04-17T15:51:30.900Z] [+] #388 | genko_cosplay_1690886474_3159707220762594437_13826729236.heic.jpg
[2026-04-17T15:51:32.706Z] [+] #389 | genko_cosplay_1690886474_3159707220754149010_13826729236.heic.jpg
[2026-04-17T15:51:34.524Z] [+] #390 | genko_cosplay_1690886474_3159707220745746077_13826729236.heic.jpg
[2026-04-17T15:51:36.327Z] [+] #391 | genko_cosplay_1690776889_3158787957168142491_13826729236.heic.webp
[2026-04-17T15:51:38.133Z] [+] #392 | genko_cosplay_1690776889_3158787957134533250_13826729236.heic.webp
[2026-04-17T15:51:39.941Z] [+] #393 | genko_cosplay_1690776889_3158787957126186193_13826729236.heic.webp
[2026-04-17T15:51:41.741Z] [+] #394 | genko_cosplay_1690776889_3158787957008709001_13826729236.heic.webp
[2026-04-17T15:51:43.545Z] [+] #395 | genko_cosplay_1690721113_3158320068875169042_13826729236.heic.jpg
[2026-04-17T15:51:45.340Z] [+] #396 | genko_cosplay_1690721113_3158320068791152320_13826729236.heic.jpg
[2026-04-17T15:51:47.151Z] [+] #397 | genko_cosplay_1690721113_3158320068673859949_13826729236.heic.jpg
[2026-04-17T15:51:48.946Z] [+] #398 | genko_cosplay_1690605735_3157352205601513700_13826729236.heic.webp
[2026-04-17T15:51:50.755Z] [+] #399 | genko_cosplay_1690605735_3157352205576551339_13826729236.heic.webp
[2026-04-17T15:51:51.053Z] [VIEWER] Round 400 | Collected: 399
[2026-04-17T15:51:52.561Z] [+] #400 | genko_cosplay_1690605735_3157352205567941726_13826729236.heic.webp
[2026-04-17T15:51:54.362Z] [+] #401 | genko_cosplay_1690551750_3156899354242461716_13826729236.heic.webp
[2026-04-17T15:51:56.164Z] [+] #402 | genko_cosplay_1690551750_3156899353982625746_13826729236.heic.webp
[2026-04-17T15:51:57.964Z] [+] #403 | genko_cosplay_1690551750_3156899353982617963_13826729236.heic.webp
[2026-04-17T15:51:59.765Z] [+] #404 | genko_cosplay_1690551750_3156899353982559228_13826729236.heic.webp
[2026-04-17T15:52:01.576Z] [+] #405 | genko_cosplay_1690551750_3156899353982492117_13826729236.heic.webp
[2026-04-17T15:52:03.379Z] [+] #406 | genko_cosplay_1690458723_3156118982273717863_13826729236.heic.jpg
[2026-04-17T15:52:05.180Z] [+] #407 | genko_cosplay_1690458723_3156118982273652841_13826729236.heic.jpg
[2026-04-17T15:52:06.975Z] [+] #408 | genko_cosplay_1690458723_3156118982265271866_13826729236.heic.jpg
[2026-04-17T15:52:08.778Z] [+] #409 | genko_cosplay_1690458723_3156118982256837242_13826729236.heic.jpg
[2026-04-17T15:52:10.579Z] [+] #410 | genko_cosplay_1690368573_3155362750520830532_13826729236.heic.jpg
[2026-04-17T15:52:12.356Z] [+] #411 | genko_cosplay_1690368573_3155362750520761489_13826729236.heic.webp
[2026-04-17T15:52:14.160Z] [+] #412 | genko_cosplay_1690368573_3155362750520749890_13826729236.heic.jpg
[2026-04-17T15:52:15.949Z] [+] #413 | genko_cosplay_1690368573_3155362750512236996_13826729236.heic.jpg
[2026-04-17T15:52:17.743Z] [+] #414 | genko_cosplay_1690287072_3154679072274623550_13826729236.heic.jpg
[2026-04-17T15:52:19.542Z] [+] #415 | genko_cosplay_1690198108_3153932788731226590_13826729236.heic.jpg
[2026-04-17T15:52:21.322Z] [+] #416 | genko_cosplay_1690198108_3153932788655814816_13826729236.heic.jpg
[2026-04-17T15:52:23.114Z] [+] #417 | genko_cosplay_1690198108_3153932788613853262_13826729236.heic.jpg
[2026-04-17T15:52:24.927Z] [+] #418 | genko_cosplay_1690198108_3153932788471343042_13826729236.heic.jpg
[2026-04-17T15:52:26.731Z] [+] #419 | genko_cosplay_1690198108_3153932788471314191_13826729236.heic.jpg
[2026-04-17T15:52:27.009Z] [VIEWER] Round 420 | Collected: 419
[2026-04-17T15:52:28.517Z] [+] #420 | genko_cosplay_1690198108_3153932788462793625_13826729236.heic.jpg
[2026-04-17T15:52:30.321Z] [+] #421 | genko_cosplay_1690117046_3153252790710172349_13826729236.heic.jpg
[2026-04-17T15:52:32.119Z] [+] #422 | genko_cosplay_1690117046_3153252790701827054_13826729236.heic.jpg
[2026-04-17T15:52:33.918Z] [+] #423 | genko_cosplay_1690117046_3153252790701772233_13826729236.heic.jpg
[2026-04-17T15:52:35.724Z] [+] #424 | genko_cosplay_1690117046_3153252790701731640_13826729236.heic.jpg
[2026-04-17T15:52:37.532Z] [+] #425 | genko_cosplay_1690116963_3153252093759353045_13826729236.heic.jpg
[2026-04-17T15:52:39.319Z] [+] #426 | genko_cosplay_1690116963_3153252093751165782_13826729236.heic.jpg
[2026-04-17T15:52:41.124Z] [+] #427 | genko_cosplay_1690093535_3153055560801997518_13826729236.heic.webp
[2026-04-17T15:52:42.919Z] [+] #428 | genko_cosplay_1690093535_3153055560793602653_13826729236.heic.webp
[2026-04-17T15:52:44.724Z] [+] #429 | genko_cosplay_1690093535_3153055560785340381_13826729236.heic.webp
[2026-04-17T15:52:46.529Z] [+] #430 | genko_cosplay_1689939487_3151763314573975266_13826729236.heic.jpg
[2026-04-17T15:52:48.327Z] [+] #431 | genko_cosplay_1689939487_3151763314540378955_13826729236.heic.jpg
[2026-04-17T15:52:50.132Z] [+] #432 | genko_cosplay_1689939487_3151763314531948871_13826729236.heic.jpg
[2026-04-17T15:52:51.930Z] [+] #433 | genko_cosplay_1689939487_3151763314372721850_13826729236.heic.jpg
[2026-04-17T15:52:53.744Z] [+] #434 | genko_cosplay_1689763894_3150290332479481368_13826729236.heic.jpg
[2026-04-17T15:52:55.544Z] [+] #435 | genko_cosplay_1689763894_3150290332387303872_13826729236.heic.jpg
[2026-04-17T15:52:57.345Z] [+] #436 | genko_cosplay_1689763894_3150290332370385168_13826729236.heic.jpg
[2026-04-17T15:52:59.141Z] [+] #437 | genko_cosplay_1689763894_3150290332219357522_13826729236.heic.jpg
[2026-04-17T15:53:00.951Z] [+] #438 | genko_cosplay_1689687360_3149648320373765648_13826729236.heic.jpg
[2026-04-17T15:53:02.754Z] [+] #439 | genko_cosplay_1689687360_3149648320206152852_13826729236.heic.jpg
[2026-04-17T15:53:03.045Z] [VIEWER] Round 440 | Collected: 439
[2026-04-17T15:53:04.556Z] [+] #440 | genko_cosplay_1689518969_3148235752740570739_13826729236.heic.jpg
[2026-04-17T15:53:06.361Z] [+] #441 | genko_cosplay_1689518969_3148235752564534641_13826729236.heic.jpg
[2026-04-17T15:53:08.165Z] [+] #442 | genko_cosplay_1689518865_3148234885232807184_13826729236.heic.jpg
[2026-04-17T15:53:09.961Z] [+] #443 | genko_cosplay_1689518865_3148234885224448014_13826729236.heic.jpg
[2026-04-17T15:53:11.763Z] [+] #444 | genko_cosplay_1689518865_3148234885216067885_13826729236.heic.jpg
[2026-04-17T15:53:13.567Z] [+] #445 | genko_cosplay_1689518865_3148234885115307987_13826729236.heic.jpg
[2026-04-17T15:53:15.378Z] [+] #446 | genko_cosplay_1689518865_3148234885106939695_13826729236.heic.jpg
[2026-04-17T15:53:17.191Z] [+] #447 | genko_cosplay_1689354722_3146857954293653471_13826729236.heic.webp
[2026-04-17T15:53:18.995Z] [+] #448 | genko_cosplay_1689262258_3146082311209526219_13826729236.heic.webp
[2026-04-17T15:53:20.796Z] [+] #449 | genko_cosplay_1689159982_3145224351000304792_13826729236.heic.jpg
[2026-04-17T15:53:22.598Z] [+] #450 | genko_cosplay_1689077545_3144532821243609778_13826729236.heic.webp
[2026-04-17T15:53:24.405Z] [+] #451 | genko_cosplay_1688985194_3143758126005345793_13826729236.heic.jpg
[2026-04-17T15:53:26.204Z] [+] #452 | genko_cosplay_1688897001_3143018308879014148_13826729236.heic.jpg
[2026-04-17T15:53:28.010Z] [+] #453 | genko_cosplay_1688818682_3142361321145253969_13826729236.heic.jpg
[2026-04-17T15:53:29.816Z] [+] #454 | genko_cosplay_1688689511_3141277759734094122_13826729236.heic.webp
[2026-04-17T15:53:31.612Z] [+] #455 | genko_cosplay_1687951612_3135087810940804493_13826729236.heic.webp
[2026-04-17T15:53:33.407Z] [+] #456 | genko_cosplay_1687876485_3134457598796579306_13826729236.heic.webp
[2026-04-17T15:53:35.194Z] [+] #457 | genko_cosplay_1687876485_3134457598796525129_13826729236.heic.webp
[2026-04-17T15:53:37.010Z] [+] #458 | genko_cosplay_1687876485_3134457598796466809_13826729236.heic.webp
[2026-04-17T15:53:38.803Z] [+] #459 | genko_cosplay_1687876485_3134457598787988025_13826729236.heic.webp
[2026-04-17T15:53:39.101Z] [VIEWER] Round 460 | Collected: 459
[2026-04-17T15:53:40.611Z] [+] #460 | genko_cosplay_1687515747_3131431512194002205_13826729236.heic.jpg
[2026-04-17T15:53:42.416Z] [+] #461 | genko_cosplay_1687515747_3131431512193972232_13826729236.heic.jpg
[2026-04-17T15:53:44.223Z] [+] #462 | genko_cosplay_1687515747_3131431512185575333_13826729236.heic.jpg
[2026-04-17T15:53:46.019Z] [+] #463 | genko_cosplay_1687515747_3131431512185552340_13826729236.heic.jpg
[2026-04-17T15:53:47.809Z] [+] #464 | genko_cosplay_1687187210_3128675546964803629_13826729236.heic.jpg
[2026-04-17T15:53:49.610Z] [+] #465 | genko_cosplay_1687187210_3128675546964782588_13826729236.heic.jpg
[2026-04-17T15:53:51.416Z] [+] #466 | genko_cosplay_1687187210_3128675546880934976_13826729236.heic.jpg
[2026-04-17T15:53:53.211Z] [+] #467 | genko_cosplay_1687187210_3128675546729817767_13826729236.heic.jpg
[2026-04-17T15:53:55.018Z] [+] #468 | genko_cosplay_1686915251_3126394187575685611_13826729236.heic.jpg
[2026-04-17T15:53:56.822Z] [+] #469 | genko_cosplay_1686740499_3124928257507187242_13826729236.heic.jpg
[2026-04-17T15:53:58.617Z] [+] #470 | genko_cosplay_1686740499_3124928257506961766_13826729236.heic.jpg
[2026-04-17T15:54:00.443Z] [+] #471 | genko_cosplay_1686740499_3124928257506955276_13826729236.heic.jpg
[2026-04-17T15:54:02.244Z] [+] #472 | genko_cosplay_1686384612_3121942862381154766_13826729236.heic.webp
[2026-04-17T15:54:04.050Z] [+] #473 | genko_cosplay_1686378025_3121887609321250965_13826729236.heic.jpg
[2026-04-17T15:54:05.850Z] [+] #474 | genko_cosplay_1686378025_3121887609195453165_13826729236.heic.jpg
[2026-04-17T15:54:07.655Z] [+] #475 | genko_cosplay_1686213313_3120505902714267755_13826729236.heic.webp
[2026-04-17T15:54:09.463Z] [+] #476 | genko_cosplay_1686132702_3119829686017458326_13826729236.heic.jpg
[2026-04-17T15:54:11.261Z] [+] #477 | genko_cosplay_1686132702_3119829686009148624_13826729236.heic.jpg
[2026-04-17T15:54:13.075Z] [+] #478 | genko_cosplay_1685881678_3117723946549002321_13826729236.heic.webp
[2026-04-17T15:54:14.887Z] [+] #479 | genko_cosplay_1685881678_3117723946373084490_13826729236.heic.webp
[2026-04-17T15:54:15.179Z] [VIEWER] Round 480 | Collected: 479
[2026-04-17T15:54:16.687Z] [+] #480 | genko_cosplay_1685783479_3116900195226005006_13826729236.heic.webp
[2026-04-17T15:54:18.489Z] [+] #481 | genko_cosplay_1685701924_3116216063558804390_13826729236.heic.jpg
[2026-04-17T15:54:20.290Z] [+] #482 | genko_cosplay_1685701924_3116216063558720424_13826729236.heic.jpg
[2026-04-17T15:54:22.092Z] [+] #483 | genko_cosplay_1685701924_3116216063407847497_13826729236.heic.jpg
[2026-04-17T15:54:23.898Z] [+] #484 | genko_cosplay_1685701924_3116216063407824692_13826729236.heic.jpg
[2026-04-17T15:54:25.696Z] [+] #485 | genko_cosplay_1685701924_3116216063407723233_13826729236.heic.jpg
[2026-04-17T15:54:27.499Z] [+] #486 | genko_cosplay_1685701924_3116216063407694491_13826729236.heic.jpg
[2026-04-17T15:54:29.308Z] [+] #487 | genko_cosplay_1685701924_3116216063399443253_13826729236.heic.jpg
[2026-04-17T15:54:31.109Z] [+] #488 | genko_cosplay_1685624623_3115567617256551860_13826729236.heic.jpg
[2026-04-17T15:54:32.912Z] [+] #489 | genko_cosplay_1685532202_3114792327441991696_13826729236.heic.jpg
[2026-04-17T15:54:34.703Z] [+] #490 | genko_cosplay_1685445336_3114063643978426872_13826729236.heic.webp
[2026-04-17T15:54:36.504Z] [+] #491 | genko_cosplay_1685366574_3113402944394422561_13826729236.heic.jpg
[2026-04-17T15:54:38.316Z] [+] #492 | genko_cosplay_1685366574_3113402944268783730_13826729236.heic.jpg
[2026-04-17T15:54:40.126Z] [+] #493 | genko_cosplay_1685366574_3113402944268586540_13826729236.heic.jpg
[2026-04-17T15:54:41.913Z] [+] #494 | genko_cosplay_1685126605_3111389936331836463_13826729236.heic.jpg
[2026-04-17T15:54:43.714Z] [+] #495 | genko_cosplay_1684580794_3106811344167940451_13826729236.heic.jpg
[2026-04-17T15:54:45.514Z] [+] #496 | genko_cosplay_1684560993_3106645234510727520_13826729236.heic.webp
[2026-04-17T15:54:47.312Z] [+] #497 | genko_cosplay_1684560993_3106645234469019466_13826729236.heic.webp
[2026-04-17T15:54:49.127Z] [+] #498 | genko_cosplay_1684560993_3106645234460648423_13826729236.heic.webp
[2026-04-17T15:54:50.949Z] [+] #499 | genko_cosplay_1684560993_3106645234460559350_13826729236.heic.jpg
[2026-04-17T15:54:51.252Z] [VIEWER] Round 500 | Collected: 499
[2026-04-17T15:54:52.762Z] [+] #500 | genko_cosplay_1684560993_3106645234443662574_13826729236.heic.webp
[2026-04-17T15:54:54.565Z] [+] #501 | genko_cosplay_1684237141_3103928569190637370_13826729236.heic.webp
[2026-04-17T15:54:56.366Z] [+] #502 | genko_cosplay_1684237141_3103928568989207165_13826729236.heic.webp
[2026-04-17T15:54:58.163Z] [+] #503 | genko_cosplay_1684237141_3103928568989196878_13826729236.heic.webp
[2026-04-17T15:54:59.978Z] [+] #504 | genko_cosplay_1683973466_3101716708412033719_13826729236.heic.jpg
[2026-04-17T15:55:01.776Z] [+] #505 | genko_cosplay_1683911669_3101198313065280870_13826729236.heic.webp
[2026-04-17T15:55:03.568Z] [+] #506 | genko_cosplay_1683631686_3098849649550188318_13826729236.heic.webp
[2026-04-17T15:55:05.392Z] [+] #507 | genko_cosplay_1683547311_3098141856262300387_13826729236.heic.jpg
[2026-04-17T15:55:07.202Z] [+] #508 | genko_cosplay_1683547311_3098141855960428170_13826729236.heic.jpg
[2026-04-17T15:55:09.002Z] [+] #509 | genko_cosplay_1683547277_3098141571309840871_13826729236.heic.jpg
[2026-04-17T15:55:10.809Z] [+] #510 | genko_cosplay_1683547277_3098141571234144464_13826729236.heic.jpg
[2026-04-17T15:55:12.610Z] [+] #511 | genko_cosplay_1683369341_3096648933717009057_13826729236.heic.jpg
[2026-04-17T15:55:14.414Z] [+] #512 | genko_cosplay_1683369341_3096648933540712261_13826729236.heic.jpg
[2026-04-17T15:55:16.217Z] [+] #513 | genko_cosplay_1683211628_3095325943808955198_13826729236.webp.jpg
[2026-04-17T15:55:18.009Z] [+] #514 | genko_cosplay_1683199170_3095221437741962320_13826729236.webp.jpg
[2026-04-17T15:55:19.822Z] [+] #515 | genko_cosplay_1683199170_3095221437591017232_13826729236.webp.jpg
[2026-04-17T15:55:21.622Z] [+] #516 | genko_cosplay_1683199170_3095221437582633198_13826729236.webp.jpg
[2026-04-17T15:55:23.431Z] [+] #517 | genko_cosplay_1682915418_3092841157083716245_13826729236.webp.jpg
[2026-04-17T15:55:25.244Z] [+] #518 | genko_cosplay_1682915418_3092841157075167401_13826729236.webp.jpg
[2026-04-17T15:55:27.049Z] [+] #519 | genko_cosplay_1682915418_3092841157058565930_13826729236.webp.jpg
[2026-04-17T15:55:27.339Z] [VIEWER] Round 520 | Collected: 519
[2026-04-17T15:55:28.847Z] [+] #520 | genko_cosplay_1682782521_3091726333203105357_13826729236.webp.jpg
[2026-04-17T15:55:30.649Z] [+] #521 | genko_cosplay_1688753884_3141817757516672979_13826729236.heic.jpg
[2026-04-17T15:55:32.426Z] [+] #522 | genko_cosplay_1682782521_3091726333010157424_13826729236.webp.jpg
[2026-04-17T15:55:34.222Z] [+] #523 | genko_cosplay_1682782521_3091726333009995627_13826729236.webp.jpg
[2026-04-17T15:55:36.032Z] [+] #524 | genko_cosplay_1682680015_3090866451851552766_13826729236.webp.jpg
[2026-04-17T15:55:37.831Z] [+] #525 | genko_cosplay_1682680015_3090866451725754509_13826729236.webp.jpg
[2026-04-17T15:55:39.639Z] [+] #526 | genko_cosplay_1682679984_3090866190152186301_13826729236.webp.jpg
[2026-04-17T15:55:41.439Z] [+] #527 | genko_cosplay_1682679984_3090866190143804254_13826729236.webp.jpg
[2026-04-17T15:55:43.240Z] [+] #528 | genko_cosplay_1682439835_3088851673255830043_13826729236.webp.jpg
[2026-04-17T15:55:45.038Z] [+] #529 | genko_cosplay_1682077943_3085815903800719246_13826729236.webp.jpg
[2026-04-17T15:55:46.846Z] [+] #530 | genko_cosplay_1682077943_3085815903674763491_13826729236.webp.jpg
[2026-04-17T15:55:48.639Z] [+] #531 | genko_cosplay_1682077943_3085815903674763206_13826729236.webp.jpg
[2026-04-17T15:55:50.463Z] [+] #532 | genko_cosplay_1682077943_3085815903666320349_13826729236.webp.jpg
[2026-04-17T15:55:52.269Z] [+] #533 | genko_cosplay_1681627552_3082037753197508816_13826729236.webp.jpg
[2026-04-17T15:55:54.063Z] [+] #534 | genko_cosplay_1681627505_3082037359964684744_13826729236.webp.jpg
[2026-04-17T15:55:55.872Z] [+] #535 | genko_cosplay_1681627505_3082037359947831325_13826729236.webp.jpg
[2026-04-17T15:55:57.683Z] [+] #536 | genko_cosplay_1681627505_3082037359931084621_13826729236.webp.jpg
[2026-04-17T15:55:59.483Z] [+] #537 | genko_cosplay_1681565169_3081514447052386025_13826729236.webp.jpg
[2026-04-17T15:56:01.282Z] [+] #538 | genko_cosplay_1681565169_3081514447052273596_13826729236.webp.jpg
[2026-04-17T15:56:03.094Z] [+] #539 | genko_cosplay_1681565089_3081513770896904963_13826729236.webp.jpg
[2026-04-17T15:56:03.392Z] [VIEWER] Round 540 | Collected: 539
[2026-04-17T15:56:04.901Z] [+] #540 | genko_cosplay_1681565089_3081513770787911524_13826729236.webp.jpg
[2026-04-17T15:56:06.713Z] [+] #541 | genko_cosplay_1681381267_3079971765203259042_13826729236.webp.jpg
[2026-04-17T15:56:08.519Z] [+] #542 | genko_cosplay_1681381267_3079971765194867815_13826729236.webp.jpg
[2026-04-17T15:56:10.304Z] [+] #543 | genko_cosplay_1681381267_3079971765178180879_13826729236.webp.jpg
[2026-04-17T15:56:12.112Z] [+] #544 | genko_cosplay_1681235359_3078747798561817111_13826729236.webp.jpg
[2026-04-17T15:56:13.922Z] [+] #545 | genko_cosplay_1681235359_3078747798553339343_13826729236.webp.jpg
[2026-04-17T15:56:15.729Z] [+] #546 | genko_cosplay_1681235341_3078747649831655547_13826729236.webp.jpg
[2026-04-17T15:56:17.532Z] [+] #547 | genko_cosplay_1681121854_3077795650214613345_13826729236.webp.jpg
[2026-04-17T15:56:19.345Z] [+] #548 | genko_cosplay_1681121854_3077795650097251599_13826729236.webp.jpg
[2026-04-17T15:56:21.154Z] [+] #549 | genko_cosplay_1681121854_3077795650055231093_13826729236.webp.jpg
[2026-04-17T15:56:22.952Z] [+] #550 | genko_cosplay_1681121829_3077795436036749616_13826729236.webp.jpg
[2026-04-17T15:56:24.759Z] [+] #551 | genko_cosplay_1681037173_3077085293383041828_13826729236.webp.jpg
[2026-04-17T15:56:26.552Z] [+] #552 | genko_cosplay_1681037158_3077085166312573621_13826729236.webp.jpg
[2026-04-17T15:56:28.364Z] [+] #553 | genko_cosplay_1680870385_3075686178117839254_13826729236.webp.webp
[2026-04-17T15:56:30.169Z] [+] #554 | genko_cosplay_1680870385_3075686178117717877_13826729236.webp.webp
[2026-04-17T15:56:31.970Z] [+] #555 | genko_cosplay_1680850091_3075515932977482149_13826729236.webp.webp
[2026-04-17T15:56:33.765Z] [+] #556 | genko_cosplay_1680850091_3075515932927199798_13826729236.webp.jpg
[2026-04-17T15:56:35.570Z] [+] #557 | genko_cosplay_1680777139_3074903972212896465_13826729236.webp.webp
[2026-04-17T15:56:37.381Z] [+] #558 | genko_cosplay_1680777139_3074903972195895116_13826729236.webp.webp
[2026-04-17T15:56:39.174Z] [+] #559 | genko_cosplay_1680777078_3074903462202169785_13826729236.webp.webp
[2026-04-17T15:56:39.471Z] [VIEWER] Round 560 | Collected: 559
[2026-04-17T15:56:40.981Z] [+] #560 | genko_cosplay_1680777078_3074903462193662205_13826729236.webp.webp
[2026-04-17T15:56:42.777Z] [+] #561 | genko_cosplay_1680764564_3074798483042865938_13826729236.webp.jpg
[2026-04-17T15:56:44.585Z] [+] #562 | genko_cosplay_1680611010_3073510375586265352_13826729236.webp.jpg
[2026-04-17T15:56:46.394Z] [+] #563 | genko_cosplay_1680610998_3073510280534857712_13826729236.webp.jpg
[2026-04-17T15:56:48.191Z] [+] #564 | genko_cosplay_1680523589_3072777039548976614_13826729236.webp.webp
[2026-04-17T15:56:49.998Z] [+] #565 | genko_cosplay_1680347654_3071301193146597076_13826729236.webp.webp
[2026-04-17T15:56:51.799Z] [+] #566 | genko_cosplay_1680267786_3070631210260262102_13826729236.webp.jpg
[2026-04-17T15:56:53.602Z] [+] #567 | genko_cosplay_1680267786_3070631210251917749_13826729236.webp.jpg
[2026-04-17T15:56:55.402Z] [+] #568 | genko_cosplay_1680267786_3070631210084127477_13826729236.webp.jpg
[2026-04-17T15:56:57.209Z] [+] #569 | genko_cosplay_1680267786_3070631210084088559_13826729236.webp.jpg
[2026-04-17T15:56:59.013Z] [+] #570 | genko_cosplay_1680180433_3069898434263282212_13826729236.webp.webp
[2026-04-17T15:57:00.809Z] [+] #571 | genko_cosplay_1680180378_3069897977503500114_13826729236.webp.webp
[2026-04-17T15:57:02.615Z] [+] #572 | genko_cosplay_1680098557_3069211608393415253_13826729236.webp.webp
[2026-04-17T15:57:04.425Z] [+] #573 | genko_cosplay_1680098537_3069211441074160850_13826729236.webp.webp
[2026-04-17T15:57:06.216Z] [+] #574 | genko_cosplay_1679737111_3066179581824174309_13826729236.webp.jpg
[2026-04-17T15:57:08.021Z] [+] #575 | genko_cosplay_1679567185_3064754141351853272_13826729236.webp.webp
[2026-04-17T15:57:09.823Z] [+] #576 | genko_cosplay_1679567185_3064754141334990046_13826729236.webp.webp
[2026-04-17T15:57:11.636Z] [+] #577 | genko_cosplay_1679486186_3064074674540922369_13826729236.webp.webp
[2026-04-17T15:57:13.432Z] [+] #578 | genko_cosplay_1679486144_3064074322991173114_13826729236.webp.webp
[2026-04-17T15:57:15.246Z] [+] #579 | genko_cosplay_1679317205_3062657157083738282_13826729236.webp.jpg
[2026-04-17T15:57:15.551Z] [VIEWER] Round 580 | Collected: 579
[2026-04-17T15:57:17.059Z] [+] #580 | genko_cosplay_1679317205_3062657157067096588_13826729236.webp.jpg
[2026-04-17T15:57:18.862Z] [+] #581 | genko_cosplay_1679317205_3062657157058549596_13826729236.webp.jpg
[2026-04-17T15:57:20.665Z] [+] #582 | genko_cosplay_1679317205_3062657157050298153_13826729236.webp.jpg
[2026-04-17T15:57:22.467Z] [+] #583 | genko_cosplay_1679317205_3062657157050212249_13826729236.webp.jpg
[2026-04-17T15:57:24.271Z] [+] #584 | genko_cosplay_1679317205_3062657156865773253_13826729236.webp.jpg
[2026-04-17T15:57:26.071Z] [+] #585 | genko_cosplay_1679317205_3062657156857208331_13826729236.webp.jpg
[2026-04-17T15:57:27.871Z] [+] #586 | genko_cosplay_1679316498_3062651224291143294_13826729236.webp.jpg
[2026-04-17T15:57:29.681Z] [+] #587 | genko_cosplay_1679316498_3062651224089768905_13826729236.webp.jpg
[2026-04-17T15:57:31.475Z] [+] #588 | genko_cosplay_1679316460_3062650903426988149_13826729236.webp.jpg
[2026-04-17T15:57:33.295Z] [+] #589 | genko_cosplay_1679316460_3062650903233860209_13826729236.webp.jpg
[2026-04-17T15:57:35.104Z] [+] #590 | genko_cosplay_1679138592_3061158839052883233_13826729236.webp.jpg
[2026-04-17T15:57:36.900Z] [+] #591 | genko_cosplay_1679138592_3061158839052864643_13826729236.webp.jpg
[2026-04-17T15:57:38.707Z] [+] #592 | genko_cosplay_1679138518_3061158219923179354_13826729236.webp.jpg
[2026-04-17T15:57:40.513Z] [+] #593 | genko_cosplay_1678961350_3059672030215148364_13826729236.webp.webp
[2026-04-17T15:57:42.316Z] [+] #594 | genko_cosplay_1678879969_3058989357874247601_13826729236.webp.jpg
[2026-04-17T15:57:44.117Z] [+] #595 | genko_cosplay_1678879969_3058989357874145509_13826729236.webp.jpg
[2026-04-17T15:57:45.905Z] [+] #596 | genko_cosplay_1678879920_3058988947092415302_13826729236.webp.jpg
[2026-04-17T15:57:47.701Z] [+] #597 | genko_cosplay_1678879920_3058988947092391971_13826729236.webp.jpg
[2026-04-17T15:57:49.511Z] [+] #598 | genko_cosplay_1678797817_3058300217931207851_13826729236.webp.jpg
[2026-04-17T15:57:51.320Z] [+] #599 | genko_cosplay_1678711617_3057577119542293165_13826729236.webp.jpg
[2026-04-17T15:57:51.626Z] [VIEWER] Round 600 | Collected: 599
[2026-04-17T15:57:53.138Z] [+] #600 | genko_cosplay_1678711617_3057577119525528781_13826729236.webp.jpg
[2026-04-17T15:57:54.928Z] [+] #601 | genko_cosplay_1678711617_3057577119508646994_13826729236.webp.jpg
[2026-04-17T15:57:56.742Z] [+] #602 | genko_cosplay_1678711582_3057576822115801173_13826729236.webp.jpg
[2026-04-17T15:57:58.541Z] [+] #603 | genko_cosplay_1678711582_3057576821797053725_13826729236.webp.jpg
[2026-04-17T15:58:00.345Z] [+] #604 | genko_cosplay_1678711582_3057576821796984720_13826729236.webp.jpg
[2026-04-17T15:58:02.141Z] [+] #605 | genko_cosplay_1678711582_3057576821780169545_13826729236.webp.jpg
[2026-04-17T15:58:03.944Z] [+] #606 | genko_cosplay_1678445165_3055341958660161407_13826729236.webp.jpg
[2026-04-17T15:58:05.754Z] [+] #607 | genko_cosplay_1678363789_3054659326314029404_13826729236.webp.jpg
[2026-04-17T15:58:07.557Z] [+] #608 | genko_cosplay_1678363789_3054659326314028543_13826729236.webp.jpg
[2026-04-17T15:58:09.357Z] [+] #609 | genko_cosplay_1678363769_3054659158567145422_13826729236.webp.jpg
[2026-04-17T15:58:11.160Z] [+] #610 | genko_cosplay_1678363769_3054659158483162330_13826729236.webp.jpg
[2026-04-17T15:58:12.967Z] [+] #611 | genko_cosplay_1678276775_3053929399600199684_13826729236.webp.jpg
[2026-04-17T15:58:14.761Z] [+] #612 | genko_cosplay_1678183688_3053148529773885340_13826729236.webp.jpg
[2026-04-17T15:58:16.568Z] [+] #613 | genko_cosplay_1678102240_3052465293030478510_13826729236.webp.jpg
[2026-04-17T15:58:18.366Z] [+] #614 | genko_cosplay_1678018489_3051762733143417921_13826729236.webp.jpg
[2026-04-17T15:58:20.174Z] [+] #615 | genko_cosplay_1677938648_3051092983224506622_13826729236.webp.webp
[2026-04-17T15:58:21.979Z] [+] #616 | genko_cosplay_1677938648_3051092983065317751_13826729236.webp.webp
[2026-04-17T15:58:23.774Z] [+] #617 | genko_cosplay_1677828979_3050173010916753824_13826729236.webp.webp
[2026-04-17T15:58:25.587Z] [+] #618 | genko_cosplay_1677822379_3050117645281864580_13826729236.webp.webp
[2026-04-17T15:58:27.396Z] [+] #619 | genko_cosplay_1677652992_3048696728148374813_13826729236.webp.webp
[2026-04-17T15:58:27.703Z] [VIEWER] Round 620 | Collected: 619
[2026-04-17T15:58:29.212Z] [+] #620 | genko_cosplay_1677582071_3048101798809874375_13826729236.webp.jpg
[2026-04-17T15:58:31.022Z] [+] #621 | genko_cosplay_1677582071_3048101798809822705_13826729236.webp.jpg
[2026-04-17T15:58:32.828Z] [+] #622 | genko_cosplay_1677582071_3048101798809803291_13826729236.webp.jpg
[2026-04-17T15:58:34.637Z] [+] #623 | genko_cosplay_1677582071_3048101798809741666_13826729236.webp.jpg
[2026-04-17T15:58:36.420Z] [+] #624 | genko_cosplay_1677582071_3048101798801563073_13826729236.webp.jpg
[2026-04-17T15:58:38.221Z] [+] #625 | genko_cosplay_1677504815_3047453727495128858_13826729236.webp.jpg
[2026-04-17T15:58:40.027Z] [+] #626 | genko_cosplay_1677504793_3047453541133913571_13826729236.webp.jpg
[2026-04-17T15:58:41.840Z] [+] #627 | genko_cosplay_1677328868_3045977778526219685_13826729236.webp.jpg
[2026-04-17T15:58:43.652Z] [+] #628 | genko_cosplay_1677234154_3045183256896613675_13826729236.webp.jpg
[2026-04-17T15:58:45.462Z] [+] #629 | genko_cosplay_1677167306_3044622497787666462_13826729236.webp.jpg
[2026-04-17T15:58:47.265Z] [+] #630 | genko_cosplay_1677167306_3044622497703673515_13826729236.webp.jpg
[2026-04-17T15:58:49.071Z] [+] #631 | genko_cosplay_1677167306_3044622497619865801_13826729236.webp.jpg
[2026-04-17T15:58:50.871Z] [+] #632 | genko_cosplay_1677074156_3043841101628245674_13826729236.webp.jpg
[2026-04-17T15:58:52.662Z] [+] #633 | genko_cosplay_1676977974_3043034262317718985_13826729236.webp.jpg
[2026-04-17T15:58:54.453Z] [+] #634 | genko_cosplay_1676977974_3043034262309182915_13826729236.webp.jpg
[2026-04-17T15:58:56.264Z] [+] #635 | genko_cosplay_1676977974_3043034262208674475_13826729236.webp.jpg
[2026-04-17T15:58:58.061Z] [+] #636 | genko_cosplay_1676977949_3043034055245036346_13826729236.webp.jpg
[2026-04-17T15:58:59.879Z] [+] #637 | genko_cosplay_1676977949_3043034055244885730_13826729236.webp.jpg
[2026-04-17T15:59:01.692Z] [+] #638 | genko_cosplay_1676977949_3043034055093982822_13826729236.webp.jpg
[2026-04-17T15:59:03.487Z] [+] #639 | genko_cosplay_1676977949_3043034055085466044_13826729236.webp.jpg
[2026-04-17T15:59:03.790Z] [VIEWER] Round 640 | Collected: 639
[2026-04-17T15:59:05.300Z] [+] #640 | genko_cosplay_1676804504_3041579090999583345_13826729236.webp.jpg
[2026-04-17T15:59:07.098Z] [+] #641 | genko_cosplay_1676804504_3041579090781467599_13826729236.webp.jpg
[2026-04-17T15:59:08.897Z] [+] #642 | genko_cosplay_1676478250_3038842278388638598_13826729236.webp.jpg
[2026-04-17T15:59:10.677Z] [+] #643 | genko_cosplay_1676376386_3037987777540682332_13826729236.webp.jpg
[2026-04-17T15:59:12.468Z] [+] #644 | genko_cosplay_1676376386_3037987777498589614_13826729236.webp.jpg
[2026-04-17T15:59:14.278Z] [+] #645 | genko_cosplay_1676376386_3037987777381245590_13826729236.webp.jpg
[2026-04-17T15:59:16.082Z] [+] #646 | genko_cosplay_1676376386_3037987777372961755_13826729236.webp.jpg
[2026-04-17T15:59:17.881Z] [+] #647 | genko_cosplay_1676289891_3037262208423330860_13826729236.webp.jpg
[2026-04-17T15:59:19.686Z] [+] #648 | genko_cosplay_1676289891_3037262208238765372_13826729236.webp.jpg
[2026-04-17T15:59:21.489Z] [+] #649 | genko_cosplay_1676289891_3037262208238701336_13826729236.webp.jpg
[2026-04-17T15:59:23.285Z] [+] #650 | genko_cosplay_1676289891_3037262208238657330_13826729236.webp.jpg
[2026-04-17T15:59:25.089Z] [+] #651 | genko_cosplay_1676117693_3035817707624220030_13826729236.webp.jpg
[2026-04-17T15:59:26.893Z] [+] #652 | genko_cosplay_1676117693_3035817707574080081_13826729236.webp.jpg
[2026-04-17T15:59:28.695Z] [+] #653 | genko_cosplay_1676117693_3035817707473380540_13826729236.webp.jpg
[2026-04-17T15:59:30.508Z] [+] #654 | genko_cosplay_1676117693_3035817707456664385_13826729236.webp.jpg
[2026-04-17T15:59:32.300Z] [+] #655 | genko_cosplay_1676117693_3035817707456509926_13826729236.webp.jpg
[2026-04-17T15:59:34.111Z] [+] #656 | genko_cosplay_1676117693_3035817707456434403_13826729236.webp.jpg
[2026-04-17T15:59:35.911Z] [+] #657 | genko_cosplay_1676117602_3035816941962403975_13826729236.webp.jpg
[2026-04-17T15:59:37.706Z] [+] #658 | genko_cosplay_1676117602_3035816941928943535_13826729236.webp.jpg
[2026-04-17T15:59:39.512Z] [+] #659 | genko_cosplay_1676117602_3035816941803063261_13826729236.webp.jpg
[2026-04-17T15:59:39.813Z] [VIEWER] Round 660 | Collected: 659
[2026-04-17T15:59:41.326Z] [+] #660 | genko_cosplay_1676104001_3035702846357654334_13826729236.webp.webp
[2026-04-17T15:59:43.137Z] [+] #661 | genko_cosplay_1676104001_3035702846349264115_13826729236.webp.webp
[2026-04-17T15:59:44.941Z] [+] #662 | genko_cosplay_1676104001_3035702846231746536_13826729236.webp.webp
[2026-04-17T15:59:46.743Z] [+] #663 | genko_cosplay_1675957084_3034470420516007366_13826729236.webp.webp
[2026-04-17T15:59:48.550Z] [+] #664 | genko_cosplay_1675952782_3034434330660793904_13826729236.webp.webp
[2026-04-17T15:59:50.348Z] [+] #665 | genko_cosplay_1675952782_3034434330644125011_13826729236.webp.webp
[2026-04-17T15:59:52.156Z] [+] #666 | genko_cosplay_1675952782_3034434330644062789_13826729236.webp.webp
[2026-04-17T15:59:53.959Z] [+] #667 | genko_cosplay_1675866651_3033711810366406378_13826729236.webp.jpg
[2026-04-17T15:59:55.772Z] [+] #668 | genko_cosplay_1675866651_3033711809904981891_13826729236.webp.jpg
[2026-04-17T15:59:57.577Z] [+] #669 | genko_cosplay_1675866651_3033711809904875021_13826729236.webp.jpg
[2026-04-17T15:59:59.379Z] [+] #670 | genko_cosplay_1675866651_3033711809904796603_13826729236.webp.jpg
[2026-04-17T16:00:01.185Z] [+] #671 | genko_cosplay_1675690156_3032231265799082602_13826729236.webp.webp
[2026-04-17T16:00:02.991Z] [+] #672 | genko_cosplay_1675690156_3032231265740425581_13826729236.webp.webp
[2026-04-17T16:00:04.791Z] [+] #673 | genko_cosplay_1675690156_3032231265723740846_13826729236.webp.webp
[2026-04-17T16:00:06.593Z] [+] #674 | genko_cosplay_1675690156_3032231265564138568_13826729236.webp.webp
[2026-04-17T16:00:08.400Z] [+] #675 | genko_cosplay_1675690156_3032231265555724026_13826729236.webp.webp
[2026-04-17T16:00:10.203Z] [+] #676 | genko_cosplay_1675402772_3029820514470004239_13826729236.webp.webp
[2026-04-17T16:00:12.003Z] [+] #677 | genko_cosplay_1675402772_3029820514386107336_13826729236.webp.webp
[2026-04-17T16:00:13.805Z] [+] #678 | genko_cosplay_1675402772_3029820514352525380_13826729236.webp.webp
[2026-04-17T16:00:15.615Z] [+] #679 | genko_cosplay_1675168929_3027858898696208541_13826729236.webp.jpg
[2026-04-17T16:00:15.915Z] [VIEWER] Round 680 | Collected: 679
[2026-04-17T16:00:17.425Z] [+] #680 | genko_cosplay_1674822434_3024952280752937338_13826729236.webp.webp
[2026-04-17T16:00:19.228Z] [+] #681 | genko_cosplay_1674296303_3020538773626179623_13826729236.webp.jpg
[2026-04-17T16:00:21.035Z] [+] #682 | genko_cosplay_1673873392_3016991146276286602_13826729236.webp.jpg
[2026-04-17T16:00:22.832Z] [+] #683 | genko_cosplay_1673873392_3016991146150451690_13826729236.webp.jpg
[2026-04-17T16:00:24.635Z] [+] #684 | genko_cosplay_1673873354_3016990826015768906_13826729236.webp.jpg
[2026-04-17T16:00:26.436Z] [+] #685 | genko_cosplay_1673873354_3016990825990751805_13826729236.webp.jpg
[2026-04-17T16:00:28.240Z] [+] #686 | genko_cosplay_1673873354_3016990825864996178_13826729236.webp.jpg
[2026-04-17T16:00:30.044Z] [+] #687 | genko_cosplay_1673528250_3014095878597867684_13826729236.webp.jpg
[2026-04-17T16:00:31.852Z] [+] #688 | genko_cosplay_1673429067_3013263877028355235_13826729236.webp.jpg
[2026-04-17T16:00:33.661Z] [+] #689 | genko_cosplay_1673429067_3013263876919293030_13826729236.webp.jpg
[2026-04-17T16:00:35.471Z] [+] #690 | genko_cosplay_1673429038_3013263632684963247_13826729236.webp.jpg
[2026-04-17T16:00:37.272Z] [+] #691 | genko_cosplay_1673429038_3013263632567564571_13826729236.webp.jpg
[2026-04-17T16:00:39.078Z] [+] #692 | genko_cosplay_1673429016_3013263444570471320_13826729236.webp.jpg
[2026-04-17T16:00:40.874Z] [+] #693 | genko_cosplay_1673429016_3013263444520204890_13826729236.webp.jpg
[2026-04-17T16:00:42.686Z] [+] #694 | genko_cosplay_1672828037_3008222069923576325_13826729236.webp.jpg
[2026-04-17T16:00:44.489Z] [+] #695 | genko_cosplay_1672828037_3008222069722378288_13826729236.webp.jpg
[2026-04-17T16:00:46.292Z] [+] #696 | genko_cosplay_1672828037_3008222069722355822_13826729236.webp.jpg
[2026-04-17T16:00:48.095Z] [+] #697 | genko_cosplay_1672828037_3008222069722353684_13826729236.webp.jpg
[2026-04-17T16:00:49.886Z] [+] #698 | genko_cosplay_1672828037_3008222069714032820_13826729236.webp.jpg
[2026-04-17T16:00:51.700Z] [+] #699 | genko_cosplay_1672828037_3008222069714006373_13826729236.webp.jpg
[2026-04-17T16:00:51.996Z] [VIEWER] Round 700 | Collected: 699
[2026-04-17T16:00:53.504Z] [+] #700 | genko_cosplay_1672828037_3008222069713970896_13826729236.webp.jpg
[2026-04-17T16:00:55.297Z] [+] #701 | genko_cosplay_1672510766_3005560609913189333_13826729236.webp.webp
[2026-04-17T16:00:57.093Z] [+] #702 | genko_cosplay_1672209977_3003037404596292271_13826729236.webp.webp
[2026-04-17T16:00:58.889Z] [+] #703 | genko_cosplay_1671957742_3000921503025826473_13826729236.webp.webp
[2026-04-17T16:01:00.702Z] [+] #704 | genko_cosplay_1671957742_3000921503025764155_13826729236.webp.webp
[2026-04-17T16:01:02.519Z] [+] #705 | genko_cosplay_1671957742_3000921503025596026_13826729236.webp.webp
[2026-04-17T16:01:04.315Z] [+] #706 | genko_cosplay_1671905584_3000483969256535714_13826729236.webp.jpg
[2026-04-17T16:01:06.097Z] [+] #707 | genko_cosplay_1671905584_3000483969130809096_13826729236.webp.jpg
[2026-04-17T16:01:07.908Z] [+] #708 | genko_cosplay_1671905584_3000483969130566669_13826729236.webp.jpg
[2026-04-17T16:01:09.705Z] [+] #709 | genko_cosplay_1671552728_2997524006133498913_13826729236.webp.jpg
[2026-04-17T16:01:11.524Z] [+] #710 | genko_cosplay_1671552728_2997524005990826893_13826729236.webp.jpg
[2026-04-17T16:01:13.337Z] [+] #711 | genko_cosplay_1671552625_2997523141284811947_13826729236.webp.jpg
[2026-04-17T16:01:15.148Z] [+] #712 | genko_cosplay_1671552625_2997523141284735943_13826729236.webp.jpg
[2026-04-17T16:01:16.957Z] [+] #713 | genko_cosplay_1671552625_2997523141284624669_13826729236.webp.jpg
[2026-04-17T16:01:18.762Z] [+] #714 | genko_cosplay_1671209932_2994648424118958728_13826729236.webp.jpg
[2026-04-17T16:01:20.561Z] [+] #715 | genko_cosplay_1671024469_2993092645733575966_13826729236.webp.jpg
[2026-04-17T16:01:22.368Z] [+] #716 | genko_cosplay_1671024469_2993092645490387764_13826729236.webp.jpg
[2026-04-17T16:01:24.173Z] [+] #717 | genko_cosplay_1671024438_2993092385183611671_13826729236.webp.jpg
[2026-04-17T16:01:25.974Z] [+] #718 | genko_cosplay_1671024438_2993092385183413611_13826729236.webp.jpg
[2026-04-17T16:01:27.775Z] [+] #719 | genko_cosplay_1670665209_2990078953853286429_13826729236.webp.jpg
[2026-04-17T16:01:28.063Z] [VIEWER] Round 720 | Collected: 719
[2026-04-17T16:01:29.571Z] [+] #720 | genko_cosplay_1670610569_2989620600211359796_13826729236.webp.jpg
[2026-04-17T16:01:31.381Z] [+] #721 | genko_cosplay_1670610569_2989620600211336750_13826729236.webp.jpg
[2026-04-17T16:01:33.191Z] [+] #722 | genko_cosplay_1670610569_2989620600102197252_13826729236.webp.jpg
[2026-04-17T16:01:35.010Z] [+] #723 | genko_cosplay_1670610569_2989620600093845420_13826729236.webp.jpg
[2026-04-17T16:01:36.822Z] [+] #724 | genko_cosplay_1670610541_2989620361480034554_13826729236.webp.jpg
[2026-04-17T16:01:38.624Z] [+] #725 | genko_cosplay_1670610541_2989620361480021626_13826729236.webp.jpg
[2026-04-17T16:01:40.412Z] [+] #726 | genko_cosplay_1670610541_2989620361479939393_13826729236.webp.jpg
[2026-04-17T16:01:42.207Z] [+] #727 | genko_cosplay_1670610541_2989620361471615341_13826729236.webp.jpg
[2026-04-17T16:01:44.015Z] [+] #728 | genko_cosplay_1670261020_2986688368131955217_13826729236.webp.jpg
[2026-04-17T16:01:45.831Z] [+] #729 | genko_cosplay_1670261020_2986688368006066721_13826729236.webp.jpg
[2026-04-17T16:01:47.638Z] [+] #730 | genko_cosplay_1670260962_2986687885644278945_13826729236.webp.jpg
[2026-04-17T16:01:49.447Z] [+] #731 | genko_cosplay_1670260962_2986687885644260016_13826729236.webp.jpg
[2026-04-17T16:01:51.249Z] [+] #732 | genko_cosplay_1670260776_2986686327267436347_13826729236.webp.jpg
[2026-04-17T16:01:53.065Z] [+] #733 | genko_cosplay_1670260776_2986686327158291511_13826729236.webp.jpg
[2026-04-17T16:01:54.854Z] [+] #734 | genko_cosplay_1670260749_2986686096949879497_13826729236.webp.jpg
[2026-04-17T16:01:56.656Z] [+] #735 | genko_cosplay_1670260749_2986686096949868578_13826729236.webp.jpg
[2026-04-17T16:01:58.467Z] [+] #736 | genko_cosplay_1670260749_2986686096949793763_13826729236.webp.jpg
[2026-04-17T16:02:00.281Z] [+] #737 | genko_cosplay_1670260749_2986686096949655848_13826729236.webp.jpg
[2026-04-17T16:02:02.078Z] [+] #738 | genko_cosplay_1670164594_2985879486874569224_13826729236.webp.jpg
[2026-04-17T16:02:03.878Z] [+] #739 | genko_cosplay_1669807662_2982885329016381540_13826729236.webp.webp
[2026-04-17T16:02:04.171Z] [VIEWER] Round 740 | Collected: 739
[2026-04-17T16:02:05.683Z] [+] #740 | genko_cosplay_1669705619_2982029327791121509_13826729236.webp.jpg
[2026-04-17T16:02:07.487Z] [+] #741 | genko_cosplay_1669286888_2978516762263914712_13826729236.webp.jpg
[2026-04-17T16:02:09.295Z] [+] #742 | genko_cosplay_1669286888_2978516762230379614_13826729236.webp.jpg
[2026-04-17T16:02:11.112Z] [+] #743 | genko_cosplay_1669286888_2978516762113057004_13826729236.webp.jpg
[2026-04-17T16:02:12.920Z] [+] #744 | genko_cosplay_1669208877_2977862351434996688_13826729236.webp.jpg
[2026-04-17T16:02:14.741Z] [+] #745 | genko_cosplay_1669208877_2977862351426452828_13826729236.webp.jpg
[2026-04-17T16:02:16.553Z] [+] #746 | genko_cosplay_1669208877_2977862351292272126_13826729236.webp.jpg
[2026-04-17T16:02:18.350Z] [+] #747 | genko_cosplay_1669208794_2977861659450198159_13826729236.webp.jpg
[2026-04-17T16:02:20.149Z] [+] #748 | genko_cosplay_1669208794_2977861659400016997_13826729236.webp.jpg
[2026-04-17T16:02:21.953Z] [+] #749 | genko_cosplay_1669208794_2977861659399881540_13826729236.webp.jpg
[2026-04-17T16:02:23.772Z] [+] #750 | genko_cosplay_1669208794_2977861659391511562_13826729236.webp.jpg
[2026-04-17T16:02:25.590Z] [+] #751 | genko_cosplay_1669208794_2977861659349503614_13826729236.webp.jpg
[2026-04-17T16:02:27.398Z] [+] #752 | genko_cosplay_1669208794_2977861659240677157_13826729236.webp.jpg
[2026-04-17T16:02:29.205Z] [+] #753 | genko_cosplay_1669208794_2977861659240472193_13826729236.webp.jpg
[2026-04-17T16:02:30.993Z] [+] #754 | genko_cosplay_1669208794_2977861659232250485_13826729236.webp.jpg
[2026-04-17T16:02:32.797Z] [+] #755 | genko_cosplay_1669208794_2977861659232184516_13826729236.webp.jpg
[2026-04-17T16:02:34.597Z] [+] #756 | genko_cosplay_1669208794_2977861659223660162_13826729236.webp.jpg
[2026-04-17T16:02:36.406Z] [+] #757 | genko_cosplay_1668856233_2974904159633594121_13826729236.webp.jpg
[2026-04-17T16:02:38.220Z] [+] #758 | genko_cosplay_1668856233_2974904159524467053_13826729236.webp.jpg
[2026-04-17T16:02:40.026Z] [+] #759 | genko_cosplay_1668856233_2974904159516160972_13826729236.webp.jpg
[2026-04-17T16:02:40.316Z] [VIEWER] Round 760 | Collected: 759
[2026-04-17T16:02:41.822Z] [+] #760 | genko_cosplay_1668701866_2973609241438907934_13826729236.webp.jpg
[2026-04-17T16:02:43.613Z] [+] #761 | genko_cosplay_1667978350_2967539943251540705_13826729236.webp.webp
[2026-04-17T16:02:45.408Z] [+] #762 | genko_cosplay_1667978350_2967539943083825386_13826729236.webp.webp
[2026-04-17T16:02:47.185Z] [+] #763 | genko_cosplay_1667978350_2967539943083735547_13826729236.webp.webp
[2026-04-17T16:02:48.982Z] [+] #764 | genko_cosplay_1667222541_2961199759706697149_13826729236.webp
[2026-04-17T16:02:50.788Z] [+] #765 | genko_cosplay_1667222541_2961199759564181792_13826729236.webp
[2026-04-17T16:02:52.586Z] [+] #766 | genko_cosplay_1667222541_2961199759564048088_13826729236.webp
[2026-04-17T16:02:54.403Z] [+] #767 | genko_cosplay_1667222541_2961199759555597700_13826729236.webp
[2026-04-17T16:02:56.206Z] [+] #768 | genko_cosplay_1667222475_2961199207887235564_13826729236.webp
[2026-04-17T16:02:58.012Z] [+] #769 | genko_cosplay_1667222475_2961199207878858523_13826729236.webp
[2026-04-17T16:02:59.818Z] [+] #770 | genko_cosplay_1667222475_2961199207761550585_13826729236.webp
[2026-04-17T16:03:01.623Z] [+] #771 | genko_cosplay_1667005937_2959382752711625485_13826729236.webp.jpg
[2026-04-17T16:03:03.427Z] [+] #772 | genko_cosplay_1667005937_2959382752678080420_13826729236.webp.jpg
[2026-04-17T16:03:05.231Z] [+] #773 | genko_cosplay_1667005904_2959382474285374003_13826729236.webp.jpg
[2026-04-17T16:03:07.039Z] [+] #774 | genko_cosplay_1667005904_2959382474167737450_13826729236.webp.jpg
[2026-04-17T16:03:08.852Z] [+] #775 | genko_cosplay_1667005881_2959382286917341515_13826729236.webp.jpg
[2026-04-17T16:03:10.648Z] [+] #776 | genko_cosplay_1667005881_2959382286758046121_13826729236.webp.jpg
[2026-04-17T16:03:12.459Z] [+] #777 | genko_cosplay_1666108014_2951850431535247746_13826729236.webp
[2026-04-17T16:03:14.262Z] [+] #778 | genko_cosplay_1666108014_2951850431535154216_13826729236.webp
[2026-04-17T16:03:16.057Z] [+] #779 | genko_cosplay_1666108014_2951850431367389881_13826729236.webp
[2026-04-17T16:03:16.352Z] [VIEWER] Round 780 | Collected: 779
[2026-04-17T16:03:17.860Z] [+] #780 | genko_cosplay_1666107939_2951849802138104792_13826729236.webp
[2026-04-17T16:03:19.661Z] [+] #781 | genko_cosplay_1666107939_2951849802003837774_13826729236.webp
[2026-04-17T16:03:21.466Z] [+] #782 | genko_cosplay_1666107939_2951849802003751047_13826729236.webp
[2026-04-17T16:03:23.302Z] [+] #783 | genko_cosplay_1665826879_2949492102581380116_13826729236.webp.webp
[2026-04-17T16:03:25.107Z] [+] #784 | genko_cosplay_1665826879_2949492102304423614_13826729236.webp.webp
[2026-04-17T16:03:26.911Z] [+] #785 | genko_cosplay_1665826879_2949492102296037672_13826729236.webp.webp
[2026-04-17T16:03:28.717Z] [+] #786 | genko_cosplay_1665826879_2949492102287682211_13826729236.webp.webp
[2026-04-17T16:03:30.520Z] [+] #787 | genko_cosplay_1665801977_2949283203584557866_13826729236.webp.webp
[2026-04-17T16:03:32.328Z] [+] #788 | genko_cosplay_1665763810_2948963034777540412_13826729236.webp.webp
[2026-04-17T16:03:34.145Z] [+] #789 | genko_cosplay_1665633606_2947870804788959772_13826729236.jpg
[2026-04-17T16:03:35.949Z] [+] #790 | genko_cosplay_1665493370_2946694422020877251_13826729236.webp.webp
[2026-04-17T16:03:37.736Z] [+] #791 | genko_cosplay_1665328924_2945314946405896569_13826729236.webp.jpg
[2026-04-17T16:03:39.544Z] [+] #792 | genko_cosplay_1665328924_2945314946389119575_13826729236.webp.jpg
[2026-04-17T16:03:41.354Z] [+] #793 | genko_cosplay_1665328900_2945314747856154243_13826729236.webp.jpg
[2026-04-17T16:03:43.154Z] [+] #794 | genko_cosplay_1665328900_2945314747814024542_13826729236.webp.jpg
[2026-04-17T16:03:44.944Z] [+] #795 | genko_cosplay_1665328875_2945314538476379673_13826729236.webp.jpg
[2026-04-17T16:03:46.746Z] [+] #796 | genko_cosplay_1665328875_2945314538476289692_13826729236.webp.jpg
[2026-04-17T16:03:48.549Z] [+] #797 | genko_cosplay_1664894221_2941668395909639243_13826729236.webp.webp
[2026-04-17T16:03:50.352Z] [+] #798 | genko_cosplay_1664283393_2936544403330550134_13826729236.webp.webp
[2026-04-17T16:03:52.154Z] [+] #799 | genko_cosplay_1663828739_2932730482798788331_13826729236.webp.webp
[2026-04-17T16:03:52.446Z] [VIEWER] Round 800 | Collected: 799
[2026-04-17T16:03:53.957Z] [+] #800 | genko_cosplay_1663132343_2926888696335513189_13826729236.webp.jpg
[2026-04-17T16:03:55.766Z] [+] #801 | genko_cosplay_1663132343_2926888696083776959_13826729236.webp.jpg
[2026-04-17T16:03:57.575Z] [+] #802 | genko_cosplay_1663132331_2926888595621726977_13826729236.webp.jpg
[2026-04-17T16:03:59.390Z] [+] #803 | genko_cosplay_1663132331_2926888595613484384_13826729236.webp.jpg
[2026-04-17T16:04:01.199Z] [+] #804 | genko_cosplay_1663132331_2926888595596597385_13826729236.webp.jpg
[2026-04-17T16:04:03.003Z] [+] #805 | genko_cosplay_1663132284_2926888198740069850_13826729236.webp.jpg
[2026-04-17T16:04:04.808Z] [+] #806 | genko_cosplay_1663132284_2926888198740024709_13826729236.webp.jpg
[2026-04-17T16:04:06.603Z] [+] #807 | genko_cosplay_1663132284_2926888198731708541_13826729236.webp.jpg
[2026-04-17T16:04:08.414Z] [+] #808 | genko_cosplay_1662984757_2925650652525619038_13826729236.webp.jpg
[2026-04-17T16:04:10.221Z] [+] #809 | genko_cosplay_1662814271_2924220512461481846_13826729236.webp.jpg
[2026-04-17T16:04:12.022Z] [+] #810 | genko_cosplay_1662481952_2921432817759931387_13826729236.webp
[2026-04-17T16:04:13.824Z] [+] #811 | genko_cosplay_1662481952_2921432817634105631_13826729236.webp
[2026-04-17T16:04:15.625Z] [+] #812 | genko_cosplay_1662481952_2921432817634072676_13826729236.webp
[2026-04-17T16:04:17.431Z] [+] #813 | genko_cosplay_1662481952_2921432817625707355_13826729236.webp
[2026-04-17T16:04:19.236Z] [+] #814 | genko_cosplay_1661851510_2916144289621620306_13826729236.webp.jpg
[2026-04-17T16:04:21.049Z] [+] #815 | genko_cosplay_1661851510_2916144289621573254_13826729236.webp.jpg
[2026-04-17T16:04:22.853Z] [+] #816 | genko_cosplay_1661851510_2916144289596347654_13826729236.webp.jpg
[2026-04-17T16:04:24.641Z] [+] #817 | genko_cosplay_1661851453_2916143806974541947_13826729236.webp.jpg
[2026-04-17T16:04:26.445Z] [+] #818 | genko_cosplay_1661851453_2916143806966312343_13826729236.webp.jpg
[2026-04-17T16:04:28.245Z] [+] #819 | genko_cosplay_1661851453_2916143806966146789_13826729236.webp.jpg
[2026-04-17T16:04:28.541Z] [VIEWER] Round 820 | Collected: 819
[2026-04-17T16:04:30.051Z] [+] #820 | genko_cosplay_1661851453_2916143806949398616_13826729236.webp.jpg
[2026-04-17T16:04:31.871Z] [+] #821 | genko_cosplay_1661851367_2916143090771971588_13826729236.webp.jpg
[2026-04-17T16:04:33.668Z] [+] #822 | genko_cosplay_1661662514_2914558875291048695_13826729236.webp.webp
[2026-04-17T16:04:35.473Z] [+] #823 | genko_cosplay_1661498174_2913180287803321803_13826729236.webp.webp
[2026-04-17T16:04:37.279Z] [+] #824 | genko_cosplay_1661343026_2911878817233493909_13826729236.webp.jpg
[2026-04-17T16:04:39.078Z] [+] #825 | genko_cosplay_1661343026_2911878817233319437_13826729236.webp.jpg
[2026-04-17T16:04:40.882Z] [+] #826 | genko_cosplay_1661343026_2911878817224993839_13826729236.webp.jpg
[2026-04-17T16:04:42.675Z] [+] #827 | genko_cosplay_1661343026_2911878816964873474_13826729236.webp.jpg
[2026-04-17T16:04:44.455Z] [+] #828 | genko_cosplay_1661252528_2911119662302155372_13826729236.webp.jpg
[2026-04-17T16:04:46.255Z] [+] #829 | genko_cosplay_1660841987_2907675793561624342_13826729236.webp.jpg
[2026-04-17T16:04:48.060Z] [+] #830 | genko_cosplay_1660841987_2907675793444111673_13826729236.webp.jpg
[2026-04-17T16:04:49.862Z] [+] #831 | genko_cosplay_1660841901_2907675071503798581_13826729236.webp.jpg
[2026-04-17T16:04:51.665Z] [+] #832 | genko_cosplay_1660652244_2906084118140797714_13826729236.webp.webp
[2026-04-17T16:04:53.467Z] [+] #833 | genko_cosplay_1660561666_2905324292498305566_13826729236.webp.webp
[2026-04-17T16:04:55.271Z] [+] #834 | genko_cosplay_1660466486_2904525861500728932_13826729236.webp.webp
[2026-04-17T16:04:57.077Z] [+] #835 | genko_cosplay_1660466486_2904525861441836133_13826729236.webp.webp
[2026-04-17T16:04:58.872Z] [+] #836 | genko_cosplay_1660413346_2904080093573758800_13826729236.webp.webp
[2026-04-17T16:05:00.657Z] [+] #837 | genko_cosplay_1660413346_2904080093565328285_13826729236.webp.webp
[2026-04-17T16:05:02.466Z] [+] #838 | genko_cosplay_1660413346_2904080093447760165_13826729236.webp.webp
[2026-04-17T16:05:04.270Z] [+] #839 | genko_cosplay_1660112916_2901559907611063037_13826729236.webp.webp
[2026-04-17T16:05:04.564Z] [VIEWER] Round 840 | Collected: 839
[2026-04-17T16:05:06.076Z] [+] #840 | genko_cosplay_1660043837_2900980425951167382_13826729236.webp.jpg
[2026-04-17T16:05:07.872Z] [+] #841 | genko_cosplay_1660043837_2900980425623910830_13826729236.webp.jpg
[2026-04-17T16:05:09.676Z] [+] #842 | genko_cosplay_1693483640_3181493830294432372_13826729236.heic.jpg
[2026-04-17T16:05:11.479Z] [+] #843 | genko_cosplay_1660043837_2900980425623903498_13826729236.webp.jpg
[2026-04-17T16:05:13.291Z] [+] #844 | genko_cosplay_1660043730_2900979530391635474_13826729236.webp.jpg
[2026-04-17T16:05:15.103Z] [+] #845 | genko_cosplay_1660043730_2900979530341489090_13826729236.webp.jpg
[2026-04-17T16:05:16.906Z] [+] #846 | genko_cosplay_1660043730_2900979530333148696_13826729236.webp.jpg
[2026-04-17T16:05:18.711Z] [+] #847 | genko_cosplay_1659621116_2897434387706312863_13826729236.webp
[2026-04-17T16:05:20.512Z] [+] #848 | genko_cosplay_1659621116_2897434387698148014_13826729236.webp
[2026-04-17T16:05:22.318Z] [+] #849 | genko_cosplay_1659621116_2897434387697997835_13826729236.webp
[2026-04-17T16:05:24.117Z] [+] #850 | genko_cosplay_1659621065_2897433958947784013_13826729236.webp
[2026-04-17T16:05:25.920Z] [+] #851 | genko_cosplay_1659621043_2897433770875311818_13826729236.webp
[2026-04-17T16:05:27.729Z] [+] #852 | genko_cosplay_1659621018_2897433561118227324_13826729236.webp
[2026-04-17T16:05:29.543Z] [+] #853 | genko_cosplay_1659620998_2897433395644545562_13826729236.webp
[2026-04-17T16:05:31.340Z] [+] #854 | genko_cosplay_1659620939_2897432903677817040_13826729236.webp
[2026-04-17T16:05:33.150Z] [+] #855 | genko_cosplay_1659620939_2897432903669420620_13826729236.webp
[2026-04-17T16:05:34.952Z] [+] #856 | genko_cosplay_1659326336_2894961594325749233_13826729236.webp.webp
[2026-04-17T16:05:36.756Z] [+] #857 | genko_cosplay_1659239638_2894234318160211393_13826729236.webp.webp
[2026-04-17T16:05:38.557Z] [+] #858 | genko_cosplay_1659239638_2894234318160162141_13826729236.webp.webp
[2026-04-17T16:05:40.369Z] [+] #859 | genko_cosplay_1659239638_2894234318151689604_13826729236.webp.webp
[2026-04-17T16:05:40.671Z] [VIEWER] Round 860 | Collected: 859
[2026-04-17T16:05:42.180Z] [+] #860 | genko_cosplay_1659239638_2894234318118243695_13826729236.webp.webp
[2026-04-17T16:05:43.983Z] [+] #861 | genko_cosplay_1659159279_2893560220979429179_13826729236.webp.jpg
[2026-04-17T16:05:45.786Z] [+] #862 | genko_cosplay_1659159279_2893560220702631645_13826729236.webp.jpg
[2026-04-17T16:05:47.581Z] [+] #863 | genko_cosplay_1659159279_2893560220702552005_13826729236.webp.webp
[2026-04-17T16:05:49.394Z] [+] #864 | genko_cosplay_1659159279_2893560220702510728_13826729236.webp.webp
[2026-04-17T16:05:51.194Z] [+] #865 | genko_cosplay_1659069218_2892804732381587116_13826729236.webp.webp
[2026-04-17T16:05:52.990Z] [+] #866 | genko_cosplay_1659069218_2892804732104907438_13826729236.webp.webp
[2026-04-17T16:05:54.776Z] [+] #867 | genko_cosplay_1659069218_2892804732104812968_13826729236.webp.webp
[2026-04-17T16:05:56.584Z] [+] #868 | genko_cosplay_1659069218_2892804732104785921_13826729236.webp.webp
[2026-04-17T16:05:58.389Z] [+] #869 | genko_cosplay_1658993504_2892169599530296757_13826729236.webp.webp
[2026-04-17T16:06:00.192Z] [+] #870 | genko_cosplay_1658993504_2892169599521802010_13826729236.webp.webp
[2026-04-17T16:06:01.988Z] [+] #871 | genko_cosplay_1658993504_2892169599496681301_13826729236.webp.webp
[2026-04-17T16:06:03.798Z] [+] #872 | genko_cosplay_1658993504_2892169599496578839_13826729236.webp.webp
[2026-04-17T16:06:05.597Z] [+] #873 | genko_cosplay_1658993504_2892169599496541301_13826729236.webp.jpg
[2026-04-17T16:06:07.391Z] [+] #874 | genko_cosplay_1658993504_2892169599471435141_13826729236.webp.webp
[2026-04-17T16:06:09.206Z] [+] #875 | genko_cosplay_1658925608_2891600040159081281_13826729236.webp.jpg
[2026-04-17T16:06:11.018Z] [+] #876 | genko_cosplay_1658846821_2890939130767591204_13826729236.webp.jpg
[2026-04-17T16:06:12.829Z] [+] #877 | genko_cosplay_1658570938_2888624853473845225_13826729236.webp.jpg
[2026-04-17T16:06:14.633Z] [+] #878 | genko_cosplay_1658570938_2888624853130127025_13826729236.webp.jpg
[2026-04-17T16:06:16.435Z] [+] #879 | genko_cosplay_1658570938_2888624853129916262_13826729236.webp.jpg
[2026-04-17T16:06:16.724Z] [VIEWER] Round 880 | Collected: 879
[2026-04-17T16:06:18.234Z] [+] #880 | genko_cosplay_1658570938_2888624853121656048_13826729236.webp.jpg
[2026-04-17T16:06:20.035Z] [+] #881 | genko_cosplay_1658570938_2888624853121650743_13826729236.webp.jpg
[2026-04-17T16:06:21.833Z] [+] #882 | genko_cosplay_1658570938_2888624853121570656_13826729236.webp.jpg
[2026-04-17T16:06:23.619Z] [+] #883 | genko_cosplay_1658570938_2888624853121532950_13826729236.webp.jpg
[2026-04-17T16:06:25.420Z] [+] #884 | genko_cosplay_1658562811_2888556680506668439_13826729236.webp.jpg
[2026-04-17T16:06:27.221Z] [+] #885 | genko_cosplay_1658562803_2888556612625991546_13826729236.webp.jpg
[2026-04-17T16:06:29.040Z] [+] #886 | genko_cosplay_1658562737_2888556059665811911_13826729236.webp.jpg
[2026-04-17T16:06:30.840Z] [+] #887 | genko_cosplay_1658232704_2885787538913339853_13826729236.webp.jpg
[2026-04-17T16:06:32.643Z] [+] #888 | genko_cosplay_1657986336_2883720861954438578_13826729236.webp.jpg
[2026-04-17T16:06:34.440Z] [+] #889 | genko_cosplay_1657901907_2883012614047126144_13826729236.webp.jpg
[2026-04-17T16:06:36.250Z] [+] #890 | genko_cosplay_1657901885_2883012434857888082_13826729236.webp.jpg
[2026-04-17T16:06:38.055Z] [+] #891 | genko_cosplay_1657901835_2883012016417517049_13826729236.webp.jpg
[2026-04-17T16:06:39.853Z] [+] #892 | genko_cosplay_1657715254_2881446858065733834_13826729236.webp.jpg
[2026-04-17T16:06:41.652Z] [+] #893 | genko_cosplay_1657715243_2881446764281085050_13826729236.webp.jpg
[2026-04-17T16:06:43.463Z] [+] #894 | genko_cosplay_1657715230_2881446658895205838_13826729236.webp.jpg
[2026-04-17T16:06:45.262Z] [+] #895 | genko_cosplay_1657715219_2881446563189385031_13826729236.webp.jpg
[2026-04-17T16:06:47.062Z] [+] #896 | genko_cosplay_1657715147_2881445962590282420_13826729236.webp.jpg
[2026-04-17T16:06:48.904Z] [+] #897 | genko_cosplay_1657456627_2879277336428825386_13826729236.webp.jpg
[2026-04-17T16:06:50.720Z] [+] #898 | genko_cosplay_1657456615_2879277233542651104_13826729236.webp.jpg
[2026-04-17T16:06:52.525Z] [+] #899 | genko_cosplay_1657456604_2879277141804880362_13826729236.webp.jpg
[2026-04-17T16:06:52.818Z] [VIEWER] Round 900 | Collected: 899
[2026-04-17T16:06:54.328Z] [+] #900 | genko_cosplay_1657456587_2879277002990085315_13826729236.webp.jpg
[2026-04-17T16:06:56.131Z] [+] #901 | genko_cosplay_1656585071_2871966199408685062_13826729236.webp.webp
[2026-04-17T16:06:57.929Z] [+] #902 | genko_cosplay_1656339661_2869907545265197009_13826729236.webp.webp
[2026-04-17T16:06:59.739Z] [+] #903 | genko_cosplay_1656323052_2869768221222563486_13826729236.webp.webp
[2026-04-17T16:07:01.540Z] [+] #904 | genko_cosplay_1656240505_2869075766168831704_13826729236.webp.jpg
[2026-04-17T16:07:03.338Z] [+] #905 | genko_cosplay_1656240488_2869075623814321012_13826729236.webp.jpg
[2026-04-17T16:07:05.151Z] [+] #906 | genko_cosplay_1656240434_2869075171718697495_13826729236.webp.jpg
[2026-04-17T16:07:06.947Z] [+] #907 | genko_cosplay_1656240227_2869073434362494358_13826729236.webp.jpg
[2026-04-17T16:07:08.756Z] [+] #908 | genko_cosplay_1654927727_2858063388325314711_13826729236.webp.jpg
[2026-04-17T16:07:10.554Z] [+] #909 | genko_cosplay_1654927710_2858063241533011179_13826729236.webp.jpg
[2026-04-17T16:07:12.349Z] [+] #910 | genko_cosplay_1654927696_2858063127817044427_13826729236.webp.jpg
[2026-04-17T16:07:14.133Z] [+] #911 | genko_cosplay_1654927687_2858063052294507926_13826729236.webp.jpg
[2026-04-17T16:07:15.945Z] [+] #912 | genko_cosplay_1654927676_2858062961596697480_13826729236.webp.jpg
[2026-04-17T16:07:17.743Z] [+] #913 | genko_cosplay_1654927667_2858062882089592284_13826729236.webp.jpg
[2026-04-17T16:07:19.563Z] [+] #914 | genko_cosplay_1654406702_2853692709530482702_13826729236.webp.webp
[2026-04-17T16:07:21.373Z] [+] #915 | genko_cosplay_1653576286_2846726675356445047_13826729236.webp.jpg
[2026-04-17T16:07:23.180Z] [+] #916 | genko_cosplay_1653400036_2845248187993639092_13826729236.webp.jpg
[2026-04-17T16:07:24.994Z] [+] #917 | genko_cosplay_1653153642_2843181282798537844_13826729236.webp.jpg
[2026-04-17T16:07:26.794Z] [+] #918 | genko_cosplay_1652866434_2840772008478577386_13826729236.jpg
[2026-04-17T16:07:28.604Z] [+] #919 | genko_cosplay_1652651530_2838969265754012076_13826729236.webp.jpg
[2026-04-17T16:07:28.909Z] [VIEWER] Round 920 | Collected: 919
[2026-04-17T16:07:30.419Z] [+] #920 | genko_cosplay_1652651177_2838966299332544303_13826729236.webp.jpg
[2026-04-17T16:07:32.225Z] [+] #921 | genko_cosplay_1652280779_2835859178335915227_13826729236.webp.jpg
[2026-04-17T16:07:34.039Z] [+] #922 | genko_cosplay_1652193242_2835124861317954353_13826729236.webp.jpg
[2026-04-17T16:07:35.844Z] [+] #923 | genko_cosplay_1651660952_2830659693141014359_13826729236.webp.jpg
[2026-04-17T16:07:37.652Z] [+] #924 | genko_cosplay_1651598003_2830131640997309390_13826729236.webp.jpg
[2026-04-17T16:07:39.461Z] [+] #925 | genko_cosplay_1651597993_2830131553789409009_13826729236.webp.jpg
[2026-04-17T16:07:41.266Z] [+] #926 | genko_cosplay_1651597973_2830131388189936485_13826729236.webp.jpg
[2026-04-17T16:07:43.075Z] [+] #927 | genko_cosplay_1651597962_2830131296795938114_13826729236.webp.jpg
[2026-04-17T16:07:44.870Z] [+] #928 | genko_cosplay_1651597949_2830131186720679585_13826729236.webp.jpg
[2026-04-17T16:07:46.673Z] [+] #929 | genko_cosplay_1651597936_2830131075445742213_13826729236.webp.jpg
[2026-04-17T16:07:48.489Z] [+] #930 | genko_cosplay_1651597921_2830130951906727615_13826729236.webp.jpg
[2026-04-17T16:07:50.295Z] [+] #931 | genko_cosplay_1651486965_2829200183000008864_13826729236.webp.jpg
[2026-04-17T16:07:52.101Z] [+] #932 | genko_cosplay_1651409604_2828551233825842539_13826729236.webp.jpg
[2026-04-17T16:07:53.897Z] [+] #933 | genko_cosplay_1651293551_2827577707589411450_13826729236.webp.webp
[2026-04-17T16:07:55.745Z] [+] #934 | genko_cosplay_1650102813_2817589072815377093_13826729236.webp.jpg
[2026-04-17T16:07:57.544Z] [+] #935 | genko_cosplay_1650102803_2817588986857138367_13826729236.webp.jpg
[2026-04-17T16:07:59.344Z] [+] #936 | genko_cosplay_1650102793_2817588909673749474_13826729236.webp.jpg
[2026-04-17T16:08:01.151Z] [+] #937 | genko_cosplay_1650102784_2817588827230521801_13826729236.webp.jpg
[2026-04-17T16:08:02.944Z] [+] #938 | genko_cosplay_1649930483_2816143468704724635_13826729236.webp.jpg
[2026-04-17T16:08:04.731Z] [+] #939 | genko_cosplay_1649930476_2816143404884091677_13826729236.webp.jpg
[2026-04-17T16:08:05.036Z] [VIEWER] Round 940 | Collected: 939
[2026-04-17T16:08:06.544Z] [+] #940 | genko_cosplay_1649930460_2816143275238153896_13826729236.webp.jpg
[2026-04-17T16:08:08.339Z] [+] #941 | genko_cosplay_1649754687_2814668785165720997_13826729236.webp.jpg
[2026-04-17T16:08:10.144Z] [+] #942 | genko_cosplay_1649754677_2814668700281232358_13826729236.webp.jpg
[2026-04-17T16:08:11.943Z] [+] #943 | genko_cosplay_1649396402_2811663266465292400_13826729236.webp.jpg
[2026-04-17T16:08:13.756Z] [+] #944 | genko_cosplay_1649228839_2810257651427873267_13826729236.webp.jpg
[2026-04-17T16:08:15.559Z] [+] #945 | genko_cosplay_1649137628_2809492519479373596_13826729236.webp.webp
[2026-04-17T16:08:17.360Z] [+] #946 | genko_cosplay_1649085385_2809054270110614858_13826729236.webp.webp
[2026-04-17T16:08:19.168Z] [+] #947 | genko_cosplay_1648910623_2807588258369703270_13826729236.webp.webp
[2026-04-17T16:08:20.995Z] [+] #948 | genko_cosplay_1648810173_2806745625968527799_13826729236.webp.webp
[2026-04-17T16:08:22.809Z] [+] #949 | genko_cosplay_1648386147_2803188639221023644_13826729236.webp.jpg
[2026-04-17T16:08:24.618Z] [+] #950 | genko_cosplay_1648295254_2802426173507648364_13826729236.webp.webp
[2026-04-17T16:08:26.425Z] [+] #951 | genko_cosplay_1648132823_2801063598355243193_13826729236.webp.jpg
[2026-04-17T16:08:28.232Z] [+] #952 | genko_cosplay_1648043208_2800311858977747678_13826729236.webp.webp
[2026-04-17T16:08:30.051Z] [+] #953 | genko_cosplay_1647961851_2799629379572769159_13826729236.webp.jpg
[2026-04-17T16:08:31.865Z] [+] #954 | genko_cosplay_1647447565_2795315236507129871_13826729236.webp.webp
[2026-04-17T16:08:33.663Z] [+] #955 | genko_cosplay_1647354505_2794534599775978552_13826729236.webp.webp
[2026-04-17T16:08:35.454Z] [+] #956 | genko_cosplay_1647085772_2792280300039620036_13826729236.webp.webp
[2026-04-17T16:08:37.255Z] [+] #957 | genko_cosplay_1647085720_2792279867128648192_13826729236.webp.webp
[2026-04-17T16:08:39.061Z] [+] #958 | genko_cosplay_1646941217_2791067688456681932_13826729236.webp.webp
[2026-04-17T16:08:40.863Z] [+] #959 | genko_cosplay_1646648079_2788608664048376948_13826729236.webp.webp
[2026-04-17T16:08:41.150Z] [VIEWER] Round 960 | Collected: 959
[2026-04-17T16:08:42.661Z] [+] #960 | genko_cosplay_1646648043_2788608363190975971_13826729236.webp.webp
[2026-04-17T16:08:44.464Z] [+] #961 | genko_cosplay_1646490910_2787290236906735632_13826729236.webp.webp
[2026-04-17T16:08:46.266Z] [+] #962 | genko_cosplay_1646490903_2787290176718515671_13826729236.webp.webp
[2026-04-17T16:08:48.075Z] [+] #963 | genko_cosplay_1646490894_2787290104090055919_13826729236.webp.webp
[2026-04-17T16:08:49.873Z] [+] #964 | genko_cosplay_1646289048_2785596894643896864_13826729236.webp.jpg
[2026-04-17T16:08:51.650Z] [+] #965 | genko_cosplay_1646289040_2785596829187584030_13826729236.webp.jpg
[2026-04-17T16:08:53.445Z] [+] #966 | genko_cosplay_1646289030_2785596743028081522_13826729236.webp.jpg
[2026-04-17T16:08:55.239Z] [+] #967 | genko_cosplay_1646289015_2785596617450634191_13826729236.webp.jpg
[2026-04-17T16:08:57.058Z] [+] #968 | genko_cosplay_1646288998_2785596472378115809_13826729236.webp.jpg
[2026-04-17T16:08:58.865Z] [+] #969 | genko_cosplay_1646288987_2785596385866348140_13826729236.webp.jpg
[2026-04-17T16:09:00.671Z] [+] #970 | genko_cosplay_1646288968_2785596219805497330_13826729236.webp.jpg
[2026-04-17T16:09:02.480Z] [+] #971 | genko_cosplay_1646043180_2783534402241382241_13826729236.webp.jpg
[2026-04-17T16:09:04.285Z] [+] #972 | genko_cosplay_1646043172_2783534338580334033_13826729236.webp.jpg
[2026-04-17T16:09:06.088Z] [+] #973 | genko_cosplay_1646043166_2783534283685180268_13826729236.webp.jpg
[2026-04-17T16:09:07.884Z] [+] #974 | genko_cosplay_1646043158_2783534222112879139_13826729236.webp.jpg
[2026-04-17T16:09:09.697Z] [+] #975 | genko_cosplay_1646043150_2783534152747357451_13826729236.webp.jpg
[2026-04-17T16:09:11.492Z] [+] #976 | genko_cosplay_1646043141_2783534076612395025_13826729236.webp.jpg
[2026-04-17T16:09:13.307Z] [+] #977 | genko_cosplay_1645784609_2781365355786762390_13826729236.webp.webp
[2026-04-17T16:09:15.127Z] [+] #978 | genko_cosplay_1645784609_2781365355778320339_13826729236.webp.jpg
[2026-04-17T16:09:16.946Z] [+] #979 | genko_cosplay_1645447511_2778537569208405243_13826729236.webp.webp
[2026-04-17T16:09:17.253Z] [VIEWER] Round 980 | Collected: 979
[2026-04-17T16:09:18.766Z] [+] #980 | genko_cosplay_1645447504_2778537510311831776_13826729236.webp.webp
[2026-04-17T16:09:20.562Z] [+] #981 | genko_cosplay_1645447497_2778537452682208870_13826729236.webp.webp
[2026-04-17T16:09:22.363Z] [+] #982 | genko_cosplay_1645447485_2778537349007294585_13826729236.webp.jpg
[2026-04-17T16:09:24.163Z] [+] #983 | genko_cosplay_1645447473_2778537248151127739_13826729236.webp.jpg
[2026-04-17T16:09:25.961Z] [+] #984 | genko_cosplay_1645265788_2777013171045374021_13826729236.webp.webp
[2026-04-17T16:09:27.768Z] [+] #985 | genko_cosplay_1645087593_2775518358738312974_13826729236.webp.webp
[2026-04-17T16:09:29.569Z] [+] #986 | genko_cosplay_1644996778_2774756546707287025_13826729236.webp.jpg
[2026-04-17T16:09:31.374Z] [+] #987 | genko_cosplay_1644996769_2774756474213097692_13826729236.webp.jpg
[2026-04-17T16:09:33.181Z] [+] #988 | genko_cosplay_1644996760_2774756396106641107_13826729236.webp.jpg
[2026-04-17T16:09:34.979Z] [+] #989 | genko_cosplay_1644996753_2774756336354619980_13826729236.webp.jpg
[2026-04-17T16:09:36.778Z] [+] #990 | genko_cosplay_1644996753_2774756336010592326_13826729236.webp.jpg
[2026-04-17T16:09:38.593Z] [+] #991 | genko_cosplay_1644996736_2774756192884163764_13826729236.webp.jpg
[2026-04-17T16:09:40.400Z] [+] #992 | genko_cosplay_1644996721_2774756071014542722_13826729236.webp.jpg
[2026-04-17T16:09:42.216Z] [+] #993 | genko_cosplay_1644825453_2773319366478695014_13826729236.webp.jpg
[2026-04-17T16:09:44.007Z] [+] #994 | genko_cosplay_1644682693_2772121811267925155_13826729236.webp.webp
[2026-04-17T16:09:45.794Z] [+] #995 | genko_cosplay_1644232869_2768348416512494967_13826729236.webp.webp
[2026-04-17T16:09:47.597Z] [+] #996 | genko_cosplay_1644232861_2768348350368209004_13826729236.webp.webp
[2026-04-17T16:09:49.399Z] [+] #997 | genko_cosplay_1644232854_2768348288141570079_13826729236.webp.webp
[2026-04-17T16:09:51.211Z] [+] #998 | genko_cosplay_1644232791_2768347764381988961_13826729236.webp.jpg
[2026-04-17T16:09:53.019Z] [+] #999 | genko_cosplay_1644232758_2768347483070090115_13826729236.webp.jpg
[2026-04-17T16:09:53.324Z] [VIEWER] Round 1000 | Collected: 999
[2026-04-17T16:09:54.832Z] [+] #1000 | genko_cosplay_1643950663_2765981099752321533_13826729236.webp.jpg
[2026-04-17T16:09:56.634Z] [+] #1001 | genko_cosplay_1643900030_2765556357535726498_13826729236.webp.jpg
[2026-04-17T16:09:58.432Z] [+] #1002 | genko_cosplay_1643610445_2763127141874661708_13826729236.webp.jpg
[2026-04-17T16:10:00.235Z] [+] #1003 | genko_cosplay_1643610411_2763126856385139231_13826729236.webp.jpg
[2026-04-17T16:10:02.043Z] [+] #1004 | genko_cosplay_1643177387_2759494386536230579_13826729236.jpg
[2026-04-17T16:10:03.841Z] [+] #1005 | genko_cosplay_1643177367_2759494222203447950_13826729236.jpg
[2026-04-17T16:10:05.645Z] [+] #1006 | genko_cosplay_1643075641_2758640879487882799_13826729236.webp
[2026-04-17T16:10:07.447Z] [+] #1007 | genko_cosplay_1643075641_2758640879479355635_13826729236.webp
[2026-04-17T16:10:09.256Z] [+] #1008 | genko_cosplay_1643075641_2758640879479307877_13826729236.jpg
[2026-04-17T16:10:11.052Z] [+] #1009 | genko_cosplay_1643075641_2758640879462531634_13826729236.jpg
[2026-04-17T16:10:12.862Z] [+] #1010 | genko_cosplay_1642839924_2756663543434378478_13826729236.jpg
[2026-04-17T16:10:14.663Z] [+] #1011 | genko_cosplay_1642839924_2756663543425967795_13826729236.jpg
[2026-04-17T16:10:16.468Z] [+] #1012 | genko_cosplay_1642839924_2756663543417609705_13826729236.jpg
[2026-04-17T16:10:18.253Z] [+] #1013 | genko_cosplay_1642839924_2756663543400844046_13826729236.jpg
[2026-04-17T16:10:20.050Z] [+] #1014 | genko_cosplay_1642483094_2753670241978351924_13826729236.jpg
[2026-04-17T16:10:21.858Z] [+] #1015 | genko_cosplay_1642483087_2753670176983372728_13826729236.jpg
[2026-04-17T16:10:23.662Z] [+] #1016 | genko_cosplay_1642370141_2752722716976230134_13826729236.jpg
[2026-04-17T16:10:25.469Z] [+] #1017 | genko_cosplay_1642370131_2752722636143624355_13826729236.jpg
[2026-04-17T16:10:27.263Z] [+] #1018 | genko_cosplay_1642370124_2752722573640206166_13826729236.jpg
[2026-04-17T16:10:29.078Z] [+] #1019 | genko_cosplay_1642370113_2752722485752843394_13826729236.jpg
[2026-04-17T16:10:29.375Z] [VIEWER] Round 1020 | Collected: 1019
[2026-04-17T16:10:30.883Z] [+] #1020 | genko_cosplay_1642370104_2752722406413275615_13826729236.jpg
[2026-04-17T16:10:32.692Z] [+] #1021 | genko_cosplay_1642370083_2752722236468408651_13826729236.jpg
[2026-04-17T16:10:34.494Z] [+] #1022 | genko_cosplay_1642370060_2752722037952067063_13826729236.jpg
[2026-04-17T16:10:36.286Z] [+] #1023 | genko_cosplay_1642370046_2752721922029987370_13826729236.jpg
[2026-04-17T16:10:38.084Z] [+] #1024 | genko_cosplay_1642370008_2752721607239094254_13826729236.jpg
[2026-04-17T16:10:39.879Z] [+] #1025 | genko_cosplay_1642369998_2752721521926764598_13826729236.jpg
[2026-04-17T16:10:41.690Z] [+] #1026 | genko_cosplay_1642369986_2752721418302412681_13826729236.jpg
[2026-04-17T16:10:43.492Z] [+] #1027 | genko_cosplay_1641759138_2747597251651457539_13826729236.webp
[2026-04-17T16:10:45.298Z] [+] #1028 | genko_cosplay_1641759128_2747597175181008647_13826729236.webp
[2026-04-17T16:10:47.100Z] [+] #1029 | genko_cosplay_1641759063_2747596624955214425_13826729236.jpg
[2026-04-17T16:10:48.895Z] [+] #1030 | genko_cosplay_1641759023_2747596294234423563_13826729236.jpg
[2026-04-17T16:10:50.697Z] [+] #1031 | genko_cosplay_1640006115_2732891835033666501_13826729236.jpg
[2026-04-17T16:10:52.476Z] [+] #1032 | genko_cosplay_1640006109_2732891778293163121_13826729236.jpg
[2026-04-17T16:10:54.280Z] [+] #1033 | genko_cosplay_1640006093_2732891647615383018_13826729236.jpg
[2026-04-17T16:10:56.096Z] [+] #1034 | genko_cosplay_1640006086_2732891585782916138_13826729236.jpg
[2026-04-17T16:10:57.898Z] [+] #1035 | genko_cosplay_1640006071_2732891463099424273_13826729236.jpg
[2026-04-17T16:10:59.702Z] [+] #1036 | genko_cosplay_1640006061_2732891379758676615_13826729236.jpg
[2026-04-17T16:11:01.505Z] [+] #1037 | genko_cosplay_1640006049_2732891280538164408_13826729236.jpg
[2026-04-17T16:11:03.302Z] [+] #1038 | genko_cosplay_1639479057_2728470547649057236_13826729236.webp
[2026-04-17T16:11:05.105Z] [+] #1039 | genko_cosplay_1637320885_2710366489893670655_13826729236.webp
[2026-04-17T16:11:05.398Z] [VIEWER] Round 1040 | Collected: 1039
[2026-04-17T16:11:06.907Z] [+] #1040 | genko_cosplay_1637320878_2710366432717050167_13826729236.jpg
[2026-04-17T16:11:08.714Z] [+] #1041 | genko_cosplay_1637320866_2710366329914750007_13826729236.webp
[2026-04-17T16:11:10.519Z] [+] #1042 | genko_cosplay_1637320842_2710366132505457226_13826729236.webp
[2026-04-17T16:11:12.329Z] [+] #1043 | genko_cosplay_1637320831_2710366035835314110_13826729236.webp
[2026-04-17T16:11:14.142Z] [+] #1044 | genko_cosplay_1637320823_2710365967283600394_13826729236.webp
[2026-04-17T16:11:15.944Z] [+] #1045 | genko_cosplay_1635415005_2694378811289331198_13826729236.webp
[2026-04-17T16:11:17.777Z] [+] #1046 | genko_cosplay_1633420281_2677645851644693771_13826729236.jpg
[2026-04-17T16:11:19.574Z] [+] #1047 | genko_cosplay_1633111330_2675054186403900520_13826729236.jpg
[2026-04-17T16:11:21.357Z] [+] #1048 | genko_cosplay_1631016030_2657477530282714291_13826729236.jpg
[2026-04-17T16:11:23.167Z] [+] #1049 | genko_cosplay_1631015998_2657477263516568101_13826729236.webp
[2026-04-17T16:11:24.970Z] [+] #1050 | genko_cosplay_1631015998_2657477263399149016_13826729236.webp
[2026-04-17T16:11:26.769Z] [+] #1051 | genko_cosplay_1631015926_2657476664788104116_13826729236.jpg
[2026-04-17T16:11:28.575Z] [+] #1052 | genko_cosplay_1631015914_2657476561792903654_13826729236.jpg
[2026-04-17T16:11:30.364Z] [+] #1053 | genko_cosplay_1631015897_2657476420864248875_13826729236.jpg
[2026-04-17T16:11:32.169Z] [+] #1054 | genko_cosplay_1631015884_2657476306284308593_13826729236.jpg
[2026-04-17T16:11:33.978Z] [+] #1055 | genko_cosplay_1631015870_2657476192358599073_13826729236.webp
[2026-04-17T16:11:35.794Z] [+] #1056 | genko_cosplay_1630572080_2653753408532869953_13826729236.jpg
[2026-04-17T16:11:37.596Z] [+] #1057 | genko_cosplay_1630225273_2650844183587171394_13826729236.jpg
[2026-04-17T16:11:39.399Z] [+] #1058 | genko_cosplay_1629732155_2646707607428379996_13826729236.jpg
[2026-04-17T16:11:41.194Z] [+] #1059 | genko_cosplay_1629374980_2643711410635643161_13826729236.webp
[2026-04-17T16:11:41.463Z] [VIEWER] Round 1060 | Collected: 1059
[2026-04-17T16:11:42.977Z] [+] #1060 | genko_cosplay_1629018982_2640725081321316030_13826729236.webp
[2026-04-17T16:11:44.788Z] [+] #1061 | genko_cosplay_1628796561_2638859279242890577_13826729236.webp
[2026-04-17T16:11:46.587Z] [+] #1062 | genko_cosplay_1628796492_2638858701796422190_13826729236.jpg
[2026-04-17T16:11:48.397Z] [+] #1063 | genko_cosplay_1628436712_2635840644376393894_13826729236.webp
[2026-04-17T16:11:50.194Z] [+] #1064 | genko_cosplay_1628264615_2634396993947211149_13826729236.webp
[2026-04-17T16:11:52.005Z] [+] #1065 | genko_cosplay_1628264607_2634396921536744357_13826729236.webp
[2026-04-17T16:11:53.823Z] [+] #1066 | genko_cosplay_1628264600_2634396863647100610_13826729236.webp
[2026-04-17T16:11:55.625Z] [+] #1067 | genko_cosplay_1628264592_2634396798543156798_13826729236.webp
[2026-04-17T16:11:57.418Z] [+] #1068 | genko_cosplay_1627906807_2631395479632813380_13826729236.webp
[2026-04-17T16:11:59.234Z] [+] #1069 | genko_cosplay_1627730788_2629918924494847780_13826729236.jpg
[2026-04-17T16:12:01.025Z] [+] #1070 | genko_cosplay_1627560934_2628494088968396088_13826729236.webp
[2026-04-17T16:12:02.841Z] [+] #1071 | genko_cosplay_1627383604_2627006535937447132_13826729236.webp
[2026-04-17T16:12:04.649Z] [+] #1072 | genko_cosplay_1627383597_2627006475254199249_13826729236.webp
[2026-04-17T16:12:06.460Z] [+] #1073 | genko_cosplay_1627383589_2627006408455769386_13826729236.webp
[2026-04-17T16:12:08.261Z] [+] #1074 | genko_cosplay_1627383589_2627006408195619827_13826729236.webp
[2026-04-17T16:12:10.067Z] [+] #1075 | genko_cosplay_1627383551_2627006090485527675_13826729236.webp
[2026-04-17T16:12:11.883Z] [+] #1076 | genko_cosplay_1627302076_2626322626081970614_13826729236.webp
[2026-04-17T16:12:13.678Z] [+] #1077 | genko_cosplay_1627208511_2625537751083110436_13826729236.jpg
[2026-04-17T16:12:15.472Z] [+] #1078 | genko_cosplay_1626948087_2623353156082314163_13826729236.webp
[2026-04-17T16:12:17.282Z] [+] #1079 | genko_cosplay_1626879917_2622781302175055003_13826729236.webp
[2026-04-17T16:12:17.558Z] [VIEWER] Round 1080 | Collected: 1079
[2026-04-17T16:12:19.071Z] [+] #1080 | genko_cosplay_1626679115_2621096856568882379_13826729236.webp
[2026-04-17T16:12:20.890Z] [+] #1081 | genko_cosplay_1626628109_2620668988361630696_13826729236.webp
[2026-04-17T16:12:22.695Z] [+] #1082 | genko_cosplay_1625608557_2612116360660866503_13826729236.jpg
[2026-04-17T16:12:24.517Z] [+] #1083 | genko_cosplay_1625280357_2609363225353851108_13826729236.webp
[2026-04-17T16:12:26.329Z] [+] #1084 | genko_cosplay_1624190569_2600221417553072541_13826729236.jpg
[2026-04-17T16:12:28.144Z] [+] #1085 | genko_cosplay_1623755814_2596574428173124109_13826729236.webp
[2026-04-17T16:12:29.949Z] [+] #1086 | genko_cosplay_1623623598_2595465318157412833_13826729236.webp
[2026-04-17T16:12:31.750Z] [+] #1087 | genko_cosplay_1620634726_2570392841035439716_13826729236.webp
[2026-04-17T16:12:33.539Z] [+] #1088 | genko_cosplay_1619143759_2557885707861332188_13826729236.jpg
[2026-04-17T16:12:35.340Z] [+] #1089 | genko_cosplay_1619143688_2557885111137490201_13826729236.jpg
[2026-04-17T16:12:37.141Z] [+] #1090 | genko_cosplay_1619143670_2557884961593950911_13826729236.jpg
[2026-04-17T16:12:38.953Z] [+] #1091 | genko_cosplay_1619143436_2557883000354058662_13826729236.jpg
[2026-04-17T16:12:40.763Z] [+] #1092 | genko_cosplay_1619143415_2557882823748833355_13826729236.jpg
[2026-04-17T16:12:42.560Z] [+] #1093 | genko_cosplay_1619143401_2557882702718022599_13826729236.jpg
[2026-04-17T16:12:44.361Z] [+] #1094 | genko_cosplay_1619143387_2557882588792104061_13826729236.jpg
[2026-04-17T16:12:46.165Z] [+] #1095 | genko_cosplay_1619143340_2557882189830123171_13826729236.webp
[2026-04-17T16:12:47.966Z] [+] #1096 | genko_cosplay_1619143340_2557882189813208449_13826729236.webp
[2026-04-17T16:12:49.749Z] [+] #1097 | genko_cosplay_1615370279_2526231461181190542_13826729236.jpg
[2026-04-17T16:12:51.566Z] [+] #1098 | genko_cosplay_1615370261_2526231306897850843_13826729236.jpg
[2026-04-17T16:12:53.367Z] [+] #1099 | genko_cosplay_1615370250_2526231219111021652_13826729236.jpg
[2026-04-17T16:12:53.652Z] [VIEWER] Round 1100 | Collected: 1099
[2026-04-17T16:12:55.162Z] [+] #1100 | genko_cosplay_1615370225_2526231010276684976_13826729236.jpg
[2026-04-17T16:12:56.974Z] [+] #1101 | genko_cosplay_1615370214_2526230913807708869_13826729236.jpg
[2026-04-17T16:12:58.788Z] [+] #1102 | genko_cosplay_1615370193_2526230739542642125_13826729236.jpg
[2026-04-17T16:13:00.592Z] [+] #1103 | genko_cosplay_1613473930_2510323735867621737_13826729236.jpg
[2026-04-17T16:13:02.403Z] [+] #1104 | genko_cosplay_1613473930_2510323735859235846_13826729236.jpg
[2026-04-17T16:13:04.207Z] [+] #1105 | genko_cosplay_1613473897_2510323454589249953_13826729236.jpg
[2026-04-17T16:13:06.020Z] [+] #1106 | genko_cosplay_1613473877_2510323287202863647_13826729236.webp
[2026-04-17T16:13:07.822Z] [+] #1107 | genko_cosplay_1613385191_2509579340490951233_13826729236.jpg
[2026-04-17T16:13:09.626Z] [+] #1108 | genko_cosplay_1611970404_2497711241080793827_13826729236.jpg
[2026-04-17T16:13:11.432Z] [+] #1109 | genko_cosplay_1611883008_2496978110178520316_13826729236.jpg
[2026-04-17T16:13:13.231Z] [+] #1110 | genko_cosplay_1611801771_2496296648890446628_13826729236.jpg
[2026-04-17T16:13:15.035Z] [+] #1111 | genko_cosplay_1611801771_2496296648873663645_13826729236.jpg
[2026-04-17T16:13:16.839Z] [+] #1112 | genko_cosplay_1610469699_2485122417628751548_13826729236.jpg
[2026-04-17T16:13:18.638Z] [+] #1113 | genko_cosplay_1610469691_2485122350729489206_13826729236.jpg
[2026-04-17T16:13:20.453Z] [+] #1114 | genko_cosplay_1610469681_2485122266977633757_13826729236.jpg
[2026-04-17T16:13:22.265Z] [+] #1115 | genko_cosplay_1610469681_2485122266960757618_13826729236.jpg
[2026-04-17T16:13:24.049Z] [+] #1116 | genko_cosplay_1610469658_2485122076338193867_13826729236.jpg
[2026-04-17T16:13:25.844Z] [+] #1117 | genko_cosplay_1610469646_2485121969752565949_13826729236.jpg
[2026-04-17T16:13:27.648Z] [+] #1118 | genko_cosplay_1609949690_2480760264184391694_13826729236.jpg
[2026-04-17T16:13:29.457Z] [+] #1119 | genko_cosplay_1609949669_2480760085716821782_13826729236.jpg
[2026-04-17T16:13:29.747Z] [VIEWER] Round 1120 | Collected: 1119
[2026-04-17T16:13:31.260Z] [+] #1120 | genko_cosplay_1609949660_2480760010345101909_13826729236.jpg
[2026-04-17T16:13:33.080Z] [+] #1121 | genko_cosplay_1609949649_2480759920167678703_13826729236.jpg
[2026-04-17T16:13:34.890Z] [+] #1122 | genko_cosplay_1609421529_2476329731002120350_13826729236.jpg
[2026-04-17T16:13:36.699Z] [+] #1123 | genko_cosplay_1608997939_2472776396034771081_13826729236.jpg
[2026-04-17T16:13:38.507Z] [+] #1124 | genko_cosplay_1608997928_2472776305706258494_13826729236.jpg
[2026-04-17T16:13:40.305Z] [+] #1125 | genko_cosplay_1608997918_2472776223254557498_13826729236.jpg
[2026-04-17T16:13:42.113Z] [+] #1126 | genko_cosplay_1608997896_2472776036423498388_13826729236.jpg
[2026-04-17T16:13:43.911Z] [+] #1127 | genko_cosplay_1608997880_2472775905083121671_13826729236.jpg
[2026-04-17T16:13:45.716Z] [+] #1128 | genko_cosplay_1608997870_2472775819988876789_13826729236.jpg
[2026-04-17T16:13:47.521Z] [+] #1129 | genko_cosplay_1608891198_2471880992636178090_13826729236.jpg
[2026-04-17T16:13:49.320Z] [+] #1130 | genko_cosplay_1608891198_2471880992619303541_13826729236.jpg
[2026-04-17T16:13:51.123Z] [+] #1131 | genko_cosplay_1608891172_2471880774322675433_13826729236.jpg
[2026-04-17T16:13:52.932Z] [+] #1132 | genko_cosplay_1608891124_2471880371426168399_13826729236.jpg
[2026-04-17T16:13:54.732Z] [+] #1133 | genko_cosplay_1608891082_2471880016118393963_13826729236.jpg
[2026-04-17T16:13:56.552Z] [+] #1134 | genko_cosplay_1608891058_2471879817224339580_13826729236.jpg
[2026-04-17T16:13:58.359Z] [+] #1135 | genko_cosplay_1608891058_2471879817216033597_13826729236.jpg
[2026-04-17T16:14:00.155Z] [+] #1136 | genko_cosplay_1608891032_2471879600840128700_13826729236.jpg
[2026-04-17T16:14:01.959Z] [+] #1137 | genko_cosplay_1608891032_2471879600714318982_13826729236.jpg
[2026-04-17T16:14:03.762Z] [+] #1138 | genko_cosplay_1608626603_2469661405286776344_13826729236.jpg
[2026-04-17T16:14:05.565Z] [+] #1139 | genko_cosplay_1608626603_2469661405278386002_13826729236.jpg
[2026-04-17T16:14:05.847Z] [VIEWER] Round 1140 | Collected: 1139
[2026-04-17T16:14:07.362Z] [+] #1140 | genko_cosplay_1608626603_2469661405270230270_13826729236.jpg
[2026-04-17T16:14:09.171Z] [+] #1141 | genko_cosplay_1608626522_2469660724576407400_13826729236.jpg
[2026-04-17T16:14:10.975Z] [+] #1142 | genko_cosplay_1608369075_2467501103241920515_13826729236.jpg
[2026-04-17T16:14:12.768Z] [+] #1143 | genko_cosplay_1607883753_2463429931181187866_13826729236.jpg
[2026-04-17T16:14:14.572Z] [+] #1144 | genko_cosplay_1607452481_2459812158962051382_13826729236.webp
[2026-04-17T16:14:16.381Z] [+] #1145 | genko_cosplay_1607452481_2459812158945355973_13826729236.webp
[2026-04-17T16:14:18.179Z] [+] #1146 | genko_cosplay_1607189106_2457602805345482690_13826729236.webp
[2026-04-17T16:14:19.983Z] [+] #1147 | genko_cosplay_1604292566_2433304872433396624_13826729236.webp
[2026-04-17T16:14:21.790Z] [+] #1148 | genko_cosplay_1604292558_2433304802682115484_13826729236.webp
[2026-04-17T16:14:23.593Z] [+] #1149 | genko_cosplay_1603636618_2427802377749540082_13826729236.webp
[2026-04-17T16:14:25.394Z] [+] #1150 | genko_cosplay_1603636602_2427802245318606655_13826729236.jpg
[2026-04-17T16:14:27.197Z] [+] #1151 | genko_cosplay_1603636591_2427802156642744683_13826729236.webp
[2026-04-17T16:14:28.993Z] [+] #1152 | genko_cosplay_1603636571_2427801982067369950_13826729236.webp
[2026-04-17T16:14:30.772Z] [+] #1153 | genko_cosplay_1603636563_2427801921031869786_13826729236.webp
[2026-04-17T16:14:32.575Z] [+] #1154 | genko_cosplay_1603636554_2427801843982461776_13826729236.webp
[2026-04-17T16:14:34.372Z] [+] #1155 | genko_cosplay_1603636545_2427801770540185115_13826729236.webp
[2026-04-17T16:14:36.175Z] [+] #1156 | genko_cosplay_1603636535_2427801678760564918_13826729236.webp
[2026-04-17T16:14:37.980Z] [+] #1157 | genko_cosplay_1602678895_2419768414359679325_13826729236.webp
[2026-04-17T16:14:39.785Z] [+] #1158 | genko_cosplay_1602678888_2419768356562140023_13826729236.webp
[2026-04-17T16:14:41.588Z] [+] #1159 | genko_cosplay_1602678880_2419768293530219089_13826729236.webp
[2026-04-17T16:14:41.885Z] [VIEWER] Round 1160 | Collected: 1159
[2026-04-17T16:14:43.400Z] [+] #1160 | genko_cosplay_1602678873_2419768229306980494_13826729236.webp
[2026-04-17T16:14:45.207Z] [+] #1161 | genko_cosplay_1602678790_2419767534025616181_13826729236.jpg
[2026-04-17T16:14:47.015Z] [+] #1162 | genko_cosplay_1602678779_2419767441683697518_13826729236.jpg
[2026-04-17T16:14:48.810Z] [+] #1163 | genko_cosplay_1602232902_2416027153693788571_13826729236.webp
[2026-04-17T16:14:50.619Z] [+] #1164 | genko_cosplay_1602173417_2415528162027657978_13826729236.webp
[2026-04-17T16:14:52.424Z] [+] #1165 | genko_cosplay_1602173417_2415528162019314924_13826729236.webp
[2026-04-17T16:14:54.231Z] [+] #1166 | genko_cosplay_1602173417_2415528162002599145_13826729236.webp
[2026-04-17T16:14:56.046Z] [+] #1167 | genko_cosplay_1602173417_2415528161994246610_13826729236.webp
[2026-04-17T16:14:57.849Z] [+] #1168 | genko_cosplay_1601651051_2411146237272074632_13826729236.jpg
[2026-04-17T16:14:59.653Z] [+] #1169 | genko_cosplay_1601651044_2411146175775202829_13826729236.jpg
[2026-04-17T16:15:01.450Z] [+] #1170 | genko_cosplay_1601651036_2411146111963036220_13826729236.jpg
[2026-04-17T16:15:03.258Z] [+] #1171 | genko_cosplay_1601115839_2406656549547030652_13826729236.jpg
[2026-04-17T16:15:05.054Z] [+] #1172 | genko_cosplay_1601115832_2406656493737624191_13826729236.jpg
[2026-04-17T16:15:06.858Z] [+] #1173 | genko_cosplay_1601115758_2406655869859944356_13826729236.jpg
[2026-04-17T16:15:08.672Z] [+] #1174 | genko_cosplay_1601115750_2406655806760885975_13826729236.jpg
[2026-04-17T16:15:10.487Z] [+] #1175 | genko_cosplay_1601115737_2406655698531171179_13826729236.jpg
[2026-04-17T16:15:12.289Z] [+] #1176 | genko_cosplay_1600683377_2403028801997887753_13826729236.jpg
[2026-04-17T16:15:14.092Z] [+] #1177 | genko_cosplay_1600683359_2403028644778625109_13826729236.jpg
[2026-04-17T16:15:15.887Z] [+] #1178 | genko_cosplay_1600424441_2400856682870491543_13826729236.jpg
[2026-04-17T16:15:17.690Z] [+] #1179 | genko_cosplay_1599936330_2396762114327625309_13826729236.webp
[2026-04-17T16:15:17.988Z] [VIEWER] Round 1180 | Collected: 1179
[2026-04-17T16:15:19.499Z] [+] #1180 | genko_cosplay_1598978904_2388730640122808132_13826729236.webp
[2026-04-17T16:15:21.292Z] [+] #1181 | genko_cosplay_1598978887_2388730496476465618_13826729236.jpg
[2026-04-17T16:15:23.105Z] [+] #1182 | genko_cosplay_1598978861_2388730280150839365_13826729236.jpg
[2026-04-17T16:15:24.906Z] [+] #1183 | genko_cosplay_1598978861_2388730280125699034_13826729236.jpg
[2026-04-17T16:15:26.711Z] [+] #1184 | genko_cosplay_1598978861_2388730280117403571_13826729236.jpg
[2026-04-17T16:15:28.513Z] [+] #1185 | genko_cosplay_1598978861_2388730280100692106_13826729236.jpg
[2026-04-17T16:15:30.326Z] [+] #1186 | genko_cosplay_1598978818_2388729921865165702_13826729236.jpg
[2026-04-17T16:15:32.136Z] [+] #1187 | genko_cosplay_1598978796_2388729735638141871_13826729236.jpg
[2026-04-17T16:15:33.933Z] [+] #1188 | genko_cosplay_1598978783_2388729626175070515_13826729236.jpg
[2026-04-17T16:15:35.733Z] [+] #1189 | genko_cosplay_1598842866_2387589474669061283_13826729236.jpg
[2026-04-17T16:15:37.528Z] [+] #1190 | genko_cosplay_1598842866_2387589474660874015_13826729236.webp
[2026-04-17T16:15:39.344Z] [+] #1191 | genko_cosplay_1598458574_2384365799581047585_13826729236.webp
[2026-04-17T16:15:41.152Z] [+] #1192 | genko_cosplay_1598458551_2384365603010757884_13826729236.jpg
[2026-04-17T16:15:42.957Z] [+] #1193 | genko_cosplay_1598458537_2384365485259850281_13826729236.webp
[2026-04-17T16:15:44.769Z] [+] #1194 | genko_cosplay_1598458537_2384365485234649811_13826729236.webp
[2026-04-17T16:15:46.581Z] [+] #1195 | genko_cosplay_1598458488_2384365075191297934_13826729236.jpg
[2026-04-17T16:15:48.408Z] [+] #1196 | genko_cosplay_1598458488_2384365075182762170_13826729236.jpg
[2026-04-17T16:15:50.211Z] [+] #1197 | genko_cosplay_1598458488_2384365075166004449_13826729236.jpg
[2026-04-17T16:15:52.022Z] [+] #1198 | genko_cosplay_1598458466_2384364888754312963_13826729236.webp
[2026-04-17T16:15:53.816Z] [+] #1199 | genko_cosplay_1598355103_2383497823415951247_13826729236.webp
[2026-04-17T16:15:54.110Z] [VIEWER] Round 1200 | Collected: 1199
[2026-04-17T16:15:55.621Z] [+] #1200 | genko_cosplay_1598355103_2383497823407566035_13826729236.webp
[2026-04-17T16:15:57.418Z] [+] #1201 | genko_cosplay_1598074444_2381143481316574520_13826729236.webp
[2026-04-17T16:15:59.233Z] [+] #1202 | genko_cosplay_1597942964_2380040551347997583_13826729236.webp
[2026-04-17T16:16:01.050Z] [+] #1203 | genko_cosplay_1597942956_2380040482200690438_13826729236.webp
[2026-04-17T16:16:02.843Z] [+] #1204 | genko_cosplay_1597942945_2380040389070299304_13826729236.webp
[2026-04-17T16:16:04.643Z] [+] #1205 | genko_cosplay_1597942897_2380039985309813348_13826729236.jpg
[2026-04-17T16:16:06.460Z] [+] #1206 | genko_cosplay_1597942897_2380039985293117702_13826729236.jpg
[2026-04-17T16:16:08.268Z] [+] #1207 | genko_cosplay_1597873479_2379457665062289771_13826729236.jpg
[2026-04-17T16:16:10.076Z] [+] #1208 | genko_cosplay_1597567626_2376891987402825726_13826729236.jpg
[2026-04-17T16:16:11.873Z] [+] #1209 | genko_cosplay_1597567626_2376891987386075541_13826729236.jpg
[2026-04-17T16:16:13.680Z] [+] #1210 | genko_cosplay_1596802645_2370474861708248503_13826729236.jpg
[2026-04-17T16:16:15.489Z] [+] #1211 | genko_cosplay_1596168418_2365154580567520934_13826729236.jpg
[2026-04-17T16:16:17.285Z] [+] #1212 | genko_cosplay_1596168418_2365154580567492445_13826729236.jpg
[2026-04-17T16:16:19.105Z] [+] #1213 | genko_cosplay_1596168418_2365154580550677759_13826729236.jpg
[2026-04-17T16:16:20.909Z] [+] #1214 | genko_cosplay_1595856333_2362536615330334916_13826729236.webp
[2026-04-17T16:16:22.723Z] [+] #1215 | genko_cosplay_1595413163_2358819036929491545_13826729236.jpg
[2026-04-17T16:16:24.535Z] [+] #1216 | genko_cosplay_1594139514_2348134893539472098_13826729236.jpg
[2026-04-17T16:16:26.332Z] [+] #1217 | genko_cosplay_1594139507_2348134836043962883_13826729236.jpg
[2026-04-17T16:16:28.147Z] [+] #1218 | genko_cosplay_1594139499_2348134774043787706_13826729236.jpg
[2026-04-17T16:16:29.963Z] [+] #1219 | genko_cosplay_1594139493_2348134718200678900_13826729236.jpg
[2026-04-17T16:16:30.252Z] [VIEWER] Round 1220 | Collected: 1219
[2026-04-17T16:16:31.765Z] [+] #1220 | genko_cosplay_1594139481_2348134616295966287_13826729236.jpg
[2026-04-17T16:16:33.568Z] [+] #1221 | genko_cosplay_1594139464_2348134478496371579_13826729236.jpg
[2026-04-17T16:16:35.365Z] [+] #1222 | genko_cosplay_1594139451_2348134370669182466_13826729236.jpg
[2026-04-17T16:16:37.174Z] [+] #1223 | genko_cosplay_1594139443_2348134304566879588_13826729236.jpg
[2026-04-17T16:16:38.971Z] [+] #1224 | genko_cosplay_1594139431_2348134197092018900_13826729236.jpg
[2026-04-17T16:16:40.778Z] [+] #1225 | genko_cosplay_1594139416_2348134074266007527_13826729236.jpg
[2026-04-17T16:16:42.576Z] [+] #1226 | genko_cosplay_1593840506_2345626637277342084_13826729236.jpg
[2026-04-17T16:16:44.382Z] [+] #1227 | genko_cosplay_1593708854_2344522255366357532_13826729236.jpg
[2026-04-17T16:16:46.182Z] [+] #1228 | genko_cosplay_1593708828_2344522037455588959_13826729236.jpg
[2026-04-17T16:16:47.998Z] [+] #1229 | genko_cosplay_1593708801_2344521817112065225_13826729236.jpg
[2026-04-17T16:16:49.810Z] [+] #1230 | genko_cosplay_1593708801_2344521817095274968_13826729236.jpg
[2026-04-17T16:16:51.602Z] [+] #1231 | genko_cosplay_1593708783_2344521664204454253_13826729236.jpg
[2026-04-17T16:16:53.423Z] [+] #1232 | genko_cosplay_1591960942_2329859708013129780_13826729236.jpg
[2026-04-17T16:16:55.235Z] [+] #1233 | genko_cosplay_1591960906_2329859410855090940_13826729236.jpg
[2026-04-17T16:16:57.033Z] [+] #1234 | genko_cosplay_1591960906_2329859410838261116_13826729236.jpg
[2026-04-17T16:16:58.853Z] [+] #1235 | genko_cosplay_1591960890_2329859270899632916_13826729236.jpg
[2026-04-17T16:17:00.652Z] [+] #1236 | genko_cosplay_1591960875_2329859143862482312_13826729236.jpg
[2026-04-17T16:17:02.435Z] [+] #1237 | genko_cosplay_1591960837_2329858831177009995_13826729236.jpg
[2026-04-17T16:17:04.250Z] [+] #1238 | genko_cosplay_1591960825_2329858732208182044_13826729236.jpg
[2026-04-17T16:17:06.066Z] [+] #1239 | genko_cosplay_1591458213_2325642510637892022_13826729236.jpg
[2026-04-17T16:17:06.363Z] [VIEWER] Round 1240 | Collected: 1239
[2026-04-17T16:17:07.881Z] [+] #1240 | genko_cosplay_1590770738_2319875555121271745_13826729236.jpg
[2026-04-17T16:17:09.685Z] [+] #1241 | genko_cosplay_1590312766_2316033808804894693_13826729236.jpg
[2026-04-17T16:17:11.508Z] [+] #1242 | genko_cosplay_1590312759_2316033749262778794_13826729236.jpg
[2026-04-17T16:17:13.314Z] [+] #1243 | genko_cosplay_1590069910_2313996580272526725_13826729236.jpg
[2026-04-17T16:17:15.118Z] [+] #1244 | genko_cosplay_1589957530_2313053874671314546_13826729236.jpg
[2026-04-17T16:17:16.920Z] [+] #1245 | genko_cosplay_1588843068_2303705090426378804_13826729236.jpg
[2026-04-17T16:17:18.728Z] [+] #1246 | genko_cosplay_1588843014_2303704632618113579_13826729236.jpg
[2026-04-17T16:17:20.539Z] [+] #1247 | genko_cosplay_1588694230_2302456540178653953_13826729236.jpg
[2026-04-17T16:17:22.347Z] [+] #1248 | genko_cosplay_1588076456_2297274283750975949_13826729236.jpg
[2026-04-17T16:17:24.149Z] [+] #1249 | genko_cosplay_1588076447_2297274203262388845_13826729236.jpg
[2026-04-17T16:17:25.972Z] [+] #1250 | genko_cosplay_1588076380_2297273639547912686_13826729236.jpg
[2026-04-17T16:17:27.783Z] [+] #1251 | genko_cosplay_1588076364_2297273508786148952_13826729236.jpg
[2026-04-17T16:17:29.588Z] [+] #1252 | genko_cosplay_1588076353_2297273412971513379_13826729236.jpg
[2026-04-17T16:17:31.394Z] [+] #1253 | genko_cosplay_1588076353_2297273412921296816_13826729236.jpg
[2026-04-17T16:17:33.200Z] [+] #1254 | genko_cosplay_1588076353_2297273412904468433_13826729236.jpg
[2026-04-17T16:17:35.007Z] [+] #1255 | genko_cosplay_1588076288_2297272868785631848_13826729236.jpg
[2026-04-17T16:17:36.793Z] [+] #1256 | genko_cosplay_1587297639_2290741089501379835_13826729236.jpg
[2026-04-17T16:17:38.608Z] [+] #1257 | genko_cosplay_1587297620_2290740927643004511_13826729236.jpg
[2026-04-17T16:17:40.423Z] [+] #1258 | genko_cosplay_1587297620_2290740927626392114_13826729236.jpg
[2026-04-17T16:17:42.220Z] [+] #1259 | genko_cosplay_1587297596_2290740724513081076_13826729236.jpg
[2026-04-17T16:17:42.512Z] [VIEWER] Round 1260 | Collected: 1259
[2026-04-17T16:17:44.023Z] [+] #1260 | genko_cosplay_1587297584_2290740626793966898_13826729236.jpg
[2026-04-17T16:17:45.833Z] [+] #1261 | genko_cosplay_1587121996_2289267685719874215_13826729236.jpg
[2026-04-17T16:17:47.645Z] [+] #1262 | genko_cosplay_1586801819_2286581849060789892_13826729236.jpg
[2026-04-17T16:17:49.458Z] [+] #1263 | genko_cosplay_1586801819_2286581849043900099_13826729236.jpg
[2026-04-17T16:17:51.270Z] [+] #1264 | genko_cosplay_1586801789_2286581594256699129_13826729236.jpg
[2026-04-17T16:17:53.076Z] [+] #1265 | genko_cosplay_1586801789_2286581594256587612_13826729236.jpg
[2026-04-17T16:17:54.886Z] [+] #1266 | genko_cosplay_1586801789_2286581594231481156_13826729236.jpg
[2026-04-17T16:17:56.700Z] [+] #1267 | genko_cosplay_1586801756_2286581319722801665_13826729236.jpg
[2026-04-17T16:17:58.496Z] [+] #1268 | genko_cosplay_1586801756_2286581319722612553_13826729236.jpg
[2026-04-17T16:18:00.299Z] [+] #1269 | genko_cosplay_1586801756_2286581319697447297_13826729236.jpg
[2026-04-17T16:18:02.115Z] [+] #1270 | genko_cosplay_1586543637_2284416063130949165_13826729236.jpg
[2026-04-17T16:18:03.924Z] [+] #1271 | genko_cosplay_1586349560_2282788023825229983_13826729236.jpg
[2026-04-17T16:18:05.727Z] [+] #1272 | genko_cosplay_1586222614_2281723127393036870_13826729236.jpg
[2026-04-17T16:18:07.538Z] [+] #1273 | genko_cosplay_1585125789_2272522288171575438_13826729236.jpg
[2026-04-17T16:18:09.349Z] [+] #1274 | genko_cosplay_1585125774_2272522164900893597_13826729236.jpg
[2026-04-17T16:18:11.147Z] [+] #1275 | genko_cosplay_1585125758_2272522032939623975_13826729236.jpg
[2026-04-17T16:18:12.965Z] [+] #1276 | genko_cosplay_1584867861_2270358635674564169_13826729236.jpg
[2026-04-17T16:18:14.765Z] [+] #1277 | genko_cosplay_1584867839_2270358452148424144_13826729236.jpg
[2026-04-17T16:18:16.549Z] [+] #1278 | genko_cosplay_1584867826_2270358344044415519_13826729236.jpg
[2026-04-17T16:18:18.365Z] [+] #1279 | genko_cosplay_1584867811_2270358213693884347_13826729236.jpg
[2026-04-17T16:18:18.661Z] [VIEWER] Round 1280 | Collected: 1279
[2026-04-17T16:18:20.178Z] [+] #1280 | genko_cosplay_1584787811_2269687123099330774_13826729236.jpg
[2026-04-17T16:18:21.991Z] [+] #1281 | genko_cosplay_1584684815_2268823129409158613_13826729236.jpg
[2026-04-17T16:18:23.794Z] [+] #1282 | genko_cosplay_1584684798_2268822992179823415_13826729236.jpg
[2026-04-17T16:18:25.583Z] [+] #1283 | genko_cosplay_1584684780_2268822841931458447_13826729236.jpg
[2026-04-17T16:18:27.390Z] [+] #1284 | genko_cosplay_1584357671_2266078853050773731_13826729236.jpg
[2026-04-17T16:18:29.206Z] [+] #1285 | genko_cosplay_1584078250_2263734893582069864_13826729236.jpg
[2026-04-17T16:18:31.015Z] [+] #1286 | genko_cosplay_1584078239_2263734803211666179_13826729236.jpg
[2026-04-17T16:18:32.824Z] [+] #1287 | genko_cosplay_1584078215_2263734603663393865_13826729236.jpg
[2026-04-17T16:18:34.627Z] [+] #1288 | genko_cosplay_1584078177_2263734285936534461_13826729236.jpg
[2026-04-17T16:18:36.431Z] [+] #1289 | genko_cosplay_1583920927_2262415179543022473_13826729236.jpg
[2026-04-17T16:18:38.234Z] [+] #1290 | genko_cosplay_1583170202_2256117636987273916_13826729236.jpg
[2026-04-17T16:18:40.037Z] [+] #1291 | genko_cosplay_1582386877_2249546633184164195_13826729236.jpg
[2026-04-17T16:18:41.836Z] [+] #1292 | genko_cosplay_1582111675_2247238070570986656_13826729236.jpg
[2026-04-17T16:18:43.649Z] [+] #1293 | genko_cosplay_1582111675_2247238070554186348_13826729236.jpg
[2026-04-17T16:18:45.454Z] [+] #1294 | genko_cosplay_1582111632_2247237712050131711_13826729236.jpg
[2026-04-17T16:18:47.263Z] [+] #1295 | genko_cosplay_1582111564_2247237139007762728_13826729236.jpg
[2026-04-17T16:18:49.059Z] [+] #1296 | genko_cosplay_1582111564_2247237138982390869_13826729236.jpg
[2026-04-17T16:18:50.833Z] [+] #1297 | genko_cosplay_1581609854_2243028494153753316_13826729236.jpg
[2026-04-17T16:18:52.632Z] [+] #1298 | genko_cosplay_1581355869_2240897909507608536_13826729236.jpg
[2026-04-17T16:18:54.442Z] [+] #1299 | genko_cosplay_1581267332_2240155203839845166_13826729236.jpg
[2026-04-17T16:18:54.729Z] [VIEWER] Round 1300 | Collected: 1299
[2026-04-17T16:18:56.242Z] [+] #1300 | genko_cosplay_1581267332_2240155203823153485_13826729236.jpg
[2026-04-17T16:18:58.048Z] [+] #1301 | genko_cosplay_1581267332_2240155203806381667_13826729236.jpg
[2026-04-17T16:18:59.858Z] [+] #1302 | genko_cosplay_1580967535_2237640327397521845_13826729236.jpg
[2026-04-17T16:19:01.683Z] [+] #1303 | genko_cosplay_1580967502_2237640052888794515_13826729236.jpg
[2026-04-17T16:19:03.489Z] [+] #1304 | genko_cosplay_1580967488_2237639936404487622_13826729236.jpg
[2026-04-17T16:19:05.290Z] [+] #1305 | genko_cosplay_1580642706_2234915462152416596_13826729236.webp
[2026-04-17T16:19:07.097Z] [+] #1306 | genko_cosplay_1580642706_2234915462144038566_13826729236.jpg
[2026-04-17T16:19:08.899Z] [+] #1307 | genko_cosplay_1580556845_2234195212997799649_13826729236.jpg
[2026-04-17T16:19:10.704Z] [+] #1308 | genko_cosplay_1580556845_2234195212981209057_13826729236.jpg
[2026-04-17T16:19:12.507Z] [+] #1309 | genko_cosplay_1579885691_2228565166937510357_13826729236.jpg
[2026-04-17T16:19:14.327Z] [+] #1310 | genko_cosplay_1579766049_2227561532669844016_13826729236.jpg
[2026-04-17T16:19:16.110Z] [+] #1311 | genko_cosplay_1579605359_2226213563962089785_13826729236.jpg
[2026-04-17T16:19:17.905Z] [+] #1312 | genko_cosplay_1579491956_2225262277083040775_13826729236.jpg
[2026-04-17T16:19:19.709Z] [+] #1313 | genko_cosplay_1578844768_2219833270942536966_13826729236.jpg
[2026-04-17T16:19:21.519Z] [+] #1314 | genko_cosplay_1578323324_2215459082194455198_13826729236.jpg
[2026-04-17T16:19:23.315Z] [+] #1315 | genko_cosplay_1578323324_2215459082169450229_13826729236.jpg
[2026-04-17T16:19:25.131Z] [+] #1316 | genko_cosplay_1578323298_2215458857874805367_13826729236.jpg
[2026-04-17T16:19:26.945Z] [+] #1317 | genko_cosplay_1578323283_2215458738219719265_13826729236.jpg
[2026-04-17T16:19:28.746Z] [+] #1318 | genko_cosplay_1578323283_2215458738211259841_13826729236.jpg
[2026-04-17T16:19:30.549Z] [+] #1319 | genko_cosplay_1578323261_2215458548343481387_13826729236.jpg
[2026-04-17T16:19:30.834Z] [VIEWER] Round 1320 | Collected: 1319
[2026-04-17T16:19:32.340Z] [+] #1320 | genko_cosplay_1578323261_2215458548326827689_13826729236.jpg
[2026-04-17T16:19:34.139Z] [+] #1321 | genko_cosplay_1577546875_2208945754768962704_13826729236.jpg
[2026-04-17T16:19:35.949Z] [+] #1322 | genko_cosplay_1577203945_2206069045124357570_13826729236.jpg
[2026-04-17T16:19:37.760Z] [+] #1323 | genko_cosplay_1577117388_2205342956500466267_13826729236.jpg
[2026-04-17T16:19:39.578Z] [+] #1324 | genko_cosplay_1576771341_2202440102852763006_13826729236.jpg
[2026-04-17T16:19:41.384Z] [+] #1325 | genko_cosplay_1576644526_2201376301185259141_13826729236.jpg
[2026-04-17T16:19:43.186Z] [+] #1326 | genko_cosplay_1576644526_2201376301176999998_13826729236.jpg
[2026-04-17T16:19:44.996Z] [+] #1327 | genko_cosplay_1576644258_2201374054841969502_13826729236.jpg
[2026-04-17T16:19:46.780Z] [+] #1328 | genko_cosplay_1575720762_2193627204059858650_13826729236.jpg
[2026-04-17T16:19:48.589Z] [+] #1329 | genko_cosplay_1575374998_2190726726762251190_13826729236.webp
[2026-04-17T16:19:50.406Z] [+] #1330 | genko_cosplay_1574496190_2183354754701192534_13826729236.webp
[2026-04-17T16:19:52.224Z] [+] #1331 | genko_cosplay_1574496190_2183354754684210329_13826729236.webp
[2026-04-17T16:19:54.036Z] [+] #1332 | genko_cosplay_1574329890_2181959724627144198_13826729236.jpg
[2026-04-17T16:19:55.834Z] [+] #1333 | genko_cosplay_1574329890_2181959724610454575_13826729236.webp
[2026-04-17T16:19:57.639Z] [+] #1334 | genko_cosplay_1572978708_2170625190757503476_13826729236.jpg
[2026-04-17T16:19:59.442Z] [+] #1335 | genko_cosplay_1572978708_2170625190749200017_13826729236.jpg
[2026-04-17T16:20:01.242Z] [+] #1336 | genko_cosplay_1572978682_2170624971420567554_13826729236.jpg
[2026-04-17T16:20:03.050Z] [+] #1337 | genko_cosplay_1572978682_2170624971403839907_13826729236.jpg
[2026-04-17T16:20:04.861Z] [+] #1338 | genko_cosplay_1572978682_2170624971387041642_13826729236.jpg
[2026-04-17T16:20:06.668Z] [+] #1339 | genko_cosplay_1572978650_2170624706718202198_13826729236.jpg
[2026-04-17T16:20:06.952Z] [VIEWER] Round 1340 | Collected: 1339
[2026-04-17T16:20:08.461Z] [+] #1340 | genko_cosplay_1572978650_2170624706709658260_13826729236.jpg
[2026-04-17T16:20:10.263Z] [+] #1341 | genko_cosplay_1572978650_2170624706692808386_13826729236.jpg
[2026-04-17T16:20:12.067Z] [+] #1342 | genko_cosplay_1572791939_2169058455583529801_13826729236.jpg
[2026-04-17T16:20:13.868Z] [+] #1343 | genko_cosplay_1570563057_2150361237610076504_13826729236.jpg
[2026-04-17T16:20:15.672Z] [+] #1344 | genko_cosplay_1570340150_2148491360557562158_13826729236.jpg
[2026-04-17T16:20:17.485Z] [+] #1345 | genko_cosplay_1570280746_2147993046590360774_13826729236.jpg
[2026-04-17T16:20:19.298Z] [+] #1346 | genko_cosplay_1566569105_2116857539718325616_13826729236.jpg
[2026-04-17T16:20:21.081Z] [+] #1347 | genko_cosplay_1565412470_2107154986525241367_13826729236.jpg
[2026-04-17T16:20:22.881Z] [+] #1348 | genko_cosplay_1563195062_2088554020808890699_13826729236.jpg
[2026-04-17T16:20:22.881Z] [VIEWER] Đã đến ảnh cuối cùng — dừng. Total: 1348
[2026-04-17T16:20:23.004Z] ✅ Done! 1348 ảnh đã lưu vào fb_images_v2.json
[2026-04-17T16:33:13.534Z] [NAV] Chuyển đến https://e-hentai.org/s/14cef5ae9a/2917545-1 ...
[2026-04-17T16:33:13.943Z] [VIEWER] Bắt đầu crawl và download...
[2026-04-17T16:33:17.448Z] [SKIP-SEEN] round=1 url=https://e-hentai.org/s/14cef5ae9a/2917545-1
[2026-04-17T16:33:19.585Z] [SKIP-SEEN] round=2 url=https://e-hentai.org/s/658efe9fd7/2917545-2
[2026-04-17T16:33:21.381Z] [SKIP-SEEN] round=3 url=https://e-hentai.org/s/1892aaa149/2917545-3
[2026-04-17T16:33:23.170Z] [SKIP-SEEN] round=4 url=https://e-hentai.org/s/5e381411a8/2917545-4
[2026-04-17T16:33:24.979Z] [SKIP-SEEN] round=5 url=https://e-hentai.org/s/45e72abb93/2917545-5
[2026-04-17T16:33:26.796Z] [SKIP-SEEN] round=6 url=https://e-hentai.org/s/e2c78f7973/2917545-6
[2026-04-17T16:33:28.583Z] [SKIP-SEEN] round=7 url=https://e-hentai.org/s/14fd490424/2917545-7
[2026-04-17T16:33:30.392Z] [SKIP-SEEN] round=8 url=https://e-hentai.org/s/880324f6af/2917545-8
[2026-04-17T16:33:32.193Z] [SKIP-SEEN] round=9 url=https://e-hentai.org/s/f7d0f5d07a/2917545-9
[2026-04-17T16:33:33.997Z] [SKIP-SEEN] round=10 url=https://e-hentai.org/s/aa8c2c5a2b/2917545-10
[2026-04-17T16:33:35.772Z] [SKIP-SEEN] round=11 url=https://e-hentai.org/s/d58cad03e1/2917545-11
[2026-04-17T16:33:37.569Z] [SKIP-SEEN] round=12 url=https://e-hentai.org/s/22115f54ba/2917545-12
[2026-04-17T16:33:39.374Z] [SKIP-SEEN] round=13 url=https://e-hentai.org/s/48fc31e21b/2917545-13
[2026-04-17T16:33:41.488Z] [SKIP-SEEN] round=14 url=https://e-hentai.org/s/3125892b09/2917545-14
[2026-04-17T16:33:43.283Z] [SKIP-SEEN] round=15 url=https://e-hentai.org/s/024ccb329d/2917545-15
[2026-04-17T16:33:44.644Z] [ERROR] viewerCrawl fatal: page.waitForTimeout: Target page, context or browser has been closed
[2026-04-17T16:35:19.833Z] 
════════════════════════════════════════════════════════════
[2026-04-17T16:35:19.834Z]   E-Hentai Gallery Crawler
[2026-04-17T16:35:19.834Z]   Target: https://e-hentai.org/s/14cef5ae9a/2917545-1
[2026-04-17T16:35:19.834Z]   Photo folder: photo
[2026-04-17T16:35:19.834Z]   Output: fb_images_v2.json
[2026-04-17T16:35:19.834Z]   Log:    fb_crawl.log
[2026-04-17T16:35:19.834Z] ════════════════════════════════════════════════════════════
[2026-04-17T16:35:19.834Z] [NAV] Chuyển đến https://e-hentai.org/s/14cef5ae9a/2917545-1 ...
[2026-04-17T16:35:24.222Z] [VIEWER] Bắt đầu crawl từ ảnh đầu tiên...
[2026-04-17T16:35:25.726Z] [SKIP-SEEN] round=1 url=https://e-hentai.org/s/14cef5ae9a/2917545-1
[2026-04-17T16:35:27.833Z] [SKIP-SEEN] round=2 url=https://e-hentai.org/s/658efe9fd7/2917545-2
[2026-04-17T16:35:29.641Z] [SKIP-SEEN] round=3 url=https://e-hentai.org/s/1892aaa149/2917545-3
[2026-04-17T16:35:31.431Z] [SKIP-SEEN] round=4 url=https://e-hentai.org/s/5e381411a8/2917545-4
[2026-04-17T16:35:33.245Z] [SKIP-SEEN] round=5 url=https://e-hentai.org/s/45e72abb93/2917545-5
[2026-04-17T16:35:35.044Z] [SKIP-SEEN] round=6 url=https://e-hentai.org/s/e2c78f7973/2917545-6
[2026-04-17T16:35:36.760Z] [ERROR] viewerCrawl fatal: page.waitForTimeout: Target page, context or browser has been closed
